run_id,mean,median,std,score_std_100,score_std_100_sims,mean_ci95_100_sims,p_loss,p05,p01,worst,best,score_p05_10,score_p05_25,score,score_aggressive,score_balanced,score_safe,score_mean_only,positions,AC,AC_45_KO,AC_40_BP,AC_50_CO,AC_50_C_2,AC_50_P_2,AC_35_P,AC_40_P,AC_45_P,AC_50_P,AC_50_C,AC_60_C
41391,262.5774664279857,-48.42786292657672,1173.0397919118147,117.30397919118147,117.30397919118147,234.60795838236294,0.51,-1078.3246653843223,-2100.233030718289,-3154.647838675637,7253.81855787323,154.74499988955347,-7.003699918094867,42.17677702474664,179.33523836097422,42.17677702474664,-124.30767910927634,262.5774664279857,"{""AC"": -55, ""AC_35_P"": 50, ""AC_40_BP"": -36, ""AC_45_KO"": -290, ""AC_50_C"": 47, ""AC_50_CO"": -15, ""AC_50_C_2"": 35, ""AC_50_P_2"": 24, ""AC_60_C"": 38}",-55,-290,-36,-15,35,24,50,0,0,0,47,38
135873,238.6524595398763,42.1630619803301,1138.3851477790945,113.83851477790945,113.83851477790945,227.6770295558189,0.488,-954.7190281230656,-2796.3549459314636,-4419.971431524975,5988.757229840825,143.18055672756975,-0.027297490890106246,38.52534793246175,162.45687943924565,38.52534793246175,-113.86581226879956,238.6524595398763,"{""AC"": -55, ""AC_35_P"": 45, ""AC_40_BP"": -50, ""AC_45_KO"": -450, ""AC_45_P"": 8, ""AC_50_C"": 50, ""AC_50_CO"": -5, ""AC_50_C_2"": 39, ""AC_60_C"": 11}",-55,-450,-50,-5,39,0,45,0,8,0,50,11
45470,224.00997888740204,22.29657148742365,1103.8065878743282,110.38065878743282,110.38065878743282,220.76131757486564,0.49,-869.0099128001578,-2846.260136291592,-4576.118038911905,6534.468426247084,137.10898760738627,6.75750068736258,38.46816257366197,152.96431855053595,38.46816257366197,-103.62315810007024,224.00997888740204,"{""AC"": -45, ""AC_35_P"": 43, ""AC_40_BP"": -48, ""AC_45_KO"": -470, ""AC_50_C"": 30, ""AC_50_CO"": -8, ""AC_50_C_2"": 44, ""AC_50_P_2"": 11, ""AC_60_C"": 22}",-45,-470,-48,-8,44,11,43,0,0,0,30,22
8766,194.1007982929368,-18.34911838328594,868.1465122823868,86.81465122823867,86.81465122823867,173.62930245647735,0.506,-756.2657531154315,-2144.889652672434,-3476.379858468156,3591.4850749957404,118.47422298139364,5.0343600140789135,37.253609711502726,134.58384783010555,37.253609711502726,-81.78029121415976,194.1007982929368,"{""AC"": -50, ""AC_35_P"": 50, ""AC_40_BP"": -38, ""AC_45_KO"": -360, ""AC_50_C"": 37, ""AC_50_CO"": -16, ""AC_50_C_2"": 21, ""AC_50_P"": 5, ""AC_60_C"": 34}",-50,-360,-38,-16,21,0,50,0,0,5,37,34
82630,227.27135453914383,49.958150268324516,1106.9889842481036,110.69889842481037,110.69889842481037,221.39779684962073,0.49,-904.0038068543909,-2771.6349816211837,-4500.482200641172,6311.392759704924,136.87097385370475,1.270402825546114,36.321334298580034,154.3964395902217,36.321334298580034,-109.42849559926425,227.27135453914383,"{""AC"": -45, ""AC_35_P"": 50, ""AC_40_BP"": -45, ""AC_45_KO"": -460, ""AC_45_P"": 10, ""AC_50_C"": 31, ""AC_50_CO"": -9, ""AC_50_C_2"": 39, ""AC_60_C"": 26}",-45,-460,-45,-9,39,0,50,0,10,0,31,26
115808,182.33255116682045,42.543568658200826,898.5212730828024,89.85212730828025,89.85212730828025,179.7042546165605,0.488,-679.2489611202652,-2628.7087092246597,-4149.037165816749,4839.090887486234,114.40765505479392,12.520310886754146,35.519143344640554,125.90707128373711,35.519143344640554,-77.3318164215261,182.33255116682045,"{""AC"": -35, ""AC_35_P"": 36, ""AC_40_BP"": -50, ""AC_45_KO"": -430, ""AC_45_P"": 14, ""AC_50_C"": 24, ""AC_50_CO"": -6, ""AC_50_C_2"": 30, ""AC_60_C"": 19}",-35,-430,-50,-6,30,0,36,0,14,0,24,19
13131,218.64261856620305,-9.456149985929414,1030.4123859815081,103.04123859815081,103.04123859815081,206.08247719630162,0.504,-879.752788240118,-2710.685938654329,-3912.806674121915,2904.2786494252787,130.66733974219125,-1.29557849382644,35.15908103110996,148.89466950465945,35.15908103110996,-104.33681709197725,218.64261856620305,"{""AC"": -40, ""AC_35_P"": 47, ""AC_40_BP"": -38, ""AC_45_KO"": -400, ""AC_50_C"": 27, ""AC_50_CO"": -5, ""AC_50_C_2"": 18, ""AC_50_P_2"": 29, ""AC_60_C"": 19}",-40,-400,-38,-5,18,29,47,0,0,0,27,19
120854,236.9041181461739,41.24596249226241,1113.0181467262978,111.30181467262977,111.30181467262977,222.60362934525955,0.49,-983.4660956323227,-1531.1178092165933,-2778.925803195906,6364.275143247165,138.5575085829416,-8.96240576190678,33.73329646501061,159.9053596964003,33.73329646501061,-120.26422043453655,236.9041181461739,"{""AC"": -50, ""AC_35_P"": 36, ""AC_40_BP"": -50, ""AC_45_KO"": -250, ""AC_45_P"": 18, ""AC_50_C"": 40, ""AC_50_CO"": -10, ""AC_50_C_2"": 50, ""AC_60_C"": 12}",-50,-250,-50,-10,50,0,36,0,18,0,40,12
88745,140.16164267223783,14.50540613433634,693.7679166021395,69.37679166021395,69.37679166021395,138.7535833204279,0.488,-478.5949377523637,-2528.9061232245817,-4007.2018160830735,2115.1718958111487,92.30214889700146,20.512908234146906,33.6840061792763,98.88769786956615,33.6840061792763,-48.86388342606705,140.16164267223783,"{""AC"": -50, ""AC_35_P"": 40, ""AC_40_BP"": -50, ""AC_40_P"": -4, ""AC_45_KO"": -430, ""AC_50_C"": 50, ""AC_50_CO"": -7, ""AC_50_C_2"": 21, ""AC_50_P"": -12}",-50,-430,-50,-7,21,0,40,-4,0,-12,50,0
30088,240.56340513960023,48.86973426204031,1135.8011375124006,113.58011375124006,113.58011375124006,227.16022750248013,0.482,-1001.2288287735574,-2552.462782581058,-4336.708284666621,6682.762375789158,140.44052226224449,-9.743802053789125,33.58902394794659,162.10693526311235,33.58902394794659,-123.32391580502919,240.56340513960023,"{""AC"": -55, ""AC_35_P"": 50, ""AC_40_BP"": -50, ""AC_45_KO"": -440, ""AC_50_C"": 33, ""AC_50_CO"": -16, ""AC_50_C_2"": 43, ""AC_50_P"": 8, ""AC_60_C"": 40}",-55,-440,-50,-16,43,0,50,0,0,8,33,40
25387,164.32261089326744,-15.638662809154084,729.5514511663465,72.95514511663465,72.95514511663465,145.9102902332693,0.51,-629.9963409159484,-1194.8870216269254,-1446.1903587045479,2257.76835233562,101.3229768016726,6.823525664280339,33.345587197557855,114.58400756831136,33.345587197557855,-66.13161945235431,164.32261089326744,"{""AC"": 25, ""AC_35_P"": 20, ""AC_40_BP"": -9, ""AC_40_P"": 28, ""AC_45_KO"": -130, ""AC_50_CO"": -24, ""AC_50_C_2"": 7, ""AC_50_P"": 42, ""AC_50_P_2"": 43}",25,-130,-9,-24,7,43,20,28,0,42,0,0
26598,207.9624280969924,22.845815542382525,970.6918886490811,97.06918886490811,97.06918886490811,194.13837772981623,0.488,-842.1079345587224,-2589.622530775082,-4161.895137808266,3691.825878215959,123.75163464112015,-2.564555542688197,33.111643480729995,141.58973415282924,33.111643480729995,-99.63374440759631,207.9624280969924,"{""AC"": -55, ""AC_35_P"": 48, ""AC_40_BP"": -50, ""AC_45_KO"": -440, ""AC_45_P"": -1, ""AC_50_C"": 34, ""AC_50_CO"": -8, ""AC_50_C_2"": 31, ""AC_60_C"": 24}",-55,-440,-50,-8,31,0,48,0,-1,0,34,24
140645,153.39373010622242,33.58892869641038,764.6998649898508,76.46998649898508,76.46998649898508,152.93997299797016,0.486,-548.0312967052597,-2831.2615385813942,-4314.962794890533,1981.1641192386783,98.59060043569644,16.385905929907494,32.95404235094093,106.87466864621317,32.95404235094093,-60.084080569077585,153.39373010622242,"{""AC"": 20, ""AC_35_P"": 33, ""AC_40_BP"": 2, ""AC_40_P"": 41, ""AC_45_KO"": -480, ""AC_50_C"": -4, ""AC_50_CO"": -23, ""AC_50_C_2"": 18, ""AC_50_P"": 38}",20,-480,2,-23,18,0,33,41,0,38,-4,0
58369,215.07646158897563,9.63418121748407,1064.8671900536833,106.48671900536833,106.48671900536833,212.97343801073666,0.494,-861.548512390716,-2660.9719062627114,-4261.242022541367,6713.663152890962,128.92161034990403,-0.31066650870337753,32.60082522768406,145.37735621809776,32.60082522768406,-106.7973855140717,215.07646158897563,"{""AC"": -50, ""AC_35_P"": 49, ""AC_40_BP"": -50, ""AC_45_KO"": -430, ""AC_50_C"": 28, ""AC_50_CO"": -11, ""AC_50_C_2"": 34, ""AC_50_P_2"": 3, ""AC_60_C"": 44}",-50,-430,-50,-11,34,3,49,0,0,0,28,44
129014,179.42091107820622,91.31263424914482,869.5190603548915,86.95190603548915,86.95190603548915,173.9038120709783,0.46,-689.8148256810132,-2694.201415416112,-4627.484123431666,4870.492072096262,110.43942851010489,6.967204657952919,32.472734208309674,123.19219328528325,32.472734208309674,-79.98470137753623,179.42091107820622,"{""AC"": -60, ""AC_35_P"": 37, ""AC_40_BP"": -38, ""AC_45_KO"": -500, ""AC_45_P"": -5, ""AC_50_C"": 50, ""AC_50_CO"": -24, ""AC_50_C_2"": 29, ""AC_60_C"": 38}",-60,-500,-38,-24,29,0,37,0,-5,0,50,38
73203,200.6820027739211,48.119660528673876,899.1157321592793,89.91157321592793,89.91157321592793,179.82314643185586,0.462,-824.4715608108189,-2364.1043093508706,-4050.1801693997218,4841.3848370283085,118.23484669283921,-5.435887428783616,32.05548204433432,136.98053142939818,32.05548204433432,-95.34746064471155,200.6820027739211,"{""AC"": -65, ""AC_35_P"": 36, ""AC_40_BP"": -42, ""AC_45_KO"": -430, ""AC_50_C"": 45, ""AC_50_CO"": -25, ""AC_50_C_2"": 29, ""AC_50_P_2"": 3, ""AC_60_C"": 50}",-65,-430,-42,-25,29,3,36,0,0,0,45,50
109175,188.5007088223379,-6.05378521826259,964.9694925044458,96.49694925044459,96.49694925044459,192.99389850088917,0.504,-723.95,-2899.6105727287018,-4368.272934932946,5007.217331130196,116.1057088223379,7.513208822337901,31.65973419711562,128.17897150972678,31.65973419711562,-88.98374042810669,188.5007088223379,"{""AC"": -50, ""AC_35_P"": 48, ""AC_40_BP"": -46, ""AC_45_KO"": -450, ""AC_50_C"": 50, ""AC_50_CO"": 1, ""AC_50_C_2"": 26, ""AC_50_P"": -10, ""AC_60_C"": 6}",-50,-450,-46,1,26,0,48,0,0,-10,50,6
63040,165.71525732544904,-46.754027221586256,753.3769565102268,75.33769565102268,75.33769565102268,150.67539130204537,0.518,-646.0774938704508,-972.3616416034423,-1218.6046681811936,2187.586417970685,101.10750793840397,4.19588385783635,31.134785419370083,114.57695871917083,31.134785419370083,-71.14181179318633,165.71525732544904,"{""AC_40_BP"": -21, ""AC_40_P"": 42, ""AC_45_KO"": -100, ""AC_45_P"": 32, ""AC_50_CO"": -5, ""AC_50_C_2"": 13, ""AC_50_P_2"": 15, ""AC_60_C"": 5}",0,-100,-21,-5,13,15,0,42,32,0,0,5
117144,158.8110178240569,-305.1952346313662,864.2005013991716,86.42005013991715,86.42005013991715,172.8401002798343,0.598,-568.45,-792.4140886966783,-864.0301491971373,2487.9715065587916,101.9660178240569,16.698517824056893,30.33349275409833,108.7835052890776,30.33349275409833,-69.72153231586026,158.8110178240569,"{""AC"": -10, ""AC_35_P"": 29, ""AC_40_BP"": -46, ""AC_40_P"": 21, ""AC_45_KO"": -50, ""AC_50_C"": 12, ""AC_50_CO"": -2, ""AC_50_P"": 31, ""AC_50_P_2"": 7}",-10,-50,-46,-2,0,7,29,21,0,31,12,0
9541,240.11153837066456,-5.772842028963225,1093.6783795165882,109.36783795165881,109.36783795165881,218.73567590331763,0.506,-1034.5767078989293,-2272.1486678911115,-3510.0671680610894,6419.028289569022,136.65386758077165,-18.532638604067756,30.24111320999578,161.0407434878034,30.24111320999578,-127.90047655572657,240.11153837066456,"{""AC"": -55, ""AC_35_P"": 34, ""AC_40_BP"": -39, ""AC_45_KO"": -350, ""AC_50_C"": 39, ""AC_50_CO"": -9, ""AC_50_C_2"": 39, ""AC_50_P_2"": 19, ""AC_60_C"": 30}",-55,-350,-39,-9,39,19,34,0,0,0,39,30
56851,199.32870275075769,13.984903486437418,1047.3950058837265,104.73950058837265,104.73950058837265,209.4790011767453,0.498,-778.3938490557382,-3017.5885972742835,-4624.692760066108,6366.126956484706,121.48931784518386,4.730240486823135,30.199875098210633,134.22413515087763,30.199875098210633,-100.00926010154951,199.32870275075769,"{""AC"": -35, ""AC_35_P"": 35, ""AC_40_BP"": -50, ""AC_40_P"": 25, ""AC_45_KO"": -470, ""AC_50_C"": 23, ""AC_50_CO"": -7, ""AC_50_C_2"": 29, ""AC_60_C"": 32}",-35,-470,-50,-7,29,0,35,25,0,0,23,32
109254,249.03322715005277,15.850211817474246,1173.4167139138733,117.34167139138734,117.34167139138734,234.68334278277467,0.494,-1068.4519063544203,-2461.860185710936,-3743.862073286721,6506.269869891044,142.18803651461073,-18.079749438552312,30.094605501196057,166.27521398448494,30.094605501196057,-135.42142082993965,249.03322715005277,"{""AC"": -55, ""AC_35_P"": 44, ""AC_40_BP"": -41, ""AC_45_KO"": -370, ""AC_50_C"": 46, ""AC_50_CO"": -1, ""AC_50_C_2"": 40, ""AC_50_P_2"": 10, ""AC_60_C"": 14}",-55,-370,-41,-1,40,10,44,0,0,0,46,14
124933,233.9330041527271,1.7943222955018427,1071.8497237137742,107.18497237137743,107.18497237137743,214.36994474275485,0.498,-1003.2021227345303,-2436.27048025094,-3699.8972344769695,6668.097498145033,133.61279187927408,-16.86752653090548,29.86019955685886,156.97665492315625,29.86019955685886,-124.0524989022829,233.9330041527271,"{""AC"": -55, ""AC_35_P"": 32, ""AC_40_BP"": -50, ""AC_45_KO"": -370, ""AC_50_C"": 28, ""AC_50_CO"": -12, ""AC_50_C_2"": 35, ""AC_50_P_2"": 22, ""AC_60_C"": 50}",-55,-370,-50,-12,35,22,32,0,0,0,28,50
79097,181.66137773021651,-11.047406630783371,932.0904459912831,93.2090445991283,93.2090445991283,186.4180891982566,0.506,-704.3512121623296,-2850.7907502744442,-4135.682507845458,5541.513390858392,111.22625651398356,5.573574689634114,29.40417360630292,123.14155597231795,29.40417360630292,-87.63546990949419,181.66137773021651,"{""AC"": -35, ""AC_35_P"": 28, ""AC_40_BP"": -46, ""AC_45_KO"": -430, ""AC_50_C"": 24, ""AC_50_C_2"": 26, ""AC_50_P_2"": 17, ""AC_60_C"": 22}",-35,-430,-46,0,26,17,28,0,0,0,24,22
15809,213.11944450435996,-17.997955765299423,964.9860735728215,96.49860735728215,96.49860735728215,192.9972147145643,0.504,-903.8472762126864,-2014.9272819086386,-3252.674054527534,5053.810762604406,122.73471688309131,-12.842374548811648,29.293049393815913,143.8024288544051,29.293049393815913,-109.3409819060938,213.11944450435996,"{""AC"": -60, ""AC_35_P"": 46, ""AC_40_BP"": -50, ""AC_45_KO"": -320, ""AC_45_P"": -2, ""AC_50_C"": 40, ""AC_50_CO"": -10, ""AC_50_C_2"": 31, ""AC_60_C"": 34}",-60,-320,-50,-10,31,0,46,0,-2,0,40,34
58939,151.91786520631018,-44.74811966866099,717.6077256705629,71.76077256705629,71.76077256705629,143.52154513411259,0.524,-581.0705713842333,-1889.0154029190085,-2920.39890528053,2066.050042133007,93.81080806788685,6.65022236025186,28.876893215147042,104.92414349533445,28.876893215147042,-65.11055020680443,151.91786520631018,"{""AC"": -50, ""AC_35_P"": 37, ""AC_40_BP"": -33, ""AC_45_KO"": -310, ""AC_50_C"": 45, ""AC_50_CO"": -11, ""AC_50_C_2"": 10, ""AC_50_P_2"": -2, ""AC_60_C"": 22}",-50,-310,-33,-11,10,-2,37,0,0,0,45,22
117836,214.87598049191675,22.661106184065318,1099.566787477473,109.9566787477473,109.9566787477473,219.9133574954946,0.492,-879.9000000000001,-2138.4477097992212,-3579.5216767853763,7844.845927093285,126.88598049191674,-5.099019508083273,27.912641118043084,143.3918108049799,27.912641118043084,-115.05569825583058,214.87598049191675,"{""AC"": -30, ""AC_35_P"": 38, ""AC_40_BP"": -48, ""AC_45_KO"": -340, ""AC_50_C"": 30, ""AC_50_CO"": -21, ""AC_50_C_2"": 33, ""AC_50_P"": 36, ""AC_60_C"": 40}",-30,-340,-48,-21,33,0,38,0,0,36,30,40
128197,175.31082257477414,13.699439866553234,990.2624945966651,99.0262494596665,99.0262494596665,198.052498919333,0.492,-657.3451671501241,-3091.2332575385008,-4838.347399888814,6437.627215518638,109.57630585976172,10.974530787243111,27.19592277242228,117.6870018523513,27.19592277242228,-88.05171867242339,175.31082257477414,"{""AC"": -30, ""AC_35_P"": 49, ""AC_40_BP"": -43, ""AC_45_KO"": -500, ""AC_50_C"": 23, ""AC_50_CO"": -13, ""AC_50_C_2"": 26, ""AC_50_P_2"": 9, ""AC_60_C"": 36}",-30,-500,-43,-13,26,9,49,0,0,0,23,36
21214,232.56200519620253,-26.64726215256931,1070.17422660156,107.01742266015599,107.01742266015599,214.03484532031197,0.506,-1013.5216060408824,-2224.7863979073195,-3432.954439085632,4869.359577994375,131.20984459211428,-20.81839631401806,27.025052959992202,155.13156922911944,27.025052959992202,-127.83581897417405,232.56200519620253,"{""AC"": -65, ""AC_35_P"": 50, ""AC_40_BP"": -50, ""AC_45_KO"": -340, ""AC_45_P"": -5, ""AC_50_C"": 50, ""AC_50_CO"": -3, ""AC_50_C_2"": 32, ""AC_60_C"": 20}",-65,-340,-50,-3,32,0,50,0,-5,0,50,20
117360,117.4193905908445,-33.52168809981947,546.8778544091267,54.68778544091267,54.68778544091267,109.37557088182534,0.516,-425.725035044386,-1458.7686438121345,-2075.824509479197,1548.5291979198241,74.8468870864059,10.988131829748,26.216742613730265,82.46119247839704,26.216742613730265,-43.69965361116467,117.4193905908445,"{""AC"": -5, ""AC_35_P"": 31, ""AC_40_BP"": 4, ""AC_40_P"": 15, ""AC_45_KO"": -220, ""AC_45_P"": 24, ""AC_50_C"": 20, ""AC_50_CO"": -18, ""AC_50_C_2"": 9}",-5,-220,4,-18,9,0,31,15,24,0,20,0
18067,230.5998405550014,-71.08648065106354,1111.029426008222,111.10294260082219,111.10294260082219,222.20588520164438,0.526,-992.2863293747689,-2507.124981278314,-3792.1826555928355,2874.2914491489755,131.3712076175245,-17.47174178869082,26.205419848374987,153.2097884360574,26.205419848374987,-128.574684389513,230.5998405550014,"{""AC"": -50, ""AC_35_P"": 50, ""AC_40_BP"": -50, ""AC_45_KO"": -400, ""AC_45_P"": 18, ""AC_50_C"": 27, ""AC_50_CO"": -4, ""AC_50_C_2"": 24, ""AC_60_C"": 22}",-50,-400,-50,-4,24,0,50,0,18,0,27,22
95857,234.15487017495514,9.320107989724875,1162.165544236918,116.2165544236918,116.2165544236918,232.4331088473836,0.498,-999.3929030048782,-3056.3339123861724,-4801.49706059876,6515.795387958911,134.21557987446732,-15.693355576264423,26.137657512377515,155.13108641878827,26.137657512377515,-131.90990999995623,234.15487017495514,"{""AC"": -60, ""AC_35_P"": 50, ""AC_40_BP"": -40, ""AC_45_KO"": -500, ""AC_50_C"": 49, ""AC_50_CO"": -6, ""AC_50_C_2"": 34, ""AC_50_P"": -3, ""AC_60_C"": 27}",-60,-500,-40,-6,34,0,50,0,0,-3,49,27
64710,230.6985022599664,-29.795094527924903,1118.5506005716568,111.85506005716567,111.85506005716567,223.71012011433135,0.51,-991.1880684187455,-2738.614370226222,-4204.6214315249745,2795.280057088503,131.57969541809183,-17.098514844719972,26.092761968571736,153.1753338247377,26.092761968571736,-128.95357490188564,230.6985022599664,"{""AC"": -65, ""AC_35_P"": 40, ""AC_40_BP"": -39, ""AC_45_KO"": -460, ""AC_45_P"": 13, ""AC_50_C"": 49, ""AC_50_CO"": -10, ""AC_50_C_2"": 20, ""AC_60_C"": 28}",-65,-460,-39,-10,20,0,40,0,13,0,49,28
119941,219.4931562349352,-30.31623600062369,1033.8324831836994,103.38324831836994,103.38324831836994,206.76649663673987,0.508,-944.9203691619812,-2517.6893144165715,-3893.514333867644,5183.053786570386,125.0011193187371,-16.73693605556008,26.06347670145307,146.40132569724366,26.06347670145307,-120.12018437393002,219.4931562349352,"{""AC"": -60, ""AC_35_P"": 43, ""AC_40_BP"": -45, ""AC_45_KO"": -400, ""AC_45_P"": 1, ""AC_50_C"": 46, ""AC_50_CO"": -6, ""AC_50_C_2"": 28, ""AC_60_C"": 28}",-60,-400,-45,-6,28,0,43,0,1,0,46,28
144248,209.1787674961281,37.21901481998887,1071.6301403735154,107.16301403735153,107.16301403735153,214.32602807470306,0.49,-863.801681351844,-3331.5265411732626,-4815.556036049608,5745.498661688556,122.7985993609437,-6.771652841832889,26.027008274675737,139.197929919198,26.027008274675737,-113.93466687918442,209.1787674961281,"{""AC"": -30, ""AC_35_P"": 27, ""AC_40_BP"": -33, ""AC_45_KO"": -500, ""AC_50_C"": 20, ""AC_50_CO"": 5, ""AC_50_C_2"": 29, ""AC_50_P_2"": 31, ""AC_60_C"": 15}",-30,-500,-33,5,29,31,27,0,0,0,20,15
122687,204.34291310629166,-17.858527229519225,1098.6967283828587,109.86967283828588,109.86967283828588,219.73934567657176,0.516,-824.336100235475,-2085.267041544668,-3456.0735871383113,7854.836063771347,121.90930308274416,-1.7411119525770857,25.757661651827476,135.65868988494645,25.757661651827476,-111.61078479086297,204.34291310629166,"{""AC"": -50, ""AC_35_P"": 43, ""AC_40_BP"": -50, ""AC_45_KO"": -320, ""AC_50_C"": 47, ""AC_50_CO"": -13, ""AC_50_C_2"": 38, ""AC_50_P_2"": 1, ""AC_60_C"": 29}",-50,-320,-50,-13,38,1,43,0,0,0,47,29
146931,239.71456455783564,0.6496162429885146,1209.9121134120267,120.99121134120267,120.99121134120267,241.98242268240534,0.5,-1026.3813256756262,-3294.832690998511,-4820.65898289494,6771.097757178966,137.07643199027302,-16.880766861070896,25.26176003589039,158.14769543875366,25.26176003589039,-137.87197820227357,239.71456455783564,"{""AC"": -50, ""AC_35_P"": 44, ""AC_40_BP"": -47, ""AC_45_KO"": -500, ""AC_50_C"": 32, ""AC_50_CO"": 3, ""AC_50_C_2"": 32, ""AC_50_P_2"": 11, ""AC_60_C"": 29}",-50,-500,-47,3,32,11,44,0,0,0,32,29
67476,256.56295534785374,-9.440231241532238,1177.0414597753902,117.70414597753901,117.70414597753901,235.40829195507803,0.502,-1150.2060438883639,-2302.155650899144,-3602.11241107715,5941.460117128747,141.54235095901737,-30.98855562423722,25.179975775829675,169.6266166590508,25.179975775829675,-148.69270160177624,256.56295534785374,"{""AC"": -65, ""AC_35_P"": 42, ""AC_40_BP"": -41, ""AC_45_KO"": -360, ""AC_45_P"": 16, ""AC_50_C"": 50, ""AC_50_CO"": -11, ""AC_50_C_2"": 31, ""AC_60_C"": 37}",-65,-360,-41,-11,31,0,42,0,16,0,50,37
85264,160.61845272452436,-18.2204127893217,822.8812439546429,82.28812439546428,82.28812439546428,164.57624879092856,0.508,-629.0692315720516,-2706.1281148848843,-4088.493844091556,4056.2627032497294,97.71152956731919,3.351144831511448,25.11400579098448,108.5929600470557,25.11400579098448,-78.93697956395283,160.61845272452436,"{""AC"": -50, ""AC_35_P"": 44, ""AC_40_BP"": -50, ""AC_45_KO"": -430, ""AC_50_C"": 29, ""AC_50_CO"": -5, ""AC_50_C_2"": 16, ""AC_50_P"": -11, ""AC_60_C"": 38}",-50,-430,-50,-5,16,0,44,0,0,-11,29,38
135026,277.48944348173023,0.48758042763100207,1275.3320000175281,127.53320000175282,127.53320000175282,255.06640000350563,0.5,-1260.075126362826,-2583.873296787418,-3975.3652293496666,6266.47157256894,151.4819308454476,-37.529338108976276,24.711574526429914,182.60238716315072,24.711574526429914,-165.0625381107291,277.48944348173023,"{""AC"": -70, ""AC_35_P"": 50, ""AC_40_BP"": -27, ""AC_45_KO"": -410, ""AC_50_C"": 50, ""AC_50_CO"": -11, ""AC_50_C_2"": 33, ""AC_50_P_2"": 12, ""AC_60_C"": 43}",-70,-410,-27,-11,33,12,50,0,0,0,50,43
130012,193.0557682628341,-19.943952122307394,988.8612967140308,98.88612967140308,98.88612967140308,197.77225934280617,0.508,-792.7726754289406,-3037.777922476563,-4526.878223264265,4637.8003432999485,113.77850071994004,-5.1374005944010435,24.69680211279148,128.6956020735363,24.69680211279148,-104.02353026580413,193.0557682628341,"{""AC"": -55, ""AC_35_P"": 50, ""AC_40_BP"": -49, ""AC_40_P"": -11, ""AC_45_KO"": -470, ""AC_50_C"": 50, ""AC_50_C_2"": 17, ""AC_60_C"": 20}",-55,-470,-49,0,17,0,50,-11,0,0,50,20
77801,179.52536218981766,99.0795094349127,791.1244443909301,79.11244443909301,79.11244443909301,158.22488887818602,0.428,-769.3351060876579,-2695.279571629466,-4389.467999615484,2539.4590177935006,102.59185158105186,-12.808414332096817,24.56887405712248,121.2804957756615,24.56887405712248,-91.92085877118983,179.52536218981766,"{""AC"": -35, ""AC_35_P"": 45, ""AC_40_BP"": -50, ""AC_45_KO"": -470, ""AC_50_C"": 23, ""AC_50_CO"": -26, ""AC_50_C_2"": 28, ""AC_50_P_2"": 25, ""AC_60_C"": 28}",-35,-470,-50,-26,28,25,45,0,0,0,23,28
115826,202.54750805385947,49.041951132441454,886.8178890209427,88.68178890209427,88.68178890209427,177.36357780418854,0.486,-891.4622681436323,-2085.438673640292,-3407.4773598374827,3346.3836313517786,113.40128123949624,-20.318058982048598,24.487273381267514,135.8039474211543,24.487273381267514,-108.99984788414287,202.54750805385947,"{""AC"": -70, ""AC_35_P"": 31, ""AC_40_BP"": -50, ""AC_45_KO"": -360, ""AC_50_C"": 49, ""AC_50_CO"": -18, ""AC_50_C_2"": 25, ""AC_50_P_2"": 4, ""AC_60_C"": 39}",-70,-360,-50,-18,25,4,31,0,0,0,49,39
123286,123.2755743811494,13.136707481076371,692.585091284094,69.2585091284094,69.2585091284094,138.5170182568188,0.488,-428.6239433632266,-2903.4139118658068,-4684.210162817608,2478.8358310310396,80.41318004482673,16.119588540342747,24.352728312460712,84.52974993088571,24.352728312460712,-53.138920588066654,123.2755743811494,"{""AC"": -45, ""AC_35_P"": 29, ""AC_40_BP"": -45, ""AC_45_KO"": -500, ""AC_50_C"": 27, ""AC_50_CO"": -12, ""AC_50_C_2"": 7, ""AC_50_P"": -4, ""AC_60_C"": 41}",-45,-500,-45,-12,7,0,29,0,0,-4,27,41
45698,182.68378939043387,-37.93027225352722,900.7043579807745,90.07043579807745,90.07043579807745,180.1408715961549,0.51,-755.53373981831,-2605.465959820415,-3912.1026904172604,4415.440998045875,107.13041540860287,-6.199645564143623,24.31851051864865,122.38949344999901,24.31851051864865,-96.27008136222108,182.68378939043387,"{""AC"": -55, ""AC_35_P"": 38, ""AC_40_BP"": -45, ""AC_45_KO"": -410, ""AC_45_P"": -1, ""AC_50_C"": 44, ""AC_50_CO"": -7, ""AC_50_C_2"": 16, ""AC_60_C"": 33}",-55,-410,-45,-7,16,0,38,0,-1,0,44,33
82815,167.41844340546675,-289.44677148713924,998.4645932408594,99.84645932408594,99.84645932408594,199.69291864817188,0.602,-621.4874466410181,-2648.118493404524,-4065.8154574853816,2601.7292663512853,105.26969874136493,12.046581745212222,24.272096747271064,111.38245624239437,24.272096747271064,-87.79987757887372,167.41844340546675,"{""AC"": -10, ""AC_35_P"": 47, ""AC_40_BP"": 3, ""AC_40_P"": 49, ""AC_45_KO"": -400, ""AC_45_P"": -3, ""AC_50_C"": 29, ""AC_50_CO"": -2, ""AC_60_C"": -14}",-10,-400,3,-2,0,0,47,49,-3,0,29,-14
55372,191.44152616830775,69.22097341086226,924.8121979948709,92.48121979948709,92.48121979948709,184.96243959897419,0.468,-806.3325150588445,-2773.161322472048,-4533.852235465597,4807.275232740305,110.80827466242329,-10.141602596403374,24.25103900973754,128.00459546549374,24.25103900973754,-102.62282239589047,191.44152616830775,"{""AC"": -60, ""AC_35_P"": 27, ""AC_40_BP"": -50, ""AC_40_P"": 2, ""AC_45_KO"": -490, ""AC_50_C"": 37, ""AC_50_CO"": -13, ""AC_50_C_2"": 31, ""AC_60_C"": 38}",-60,-490,-50,-13,31,0,27,2,0,0,37,38
85973,219.54086652222273,-271.99952244787175,1235.6546987404163,123.56546987404163,123.56546987404163,247.13093974808325,0.556,-891.0859296620968,-3187.281831139777,-4591.503380529229,3207.5710372396843,130.43227355601306,-3.2306158933014615,24.095242135887396,144.09520257060748,24.095242135887396,-126.79608576734309,219.54086652222273,"{""AC"": -15, ""AC_35_P"": 21, ""AC_40_BP"": -41, ""AC_40_P"": 44, ""AC_45_KO"": -450, ""AC_45_P"": 39, ""AC_50_CO"": 4, ""AC_50_C_2"": 3, ""AC_60_C"": 22}",-15,-450,-41,4,3,0,21,44,39,0,0,22
69966,180.0974390126425,22.45282482762758,985.9193841116186,98.59193841116186,98.59193841116186,197.18387682232373,0.482,-711.5442341286551,-2612.427464094371,-4249.775522366364,6467.059858094815,108.94301559977698,2.2113804804787094,24.06983468776329,119.87224270341926,24.06983468776329,-96.38055793068315,180.0974390126425,"{""AC"": -50, ""AC_35_P"": 50, ""AC_40_BP"": -50, ""AC_45_KO"": -430, ""AC_45_P"": -17, ""AC_50_C"": 36, ""AC_50_CO"": -8, ""AC_50_C_2"": 34, ""AC_60_C"": 30}",-50,-430,-50,-8,34,0,50,0,-17,0,36,30
132147,184.32628158402343,69.4103762234032,875.2667081064375,87.52667081064375,87.52667081064375,175.0533416212875,0.468,-778.6159040028824,-2766.4549739684476,-4516.139088607242,3649.892976605852,106.46469118373518,-10.32769441669717,23.770560578269205,123.51381868121837,23.770560578269205,-97.85436522734092,184.32628158402343,"{""AC"": -60, ""AC_35_P"": 15, ""AC_40_BP"": -41, ""AC_40_P"": 15, ""AC_45_KO"": -500, ""AC_50_C"": 44, ""AC_50_CO"": -17, ""AC_50_C_2"": 26, ""AC_60_C"": 33}",-60,-500,-41,-17,26,0,15,15,0,0,44,33
18299,213.22778258355024,34.27718119355296,1056.0713893196096,105.60713893196096,105.60713893196096,211.21427786392192,0.48,-911.8468095541906,-2971.8030012098643,-4384.838091129946,2823.055854623499,122.04310162813117,-14.733919804997413,23.64719168444116,141.23365737285044,23.64719168444116,-120.34105873695837,213.22778258355024,"{""AC"": -55, ""AC_35_P"": 32, ""AC_40_BP"": -37, ""AC_45_KO"": -470, ""AC_50_C"": 40, ""AC_50_C_2"": 19, ""AC_50_P_2"": 15, ""AC_60_C"": 18}",-55,-470,-37,0,19,15,32,0,0,0,40,18
32355,183.47865092240903,-18.66541650487295,1030.4002177625505,103.04002177625505,103.04002177625505,206.0800435525101,0.502,-722.939918967653,-3246.013386867523,-4842.177445156858,6008.357340400469,111.18465902564373,2.7436711804957667,23.51765218913355,121.57164952996261,23.51765218913355,-100.29635059575928,183.47865092240903,"{""AC"": -35, ""AC_35_P"": 45, ""AC_40_BP"": -50, ""AC_45_KO"": -500, ""AC_45_P"": 3, ""AC_50_C"": 35, ""AC_50_CO"": 2, ""AC_50_C_2"": 25, ""AC_60_C"": 12}",-35,-500,-50,2,25,0,45,0,3,0,35,12
86173,283.67083711276405,43.36858630508851,1428.919777119302,142.8919777119302,142.8919777119302,285.7839554238604,0.49,-1259.857532604657,-3119.1172118429713,-4933.708305814456,9541.865971752248,157.68508385229833,-31.293546038400223,23.246218366100393,184.95496605454866,23.246218366100393,-174.18552375033042,283.67083711276405,"{""AC"": -70, ""AC_35_P"": 37, ""AC_40_BP"": -50, ""AC_45_KO"": -500, ""AC_50_C"": 45, ""AC_50_CO"": -9, ""AC_50_C_2"": 50, ""AC_50_P_2"": 12, ""AC_60_C"": 48}",-70,-500,-50,-9,50,12,37,0,0,0,45,48
102993,199.733123153583,-39.40178104233627,1015.716309147499,101.5716309147499,101.5716309147499,203.1432618294998,0.512,-838.5264570588145,-2894.6106002881625,-4236.961658238064,4691.8183672659325,115.88047744770154,-9.89849111112062,23.168339137385885,132.4138925719548,23.168339137385885,-111.47012202587052,199.733123153583,"{""AC"": -40, ""AC_35_P"": 50, ""AC_40_BP"": -50, ""AC_45_KO"": -430, ""AC_50_C"": 27, ""AC_50_CO"": -1, ""AC_50_C_2"": 14, ""AC_50_P"": 11, ""AC_60_C"": 33}",-40,-430,-50,-1,14,0,50,0,0,11,27,33
3,91.60123214309671,-34.85535038594933,458.11545975507954,45.811545975507954,45.811545975507954,91.62309195101591,0.526,-304.6523712350116,-1632.6066809804993,-2571.146291589148,1152.750920985339,61.13599501959554,15.438139334343802,22.997603470090986,64.91572708746914,22.997603470090986,-30.373406641164152,91.60123214309671,"{""AC"": -35, ""AC_35_P"": 27, ""AC_40_BP"": -37, ""AC_40_P"": -3, ""AC_45_KO"": -260, ""AC_50_C"": 39, ""AC_50_CO"": -13, ""AC_50_P_2"": 3, ""AC_60_C"": 16}",-35,-260,-37,-13,0,3,27,-3,0,0,39,16
84214,219.8331573372978,59.84476058752969,1005.7138500107034,100.57138500107034,100.57138500107034,201.14277000214068,0.47,-978.0878762588057,-2820.618229377419,-4109.047993149547,3615.559038860005,122.02436971141721,-24.688811727403646,22.834283397941753,145.7859172740899,22.834283397941753,-125.26019672847399,219.8331573372978,"{""AC"": -45, ""AC_35_P"": 26, ""AC_40_BP"": -50, ""AC_45_KO"": -440, ""AC_50_C"": 26, ""AC_50_CO"": -4, ""AC_50_C_2"": 33, ""AC_50_P_2"": 31, ""AC_60_C"": 16}",-45,-440,-50,-4,33,31,26,0,0,0,26,16
36898,233.16785045371947,-52.968940116028136,1279.0986912616297,127.90986912616297,127.90986912616297,255.81973825232595,0.514,-976.8662851620189,-3630.615347122901,-5172.274164733442,7634.328939263038,135.48122193751757,-11.048720836785265,22.68297311633514,152.34706891407777,22.68297311633514,-138.95858996294822,233.16785045371947,"{""AC"": -35, ""AC_35_P"": 50, ""AC_40_BP"": -50, ""AC_45_KO"": -500, ""AC_50_C"": 31, ""AC_50_CO"": 7, ""AC_50_C_2"": 24, ""AC_50_P_2"": 21, ""AC_60_C"": 24}",-35,-500,-50,7,24,21,50,0,0,0,31,24
125436,209.86457191658948,53.92657728130331,1151.8697146623128,115.18697146623128,115.18697146623128,230.37394293246257,0.48,-864.0266822733952,-2345.9972723864385,-4038.2802778506784,7902.585027635607,123.46190368924997,-6.142098651759312,22.667083842464564,137.8664949363619,22.667083842464564,-121.3290701179906,209.86457191658948,"{""AC"": -50, ""AC_35_P"": 33, ""AC_40_BP"": -48, ""AC_40_P"": 5, ""AC_45_KO"": -400, ""AC_50_C"": 34, ""AC_50_CO"": -14, ""AC_50_C_2"": 50, ""AC_60_C"": 31}",-50,-400,-48,-14,50,0,33,5,0,0,34,31
98940,108.67644302035222,-52.25275012103015,490.0010433707803,49.00010433707803,49.00010433707803,98.00020867415606,0.528,-411.88863543881627,-1069.4434343295293,-1505.3895346047168,1885.5380686249473,67.48757947647059,5.704284160648157,22.393095535990774,75.8319851641419,22.393095535990774,-43.29582017642987,108.67644302035222,"{""AC"": -15, ""AC_35_P"": 36, ""AC_40_BP"": -19, ""AC_45_KO"": -140, ""AC_50_C"": 13, ""AC_50_CO"": 1, ""AC_50_C_2"": 14, ""AC_50_P"": -4, ""AC_50_P_2"": 9}",-15,-140,-19,1,14,9,36,0,0,-4,13,0
11347,131.65159784179636,4.453272525269142,613.6278392099962,61.36278392099962,61.36278392099962,122.72556784199924,0.492,-524.0437855531547,-1696.599079981675,-2326.4956574167645,1776.7616961198046,79.24721928648088,0.6406514535076724,22.363638048323338,90.10871258388872,22.363638048323338,-60.722132467491946,131.65159784179636,"{""AC_40_BP"": -19, ""AC_40_P"": 34, ""AC_45_KO"": -230, ""AC_50_CO"": -10, ""AC_50_C_2"": 9, ""AC_50_P"": 9, ""AC_50_P_2"": 32, ""AC_60_C"": 11}",0,-230,-19,-10,9,32,0,34,0,9,0,11
28076,130.70967515935035,59.303350211173296,773.2808132641474,77.32808132641473,77.32808132641473,154.65616265282947,0.46,-464.8000029653854,-2908.2487231961754,-4566.172060598759,4268.377321859922,84.2296748628118,14.50967441800401,22.32563405133518,88.1376546794774,22.32563405133518,-62.81840690841072,130.70967515935035,"{""AC"": -45, ""AC_35_P"": -5, ""AC_40_BP"": -50, ""AC_40_P"": 13, ""AC_45_KO"": -500, ""AC_50_C"": 50, ""AC_50_CO"": -5, ""AC_50_C_2"": 27, ""AC_50_P"": -2}",-45,-500,-50,-5,27,0,-5,13,0,-2,50,0
58894,203.09596521697648,-9.08390944164482,1090.5761455683546,109.05761455683546,109.05761455683546,218.11522911367092,0.502,-841.674038476668,-2833.5193915026125,-4377.854403516492,6895.055251280854,118.92856136930968,-7.322544402190516,22.316052167058558,133.7478596539342,22.316052167058558,-116.38015895902598,203.09596521697648,"{""AC"": -40, ""AC_35_P"": 47, ""AC_40_BP"": -36, ""AC_45_KO"": -440, ""AC_45_P"": 7, ""AC_50_C"": 50, ""AC_50_CO"": -6, ""AC_50_C_2"": 29, ""AC_60_C"": 12}",-40,-440,-36,-6,29,0,47,0,7,0,50,12
106411,139.70717704929223,74.91639575677647,737.6710366526995,73.76710366526996,73.76710366526996,147.5342073305399,0.456,-538.2567618068794,-2647.0194521645717,-4562.578948564829,3657.9321877078182,85.88150086860429,5.1429865975723885,22.085110945625345,94.35256304263078,22.085110945625345,-68.62411706769757,139.70717704929223,"{""AC"": -40, ""AC_35_P"": 28, ""AC_40_BP"": -45, ""AC_40_P"": 3, ""AC_45_KO"": -500, ""AC_50_C"": 24, ""AC_50_CO"": -20, ""AC_50_C_2"": 29, ""AC_60_C"": 31}",-40,-500,-45,-20,29,0,28,3,0,0,24,31
126193,115.52451902467548,76.43290653017957,622.1953608547806,62.219536085478055,62.219536085478055,124.43907217095611,0.438,-415.66789346012365,-2476.978656950714,-4003.5839570797934,2209.0077952688252,73.95772967866311,11.607545659644572,22.064566962917915,79.18624033029978,22.064566962917915,-50.61199042583348,115.52451902467548,"{""AC"": -5, ""AC_35_P"": 43, ""AC_40_BP"": -2, ""AC_45_KO"": -420, ""AC_50_C"": 44, ""AC_50_CO"": -28, ""AC_50_C_2"": 4, ""AC_50_P"": 17, ""AC_50_P_2"": 16}",-5,-420,-2,-28,4,16,43,0,0,17,44,0
14209,217.5037018838966,50.66778929535303,1076.3457018762554,107.63457018762554,107.63457018762554,215.26914037525108,0.488,-946.5911271869633,-2909.1254917643246,-4699.616885731923,5611.646959010661,122.84458916520028,-19.144079912844205,21.697747712039344,143.26550297764206,21.697747712039344,-126.77865010046975,217.5037018838966,"{""AC"": -45, ""AC_35_P"": 49, ""AC_40_BP"": -33, ""AC_45_KO"": -500, ""AC_45_P"": 4, ""AC_50_C"": 25, ""AC_50_CO"": -6, ""AC_50_C_2"": 36, ""AC_60_C"": 28}",-45,-500,-33,-6,36,0,49,0,4,0,25,28
59048,265.0728186737242,85.64523029065685,1226.6552470645893,122.66552470645892,122.66552470645892,245.33104941291785,0.478,-1213.7483386418546,-2778.204193811246,-4514.965918867709,5725.598292094979,143.69798480953875,-38.36426598673944,21.67780552421656,173.71902056501676,21.67780552421656,-161.02979069319838,265.0728186737242,"{""AC"": -65, ""AC_35_P"": 44, ""AC_40_BP"": -35, ""AC_45_KO"": -480, ""AC_50_C"": 40, ""AC_50_CO"": -11, ""AC_50_C_2"": 46, ""AC_50_P_2"": 10, ""AC_60_C"": 30}",-65,-480,-35,-11,46,10,44,0,0,0,40,30
56622,116.58324859264853,55.47411911262023,710.0160826172438,71.00160826172439,71.00160826172439,142.00321652344877,0.464,-396.04892081104083,-2585.645746980013,-4348.860417148376,3252.1111279796223,76.97835651154445,17.571018389888323,21.675106340130213,79.0304004866654,21.675106340130213,-53.43058987183606,116.58324859264853,"{""AC_35_P"": 31, ""AC_40_BP"": -20, ""AC_45_KO"": -480, ""AC_45_P"": 17, ""AC_50_C"": -1, ""AC_50_CO"": -8, ""AC_50_C_2"": 29, ""AC_50_P"": 4}",0,-480,-20,-8,29,0,31,0,17,4,-1,0
65223,103.93797240497597,-24.247812294717093,449.6708910907061,44.96708910907061,44.96708910907061,89.93417821814123,0.524,-399.83629521356426,-492.1837735355911,-597.9812552855115,1400.2610009675811,63.95434288361954,3.978898601584902,21.478983568406022,72.7043853670301,21.478983568406022,-40.98819050748571,103.93797240497597,"{""AC"": -15, ""AC_35_P"": 17, ""AC_40_BP"": -25, ""AC_45_KO"": -30, ""AC_45_P"": -5, ""AC_50_C"": 40, ""AC_50_CO"": -21, ""AC_50_P"": 21, ""AC_50_P_2"": 27}",-15,-30,-25,-21,0,27,17,0,-5,21,40,0
93000,176.35016290097076,17.722468703836626,782.9750255081995,78.29750255081994,78.29750255081994,156.59500510163988,0.492,-771.6403804556855,-1483.5943625666068,-2439.410068904133,2924.345732267626,99.1861248554022,-16.559932212950628,21.45535455720796,118.1937682404815,21.45535455720796,-94.85743476377057,176.35016290097076,"{""AC"": -50, ""AC_35_P"": 37, ""AC_40_BP"": -49, ""AC_45_KO"": -240, ""AC_50_C"": 29, ""AC_50_CO"": -8, ""AC_50_C_2"": 27, ""AC_50_P"": 1, ""AC_60_C"": 23}",-50,-240,-49,-8,27,0,37,0,0,1,29,23
66638,267.745851239545,-27.214137828393426,1254.523847308652,125.45238473086519,125.45238473086519,250.90476946173038,0.506,-1223.8395803352455,-2179.4862677642227,-3383.3846139524694,3304.109297893936,145.36189320602045,-38.21404384426637,21.443721823825584,175.19077604006642,21.443721823825584,-163.66642857513156,267.745851239545,"{""AC"": -70, ""AC_35_P"": 50, ""AC_40_BP"": -45, ""AC_45_KO"": -350, ""AC_50_C"": 50, ""AC_50_CO"": -7, ""AC_50_C_2"": 30, ""AC_50_P"": 12, ""AC_60_C"": 23}",-70,-350,-45,-7,30,0,50,0,0,12,50,23
103467,282.9728697694414,-11.768397270442506,1339.1870766096965,133.91870766096966,133.91870766096966,267.8374153219393,0.504,-1299.5289223165219,-3035.053940013544,-4414.944211740099,5953.51104270484,153.0199775377892,-41.909360809689076,21.08417759147828,184.5167467383729,21.08417759147828,-175.82806847065874,282.9728697694414,"{""AC"": -65, ""AC_35_P"": 50, ""AC_40_BP"": -43, ""AC_45_KO"": -460, ""AC_50_C"": 33, ""AC_50_C_2"": 33, ""AC_50_P_2"": 15, ""AC_60_C"": 42}",-65,-460,-43,0,33,15,50,0,0,0,33,42
49153,151.54973375089395,66.40161405907907,874.6834582068548,87.46834582068547,87.46834582068547,174.93669164137094,0.472,-578.6589900990377,-2867.4019205722907,-4702.989507989765,4915.764443842271,93.68383474099016,6.884986226134515,21.01671232569555,100.74969779077068,21.01671232569555,-80.58335959455096,151.54973375089395,"{""AC"": -40, ""AC_35_P"": 41, ""AC_40_BP"": -46, ""AC_45_KO"": -500, ""AC_45_P"": -14, ""AC_50_C"": 34, ""AC_50_CO"": -6, ""AC_50_C_2"": 34, ""AC_60_C"": 9}",-40,-500,-46,-6,34,0,41,0,-14,0,34,9
131680,211.38844556283422,-3.4445239843740865,1094.7204744696621,109.47204744696622,109.47204744696622,218.94409489393243,0.502,-905.585192085237,-3049.292492503133,-4572.98737550801,6417.094721416755,120.82992635431052,-15.007852458475043,20.814643026565555,138.7411740968308,20.814643026565555,-124.47989990544126,211.38844556283422,"{""AC"": -45, ""AC_35_P"": 29, ""AC_40_BP"": -50, ""AC_40_P"": 21, ""AC_45_KO"": -470, ""AC_50_C"": 30, ""AC_50_CO"": -2, ""AC_50_C_2"": 29, ""AC_60_C"": 31}",-45,-470,-50,-2,29,0,29,21,0,0,30,31
56152,212.5263826167852,45.393587628663866,1019.6934685063924,101.96934685063924,101.96934685063924,203.93869370127848,0.484,-938.711920061305,-2302.135403976877,-3130.382532476664,6303.227474552572,118.6551906106547,-22.151597398541043,20.73492118226985,140.09844990106015,20.73492118226985,-124.12094424918028,212.5263826167852,"{""AC"": 35, ""AC_35_P"": 41, ""AC_40_BP"": -9, ""AC_45_KO"": -290, ""AC_45_P"": 29, ""AC_50_CO"": -16, ""AC_50_C_2"": 23, ""AC_50_P"": 40, ""AC_50_P_2"": 37}",35,-290,-9,-16,23,37,41,0,29,40,0,0
93465,102.60659673676601,-73.16008760092362,455.4704050472925,45.54704050472925,45.54704050472925,91.0940810094585,0.554,-394.17840955172346,-454.98649698160165,-613.5693820035035,1337.806882048931,63.188755781593656,4.061994348835142,20.706315051642868,71.51091613299752,20.706315051642868,-41.48504615589411,102.60659673676601,"{""AC"": 5, ""AC_35_P"": 30, ""AC_40_BP"": -13, ""AC_45_KO"": -30, ""AC_45_P"": 48, ""AC_50_CO"": -17, ""AC_50_P"": -8, ""AC_50_P_2"": 9, ""AC_60_C"": 22}",5,-30,-13,-17,0,9,30,0,48,-8,0,22
43226,183.80220032021944,91.86224382069787,901.4091400775459,90.14091400775459,90.14091400775459,180.28182801550918,0.466,-788.5398443958236,-2760.5872401936185,-4571.486710865086,3765.692458537982,104.94821588063708,-13.332760778736457,20.45076665696861,121.83997959848962,20.45076665696861,-103.47367478649105,183.80220032021944,"{""AC"": -70, ""AC_35_P"": 42, ""AC_40_BP"": -46, ""AC_45_KO"": -500, ""AC_45_P"": -25, ""AC_50_C"": 50, ""AC_50_CO"": -10, ""AC_50_C_2"": 32, ""AC_60_C"": 24}",-70,-500,-46,-10,32,0,42,0,-25,0,50,24
36086,193.84275152100332,30.064373544205267,1104.4263579460217,110.44263579460217,110.44263579460217,220.88527158920434,0.482,-788.0089506550657,-2266.4632089187976,-3935.447305859161,7786.62594141547,115.04185645549674,-3.1594861427631145,20.42009102544238,126.83164503959951,20.42009102544238,-113.60212193736528,193.84275152100332,"{""AC"": -45, ""AC_35_P"": 29, ""AC_40_BP"": -50, ""AC_45_KO"": -390, ""AC_50_C"": 34, ""AC_50_CO"": -13, ""AC_50_C_2"": 46, ""AC_50_P"": 6, ""AC_60_C"": 28}",-45,-390,-50,-13,46,0,29,0,0,6,34,28
14299,273.8352058950736,-48.27806960904314,1226.5351382983247,122.65351382983246,122.65351382983246,245.30702765966493,0.516,-1280.9062601799424,-1369.4563163760547,-2002.3838107565637,5585.209191552656,145.74457987707936,-46.39135914991198,20.372509953166045,179.12651442861835,20.372509953166045,-169.04487297974444,273.8352058950736,"{""AC"": -75, ""AC_35_P"": 50, ""AC_40_BP"": -44, ""AC_40_P"": 14, ""AC_45_KO"": -160, ""AC_50_C"": 50, ""AC_50_CO"": -12, ""AC_50_C_2"": 29, ""AC_60_C"": 49}",-75,-160,-44,-12,29,0,50,14,0,0,50,49
143602,89.27542194872238,-130.51674955850984,524.8830847597377,52.48830847597377,52.48830847597377,104.97661695194753,0.62,-284.95557625495115,-1684.4159876920264,-2640.363331792467,1360.8919272209969,60.779864323227265,18.036527884984594,20.287931272492827,61.90556601698138,20.287931272492827,-34.45178059098917,89.27542194872238,"{""AC"": 5, ""AC_35_P"": 30, ""AC_40_BP"": -16, ""AC_45_KO"": -260, ""AC_45_P"": 44, ""AC_50_C"": -2, ""AC_50_CO"": -3, ""AC_50_P"": -11, ""AC_60_C"": 1}",5,-260,-16,-3,0,0,30,0,44,-11,-2,1
99464,205.67800779642303,-29.678547800734748,941.901054349506,94.1901054349506,94.1901054349506,188.3802108699012,0.53,-922.1445533398645,-1520.8639548788103,-2229.12209965127,2599.8419618841235,113.46355246243658,-24.858130538543094,20.26127207796806,136.02325377069215,20.26127207796806,-119.04823597349369,205.67800779642303,"{""AC"": -65, ""AC_35_P"": 37, ""AC_40_BP"": -50, ""AC_45_KO"": -220, ""AC_50_C"": 50, ""AC_50_CO"": -9, ""AC_50_C_2"": 19, ""AC_50_P_2"": 8, ""AC_60_C"": 20}",-65,-220,-50,-9,19,8,37,0,0,0,50,20
34412,171.2729717169336,36.064029383916306,744.1499376070219,74.41499376070219,74.41499376070219,148.82998752140438,0.482,-759.5266933180941,-1159.0370477036765,-2132.7150340797084,3448.823768029839,95.32030238512418,-18.608701612589925,20.136470838868398,114.69288861085333,20.136470838868398,-93.02369537329211,171.2729717169336,"{""AC"": -50, ""AC_35_P"": 44, ""AC_40_BP"": -39, ""AC_45_KO"": -200, ""AC_45_P"": -6, ""AC_50_C"": 33, ""AC_50_CO"": -14, ""AC_50_C_2"": 30, ""AC_60_C"": 25}",-50,-200,-39,-14,30,0,44,0,-6,0,33,25
83513,304.1562814520573,40.23877161580447,1456.7981467888003,145.67981467888004,145.67981467888004,291.35962935776007,0.492,-1407.8729328650559,-3078.9184928705386,-4185.403953547825,5123.415501044514,163.36898816555174,-47.81195176420664,20.13543418285893,197.34268113908453,20.13543418285893,-193.49176644308668,304.1562814520573,"{""AC"": -70, ""AC_35_P"": 46, ""AC_40_BP"": -35, ""AC_45_KO"": -440, ""AC_50_C"": 47, ""AC_50_CO"": 2, ""AC_50_C_2"": 27, ""AC_50_P_2"": 27, ""AC_60_C"": 33}",-70,-440,-35,2,27,27,46,0,0,0,47,33
72725,151.6627238041315,119.0077513932041,611.0533773702291,61.10533773702291,61.10533773702291,122.21067547404581,0.436,-673.4703148338161,-1751.471373786512,-2530.802167566776,2554.1842768274346,84.31569232074989,-16.70485490432253,20.08950771054763,102.71287362818497,20.08950771054763,-77.81019264134544,151.6627238041315,"{""AC"": -5, ""AC_40_BP"": -9, ""AC_45_KO"": -270, ""AC_45_P"": 49, ""AC_50_C"": 22, ""AC_50_CO"": -31, ""AC_50_C_2"": 25, ""AC_50_P_2"": 30, ""AC_60_C"": 7}",-5,-270,-9,-31,25,30,0,0,49,0,22,7
78013,214.32140623318162,76.99834378259993,1013.8881020815542,101.38881020815542,101.38881020815542,202.77762041631084,0.474,-957.5049575367262,-2498.766329345017,-4096.53457838333,5206.961429146562,118.570910479509,-25.05483315099994,20.001257498594974,141.09895580430646,20.001257498594974,-126.44364335915536,214.32140623318162,"{""AC"": -65, ""AC_35_P"": 35, ""AC_40_BP"": -28, ""AC_45_KO"": -440, ""AC_50_C"": 49, ""AC_50_CO"": -13, ""AC_50_C_2"": 36, ""AC_50_P"": -3, ""AC_60_C"": 29}",-65,-440,-28,-13,36,0,35,0,0,-3,49,29
27366,204.43836591859318,-60.68508763675277,1004.1925598439543,100.41925598439543,100.41925598439543,200.83851196879087,0.522,-895.7318062728566,-2552.387325667435,-3878.7106624087774,2777.9895333354107,114.86518529130751,-19.494585649620973,19.868966985466976,134.54696160885146,19.868966985466976,-119.9138416340164,204.43836591859318,"{""AC"": -55, ""AC_35_P"": 50, ""AC_40_BP"": -36, ""AC_45_KO"": -420, ""AC_50_C"": 32, ""AC_50_CO"": -8, ""AC_50_C_2"": 15, ""AC_50_P"": 3, ""AC_60_C"": 38}",-55,-420,-36,-8,15,0,50,0,0,3,32,38
9546,220.08879218689614,-34.55208577925174,1029.5760570871405,102.95760570871406,102.95760570871406,205.9152114174281,0.516,-992.6014692792671,-2129.38268944481,-3164.998844836272,4552.50772684219,120.82864525896943,-28.061575132920638,19.719768940649047,144.71931729575428,19.719768940649047,-131.0191808416347,220.08879218689614,"{""AC"": -65, ""AC_35_P"": 48, ""AC_40_BP"": -50, ""AC_45_KO"": -310, ""AC_50_C"": 47, ""AC_50_CO"": 1, ""AC_50_C_2"": 28, ""AC_50_P"": -9, ""AC_60_C"": 21}",-65,-310,-50,1,28,0,48,0,0,-9,47,21
89587,174.33321701803075,-11.826855744120394,952.3778833789544,95.23778833789544,95.23778833789544,190.47557667579088,0.502,-713.5333969721572,-2258.407447200961,-3601.735392273258,6530.203141094733,102.97987732081502,-4.050132225008554,19.684313303259458,114.84710008494902,19.684313303259458,-99.28792056290399,174.33321701803075,"{""AC"": -35, ""AC_35_P"": 43, ""AC_40_BP"": -30, ""AC_45_KO"": -360, ""AC_50_C"": 26, ""AC_50_CO"": -8, ""AC_50_C_2"": 28, ""AC_50_P_2"": 2, ""AC_60_C"": 32}",-35,-360,-30,-8,28,2,43,0,0,0,26,32
69092,224.60406463413324,-5.0785919782804285,1137.4009121936017,113.74009121936017,113.74009121936017,227.48018243872033,0.5,-987.5463467162127,-2217.4533953824916,-3547.6203830686677,7723.046186127218,125.84942996251196,-22.282522044919943,19.602067017021263,146.79172449348258,19.602067017021263,-136.0226132642801,224.60406463413324,"{""AC"": -55, ""AC_35_P"": 50, ""AC_40_BP"": -33, ""AC_45_KO"": -340, ""AC_50_C"": 50, ""AC_50_CO"": -16, ""AC_50_C_2"": 30, ""AC_50_P"": 4, ""AC_60_C"": 43}",-55,-340,-33,-16,30,0,50,0,0,4,50,43
117101,182.84784187062382,65.82453804992622,877.8863726910098,87.78863726910097,87.78863726910097,175.57727453820195,0.448,-796.1245409477991,-2760.081389356927,-4280.095247758847,5037.444441316316,103.2353877758439,-16.183293366325955,19.534842093903478,121.09445550595862,19.534842093903478,-103.97193063542693,182.84784187062382,"{""AC"": -60, ""AC_35_P"": 5, ""AC_40_BP"": -44, ""AC_45_KO"": -470, ""AC_50_C"": 42, ""AC_50_CO"": -13, ""AC_50_C_2"": 27, ""AC_50_P_2"": 16, ""AC_60_C"": 39}",-60,-470,-44,-13,27,16,5,0,0,0,42,39
68842,214.8944106643953,-3.284312069429518,1231.628056919925,123.1628056919925,123.1628056919925,246.325611383985,0.5,-892.5538544974837,-3043.095009523513,-5019.713004581795,8438.505679855582,125.63902521464694,-8.244052959975619,19.429929643776518,139.476016516523,19.429929643776518,-131.40685865196812,214.8944106643953,"{""AC"": -40, ""AC_35_P"": 47, ""AC_40_BP"": -47, ""AC_40_P"": 13, ""AC_45_KO"": -500, ""AC_50_C"": 41, ""AC_50_CO"": -16, ""AC_50_C_2"": 42, ""AC_60_C"": 27}",-40,-500,-47,-16,42,0,47,13,0,0,41,27
102825,240.6019430342762,-11.464282170827232,1348.322882573216,134.8322882573216,134.8322882573216,269.6645765146432,0.504,-1025.2077713704525,-3161.5986972473374,-4858.573234926579,9762.565971752249,138.08116589723093,-15.69999980833694,19.404633200047513,155.63348240142318,19.404633200047513,-150.53228806565855,240.6019430342762,"{""AC"": -40, ""AC_35_P"": 33, ""AC_40_BP"": -22, ""AC_45_KO"": -500, ""AC_50_C"": 27, ""AC_50_CO"": -11, ""AC_50_C_2"": 50, ""AC_50_P_2"": 23, ""AC_60_C"": 38}",-40,-500,-22,-11,50,23,33,0,0,0,27,38
44741,106.13918309128628,-126.04725493842808,546.6500425157,54.66500425157,54.66500425157,109.33000850314,0.554,-396.0250000000001,-447.6134887731535,-678.1963285411337,1485.1824515839792,66.53668309128628,7.132933091286262,19.402930965501277,72.67168202839377,19.402930965501277,-47.532071160283735,106.13918309128628,"{""AC"": -15, ""AC_35_P"": 20, ""AC_40_BP"": -9, ""AC_40_P"": -2, ""AC_45_KO"": -60, ""AC_45_P"": 40, ""AC_50_C"": 31, ""AC_50_CO"": -18, ""AC_60_C"": 2}",-15,-60,-9,-18,0,0,20,-2,40,0,31,2
95039,180.69470137312385,-39.71843400190983,871.1763553221264,87.11763553221263,87.11763553221263,174.23527106442526,0.508,-785.4624602242167,-1872.9630914512925,-2817.3919568702026,5133.5632423841,102.14845535070218,-15.670913682930319,19.316514573385035,119.64216947885987,19.316514573385035,-102.78854921514295,180.69470137312385,"{""AC"": -60, ""AC_35_P"": 38, ""AC_40_BP"": -50, ""AC_45_KO"": -270, ""AC_45_P"": -3, ""AC_50_C"": 44, ""AC_50_CO"": -12, ""AC_50_C_2"": 15, ""AC_60_C"": 49}",-60,-270,-50,-12,15,0,38,0,-3,0,44,49
118148,92.90347853305913,4.4537175429412414,470.5073314288041,47.05073314288041,47.05073314288041,94.10146628576082,0.498,-334.85100808585514,-1744.143657142128,-2643.696857524353,1224.9777806088935,59.418377724473615,9.190726511595344,19.150460748740652,64.39824484304627,19.150460748740652,-37.86000663128507,92.90347853305913,"{""AC"": 5, ""AC_40_BP"": -24, ""AC_40_P"": 7, ""AC_45_KO"": -270, ""AC_45_P"": -1, ""AC_50_CO"": -5, ""AC_50_C_2"": 6, ""AC_50_P"": 28, ""AC_50_P_2"": 20}",5,-270,-24,-5,6,20,0,7,-1,28,0,0
48382,120.14722228195197,-56.029268868798255,626.647912993546,62.664791299354604,62.664791299354604,125.32958259870921,0.524,-465.5891717291597,-1804.2172316919005,-2566.594890826704,1546.83211663496,73.58830510903599,3.7499293496620396,18.976450872900706,81.20156587065533,18.976450872900706,-58.914861949692565,120.14722228195197,"{""AC_35_P"": 24, ""AC_40_BP"": 4, ""AC_40_P"": 45, ""AC_45_KO"": -270, ""AC_50_C"": 15, ""AC_50_CO"": -18, ""AC_50_P"": 12, ""AC_60_C"": 13}",0,-270,4,-18,0,0,24,45,0,12,15,13
113032,96.86196745446728,-4.223578229262234,607.7477660009666,60.774776600096665,60.774776600096665,121.54955320019333,0.51,-317.7282136308069,-2724.9543359709514,-4519.607382161705,1435.671672863361,65.08914609138658,17.429914046765546,18.81534710979791,65.78186262290275,18.81534710979791,-43.34486255333112,96.86196745446728,"{""AC_35_P"": 23, ""AC_40_BP"": -29, ""AC_40_P"": 22, ""AC_45_KO"": -480, ""AC_50_C"": 26, ""AC_50_CO"": -28, ""AC_50_P"": 22, ""AC_50_P_2"": 11}",0,-480,-29,-28,0,11,23,22,0,22,26,0
146922,209.818801644609,-171.3881762974085,1189.4042367713873,118.94042367713874,118.94042367713874,237.88084735427748,0.554,-877.3479222405307,-3175.359543697842,-4713.32649895944,3041.706638562938,122.08400942055593,-9.518178915523663,18.74640146996005,136.2162996132978,18.74640146996005,-128.4586025926624,209.818801644609,"{""AC"": -30, ""AC_35_P"": 50, ""AC_40_BP"": -31, ""AC_40_P"": 38, ""AC_45_KO"": -440, ""AC_45_P"": -1, ""AC_50_C"": 21, ""AC_50_CO"": 5, ""AC_60_C"": 25}",-30,-440,-31,5,0,0,50,38,-1,0,21,25
83685,219.41334342211874,-25.542184460861847,1021.7523570892247,102.17523570892247,102.17523570892247,204.35047141784494,0.506,-997.198080003167,-2073.296543733664,-3287.5400181587793,4495.624566198147,119.69353542180204,-29.886176578673002,18.746013567182466,144.00963049472975,18.746013567182466,-132.0614122875955,219.41334342211874,"{""AC"": -65, ""AC_35_P"": 50, ""AC_40_BP"": -42, ""AC_45_KO"": -330, ""AC_50_C"": 50, ""AC_50_CO"": -7, ""AC_50_C_2"": 26, ""AC_50_P_2"": -7, ""AC_60_C"": 28}",-65,-330,-42,-7,26,-7,50,0,0,0,50,28
56828,281.7367324856389,10.03157906647272,1331.6034773182437,133.16034773182437,133.16034773182437,266.32069546364875,0.5,-1309.7419626309375,-1565.5544858903181,-1830.4395702539555,4366.033652418283,150.76253622254518,-45.69875817209544,18.69526422508612,182.95954742113597,18.69526422508612,-178.8591059039198,281.7367324856389,"{""AC"": -10, ""AC_35_P"": 46, ""AC_40_BP"": -18, ""AC_45_KO"": -40, ""AC_45_P"": 23, ""AC_50_CO"": 13, ""AC_50_C_2"": 30, ""AC_50_P"": 14, ""AC_50_P_2"": 37}",-10,-40,-18,13,30,37,46,0,23,14,0,0
67869,124.27161363721176,-85.33280936123482,647.0519512878167,64.70519512878167,64.70519512878167,129.41039025756334,0.556,-489.70264151770164,-1687.5239421900744,-2495.6599699626013,1871.409905996767,75.30134948544159,1.8459532577863484,18.46361984516568,83.61018277913125,18.46361984516568,-62.85924187099532,124.27161363721176,"{""AC"": 5, ""AC_35_P"": 41, ""AC_40_BP"": -14, ""AC_45_KO"": -220, ""AC_45_P"": 34, ""AC_50_C"": 5, ""AC_50_CO"": -3, ""AC_50_P"": -5, ""AC_50_P_2"": 13}",5,-220,-14,-3,0,13,41,0,34,-5,5,0
33604,126.42002993644593,30.3249733671517,564.5498086652059,56.454980866520586,56.454980866520586,112.90996173304117,0.488,-532.967702077474,-1137.3010268130286,-1958.8727963799645,2534.749931573364,73.12325972869853,-6.821895582922565,18.247384191564542,85.65789961594209,18.247384191564542,-63.27687644944315,126.42002993644593,"{""AC"": -10, ""AC_35_P"": 21, ""AC_40_BP"": -9, ""AC_40_P"": 38, ""AC_45_KO"": -190, ""AC_50_C"": 8, ""AC_50_CO"": -16, ""AC_50_C_2"": 24, ""AC_60_C"": 11}",-10,-190,-9,-16,24,0,21,38,0,0,8,11
86361,252.39311758154807,50.47154641617385,1198.076313061706,119.8076313061706,119.8076313061706,239.6152626123412,0.488,-1161.730769005015,-2797.943210624384,-4456.3809069244635,3881.0873336561526,136.22004068104656,-38.03957466970567,18.229686577710538,164.35467130475467,18.229686577710538,-157.84720597587628,252.39311758154807,"{""AC"": -80, ""AC_35_P"": 50, ""AC_40_BP"": -46, ""AC_45_KO"": -480, ""AC_50_C"": 50, ""AC_50_CO"": -8, ""AC_50_C_2"": 33, ""AC_50_P"": -8, ""AC_60_C"": 34}",-80,-480,-46,-8,33,0,50,0,0,-8,50,34
83349,212.49490845968847,48.87377704018235,1050.258516337039,105.02585163370391,105.02585163370391,210.05170326740782,0.488,-945.3739611202653,-2906.5683824520365,-4516.357410332434,3520.0013962838293,117.95751234766193,-23.84858182037786,18.175888474796714,138.9697474952492,18.175888474796714,-128.87443345408178,212.49490845968847,"{""AC"": -50, ""AC_35_P"": 27, ""AC_40_BP"": -23, ""AC_40_P"": 24, ""AC_45_KO"": -500, ""AC_50_C"": 33, ""AC_50_CO"": -7, ""AC_50_C_2"": 25, ""AC_60_C"": 25}",-50,-500,-23,-7,25,0,27,24,0,0,33,25
48991,148.38875986682496,-83.71796408317329,677.5531467080295,67.75531467080296,67.75531467080296,135.51062934160592,0.534,-643.3115596731667,-720.9170364206744,-800.2724125665814,2074.977003844835,84.05760389950828,-12.43913005146672,18.014368580448476,99.28435321546587,18.014368580448476,-80.19444472226968,148.38875986682496,"{""AC"": -35, ""AC_35_P"": 26, ""AC_40_BP"": -27, ""AC_40_P"": -12, ""AC_45_KO"": -50, ""AC_45_P"": 48, ""AC_50_C"": 47, ""AC_50_CO"": -25, ""AC_60_C"": 30}",-35,-50,-27,-25,0,0,26,-12,48,0,47,30
89597,215.16736414094663,-50.20315459141497,1056.3662711716731,105.63662711716731,105.63662711716731,211.27325423433462,0.512,-962.3713344873828,-2738.810982234341,-4089.943634400295,2850.314015267544,118.93023069220834,-25.425469480899068,17.99335040925557,140.63964063728565,17.99335040925557,-131.06209659806638,215.16736414094663,"{""AC"": -30, ""AC_35_P"": 42, ""AC_40_BP"": -48, ""AC_45_KO"": -440, ""AC_45_P"": 24, ""AC_50_CO"": -2, ""AC_50_C_2"": 21, ""AC_50_P"": 11, ""AC_60_C"": 33}",-30,-440,-48,-2,21,0,42,0,24,11,0,33
19660,157.44551050729584,67.67036091011659,732.3045343395116,73.23045343395117,73.23045343395117,146.46090686790234,0.474,-685.7258794859139,-1574.930337873337,-2842.113495102598,4136.67798840208,88.87292255870445,-13.985959364182634,17.971401867433173,104.85160317451235,17.971401867433173,-87.2164127981338,157.44551050729584,"{""AC"": -60, ""AC_35_P"": 40, ""AC_40_BP"": -36, ""AC_45_KO"": -290, ""AC_45_P"": -22, ""AC_50_C"": 42, ""AC_50_CO"": -17, ""AC_50_C_2"": 32, ""AC_60_C"": 31}",-60,-290,-36,-17,32,0,40,0,-22,0,42,31
42446,171.27896235609097,-7.896761515631599,902.0064417814829,90.20064417814828,90.20064417814828,180.40128835629656,0.51,-721.4498569084863,-2586.1067745731375,-3478.8049363329683,5427.195884960278,99.13397666524234,-9.083501871030592,17.961161730743896,112.65630846612959,17.961161730743896,-99.28414604917887,171.27896235609097,"{""AC_40_BP"": -22, ""AC_40_P"": 50, ""AC_45_KO"": -350, ""AC_45_P"": 2, ""AC_50_CO"": 1, ""AC_50_C_2"": 23, ""AC_50_P_2"": 24, ""AC_60_C"": 12}",0,-350,-22,1,23,24,0,50,2,0,0,12
136247,191.7822316512648,60.02385756593708,936.8943951131529,93.68943951131529,93.68943951131529,187.37887902263057,0.478,-846.8560305314513,-2866.5094669496784,-4569.250941748887,4748.175491774238,107.09662859811965,-19.931775981598037,17.909107315889464,126.0170702468634,17.909107315889464,-113.62121549291332,191.7822316512648,"{""AC"": -65, ""AC_35_P"": 19, ""AC_40_BP"": -50, ""AC_45_KO"": -500, ""AC_50_C"": 44, ""AC_50_CO"": -10, ""AC_50_C_2"": 28, ""AC_50_P"": 2, ""AC_60_C"": 36}",-65,-500,-50,-10,28,0,19,0,0,2,44,36
132290,155.81342116067518,-17.97740890434895,909.903559727858,90.9903559727858,90.9903559727858,181.9807119455716,0.504,-616.6996110550253,-3184.876939571077,-4819.316479459023,5270.195218418117,94.14346005517264,1.6385183969188404,17.813301516028474,102.23085161472747,17.813301516028474,-89.35183757586697,155.81342116067518,"{""AC"": -35, ""AC_35_P"": 31, ""AC_40_BP"": -49, ""AC_45_KO"": -500, ""AC_50_C"": 21, ""AC_50_CO"": 1, ""AC_50_C_2"": 18, ""AC_50_P_2"": 4, ""AC_60_C"": 30}",-35,-500,-49,1,18,4,31,0,0,0,21,30
17551,209.37914665650666,65.3797583352113,1155.6203898356157,115.56203898356156,115.56203898356156,231.12407796712313,0.474,-891.9262704359031,-2653.9147780164753,-4313.883494357882,7454.931732839461,120.18651961291634,-13.602420952469117,17.809186599340407,135.8923233888211,17.809186599340407,-129.16445993603068,209.37914665650666,"{""AC"": -40, ""AC_35_P"": 50, ""AC_40_BP"": -27, ""AC_45_KO"": -440, ""AC_50_C"": 26, ""AC_50_CO"": -8, ""AC_50_C_2"": 50, ""AC_50_P"": -4, ""AC_60_C"": 20}",-40,-440,-27,-8,50,0,50,0,0,-4,26,20
124525,61.675566074841676,6.0738293272625015,401.07081239144316,40.107081239144314,40.107081239144314,80.21416247828863,0.496,-159.9424613501283,-1756.6712909135827,-3126.9560969262557,1155.619006607766,45.681319939828846,21.6899507373096,17.630656252750274,43.65167269754918,17.630656252750274,-18.417130501834713,61.675566074841676,"{""AC"": -10, ""AC_35_P"": 35, ""AC_40_BP"": -27, ""AC_40_P"": -33, ""AC_45_KO"": -350, ""AC_50_C"": 30, ""AC_50_CO"": -20, ""AC_50_P"": 40, ""AC_50_P_2"": -4}",-10,-350,-27,-20,0,-4,35,-33,0,40,30,0
123571,98.34766250953204,1.8647896220011546,395.41268349909063,39.54126834990906,39.54126834990906,79.08253669981812,0.498,-406.93720997930717,-505.4377173132989,-574.1193820035035,1417.0189706085803,57.653941511601325,-3.3866399852947495,17.53644683768144,68.11548492308943,17.53644683768144,-42.92790833520381,98.34766250953204,"{""AC"": 15, ""AC_35_P"": 50, ""AC_40_BP"": -15, ""AC_45_KO"": -10, ""AC_45_P"": 34, ""AC_50_CO"": -21, ""AC_50_C_2"": 4, ""AC_50_P_2"": 9, ""AC_60_C"": 12}",15,-10,-15,-21,4,9,50,0,34,0,0,12
131820,149.79268940379902,-1.071048915254977,652.1763294546928,65.21763294546928,65.21763294546928,130.43526589093855,0.502,-665.587987469267,-733.649758868018,-949.487199089436,3896.394679283745,83.23389065687232,-16.604307463517728,17.345674810674332,100.20888179396835,17.345674810674332,-81.821940408987,149.79268940379902,"{""AC"": -25, ""AC_40_BP"": -9, ""AC_40_P"": 36, ""AC_45_KO"": -60, ""AC_50_C"": 35, ""AC_50_CO"": -11, ""AC_50_C_2"": 19, ""AC_50_P_2"": 13, ""AC_60_C"": 9}",-25,-60,-9,-11,19,13,0,36,0,0,35,9
11667,255.5077680420552,31.303199378734348,1198.4652672518666,119.84652672518666,119.84652672518666,239.69305345037333,0.488,-1188.3127988647798,-2936.0127805381658,-4561.278747583845,5441.939723942711,136.6764881555772,-41.57043167413974,17.3375848497449,166.13049641751954,17.3375848497449,-161.4169583993264,255.5077680420552,"{""AC"": -60, ""AC_35_P"": 44, ""AC_40_BP"": -35, ""AC_45_KO"": -490, ""AC_50_C"": 27, ""AC_50_CO"": -7, ""AC_50_C_2"": 36, ""AC_50_P_2"": 13, ""AC_60_C"": 43}",-60,-490,-35,-7,36,13,44,0,0,0,27,43
99704,230.9403627907851,-52.395064769534656,1038.1769042489088,103.81769042489088,103.81769042489088,207.63538084978177,0.512,-1078.4222123012307,-1212.1031707025493,-2089.6925202728225,4725.518256706289,123.09814156066201,-38.665190284522595,17.268185733155036,151.06482956950083,17.268185733155036,-142.48288070941348,230.9403627907851,"{""AC"": -70, ""AC_35_P"": 46, ""AC_40_BP"": -50, ""AC_45_KO"": -180, ""AC_50_C"": 50, ""AC_50_CO"": -6, ""AC_50_C_2"": 28, ""AC_50_P_2"": -3, ""AC_60_C"": 32}",-70,-180,-50,-6,28,-3,46,0,0,0,50,32
12865,210.65520230805978,27.46217711026731,1092.6131609645618,109.26131609645617,109.26131609645617,218.52263219291234,0.488,-925.8818883180088,-2928.2916073297347,-4422.368328899373,2856.390884391922,118.0670134762589,-20.815269771442416,17.14226101213039,137.0457788680453,17.14226101213039,-130.0765858678986,210.65520230805978,"{""AC_35_P"": 50, ""AC_40_BP"": -2, ""AC_45_KO"": -450, ""AC_45_P"": -15, ""AC_50_CO"": 6, ""AC_50_C_2"": 16, ""AC_50_P"": 42, ""AC_50_P_2"": 23}",0,-450,-2,6,16,23,50,0,-15,42,0,0
123456,135.47248017732676,67.66999860965092,657.7599132992348,65.77599132992347,65.77599132992347,131.55198265984694,0.464,-569.7953073161232,-2051.9099659917674,-3505.8501029838417,3417.191384487598,78.49294944571443,-6.976346651704034,17.115188414946545,90.53871697903972,17.115188414946545,-72.7523379816275,135.47248017732676,"{""AC"": -45, ""AC_35_P"": 44, ""AC_40_BP"": -28, ""AC_45_KO"": -380, ""AC_45_P"": -15, ""AC_50_C"": 20, ""AC_50_CO"": -17, ""AC_50_C_2"": 19, ""AC_60_C"": 47}",-45,-380,-28,-17,19,0,44,0,-15,0,20,47
7433,176.37379632435145,37.738112972613266,953.9795385500935,95.39795385500935,95.39795385500935,190.7959077100187,0.486,-744.9574827530473,-2979.397058001338,-4632.778738873568,5314.694441316315,101.87804804904671,-9.865574363910383,16.931196983889677,115.27643372294675,16.931196983889677,-105.26352821891973,176.37379632435145,"{""AC"": -40, ""AC_35_P"": 31, ""AC_40_BP"": -23, ""AC_40_P"": 4, ""AC_45_KO"": -500, ""AC_50_C"": 45, ""AC_50_CO"": -2, ""AC_50_C_2"": 27, ""AC_60_C"": 5}",-40,-500,-23,-2,27,0,31,4,0,0,45,5
54749,101.72955975572206,48.28454661186419,576.8607052091432,57.68607052091433,57.68607052091433,115.37214104182866,0.464,-373.2979643009102,-2395.681030813711,-3770.750917785478,1364.8071341135726,64.39976332563104,8.405068680494509,16.891829850128367,68.64314391044798,16.891829850128367,-49.28100184041982,101.72955975572206,"{""AC_40_BP"": -28, ""AC_40_P"": -28, ""AC_45_KO"": -380, ""AC_45_P"": 48, ""AC_50_C"": 3, ""AC_50_CO"": -2, ""AC_50_C_2"": 7, ""AC_50_P_2"": 29}",0,-380,-28,-2,7,29,0,-28,48,0,3,0
46712,217.81547956832486,51.31269660842895,1184.3452325654168,118.43452325654168,118.43452325654168,236.86904651308336,0.472,-945.074959690325,-2404.1163791760277,-4087.0869561254867,8415.031087363805,123.30798359929236,-18.4532603542564,16.836973986505264,140.9531007696732,16.836973986505264,-136.88778361079807,217.81547956832486,"{""AC"": -65, ""AC_35_P"": 31, ""AC_40_BP"": -44, ""AC_45_KO"": -410, ""AC_50_C"": 46, ""AC_50_CO"": -19, ""AC_50_C_2"": 50, ""AC_50_P"": -4, ""AC_60_C"": 43}",-65,-410,-44,-19,50,0,31,0,0,-4,46,43
92824,240.08083428485267,-26.594550124221968,1102.4795874975337,110.24795874975337,110.24795874975337,220.49591749950673,0.51,-1121.8338724133748,-1168.233022006457,-1907.0430764647904,5802.207488874759,127.89744704351519,-40.377633818491034,16.681774047969782,156.4271509767456,16.681774047969782,-150.6255925682444,240.08083428485267,"{""AC"": -60, ""AC_35_P"": 46, ""AC_40_BP"": -39, ""AC_40_P"": 3, ""AC_45_KO"": -150, ""AC_50_C"": 50, ""AC_50_CO"": -1, ""AC_50_C_2"": 36, ""AC_60_C"": 15}",-60,-150,-39,-1,36,0,46,3,0,0,50,15
67630,78.82344528054246,24.280450420939204,449.86826450527985,44.986826450527985,44.986826450527985,89.97365290105597,0.468,-264.7952904146959,-2045.0989035609507,-3230.601894638924,1432.3147046020376,52.34391623907287,12.624622676868483,16.61073849307408,54.33697414717567,16.61073849307408,-32.3622037736595,78.82344528054246,"{""AC"": 15, ""AC_40_BP"": -31, ""AC_40_P"": 30, ""AC_45_KO"": -330, ""AC_45_P"": -20, ""AC_50_C"": 12, ""AC_50_CO"": -23, ""AC_50_P"": 47, ""AC_50_P_2"": 19}",15,-330,-31,-23,0,19,0,30,-20,47,12,0
123558,176.7897698086578,58.27399810343695,788.5941677868145,78.85941677868145,78.85941677868145,157.7188335573629,0.462,-805.4821278979643,-1736.1371710913131,-2960.3622013858885,4691.725491774239,96.24155701886137,-24.580762165833278,16.537742234622435,116.80080921908923,16.537742234622435,-103.44017894451473,176.7897698086578,"{""AC"": -65, ""AC_35_P"": 25, ""AC_40_BP"": -31, ""AC_45_KO"": -310, ""AC_50_C"": 45, ""AC_50_CO"": -25, ""AC_50_C_2"": 28, ""AC_50_P"": -1, ""AC_60_C"": 50}",-65,-310,-31,-25,28,0,25,0,0,-1,45,50
39046,199.71529409243766,32.62241085976473,1160.861275349525,116.0861275349525,116.0861275349525,232.172255069905,0.49,-834.9940332403123,-2512.9488694023535,-4308.705697233202,8468.090025109652,116.21589076840642,-9.03321421764042,16.423125338914566,128.94406054668391,16.423125338914566,-125.11934175259292,199.71529409243766,"{""AC"": -45, ""AC_35_P"": 38, ""AC_40_BP"": -50, ""AC_45_KO"": -430, ""AC_50_C"": 23, ""AC_50_CO"": -16, ""AC_50_C_2"": 43, ""AC_50_P"": 4, ""AC_60_C"": 50}",-45,-430,-50,-16,43,0,38,0,0,4,23,50
120260,243.594359494082,-31.425710181724526,1229.1404343687402,122.91404343687402,122.91404343687402,245.82808687374805,0.506,-1104.9221293324506,-2895.6347715026573,-4497.3442634740795,3058.120246502466,133.10214656083693,-32.63617283903065,16.39901837577741,157.61974216824095,16.39901837577741,-155.5502162759047,243.594359494082,"{""AC"": -70, ""AC_35_P"": 50, ""AC_40_BP"": -34, ""AC_40_P"": 3, ""AC_45_KO"": -500, ""AC_50_C"": 50, ""AC_50_CO"": -7, ""AC_50_C_2"": 24, ""AC_60_C"": 21}",-70,-500,-34,-7,24,0,50,3,0,0,50,21
60042,211.8487691461691,88.62396003178378,1105.4421703332646,110.54421703332646,110.54421703332646,221.08843406665292,0.454,-935.3152293291917,-2835.586930134243,-4778.184292326881,6136.8232920949795,118.31724621324993,-21.98003818612881,16.27937623012712,137.44695342137788,16.27937623012712,-132.52425521945526,211.8487691461691,"{""AC"": -50, ""AC_35_P"": 45, ""AC_40_BP"": -50, ""AC_45_KO"": -500, ""AC_50_C"": 29, ""AC_50_CO"": -6, ""AC_50_C_2"": 46, ""AC_50_P_2"": -5, ""AC_60_C"": 21}",-50,-500,-50,-6,46,-5,45,0,0,0,29,21
11558,272.6113293624483,11.77923814496512,1238.3573038984352,123.83573038984352,123.83573038984352,247.67146077968704,0.496,-1296.6814287876023,-2584.735688238759,-4011.4020824913114,5933.069203348885,142.9431864836881,-51.55902783445225,16.19124984938621,176.8183253256073,16.19124984938621,-175.39475822429577,272.6113293624483,"{""AC"": -80, ""AC_35_P"": 35, ""AC_40_BP"": -43, ""AC_45_KO"": -420, ""AC_50_C"": 50, ""AC_50_CO"": -12, ""AC_50_C_2"": 35, ""AC_50_P_2"": 12, ""AC_60_C"": 50}",-80,-420,-43,-12,35,12,35,0,0,0,50,50
19035,242.45365276813473,21.1733389779007,1136.1634438513515,113.61634438513515,113.61634438513515,227.2326887702703,0.484,-1130.3219969665536,-1326.1913116495084,-2508.7070620881914,7512.293965381454,129.42145307147936,-40.12684647350366,16.09718103058413,157.53346682352327,16.09718103058413,-153.7431908586388,242.45365276813473,"{""AC"": -70, ""AC_35_P"": 37, ""AC_40_BP"": -43, ""AC_45_KO"": -220, ""AC_45_P"": 3, ""AC_50_C"": 50, ""AC_50_CO"": -16, ""AC_50_C_2"": 43, ""AC_60_C"": 44}",-70,-220,-43,-16,43,0,37,0,3,0,50,44
100927,125.91829905311141,-25.434671470254102,680.8928615871548,68.08928615871548,68.08928615871548,136.17857231743096,0.516,-506.77765292248455,-2094.7420329049705,-3282.5362986932137,1559.8019463085857,75.24053376086295,-0.7761141775097258,15.857008035380986,83.55709486730831,15.857008035380986,-68.8654003362252,125.91829905311141,"{""AC_35_P"": 44, ""AC_40_BP"": 1, ""AC_45_KO"": -370, ""AC_45_P"": 16, ""AC_50_CO"": -4, ""AC_50_C_2"": 13, ""AC_50_P"": 12, ""AC_50_P_2"": -6}",0,-370,1,-4,13,-6,44,0,16,12,0,0
141694,225.22410849795435,-2.9727949826848885,1087.6812753716506,108.76812753716506,108.76812753716506,217.53625507433011,0.5,-1033.2279442716776,-2754.713471871825,-4120.993255813819,5577.098661688557,121.90131407078658,-33.08287756996506,15.855853088620172,146.3706794000792,15.855853088620172,-141.8510051071301,225.22410849795435,"{""AC"": -60, ""AC_35_P"": 36, ""AC_40_BP"": -50, ""AC_45_KO"": -430, ""AC_50_C"": 33, ""AC_50_CO"": -1, ""AC_50_C_2"": 29, ""AC_50_P_2"": 5, ""AC_60_C"": 38}",-60,-430,-50,-1,29,5,36,0,0,0,33,38
22922,219.71605902692937,-5.604892060501072,1039.5845195576394,103.95845195576393,103.95845195576393,207.91690391152787,0.502,-1012.6344924368478,-2113.526778697038,-3306.807236210313,3550.969420249812,118.45260978324458,-33.44256408228259,15.841659183520235,143.09472141614597,15.841659183520235,-137.40101603804652,219.71605902692937,"{""AC"": -55, ""AC_35_P"": 50, ""AC_40_BP"": -24, ""AC_45_KO"": -350, ""AC_50_C"": 35, ""AC_50_CO"": -8, ""AC_50_C_2"": 22, ""AC_50_P"": 5, ""AC_60_C"": 33}",-55,-350,-24,-8,22,0,50,0,0,5,35,33
113802,235.86999858625,99.74638510250807,1181.6936800148223,118.16936800148224,118.16936800148224,236.33873600296448,0.472,-1073.375,-2870.5233330057736,-4677.4589137404055,6298.750143247164,128.53249858625,-32.473751413749994,15.779064585508891,152.65890658587946,15.779064585508891,-150.64311941523223,235.86999858625,"{""AC"": -55, ""AC_35_P"": 39, ""AC_40_BP"": -29, ""AC_45_KO"": -500, ""AC_45_P"": 3, ""AC_50_C"": 37, ""AC_50_CO"": -8, ""AC_50_C_2"": 50, ""AC_60_C"": 18}",-55,-500,-29,-8,50,0,39,0,3,0,37,18
21835,260.49551528381545,11.411457308452526,1279.1671347837707,127.91671347837708,127.91671347837708,255.83342695675415,0.494,-1205.3783940582869,-2152.3243019582487,-3375.629298548906,8600.976480549843,139.95767587798676,-40.849083230756264,15.73039943588389,168.24741721130684,15.73039943588389,-168.76579670913333,260.49551528381545,"{""AC"": -65, ""AC_35_P"": 33, ""AC_40_BP"": -42, ""AC_45_KO"": -320, ""AC_50_C"": 45, ""AC_50_CO"": -6, ""AC_50_C_2"": 45, ""AC_50_P_2"": 11, ""AC_60_C"": 39}",-65,-320,-42,-6,45,11,33,0,0,0,45,39
22284,121.39410964435807,76.41848916506737,613.7256144611428,61.372561446114275,61.372561446114275,122.74512289222855,0.462,-501.1502684292412,-1883.9777915202556,-3017.055942493603,2483.025190607298,71.27908280143394,-3.8934574629522274,15.535288656914759,80.99345586136744,15.535288656914759,-65.2660189090665,121.39410964435807,"{""AC"": -10, ""AC_35_P"": 6, ""AC_40_BP"": -12, ""AC_40_P"": 11, ""AC_45_KO"": -340, ""AC_50_C"": 10, ""AC_50_CO"": -4, ""AC_50_C_2"": 21, ""AC_50_P"": 23}",-10,-340,-12,-4,21,0,6,11,0,23,10,0
96047,170.31557164003488,-4.79782882039035,1060.8696909582666,106.08696909582666,106.08696909582666,212.17393819165332,0.502,-679.127529344384,-2681.5566715000264,-4797.136920556347,6565.407378315116,102.40281870559647,0.5336893039388713,15.402957690463943,109.83745289885901,15.402957690463943,-105.55327979188779,170.31557164003488,"{""AC"": -40, ""AC_35_P"": 41, ""AC_40_BP"": -50, ""AC_45_KO"": -500, ""AC_45_P"": -9, ""AC_50_C"": 24, ""AC_50_CO"": -15, ""AC_50_C_2"": 50, ""AC_60_C"": 22}",-40,-500,-50,-15,50,0,41,0,-9,0,24,22
128314,276.55219930360136,40.939552544602805,1308.2095731437207,130.82095731437207,130.82095731437207,261.64191462874413,0.486,-1306.002740471129,-2980.9537192821294,-4696.437585199272,6287.296572568939,145.95192525648844,-49.94848581418091,15.241309575745973,178.54682295145187,15.241309575745973,-180.76944312855298,276.55219930360136,"{""AC"": -65, ""AC_35_P"": 42, ""AC_40_BP"": -38, ""AC_45_KO"": -500, ""AC_50_C"": 44, ""AC_50_CO"": -11, ""AC_50_C_2"": 33, ""AC_50_P"": 21, ""AC_60_C"": 44}",-65,-500,-38,-11,33,0,42,0,0,21,44,44
93595,70.14065728212093,-63.2408200934142,420.1382763284641,42.01382763284641,42.01382763284641,84.02765526569281,0.564,-227.05738478634572,-1420.4022548883804,-2257.0272903184086,1047.694143100052,47.434918803486354,13.376311085534496,15.075135747745865,48.28433113459204,15.075135747745865,-28.63751654731191,70.14065728212093,"{""AC"": 20, ""AC_35_P"": 27, ""AC_40_BP"": -7, ""AC_40_P"": 13, ""AC_45_KO"": -220, ""AC_50_C"": -20, ""AC_50_CO"": -1, ""AC_50_P"": 24, ""AC_60_C"": 6}",20,-220,-7,-1,0,0,27,13,0,24,-20,6
6413,271.3470077876399,-39.837666988645196,1352.1668446514734,135.21668446514735,135.21668446514735,270.4333689302947,0.512,-1258.2482267690407,-2527.0821360843947,-3879.027509084486,8881.187269447875,145.5221851107358,-43.21504890462029,15.001431539710097,174.63042533290098,15.001431539710097,-178.43173336976764,271.3470077876399,"{""AC"": -65, ""AC_35_P"": 47, ""AC_40_BP"": -50, ""AC_45_KO"": -370, ""AC_50_C"": 40, ""AC_50_CO"": -4, ""AC_50_C_2"": 42, ""AC_50_P_2"": 6, ""AC_60_C"": 47}",-65,-370,-50,-4,42,6,47,0,0,0,40,47
132066,234.76864733283287,57.62389113760486,1109.2420369001916,110.92420369001916,110.92420369001916,221.8484073800383,0.486,-1096.6886944545372,-2542.180836764798,-4033.033074975359,5209.729453112544,125.09977788737915,-39.40352628080143,14.80324131964273,152.20316168760124,14.80324131964273,-150.3277299708206,234.76864733283287,"{""AC"": -50, ""AC_35_P"": 43, ""AC_40_BP"": -23, ""AC_45_KO"": -430, ""AC_45_P"": 16, ""AC_50_C"": 26, ""AC_50_CO"": -10, ""AC_50_C_2"": 33, ""AC_60_C"": 38}",-50,-430,-23,-10,33,0,43,0,16,0,26,38
80319,198.02619926606693,-16.014870532657483,1031.1332893817473,103.11332893817473,103.11332893817473,206.22665787634946,0.508,-878.744220535042,-1966.480970497194,-3084.9356979779177,6986.849459856863,110.15177721256272,-21.65985586769358,14.657901716723273,128.31065600477115,14.657901716723273,-124.77318480586831,198.02619926606693,"{""AC"": -45, ""AC_35_P"": 50, ""AC_40_BP"": -30, ""AC_40_P"": 1, ""AC_45_KO"": -290, ""AC_50_C"": 36, ""AC_50_CO"": -10, ""AC_50_C_2"": 25, ""AC_60_C"": 41}",-45,-290,-30,-10,25,0,50,1,0,0,36,41
57881,105.00583970156711,-158.24677389130204,545.8652989712892,54.586529897128926,54.586529897128926,109.17305979425785,0.598,-422.02120982720476,-435.57255959706634,-473.60856820951153,1595.2244263429839,62.80371871884663,-0.49946275523407735,14.40939327892194,70.25814673592464,14.40939327892194,-55.085992652363004,105.00583970156711,"{""AC"": 10, ""AC_35_P"": 44, ""AC_40_BP"": 6, ""AC_45_KO"": -20, ""AC_45_P"": 23, ""AC_50_C"": 1, ""AC_50_CO"": -8, ""AC_50_P"": 9, ""AC_50_P_2"": 5}",10,-20,6,-8,0,5,44,0,23,9,1,0
83594,101.12593574590082,33.498674398936956,438.90027453333414,43.89002745333342,43.89002745333342,87.78005490666683,0.476,-432.7097287853741,-515.3188724104696,-963.1717479236567,2818.2112385392647,57.854962867363405,-7.051496450442713,14.274462701428,68.51794244329876,14.274462701428,-50.94152390377613,101.12593574590082,"{""AC"": -20, ""AC_35_P"": 22, ""AC_40_BP"": -12, ""AC_45_KO"": -80, ""AC_45_P"": -22, ""AC_50_C"": 38, ""AC_50_CO"": -14, ""AC_50_C_2"": 15, ""AC_50_P"": 33}",-20,-80,-12,-14,15,0,22,0,-22,33,38,0
48492,196.76625309515146,73.11578869720569,1018.109661024986,101.81096610249861,101.81096610249861,203.62193220499722,0.48,-877.3745698076411,-1977.5029794337718,-3563.791711609801,5614.19355365487,109.02879611438733,-22.57738935675883,14.254584572755974,127.44478307914474,14.254584572755974,-124.38835545925744,196.76625309515146,"{""AC"": -45, ""AC_35_P"": 50, ""AC_40_BP"": -50, ""AC_45_KO"": -350, ""AC_50_C"": 23, ""AC_50_CO"": -9, ""AC_50_C_2"": 50, ""AC_50_P"": -8, ""AC_60_C"": 17}",-45,-350,-50,-9,50,0,50,0,0,-8,23,17
90627,281.23546608972913,48.72494619958138,1358.3928606903119,135.83928606903117,135.83928606903117,271.67857213806235,0.482,-1327.1457485817846,-3079.9725115370484,-4802.493038911905,7742.637396855664,148.52089123155068,-50.550971055717014,14.24396076794585,180.91835714338208,14.24396076794585,-186.3902571247482,281.23546608972913,"{""AC"": -70, ""AC_35_P"": 36, ""AC_40_BP"": -49, ""AC_45_KO"": -500, ""AC_50_C"": 38, ""AC_50_CO"": -3, ""AC_50_C_2"": 48, ""AC_50_P_2"": 11, ""AC_60_C"": 40}",-70,-500,-49,-3,48,11,36,0,0,0,38,40
77435,215.04084342777537,-16.863093986465685,1092.6331957748368,109.26331957748368,109.26331957748368,218.52663915496737,0.506,-974.8336332982923,-3154.7523406418313,-4706.541676040661,5641.590760078447,117.55748009794614,-28.6675648967977,14.184138644289703,138.98333186848984,14.184138644289703,-137.93088447428138,215.04084342777537,"{""AC"": -60, ""AC_35_P"": 34, ""AC_40_BP"": -49, ""AC_45_KO"": -500, ""AC_45_P"": 3, ""AC_50_C"": 44, ""AC_50_CO"": -1, ""AC_50_C_2"": 24, ""AC_60_C"": 32}",-60,-500,-49,-1,24,0,34,0,3,0,44,32
99140,169.2286568390744,-136.94269526064807,996.3623667145713,99.63623667145713,99.63623667145713,199.27247334291425,0.55,-702.3596405732873,-2990.9741831577167,-4742.223021602579,2426.3208809070857,98.99269278174567,-6.361253304247413,14.056592417352753,109.20161564254576,14.056592417352753,-105.99748997570454,169.2286568390744,"{""AC"": -55, ""AC_35_P"": 30, ""AC_40_BP"": -50, ""AC_45_KO"": -490, ""AC_45_P"": -6, ""AC_50_C"": 42, ""AC_50_CO"": -5, ""AC_50_P"": 16, ""AC_60_C"": 25}",-55,-490,-50,-5,0,0,30,0,-6,16,42,25
86907,143.49797618551653,14.275904819440658,716.6888246701113,71.66888246701113,71.66888246701113,143.33776493402226,0.496,-624.1901795495249,-1815.4068137254208,-2663.9525704708967,2478.869768776886,81.07895823056404,-12.5495687018647,14.035008019582229,94.3712465912875,14.035008019582229,-84.21845116887583,143.49797618551653,"{""AC"": 10, ""AC_35_P"": 44, ""AC_40_BP"": -20, ""AC_45_KO"": -240, ""AC_50_C"": 17, ""AC_50_CO"": -9, ""AC_50_P"": 44, ""AC_50_P_2"": 9}",10,-240,-20,-9,0,9,44,0,0,44,17,0
71822,216.02539297376694,-21.149850935962434,1046.7245121378369,104.67245121378369,104.67245121378369,209.34490242756738,0.506,-997.7553391438505,-2535.9388198725223,-3941.7549793566714,4854.643256706289,116.24985905938189,-33.413441812195686,14.025866495297521,139.9695132131285,14.025866495297521,-138.08589302597937,216.02539297376694,"{""AC"": -55, ""AC_35_P"": 50, ""AC_40_BP"": -41, ""AC_45_KO"": -410, ""AC_50_C"": 32, ""AC_50_CO"": -2, ""AC_50_C_2"": 28, ""AC_50_P_2"": -4, ""AC_60_C"": 31}",-55,-410,-41,-2,28,-4,50,0,0,0,32,31
66663,226.57561915084008,62.25372427866006,1091.8271856235885,109.18271856235886,109.18271856235886,218.36543712471772,0.476,-1053.4755799589586,-2780.9724579459557,-4570.964088607242,4889.600640248531,121.22806115494421,-36.793275838899575,13.962922875816865,146.6061605123024,13.962922875816865,-145.97599440125845,226.57561915084008,"{""AC"": -55, ""AC_35_P"": 48, ""AC_40_BP"": -43, ""AC_45_KO"": -490, ""AC_50_C"": 21, ""AC_50_CO"": -7, ""AC_50_C_2"": 39, ""AC_60_C"": 36}",-55,-490,-43,-7,39,0,48,0,0,0,21,36
134598,228.4234700242844,33.795127266397024,1044.3715136004887,104.43715136004887,104.43715136004887,208.87430272009775,0.49,-1081.6593373793683,-1197.9682544977215,-1324.9920268488386,4331.089702876207,120.25753628634757,-41.991364320557665,13.955993737354724,148.23121531530376,13.955993737354724,-146.42851568060655,228.4234700242844,"{""AC"": 10, ""AC_35_P"": 38, ""AC_40_BP"": 18, ""AC_45_KO"": -60, ""AC_45_P"": 41, ""AC_50_CO"": 1, ""AC_50_C_2"": 31, ""AC_50_P_2"": 38, ""AC_60_C"": -11}",10,-60,18,1,31,38,38,0,41,0,0,-11
123320,175.66802046457235,-72.1838102401166,899.6111955174465,89.96111955174464,89.96111955174464,179.9222391034893,0.546,-778.6360646662253,-2093.1164866351705,-3115.0662922272777,2329.5064822303407,97.80441399794982,-18.990995701983962,13.892050988766243,114.24593734332493,13.892050988766243,-108.9521152537286,175.66802046457235,"{""AC"": -60, ""AC_35_P"": 33, ""AC_40_BP"": -50, ""AC_45_KO"": -340, ""AC_45_P"": 2, ""AC_50_C"": 40, ""AC_50_CO"": -6, ""AC_50_C_2"": 12, ""AC_60_C"": 23}",-60,-340,-50,-6,12,0,33,0,2,0,40,23
64755,150.6256938329976,-173.94148072705707,826.6136449463531,82.66136449463531,82.66136449463531,165.32272898927062,0.584,-636.1602839148642,-1823.7810196858977,-2569.4649388399935,2274.035279583831,87.00966544151117,-8.414377145718447,13.870968998450323,98.15233851359557,13.870968998450323,-91.07574164035375,150.6256938329976,"{""AC"": -10, ""AC_35_P"": 49, ""AC_40_BP"": -18, ""AC_40_P"": 25, ""AC_45_KO"": -250, ""AC_50_C"": 9, ""AC_50_CO"": 7, ""AC_50_C_2"": 9, ""AC_60_C"": -10}",-10,-250,-18,7,9,0,49,25,0,0,9,-10
132615,209.87947602160475,-28.268283173640285,1017.3555227498027,101.73555227498028,101.73555227498028,203.47110454996056,0.506,-967.7061816962095,-1193.4814007001678,-1442.6684041649673,2898.518143687018,113.1088578519838,-32.04706940244762,13.855772629683187,136.0602788680492,13.855772629683187,-133.7826216774279,209.87947602160475,"{""AC"": -10, ""AC_40_BP"": -41, ""AC_40_P"": 22, ""AC_45_KO"": -30, ""AC_45_P"": 24, ""AC_50_CO"": 11, ""AC_50_C_2"": 18, ""AC_50_P"": 17, ""AC_50_P_2"": 24}",-10,-30,-41,11,18,24,0,22,24,17,0,0
37370,224.92545210971014,45.59540780921412,1113.9585514268438,111.39585514268438,111.39585514268438,222.79171028536877,0.478,-1035.8988902179387,-2770.7339922854144,-4394.002025774335,5768.006045230797,121.33556308791626,-34.04927044477455,13.842691005677139,145.28154381314212,13.842691005677139,-145.44512558745893,224.92545210971014,"{""AC"": -50, ""AC_35_P"": 43, ""AC_40_BP"": -20, ""AC_45_KO"": -470, ""AC_50_C"": 39, ""AC_50_CO"": -4, ""AC_50_C_2"": 40, ""AC_50_P"": 2, ""AC_60_C"": 14}",-50,-470,-20,-4,40,0,43,0,0,2,39,14
133751,240.0835299789996,-14.532153899984905,1328.639244571908,132.8639244571908,132.8639244571908,265.7278489143816,0.506,-1065.4908157720931,-2788.9022776401835,-4287.8630401509345,9361.6901567358,133.53444840179026,-26.28917396402369,13.827945384590222,153.59300807609722,13.827945384590222,-159.15309842121448,240.0835299789996,"{""AC"": -55, ""AC_35_P"": 36, ""AC_40_BP"": -50, ""AC_40_P"": 19, ""AC_45_KO"": -410, ""AC_50_C"": 46, ""AC_50_CO"": -11, ""AC_50_C_2"": 34, ""AC_60_C"": 48}",-55,-410,-50,-11,34,0,36,19,0,0,46,48
129832,216.4608384009257,30.90737413593439,1149.0994861113095,114.90994861113094,114.90994861113094,229.8198972222619,0.496,-968.4093763543642,-3365.704345192626,-4787.654635287163,6166.859191552654,119.61990076548926,-25.641505687665358,13.744457642205603,139.31288243042474,13.744457642205603,-140.5514542987963,216.4608384009257,"{""AC"": -45, ""AC_35_P"": 32, ""AC_40_BP"": -40, ""AC_45_KO"": -500, ""AC_50_C"": 50, ""AC_50_CO"": 11, ""AC_50_C_2"": 29, ""AC_50_P_2"": 11, ""AC_60_C"": -4}",-45,-500,-40,11,29,11,32,0,0,0,50,-4
137428,139.053119298136,-154.95784669365437,782.0338617957689,78.20338617957688,78.20338617957688,156.40677235915376,0.572,-575.0753914998264,-1668.076558365951,-2595.5960114366594,2141.7440387621436,81.54558014815336,-4.715728576820595,13.690117483373612,90.74850317825047,13.690117483373612,-82.91911475639748,139.053119298136,"{""AC"": -20, ""AC_35_P"": 46, ""AC_40_BP"": -2, ""AC_45_KO"": -250, ""AC_45_P"": -7, ""AC_50_C"": 28, ""AC_50_CO"": -4, ""AC_50_P"": 12, ""AC_50_P_2"": 12}",-20,-250,-2,-4,0,12,46,0,-7,12,28,0
122715,140.95566128835506,-142.70071896099896,747.6149181063862,74.76149181063862,74.76149181063862,149.52298362127723,0.582,-600.1377804949822,-1053.4063560300676,-1189.7692814232287,2184.612538878927,80.94188323885683,-9.078783835390482,13.554248308788424,92.25839931094629,13.554248308788424,-83.8402756460291,140.95566128835506,"{""AC"": 30, ""AC_35_P"": 48, ""AC_40_BP"": -14, ""AC_40_P"": 46, ""AC_45_KO"": -70, ""AC_50_C"": -22, ""AC_50_CO"": 2, ""AC_50_P"": 26, ""AC_50_P_2"": 1}",30,-70,-14,2,0,1,48,46,0,26,-22,0
17435,106.19193332851415,-63.28595215370792,507.3057310435086,50.73057310435086,50.73057310435086,101.46114620870172,0.554,-448.59715681280096,-1119.6093128408306,-1498.0706638982092,1421.2677179582147,61.33221764723405,-5.957355874686087,13.537073254418576,71.07943221178638,13.537073254418576,-56.68792897903695,106.19193332851415,"{""AC"": 5, ""AC_35_P"": 16, ""AC_40_BP"": -21, ""AC_40_P"": 44, ""AC_45_KO"": -130, ""AC_45_P"": 20, ""AC_50_C"": 7, ""AC_50_CO"": -13, ""AC_60_C"": 8}",5,-130,-21,-13,0,0,16,44,20,0,7,8
48247,262.49925949107717,-7.400649876283637,1286.1639582704668,128.6163958270467,128.6163958270467,257.2327916540934,0.502,-1231.2006592178236,-3128.004534131829,-4809.606116615725,7028.484471653093,139.37919356929478,-45.300905313378735,13.510962694880277,168.7851275734243,13.510962694880277,-173.91730114042542,262.49925949107717,"{""AC"": -65, ""AC_35_P"": 50, ""AC_40_BP"": -46, ""AC_45_KO"": -500, ""AC_50_C"": 40, ""AC_50_CO"": -7, ""AC_50_C_2"": 31, ""AC_50_P"": 7, ""AC_60_C"": 50}",-65,-500,-46,-7,31,0,50,0,0,7,40,50
112637,189.16015328220604,-9.543391559397946,1068.9245198801973,106.89245198801973,106.89245198801973,213.78490397603946,0.502,-814.848623465943,-2892.070805395809,-4410.663669224719,7039.189596534923,107.67529093561174,-14.552002584279705,13.486633768304728,121.69460911190396,13.486633768304728,-121.44445457229943,189.16015328220604,"{""AC"": -45, ""AC_35_P"": 33, ""AC_40_BP"": -50, ""AC_45_KO"": -450, ""AC_45_P"": 2, ""AC_50_C"": 37, ""AC_50_CO"": -1, ""AC_50_C_2"": 30, ""AC_60_C"": 25}",-45,-450,-50,-1,30,0,33,0,2,0,37,25
6451,218.1470409167958,-99.31962956027445,1152.5757751154954,115.25757751154954,115.25757751154954,230.51515502309908,0.542,-982.1070519195008,-2998.5747721485495,-4581.922192405566,2928.8292402668085,119.9363357248457,-27.379722063079413,13.202194373095914,140.22729394293336,13.202194373095914,-142.63729957462897,218.1470409167958,"{""AC"": -70, ""AC_35_P"": 45, ""AC_40_BP"": -50, ""AC_45_KO"": -500, ""AC_50_C"": 38, ""AC_50_CO"": -8, ""AC_50_C_2"": 12, ""AC_50_P_2"": 3, ""AC_60_C"": 42}",-70,-500,-50,-8,12,3,45,0,0,0,38,42
8761,295.12098747234063,48.540901036653395,1397.1087716585682,139.71087716585683,139.71087716585683,279.42175433171366,0.488,-1415.066814695196,-2829.8990771317503,-4587.422725241684,7951.639766075716,153.61430600282102,-58.645716201458356,13.005526685132835,189.43992744611663,13.005526685132835,-198.35659336731518,295.12098747234063,"{""AC"": -80, ""AC_35_P"": 39, ""AC_40_BP"": -50, ""AC_45_KO"": -470, ""AC_45_P"": 11, ""AC_50_C"": 50, ""AC_50_CO"": -11, ""AC_50_C_2"": 46, ""AC_60_C"": 50}",-80,-470,-50,-11,46,0,39,0,11,0,50,50
1014,214.14050268337982,97.37845062836243,968.2744511785619,96.82744511785619,96.82744511785619,193.65489023571237,0.476,-1018.3175476799706,-1899.0482368925818,-3397.8190893519577,5449.305119654706,112.30874791538275,-40.438884236612836,12.97914797245614,139.01776401991722,12.97914797245614,-137.266329354469,214.14050268337982,"{""AC"": -80, ""AC_35_P"": 30, ""AC_40_BP"": -50, ""AC_45_KO"": -350, ""AC_45_P"": -9, ""AC_50_C"": 50, ""AC_50_CO"": -20, ""AC_50_C_2"": 38, ""AC_60_C"": 50}",-80,-350,-50,-20,38,0,30,0,-9,0,50,50
93927,297.54461790345846,-22.90792568311082,1478.037297279591,147.8037297279591,147.8037297279591,295.6074594559182,0.506,-1404.766254205356,-3411.081750542185,-4905.567550374847,7352.111322805278,157.06799248292285,-53.64694564788056,12.9278149086755,190.3553727612009,12.9278149086755,-201.45067537583967,297.54461790345846,"{""AC"": -50, ""AC_35_P"": 50, ""AC_40_BP"": -50, ""AC_40_P"": 37, ""AC_45_KO"": -490, ""AC_50_C"": 21, ""AC_50_CO"": 5, ""AC_50_C_2"": 35, ""AC_60_C"": 40}",-50,-490,-50,5,35,0,50,37,0,0,21,40
24255,268.5418269786412,38.4007719738328,1296.065885896552,129.6065885896552,129.6065885896552,259.2131771793104,0.486,-1272.447696617157,-2651.68560583052,-4230.931104178166,7179.0750158393785,141.29705731692553,-49.570097175648016,12.871378191240098,172.51779500036957,12.871378191240098,-179.1766857653032,268.5418269786412,"{""AC"": -65, ""AC_35_P"": 50, ""AC_40_BP"": -38, ""AC_45_KO"": -430, ""AC_50_C"": 43, ""AC_50_CO"": -3, ""AC_50_C_2"": 44, ""AC_50_P_2"": 1, ""AC_60_C"": 30}",-65,-430,-38,-3,44,1,50,0,0,0,43,30
5007,258.109815671633,-36.582674388047394,1298.8572484043477,129.88572484043476,129.88572484043476,259.7714496808695,0.52,-1202.8613348027661,-2900.0520453471254,-4076.7294594012155,3855.739813435848,137.82368219135637,-42.605518029058544,12.737753031000693,165.49531772138602,12.737753031000693,-172.4912428694933,258.109815671633,"{""AC"": -70, ""AC_35_P"": 48, ""AC_40_BP"": -43, ""AC_45_KO"": -420, ""AC_50_C"": 50, ""AC_50_CO"": 5, ""AC_50_C_2"": 17, ""AC_50_P_2"": 7, ""AC_60_C"": 28}",-70,-420,-43,5,17,7,48,0,0,0,50,28
117593,173.66560194738864,47.498695216325444,728.5455247851953,72.85455247851954,72.85455247851954,145.70910495703907,0.49,-830.0482697767674,-1230.640071135121,-2100.949299787935,2310.0393773267724,90.6607749697119,-33.846465496803205,12.73108524161377,113.9495503389204,12.73108524161377,-106.70101797532274,173.66560194738864,"{""AC"": -60, ""AC_35_P"": 50, ""AC_40_BP"": -46, ""AC_40_P"": -10, ""AC_45_KO"": -200, ""AC_50_C"": 49, ""AC_50_CO"": -25, ""AC_50_C_2"": 29, ""AC_60_C"": 23}",-60,-200,-46,-25,29,0,50,-10,0,0,49,23
70629,114.6755539140892,84.51293619428998,648.9312375934685,64.89312375934685,64.89312375934685,129.7862475186937,0.42,-465.72772158536355,-2533.236264845926,-4466.2869205563475,3045.194806691534,68.10278175555285,-1.7563764822516816,12.369833796611246,75.16588689498431,12.369833796611246,-66.64950024159853,114.6755539140892,"{""AC"": -40, ""AC_35_P"": 21, ""AC_40_BP"": -41, ""AC_45_KO"": -500, ""AC_50_C"": 25, ""AC_50_CO"": -24, ""AC_50_C_2"": 25, ""AC_60_C"": 34}",-40,-500,-41,-24,25,0,21,0,0,0,25,34
67944,320.80750374053315,6.00623179836532,1514.4614404234019,151.4461440423402,151.4461440423402,302.8922880846804,0.5,-1552.2337418433012,-3181.7234229339156,-4840.230807183783,7877.631087363803,165.584129556203,-67.25093172029216,12.249370442867885,205.33428063778302,12.249370442867885,-218.69707576263235,320.80750374053315,"{""AC"": -75, ""AC_35_P"": 46, ""AC_40_BP"": -47, ""AC_45_KO"": -500, ""AC_50_C"": 39, ""AC_50_CO"": -1, ""AC_50_C_2"": 50, ""AC_50_P_2"": 16, ""AC_60_C"": 42}",-75,-500,-47,-1,50,16,46,0,0,0,39,42
118555,239.04990689854884,23.79495660014605,1105.1522910348929,110.51522910348929,110.51522910348929,221.03045820697858,0.488,-1143.7045170946367,-2169.309487842497,-3479.1703830686674,5285.739057400549,124.67945518908516,-46.87622237511033,12.236614782608704,154.23587376794467,12.236614782608704,-157.3914514785996,239.04990689854884,"{""AC"": -75, ""AC_35_P"": 39, ""AC_40_BP"": -37, ""AC_45_KO"": -360, ""AC_50_C"": 50, ""AC_50_CO"": -10, ""AC_50_C_2"": 31, ""AC_50_P"": -2, ""AC_60_C"": 42}",-75,-360,-37,-10,31,0,39,0,0,-2,50,42
25935,127.54942288878463,39.02880328143321,719.1542395952433,71.91542395952433,71.91542395952433,143.83084791904867,0.468,-529.4491210372073,-1949.160213799933,-3219.9970961678996,3572.117410155223,74.6045107850639,-4.812857370517193,12.17434275344138,83.09811084704319,12.17434275344138,-76.72828133004153,127.54942288878463,"{""AC"": 15, ""AC_35_P"": 46, ""AC_40_BP"": -6, ""AC_40_P"": 10, ""AC_45_KO"": -330, ""AC_45_P"": 19, ""AC_50_CO"": -32, ""AC_50_C_2"": 37, ""AC_50_P"": 15}",15,-330,-6,-32,37,0,46,10,19,15,0,0
142551,136.87659693500387,87.74515990256164,732.3953690097234,73.23953690097234,73.23953690097234,146.47907380194468,0.416,-588.3448025245376,-2642.0642838583976,-4192.387098161838,4444.072456012026,78.0421166825501,-10.209603696130529,12.00510810583706,89.1494725835339,12.00510810583706,-83.44914059710287,136.87659693500387,"{""AC_40_BP"": -7, ""AC_45_KO"": -480, ""AC_45_P"": 11, ""AC_50_CO"": -21, ""AC_50_C_2"": 25, ""AC_50_P"": 40, ""AC_50_P_2"": 8, ""AC_60_C"": 26}",0,-480,-7,-21,25,8,0,0,11,40,0,26
64772,92.36466726401474,66.22060825831012,340.26823250104036,34.02682325010404,34.02682325010404,68.05364650020807,0.432,-422.33023322472206,-546.1019101924835,-618.3605610087775,1179.1054285747282,50.131643941542535,-13.217891042165775,12.001720655254413,62.74144979025263,12.001720655254413,-47.24471429226981,92.36466726401474,"{""AC"": 15, ""AC_35_P"": -6, ""AC_40_BP"": -13, ""AC_45_KO"": -50, ""AC_45_P"": 15, ""AC_50_CO"": -19, ""AC_50_C_2"": 13, ""AC_50_P"": 40, ""AC_50_P_2"": 18}",15,-50,-13,-19,13,18,-6,0,15,40,0,0
149738,178.2548714398712,74.51430957196212,856.9028231505794,85.69028231505794,85.69028231505794,171.38056463011588,0.466,-822.7458385938759,-2274.2755048869044,-3193.0955153905584,2807.038866793253,95.98028758048362,-27.43158820859776,11.99785449326086,115.69500893141293,11.99785449326086,-113.1218705236557,178.2548714398712,"{""AC_40_P"": 21, ""AC_45_KO"": -330, ""AC_45_P"": 48, ""AC_50_C"": 21, ""AC_50_CO"": -10, ""AC_50_C_2"": 10, ""AC_50_P_2"": 23}",0,-330,0,-10,10,23,0,21,48,0,21,0
149836,193.74178855641756,-23.201203290078553,965.6939276889793,96.56939276889793,96.56939276889793,193.13878553779585,0.512,-890.7710874264616,-1692.2642478240934,-2513.7242997879353,6126.2591915526555,104.6646798137714,-28.950983300197834,11.841429057999378,125.06088599287,11.841429057999378,-125.52037606909576,193.74178855641756,"{""AC"": -55, ""AC_35_P"": 44, ""AC_40_BP"": -50, ""AC_45_KO"": -220, ""AC_50_C"": 38, ""AC_50_CO"": 1, ""AC_50_C_2"": 29, ""AC_50_P"": -11, ""AC_60_C"": 28}",-55,-220,-50,1,29,0,44,0,0,-11,38,28
60748,218.64918997137394,-17.513904770745572,1287.6646403534812,128.76646403534812,128.76646403534812,257.53292807069624,0.51,-949.98738691065,-2803.6063325534337,-4481.301816083074,9126.702924193805,123.65045128030894,-18.847656756288558,11.767849917102382,138.9582046170044,11.767849917102382,-147.61412079163668,218.64918997137394,"{""AC"": -40, ""AC_35_P"": 50, ""AC_40_BP"": -39, ""AC_45_KO"": -440, ""AC_50_C"": 34, ""AC_50_CO"": -5, ""AC_50_C_2"": 41, ""AC_50_P"": 2, ""AC_60_C"": 29}",-40,-440,-39,-5,41,0,50,0,0,2,34,29
110810,140.5131791738327,29.473605610513445,639.2819385077621,63.92819385077621,63.92819385077621,127.85638770155242,0.484,-645.3980851994555,-901.9692053377053,-1246.107824244139,3819.751655317764,75.97337065388714,-20.836342126031184,11.739369468526263,92.26122645116587,11.739369468526263,-84.7645359768074,140.5131791738327,"{""AC"": 5, ""AC_35_P"": -5, ""AC_40_BP"": -17, ""AC_45_KO"": -110, ""AC_45_P"": 32, ""AC_50_CO"": -1, ""AC_50_C_2"": 22, ""AC_50_P"": 18, ""AC_50_P_2"": 17}",5,-110,-17,-1,22,17,-5,0,32,18,0,0
74188,117.86586623392822,-107.41991916565868,606.0418525593988,60.604185255939875,60.604185255939875,121.20837051187975,0.54,-505.8213546986456,-1043.5183657672446,-1552.1808735894706,1543.276849033945,67.28373076406365,-8.58947244073319,11.690570401161441,77.42375218501097,11.690570401161441,-69.19365769667306,117.86586623392822,"{""AC"": -35, ""AC_35_P"": -13, ""AC_40_BP"": -18, ""AC_40_P"": 30, ""AC_45_KO"": -170, ""AC_45_P"": 18, ""AC_50_C"": 49, ""AC_50_CO"": -16, ""AC_50_C_2"": 4}",-35,-170,-18,-16,4,0,-13,30,18,0,49,0
119567,277.3701054792497,-75.69780987159271,1325.0176320749938,132.50176320749938,132.50176320749938,265.00352641499876,0.514,-1329.648134745131,-2468.9107685328436,-3483.3264322696905,4892.795366892409,144.40529200473657,-55.041928207033095,11.672003663730322,177.76225794011827,11.672003663730322,-187.54369141453247,277.3701054792497,"{""AC"": -60, ""AC_35_P"": 45, ""AC_40_BP"": -50, ""AC_40_P"": 28, ""AC_45_KO"": -340, ""AC_50_C"": 31, ""AC_50_CO"": 3, ""AC_50_C_2"": 29, ""AC_60_C"": 33}",-60,-340,-50,3,29,0,45,28,0,0,31,33
11096,280.09905232749935,-4.591439483346562,1368.376463043837,136.8376463043837,136.8376463043837,273.6752926087674,0.504,-1333.5402030077094,-2945.8316580627325,-4269.159755988821,7496.729087737331,146.7450320267284,-53.28599842442799,11.649198724151105,179.21263060101796,11.649198724151105,-190.12364472881168,280.09905232749935,"{""AC"": -70, ""AC_35_P"": 44, ""AC_40_BP"": -46, ""AC_45_KO"": -430, ""AC_50_C"": 50, ""AC_50_CO"": 3, ""AC_50_C_2"": 35, ""AC_50_P_2"": 8, ""AC_60_C"": 34}",-70,-430,-46,3,35,8,44,0,0,0,50,34
38353,227.12239330901542,-38.61816498970671,1313.1770786653992,131.31770786653993,131.31770786653993,262.63541573307987,0.518,-999.0560341865047,-2330.1589498258836,-3723.055942493603,9482.513195023968,127.21678989036495,-22.64161523761075,11.605134247769769,144.34016463305522,11.605134247769769,-153.95932310415068,227.12239330901542,"{""AC"": -40, ""AC_35_P"": 50, ""AC_40_BP"": -38, ""AC_45_KO"": -340, ""AC_45_P"": 7, ""AC_50_C"": 44, ""AC_50_CO"": -7, ""AC_50_C_2"": 44, ""AC_60_C"": 20}",-40,-340,-38,-7,44,0,50,0,7,0,44,20
68785,162.36026063889707,34.67558774226063,978.7086399825472,97.87086399825472,97.87086399825472,195.74172799650944,0.49,-678.8230842868844,-2980.498225231995,-4698.763214273056,6229.459968654457,94.47795221020863,-7.345510432824028,11.601365996737059,103.95139042498919,11.601365996737059,-105.21637443107875,162.36026063889707,"{""AC"": -40, ""AC_35_P"": 50, ""AC_40_BP"": -22, ""AC_40_P"": -13, ""AC_45_KO"": -500, ""AC_50_C"": 44, ""AC_50_CO"": -9, ""AC_50_C_2"": 20, ""AC_60_C"": 26}",-40,-500,-22,-9,20,0,50,-13,0,0,44,26
51438,178.2677284603588,-14.858337614040153,1026.804526855165,102.6804526855165,102.6804526855165,205.360905371033,0.504,-769.1782839241871,-2914.936213958194,-4382.7559069244635,6434.410635196617,101.34990006794008,-14.026842520687978,11.550759528972485,114.13870109277032,11.550759528972485,-116.70729520620448,178.2677284603588,"{""AC"": -35, ""AC_35_P"": 46, ""AC_40_BP"": -37, ""AC_40_P"": -3, ""AC_45_KO"": -450, ""AC_50_C"": 33, ""AC_50_CO"": 2, ""AC_50_C_2"": 25, ""AC_60_C"": 17}",-35,-450,-37,2,25,0,46,-3,0,0,33,17
63683,188.64156380114227,-46.09977184999019,963.5192427148451,96.3519242714845,96.3519242714845,192.703848542969,0.518,-859.9991677998834,-2043.3090601491297,-2974.2947539948827,5883.18378404443,102.64164702115393,-26.358228148828573,11.465726495417528,121.55362434327698,11.465726495417528,-122.71015242031308,188.64156380114227,"{""AC"": -50, ""AC_35_P"": 50, ""AC_40_BP"": -45, ""AC_45_KO"": -280, ""AC_45_P"": -10, ""AC_50_C"": 34, ""AC_50_C_2"": 21, ""AC_60_C"": 35}",-50,-280,-45,0,21,0,50,0,-10,0,34,35
90350,154.6422328419158,-275.39470664630073,944.9399340102913,94.49399340102913,94.49399340102913,188.98798680205826,0.586,-639.9731941875378,-2518.9636278756907,-3923.4151773328927,2319.393786697502,90.64491342316202,-5.351065704968647,11.399257013270578,99.02007478228164,11.399257013270578,-99.84505910599778,154.6422328419158,"{""AC"": 5, ""AC_35_P"": 35, ""AC_40_BP"": -30, ""AC_40_P"": 28, ""AC_45_KO"": -410, ""AC_45_P"": 3, ""AC_50_CO"": -7, ""AC_50_P"": 43, ""AC_50_P_2"": -8}",5,-410,-30,-7,0,-8,35,28,3,43,0,0
23882,89.93146725173065,42.323945928136254,496.2463254420388,49.624632544203884,49.624632544203884,99.24926508840777,0.478,-358.53709151046957,-1445.1609204399447,-2089.842369454305,1281.6125651104535,54.077758100683695,0.29719437411326055,11.338587253058275,59.598454540156204,11.338587253058275,-49.32743817009062,89.93146725173065,"{""AC"": 15, ""AC_35_P"": 10, ""AC_40_BP"": 9, ""AC_40_P"": 29, ""AC_45_KO"": -220, ""AC_50_CO"": -22, ""AC_50_P"": 20, ""AC_50_P_2"": 23, ""AC_60_C"": 8}",15,-220,9,-22,0,23,10,29,0,20,0,8
56419,72.44394122607643,18.442827002276942,335.35411572883703,33.5354115728837,33.5354115728837,67.0708231457674,0.474,-296.2768481089946,-366.46803653641064,-534.3974125665815,2176.0639942010403,42.816256415176966,-1.6252708011722206,11.234708223285388,49.246245927405774,11.234708223285388,-35.160682374055924,72.44394122607643,"{""AC"": -40, ""AC_40_BP"": -27, ""AC_40_P"": 5, ""AC_45_KO"": -30, ""AC_45_P"": 6, ""AC_50_C"": 48, ""AC_50_CO"": -10, ""AC_50_C_2"": 16, ""AC_50_P"": -15}",-40,-30,-27,-10,16,0,0,5,6,-15,48,0
151,259.16220132391226,16.985073768552184,1314.1274836455648,131.41274836455648,131.41274836455648,262.82549672911296,0.498,-1215.4689601412838,-3103.1314182165397,-4734.534788074591,8074.165802211452,137.61530530978388,-44.70503871140869,11.13548312044145,165.53556622570895,11.13548312044145,-176.11778707596517,259.16220132391226,"{""AC"": -65, ""AC_35_P"": 41, ""AC_40_BP"": -50, ""AC_40_P"": 11, ""AC_45_KO"": -480, ""AC_50_C"": 42, ""AC_50_CO"": -6, ""AC_50_C_2"": 34, ""AC_60_C"": 50}",-65,-480,-50,-6,34,0,41,11,0,0,42,50
57868,174.98344151201897,65.32296402455697,1050.0675783348881,105.00675783348882,105.00675783348882,210.01351566697764,0.472,-742.5113293747689,-2777.193162792816,-4715.575067414702,6313.173033061046,100.73230857454207,-10.644390831673263,11.103363189059223,111.60618558490833,11.103363189059223,-115.65114866516208,174.98344151201897,"{""AC"": -25, ""AC_35_P"": 45, ""AC_40_BP"": -31, ""AC_40_P"": 2, ""AC_45_KO"": -500, ""AC_50_CO"": -8, ""AC_50_C_2"": 49, ""AC_50_P"": -2, ""AC_60_C"": 24}",-25,-500,-31,-8,49,0,45,2,0,-2,0,24
87041,229.87435212852353,74.29708603126983,1085.178543316011,108.5178543316011,108.5178543316011,217.0357086632022,0.474,-1096.8150815123197,-2766.965059496899,-4592.060207457114,2972.846139775849,120.19284397729155,-44.3294182495564,11.093162735875033,147.90413447000725,11.093162735875033,-152.84727258115748,229.87435212852353,"{""AC"": -70, ""AC_35_P"": 49, ""AC_40_BP"": -50, ""AC_40_P"": -5, ""AC_45_KO"": -500, ""AC_50_C"": 50, ""AC_50_CO"": -13, ""AC_50_C_2"": 35, ""AC_60_C"": 20}",-70,-500,-50,-13,35,0,49,-5,0,0,50,20
137603,194.01033292627437,33.829361309203534,1180.289156454705,118.0289156454705,118.0289156454705,236.057831290941,0.494,-826.7901133683445,-2331.8361843147554,-3950.568424709034,8463.263322431754,111.33132158943992,-12.687195415811743,10.977358098287453,123.16359834648952,10.977358098287453,-130.71611106128225,194.01033292627437,"{""AC"": -45, ""AC_35_P"": 33, ""AC_40_BP"": -41, ""AC_45_KO"": -390, ""AC_50_C"": 32, ""AC_50_CO"": -11, ""AC_50_C_2"": 50, ""AC_50_P"": -2, ""AC_60_C"": 28}",-45,-390,-41,-11,50,0,33,0,0,-2,32,28
110238,235.9008253079815,-321.48047553139924,1322.5158088200455,132.25158088200456,132.25158088200456,264.5031617640091,0.556,-1058.9614259688224,-1098.759012347422,-1338.4633581995226,3793.8119132000065,130.00468271109926,-28.839531184224086,10.930820971655876,149.88985878903927,10.930820971655876,-161.09111206622865,235.9008253079815,"{""AC_35_P"": 21, ""AC_40_BP"": -45, ""AC_40_P"": -6, ""AC_45_KO"": -70, ""AC_45_P"": 44, ""AC_50_CO"": 5, ""AC_50_P"": 34, ""AC_50_P_2"": 37}",0,-70,-45,5,0,37,21,-6,44,34,0,0
149560,225.5531089588399,48.43688218068149,1053.763427330941,105.3763427330941,105.3763427330941,210.7526854661882,0.482,-1079.8761929771672,-1597.372621641937,-2448.546211146182,6679.4436970772485,117.5654896611232,-44.415939285451884,10.883508645717782,145.21521362670802,10.883508645717782,-149.792282018546,225.5531089588399,"{""AC"": -20, ""AC_35_P"": -13, ""AC_40_BP"": -44, ""AC_45_KO"": -230, ""AC_45_P"": 49, ""AC_50_CO"": -5, ""AC_50_C_2"": 47, ""AC_50_P_2"": 31, ""AC_60_C"": 23}",-20,-230,-44,-5,47,31,-13,0,49,0,0,23
69056,260.8567034168935,82.62560092683344,1238.6364808897888,123.86364808897888,123.86364808897888,247.72729617795775,0.474,-1253.613936820431,-2905.130422632046,-4638.99426347408,5958.800920348967,135.49530973485037,-52.54678078821428,10.882788849339398,167.21009455362721,10.882788849339398,-176.41042887719317,260.8567034168935,"{""AC"": -70, ""AC_35_P"": 39, ""AC_40_BP"": -27, ""AC_40_P"": 8, ""AC_45_KO"": -500, ""AC_50_C"": 44, ""AC_50_CO"": -12, ""AC_50_C_2"": 41, ""AC_60_C"": 39}",-70,-500,-27,-12,41,0,39,8,0,0,44,39
33083,54.599077856149854,37.777920523488646,393.43161000595074,39.343161000595074,39.343161000595074,78.68632200119015,0.436,-160.33051511768176,-1975.5231179677116,-3232.421815503027,721.0222818675213,38.56602634438168,14.516449076729415,10.877920088200053,36.746761850117,10.877920088200053,-24.82671192386566,54.599077856149854,"{""AC"": 5, ""AC_35_P"": -8, ""AC_40_BP"": -24, ""AC_40_P"": 11, ""AC_45_KO"": -330, ""AC_50_CO"": -10, ""AC_50_P"": 19, ""AC_50_P_2"": 18, ""AC_60_C"": 7}",5,-330,-24,-10,0,18,-8,11,0,19,0,7
21927,87.95440363304465,-63.5577128840288,466.0679245042047,46.60679245042047,46.60679245042047,93.21358490084094,0.558,-358.87030068702,-932.2334833204833,-1221.122923405583,1463.3368872897934,52.067373564342645,-1.7631715387103526,10.820462304781415,58.35919048608852,10.820462304781415,-48.369963989130824,87.95440363304465,"{""AC"": -5, ""AC_35_P"": 19, ""AC_40_BP"": -16, ""AC_40_P"": 46, ""AC_45_KO"": -90, ""AC_45_P"": -28, ""AC_50_CO"": -7, ""AC_50_P_2"": 22, ""AC_60_C"": 14}",-5,-90,-16,-7,0,22,19,46,-28,0,0,14
46525,280.8038189180141,59.095242377496675,1337.3069398057416,133.73069398057416,133.73069398057416,267.4613879611483,0.482,-1354.4213278579614,-2894.9838275127404,-4614.177025774336,4044.1226044863142,145.36168613221795,-57.80151304647626,10.775272749032794,179.65007902997246,10.775272749032794,-191.53220702705042,280.8038189180141,"{""AC"": -85, ""AC_35_P"": 47, ""AC_40_BP"": -50, ""AC_40_P"": 2, ""AC_45_KO"": -500, ""AC_50_C"": 48, ""AC_50_CO"": -9, ""AC_50_C_2"": 36, ""AC_60_C"": 41}",-85,-500,-50,-9,36,0,47,2,0,0,48,41
133549,244.1532560275376,-11.980694947718348,1411.2415089784186,141.12415089784184,141.12415089784184,282.2483017956837,0.5,-1086.2601563211645,-3190.832966603701,-5037.87076688205,10055.644118074106,135.52724039542113,-27.41178305275352,10.65215713044202,154.5592104870189,10.65215713044202,-168.53593395059536,244.1532560275376,"{""AC"": -60, ""AC_35_P"": 48, ""AC_40_BP"": -50, ""AC_40_P"": -1, ""AC_45_KO"": -500, ""AC_50_C"": 50, ""AC_50_CO"": -10, ""AC_50_C_2"": 39, ""AC_60_C"": 47}",-60,-500,-50,-10,39,0,48,-1,0,0,50,47
94585,87.12508984728461,-26.869902958134276,407.677195337955,40.7677195337955,40.7677195337955,81.535439067591,0.508,-373.99257463780225,-391.6835859520075,-439.2903431193959,1270.0448484403846,49.72583238350439,-6.373053812165949,10.642343884716524,58.23353123194562,10.642343884716524,-47.14077334596145,87.12508984728461,"{""AC"": 25, ""AC_35_P"": 2, ""AC_40_BP"": -9, ""AC_45_P"": 19, ""AC_50_CO"": -22, ""AC_50_P"": 36, ""AC_50_P_2"": 32}",25,0,-9,-22,0,32,2,0,19,36,0,0
9471,201.01806123269978,36.903026254265626,1003.9179035128262,100.39179035128262,100.39179035128262,200.78358070256525,0.49,-935.1511285078465,-2876.3733597498767,-4557.864088607243,2670.701523691616,107.50294838191513,-32.76972089426184,10.549496780881498,129.1625572194868,10.549496780881498,-133.16151124554446,201.01806123269978,"{""AC"": -35, ""AC_35_P"": 33, ""AC_40_BP"": -26, ""AC_40_P"": 28, ""AC_45_KO"": -500, ""AC_50_C"": 26, ""AC_50_CO"": -5, ""AC_50_C_2"": 31, ""AC_60_C"": 2}",-35,-500,-26,-5,31,0,33,28,0,0,26,2
6367,239.7603370505311,30.500046351891626,1156.9647066290795,115.69647066290796,115.69647066290796,231.3929413258159,0.484,-1142.72625363013,-2995.7279576837673,-4613.778319491044,4733.834577994374,125.48771168751809,-45.921226357001416,10.503163674557626,153.69990670329761,10.503163674557626,-161.61769701990937,239.7603370505311,"{""AC"": -70, ""AC_35_P"": 23, ""AC_40_BP"": -47, ""AC_40_P"": 14, ""AC_45_KO"": -500, ""AC_50_C"": 45, ""AC_50_CO"": -4, ""AC_50_C_2"": 32, ""AC_60_C"": 31}",-70,-500,-47,-4,32,0,23,14,0,0,45,31
86821,52.41169589999698,-15.998689334782632,223.61838646768595,22.361838646768597,22.361838646768597,44.72367729353719,0.528,-205.04738798264785,-216.25111351395498,-250.96252628593817,827.7100432902905,31.906957101732193,1.1498489043350162,10.473668379215503,36.568866839172436,10.473668379215503,-21.21198974243358,52.41169589999698,"{""AC"": 10, ""AC_40_BP"": -11, ""AC_40_P"": 9, ""AC_45_KO"": -10, ""AC_45_P"": 4, ""AC_50_C"": 6, ""AC_50_CO"": -15, ""AC_50_P"": 35, ""AC_60_C"": 2}",10,-10,-11,-15,0,0,0,9,4,35,6,2
142132,215.87108137032592,1.2580691972391946,1146.8691720261743,114.68691720261742,114.68691720261742,229.37383440523485,0.5,-987.0874535084837,-3035.6878744755,-4237.046531733972,6635.989189026699,117.16233601947755,-30.900782006794998,10.464504742744666,137.8449793942474,10.464504742744666,-145.58769920941242,215.87108137032592,"{""AC"": -55, ""AC_35_P"": 32, ""AC_40_BP"": -50, ""AC_45_KO"": -430, ""AC_50_C"": 50, ""AC_50_CO"": 6, ""AC_50_C_2"": 22, ""AC_50_P_2"": 7, ""AC_60_C"": 22}",-55,-430,-50,6,22,7,32,0,0,0,50,22
94857,147.284669638307,-73.08953234302788,871.8458173828708,87.18458173828708,87.18458173828708,174.36916347657416,0.542,-621.6044488974371,-3037.9869372656826,-4870.246425815506,2091.5162928163772,85.1242247485633,-8.116442586052273,10.451711434547903,94.40830175886339,10.451711434547903,-95.30102432433935,147.284669638307,"{""AC"": -55, ""AC_35_P"": 39, ""AC_40_BP"": -50, ""AC_45_KO"": -500, ""AC_50_C"": 24, ""AC_50_CO"": -2, ""AC_50_C_2"": 3, ""AC_50_P"": -11, ""AC_60_C"": 40}",-55,-500,-50,-2,3,0,39,0,0,-11,24,40
28376,126.31326959990866,38.43000513996046,703.0184530442384,70.30184530442384,70.30184530442384,140.60369060884767,0.472,-538.5080804301939,-2106.9876893113983,-3374.9123324843067,4769.015220944075,72.46246155688928,-8.31375050763981,10.38613488316767,81.81240425229302,10.38613488316767,-78.61559581206365,126.31326959990866,"{""AC"": -15, ""AC_35_P"": 26, ""AC_40_BP"": -49, ""AC_45_KO"": -340, ""AC_45_P"": 2, ""AC_50_CO"": -23, ""AC_50_C_2"": 25, ""AC_50_P_2"": 28, ""AC_60_C"": 44}",-15,-340,-49,-23,25,28,26,0,2,0,0,44
68508,153.651423679456,-62.76247768119751,920.8726624845582,92.08726624845582,92.08726624845582,184.17453249691164,0.532,-648.9715871659059,-2021.6458259939675,-3172.360857434824,6110.979601586838,88.7542649628654,-8.59147311202048,10.262052480342206,98.18102775904676,10.262052480342206,-100.6787393604763,153.651423679456,"{""AC"": 5, ""AC_40_BP"": -42, ""AC_40_P"": -3, ""AC_45_KO"": -310, ""AC_45_P"": 35, ""AC_50_CO"": -11, ""AC_50_C_2"": 44, ""AC_50_P_2"": 34}",5,-310,-42,-11,44,34,0,-3,35,0,0,0
121271,124.86604517584027,-118.82618358143088,644.2878973391769,64.42878973391768,64.42878973391768,128.85757946783536,0.562,-549.5745829902212,-1085.093273766667,-1285.5547199151742,1799.0405020791595,69.90858687681815,-12.527600571715027,10.215462860348254,81.28011859284979,10.215462860348254,-76.95639030563271,124.86604517584027,"{""AC"": 15, ""AC_35_P"": 34, ""AC_40_BP"": 4, ""AC_40_P"": 38, ""AC_45_KO"": -110, ""AC_45_P"": 14, ""AC_50_C"": 1, ""AC_50_CO"": -8, ""AC_50_P"": 11}",15,-110,4,-8,0,0,34,38,14,11,1,0
63613,234.94086560934386,-4.675573428327425,1136.5396182829654,113.65396182829654,113.65396182829654,227.3079236565931,0.502,-1119.5953052010213,-2328.1274199265304,-3520.5652082018296,2958.8745451316427,122.98133508924172,-44.95796069091148,10.174588915042385,150.54760989221865,10.174588915042385,-158.611922519208,234.94086560934386,"{""AC"": -75, ""AC_35_P"": 34, ""AC_40_BP"": -43, ""AC_45_KO"": -380, ""AC_45_P"": 7, ""AC_50_C"": 50, ""AC_50_CO"": -7, ""AC_50_C_2"": 21, ""AC_60_C"": 35}",-75,-380,-43,-7,21,0,34,0,7,0,50,35
2759,115.22483740276111,-10.403842602801888,669.315849693134,66.9315849693134,66.9315849693134,133.8631699386268,0.504,-477.51065495885706,-2340.0802726901543,-3530.50002432959,3435.5578163353293,67.4737719068754,-4.152826336953154,10.132446674275855,74.6164084124899,10.132446674275855,-71.08441130626656,115.22483740276111,"{""AC"": -35, ""AC_35_P"": 29, ""AC_40_BP"": -42, ""AC_45_KO"": -350, ""AC_50_C"": 28, ""AC_50_CO"": 3, ""AC_50_C_2"": 9, ""AC_50_P"": -8, ""AC_60_C"": 18}",-35,-350,-42,3,9,0,29,0,0,-8,28,18
140183,144.75948670933323,-66.25067308094066,799.4929518324516,79.94929518324516,79.94929518324516,159.8985903664903,0.536,-631.3819526756937,-2172.956760703591,-3222.9120161578826,2409.619509742952,81.62129144176386,-13.086001459590193,10.077546216356602,93.20306527973726,10.077546216356602,-93.03529664283535,144.75948670933323,"{""AC"": -25, ""AC_35_P"": 43, ""AC_40_BP"": -27, ""AC_40_P"": 9, ""AC_45_KO"": -300, ""AC_50_C"": 18, ""AC_50_CO"": 6, ""AC_50_C_2"": 3, ""AC_60_C"": 16}",-25,-300,-27,6,3,0,43,9,0,0,18,16
54570,195.9110122508356,92.70632422121696,1049.7273373329188,104.97273373329188,104.97273373329188,209.94546746658375,0.464,-889.801270435903,-2277.8451180475536,-3973.152900108522,6755.019351823177,106.9308852072453,-26.539305358140155,9.954454818804209,125.17776529571748,9.954454818804209,-131.51203909143203,195.9110122508356,"{""AC"": -55, ""AC_35_P"": 43, ""AC_40_BP"": -41, ""AC_40_P"": -19, ""AC_45_KO"": -410, ""AC_50_C"": 37, ""AC_50_CO"": -8, ""AC_50_C_2"": 46, ""AC_60_C"": 24}",-55,-410,-41,-8,46,0,43,-19,0,0,37,24
55135,260.32838682039215,10.213877229140337,1231.7346299893934,123.17346299893934,123.17346299893934,246.34692599787869,0.496,-1258.7235553068995,-2385.4315934512992,-3396.7248699170877,6706.763560399188,134.4560312897022,-54.35250200633271,9.933122024887574,166.59884330531233,9.933122024887574,-177.52596500527204,260.32838682039215,"{""AC"": -50, ""AC_35_P"": 38, ""AC_40_BP"": -44, ""AC_45_KO"": -330, ""AC_50_C"": 27, ""AC_50_CO"": 6, ""AC_50_C_2"": 42, ""AC_50_P_2"": 21, ""AC_60_C"": 21}",-50,-330,-44,6,42,21,38,0,0,0,27,21
136158,180.48624496710644,20.642857466822193,867.0854732506025,86.70854732506025,86.70854732506025,173.4170946501205,0.488,-848.0077802390254,-1088.4976946969728,-1809.9341391086846,6119.608414450853,95.6854669432039,-31.515700092649894,9.930804268722518,116.40871912389012,9.930804268722518,-118.22424741771015,180.48624496710644,"{""AC"": -30, ""AC_40_BP"": -49, ""AC_45_KO"": -150, ""AC_45_P"": 39, ""AC_50_CO"": -7, ""AC_50_C_2"": 38, ""AC_50_P"": -22, ""AC_50_P_2"": 29, ""AC_60_C"": 40}",-30,-150,-49,-7,38,29,0,0,39,-22,0,40
82386,243.67297178014638,89.72032650215766,1191.7624346747955,119.17624346747955,119.17624346747955,238.3524869349591,0.482,-1161.6201942915577,-2926.828925605645,-4591.090382323951,5058.4099855026,127.5109523509906,-46.732076792743044,9.841820902672957,155.7979011986986,9.841820902672957,-165.90832026022258,243.67297178014638,"{""AC"": -55, ""AC_35_P"": 41, ""AC_40_BP"": -18, ""AC_45_KO"": -500, ""AC_50_C"": 50, ""AC_50_CO"": -2, ""AC_50_C_2"": 40, ""AC_50_P"": 7, ""AC_60_C"": 2}",-55,-500,-18,-2,40,0,41,0,0,7,50,2
11210,202.93686976371436,55.626931578897995,1178.0526052721439,117.80526052721439,117.80526052721439,235.61052105442877,0.478,-894.8892034519256,-2814.615630980935,-4843.869682856603,7913.410027635608,113.44794941852179,-20.785431099267043,9.800858982318317,128.74109445931447,9.800858982318317,-138.59069162648143,202.93686976371436,"{""AC"": -55, ""AC_35_P"": 45, ""AC_40_BP"": -50, ""AC_45_KO"": -500, ""AC_45_P"": -17, ""AC_50_C"": 28, ""AC_50_CO"": -10, ""AC_50_C_2"": 50, ""AC_60_C"": 38}",-55,-500,-50,-10,50,0,45,0,-17,0,28,38
128,290.6754886251063,-25.094683909790888,1508.2955016774351,150.82955016774352,150.82955016774352,301.65910033548704,0.51,-1369.7549850745638,-2274.8938390125913,-3334.731297704587,10381.05505544643,153.69999011764992,-51.763257643534644,9.79746578004999,184.48035182944224,9.79746578004999,-202.59280781127816,290.6754886251063,"{""AC"": -55, ""AC_35_P"": 49, ""AC_40_BP"": -36, ""AC_45_KO"": -290, ""AC_50_C"": 50, ""AC_50_CO"": 3, ""AC_50_C_2"": 47, ""AC_50_P_2"": 16, ""AC_60_C"": 24}",-55,-290,-36,3,47,16,49,0,0,0,50,24
54600,152.07653429662355,76.52376381490762,857.6361940000662,85.76361940000662,85.76361940000662,171.52723880001324,0.466,-662.7880059265076,-2742.6093347257915,-4541.669682856603,5292.094182282381,85.79773370397278,-13.62046718500335,9.77652370764411,97.4962291502965,9.77652370764411,-99.38408658500997,152.07653429662355,"{""AC"": -45, ""AC_35_P"": 26, ""AC_40_BP"": -33, ""AC_40_P"": -8, ""AC_45_KO"": -500, ""AC_50_C"": 26, ""AC_50_CO"": -9, ""AC_50_C_2"": 30, ""AC_60_C"": 33}",-45,-500,-33,-9,30,0,26,-8,0,0,26,33
128259,240.5214283289197,-22.970051084926666,1278.5037453630844,127.85037453630844,127.85037453630844,255.70074907261687,0.512,-1112.8924797526463,-3056.2533087428524,-4285.96327970031,8013.330013313422,129.23218035365508,-37.70169160924186,9.662369097868549,152.9142107072103,9.662369097868549,-165.5520661455503,240.5214283289197,"{""AC"": -30, ""AC_35_P"": 42, ""AC_40_BP"": -22, ""AC_45_KO"": -430, ""AC_50_C"": 33, ""AC_50_CO"": 9, ""AC_50_C_2"": 37, ""AC_50_P_2"": 25, ""AC_60_C"": 4}",-30,-430,-22,9,37,25,42,0,0,0,33,4
62089,299.92584370834106,101.82108165864327,1440.7710666507612,144.07710666507612,144.07710666507612,288.15421333015223,0.48,-1455.8897377003996,-3335.4031927248507,-4703.94387394967,6822.283953585224,154.3368699383011,-64.04659071675883,9.50382972074307,191.11208015705205,9.50382972074307,-208.12369738183494,299.92584370834106,"{""AC"": -75, ""AC_35_P"": 27, ""AC_40_BP"": -44, ""AC_45_KO"": -500, ""AC_50_C"": 45, ""AC_50_CO"": 4, ""AC_50_C_2"": 37, ""AC_50_P_2"": 25, ""AC_60_C"": 38}",-75,-500,-44,4,37,25,27,0,0,0,45,38
64218,232.4663384231848,25.79559672747206,1173.4029007443953,117.34029007443954,117.34029007443954,234.68058014887907,0.494,-1095.3854100656415,-2849.8503344033097,-4259.864673157698,7213.117373263201,122.92779741662063,-41.38001409322558,9.488381876118794,148.36199540129283,9.488381876118794,-158.72030416766512,232.4663384231848,"{""AC"": -60, ""AC_35_P"": 26, ""AC_40_BP"": -50, ""AC_45_KO"": -440, ""AC_50_C"": 34, ""AC_50_CO"": 1, ""AC_50_C_2"": 36, ""AC_50_P_2"": 9, ""AC_60_C"": 38}",-60,-440,-50,1,36,9,26,0,0,0,34,38
69278,117.30678097305557,-105.63048215736245,644.0227372518227,64.40227372518227,64.40227372518227,128.80454745036454,0.544,-504.4081406428076,-1228.4181039125529,-1750.3103656420851,1843.993013438897,66.8659669087748,-8.795254187646336,9.444423014043288,75.98580550961961,9.444423014043288,-73.1975279128286,117.30678097305557,"{""AC"": 5, ""AC_35_P"": 7, ""AC_40_BP"": -12, ""AC_40_P"": 21, ""AC_45_KO"": -150, ""AC_45_P"": 8, ""AC_50_CO"": -1, ""AC_50_P"": 15, ""AC_50_P_2"": 21}",5,-150,-12,-1,0,21,7,21,8,15,0,0
27293,172.0018425677416,52.311701989538136,833.2544074817777,83.32544074817777,83.32544074817777,166.65088149635554,0.468,-806.4181612244837,-1537.9954844479232,-2399.6246084918453,5132.283800892574,91.36002644529322,-29.602697738379334,9.376398009980157,110.84957431947298,9.376398009980157,-112.9281384865571,172.0018425677416,"{""AC"": -15, ""AC_40_BP"": -12, ""AC_40_P"": 19, ""AC_45_KO"": -240, ""AC_50_C"": 9, ""AC_50_CO"": -10, ""AC_50_C_2"": 41, ""AC_50_P_2"": 36, ""AC_60_C"": 9}",-15,-240,-12,-10,41,36,0,19,0,0,9,9
40068,118.63271441257687,16.31704244522865,811.9276939734611,81.19276939734611,81.19276939734611,162.38553879469222,0.484,-459.5107848357973,-2648.5198440863123,-4597.30674568951,5331.501676384265,72.68163592899714,3.755018203627543,9.109711988534222,75.35898282145048,9.109711988534222,-77.43775119371857,118.63271441257687,"{""AC"": -35, ""AC_35_P"": 26, ""AC_40_BP"": -29, ""AC_45_KO"": -500, ""AC_45_P"": -1, ""AC_50_C"": 32, ""AC_50_CO"": -26, ""AC_50_C_2"": 27, ""AC_60_C"": 36}",-35,-500,-29,-26,27,0,26,0,-1,0,32,36
41056,197.07834757762498,-23.964326570772073,1135.8148224110282,113.58148224110282,113.58148224110282,227.16296448220564,0.504,-874.5329851446135,-2286.3377894109904,-3651.7496035088498,8511.666727787548,109.62504906316363,-21.554898708528384,9.107658685381558,124.95632776011858,9.107658685381558,-135.1363809496312,197.07834757762498,"{""AC"": -45, ""AC_35_P"": 28, ""AC_40_BP"": -32, ""AC_45_KO"": -360, ""AC_50_C"": 33, ""AC_50_CO"": -10, ""AC_50_C_2"": 36, ""AC_50_P_2"": 9, ""AC_60_C"": 42}",-45,-360,-32,-10,36,9,28,0,0,0,33,42
8632,110.86785461580548,-71.55896053671694,570.3126569877065,57.03126569877065,57.03126569877065,114.0625313975413,0.532,-489.09644517969156,-540.1143652615253,-597.54276493205,1635.465849728796,61.95821009783633,-11.406256679117405,8.987754989466424,72.15521593212824,8.987754989466424,-68.43752237788806,110.86785461580548,"{""AC"": -35, ""AC_35_P"": 10, ""AC_40_BP"": -26, ""AC_45_KO"": -30, ""AC_45_P"": 24, ""AC_50_C"": 48, ""AC_50_CO"": -14, ""AC_50_P"": -10, ""AC_50_P_2"": 15}",-35,-30,-26,-14,0,15,10,0,24,-10,48,0
46013,219.82676139082704,104.67423598900376,984.0536855971443,98.40536855971443,98.40536855971443,196.81073711942886,0.472,-1077.769849357392,-1649.6315733562271,-2971.4764322696906,4950.2349855026005,112.04977645508782,-49.61570094852098,8.958599707361024,141.33692678302882,8.958599707361024,-148.02106950823543,219.82676139082704,"{""AC"": -70, ""AC_35_P"": 35, ""AC_40_BP"": -48, ""AC_40_P"": -1, ""AC_45_KO"": -300, ""AC_50_C"": 33, ""AC_50_CO"": -18, ""AC_50_C_2"": 40, ""AC_60_C"": 50}",-70,-300,-48,-18,40,0,35,-1,0,0,33,50
9102,244.18724042894803,-5.719508319622605,1226.5375244503718,122.65375244503718,122.65375244503718,245.30750489007437,0.504,-1159.35,-2374.946019250983,-3618.971676785377,7600.161322805279,128.25224042894803,-45.65025957105195,8.957864206429463,155.55630231768873,8.957864206429463,-168.30401201608913,244.18724042894803,"{""AC"": -50, ""AC_35_P"": 50, ""AC_40_BP"": -25, ""AC_45_KO"": -350, ""AC_45_P"": 8, ""AC_50_C"": 50, ""AC_50_CO"": -3, ""AC_50_C_2"": 35, ""AC_60_C"": 19}",-50,-350,-25,-3,35,0,50,0,8,0,50,19
133114,197.8275094595608,18.36618079909198,982.1411328153592,98.21411328153593,98.21411328153593,196.42822656307186,0.494,-931.7920459437009,-2102.178333106155,-3305.5045883326356,6210.32669745077,104.64830486519068,-35.12050202636445,8.951645927237692,126.68437884199176,8.951645927237692,-133.33461530790038,197.8275094595608,"{""AC"": -50, ""AC_35_P"": 34, ""AC_40_BP"": -41, ""AC_45_KO"": -330, ""AC_50_C"": 27, ""AC_50_CO"": -4, ""AC_50_C_2"": 32, ""AC_50_P_2"": 2, ""AC_60_C"": 37}",-50,-330,-41,-4,32,2,34,0,0,0,27,37
2841,174.5655163883522,84.10416554606269,965.0969651181134,96.50969651181134,96.50969651181134,193.01939302362268,0.456,-782.4333773829874,-2611.258597269292,-4623.722270290022,6095.173551128912,96.32217865005344,-21.04282795739465,8.945661524998428,111.31642339124998,8.945661524998428,-117.55252446920599,174.5655163883522,"{""AC"": -75, ""AC_35_P"": 24, ""AC_40_BP"": -50, ""AC_45_KO"": -500, ""AC_45_P"": -26, ""AC_50_C"": 50, ""AC_50_CO"": -17, ""AC_50_C_2"": 43, ""AC_60_C"": 39}",-75,-500,-50,-17,43,0,24,0,-26,0,50,39
33802,261.5768606779813,-15.236098507263364,1261.2456421510158,126.12456421510157,126.12456421510157,252.24912843020314,0.502,-1264.0645727358365,-2819.5916473224534,-4191.556571567387,5932.235117128748,135.17040340439763,-54.439282505977815,8.90489266005504,166.84249098741407,8.90489266005504,-180.5638467210794,261.5768606779813,"{""AC"": -70, ""AC_35_P"": 47, ""AC_40_BP"": -50, ""AC_40_P"": 2, ""AC_45_KO"": -430, ""AC_50_C"": 44, ""AC_50_CO"": 1, ""AC_50_C_2"": 31, ""AC_60_C"": 36}",-70,-430,-50,1,31,0,47,2,0,0,44,36
145248,225.82275706216828,56.20795939855137,1195.322914964503,119.53229149645031,119.53229149645031,239.06458299290063,0.486,-1047.8656937155165,-2767.0189589455294,-4559.283704049144,7973.429495245553,121.03618769061663,-36.143666366710846,8.876757256615647,143.54639950227988,8.876757256615647,-155.67595786316116,225.82275706216828,"{""AC"": -50, ""AC_35_P"": 48, ""AC_40_BP"": -34, ""AC_45_KO"": -470, ""AC_45_P"": -1, ""AC_50_C"": 22, ""AC_50_CO"": -10, ""AC_50_C_2"": 43, ""AC_60_C"": 48}",-50,-470,-34,-10,43,0,48,0,-1,0,22,48
34355,197.60615573827818,102.84847878766817,984.4616603928737,98.44616603928736,98.44616603928736,196.89233207857473,0.466,-930.2613293747689,-2769.451878386295,-4614.022270290022,4545.655765130359,104.58002280080127,-34.95917660541406,8.843873312419149,126.48154775971787,8.843873312419149,-133.40534264470142,197.60615573827818,"{""AC"": -55, ""AC_35_P"": 50, ""AC_40_BP"": -50, ""AC_40_P"": -17, ""AC_45_KO"": -500, ""AC_50_C"": 21, ""AC_50_CO"": -6, ""AC_50_C_2"": 38, ""AC_60_C"": 33}",-55,-500,-50,-6,38,0,50,-17,0,0,21,33
64530,90.81451024539851,-40.92311211902967,447.83774143300235,44.783774143300235,44.783774143300235,89.56754828660047,0.532,-397.2750169872818,-676.3417825396646,-946.5047199151742,1949.9731909808206,51.087008546670326,-8.504244001421938,8.831370625656128,59.754815860209355,8.831370625656128,-53.28801814472217,90.81451024539851,"{""AC"": -15, ""AC_35_P"": 40, ""AC_40_BP"": -4, ""AC_45_KO"": -80, ""AC_50_C"": 10, ""AC_50_C_2"": 6, ""AC_50_P"": -5, ""AC_60_C"": 13}",-15,-80,-4,0,6,0,40,0,0,-5,10,13
113320,173.98498355844913,46.522484174043655,1058.933360053606,105.89333600536061,105.89333600536061,211.78667201072122,0.486,-748.1037151430942,-2681.0873299432747,-4520.848354315469,6930.877771501155,99.1746120441397,-13.040945227324414,8.822758284304705,110.10646379995428,8.822758284304705,-118.93428123268502,173.98498355844913,"{""AC"": -35, ""AC_35_P"": 40, ""AC_40_BP"": -45, ""AC_40_P"": -8, ""AC_45_KO"": -470, ""AC_50_C"": 15, ""AC_50_CO"": -4, ""AC_50_C_2"": 45, ""AC_60_C"": 23}",-35,-470,-45,-4,45,0,40,-8,0,0,15,23
132128,180.81994546738417,26.808936748542862,1071.0763754391517,107.10763754391516,107.10763754391516,214.21527508783032,0.49,-789.6321094248151,-3044.9312842000986,-4757.0444731653415,7324.608546076999,101.85673452490266,-16.5880818888196,8.821310281704328,114.56143061016462,8.821310281704328,-123.69571943273476,180.81994546738417,"{""AC"": -40, ""AC_35_P"": 21, ""AC_40_BP"": -47, ""AC_45_KO"": -500, ""AC_50_C"": 33, ""AC_50_CO"": -7, ""AC_50_C_2"": 29, ""AC_50_P"": 14, ""AC_60_C"": 33}",-40,-500,-47,-7,29,0,21,0,0,14,33,33
107615,215.59797531243572,-56.310969576677735,1328.990823152533,132.8990823152533,132.8990823152533,265.7981646305066,0.514,-935.9324066580581,-2986.455995281616,-4519.915181342967,9571.61319502397,122.00473464662991,-18.3851263520788,8.758573156100354,135.5765844007195,8.758573156100354,-151.2842086673321,215.59797531243572,"{""AC"": -40, ""AC_35_P"": 30, ""AC_40_BP"": -50, ""AC_45_KO"": -440, ""AC_50_C"": 46, ""AC_50_C_2"": 44, ""AC_50_P_2"": 13, ""AC_60_C"": 11}",-40,-440,-50,0,44,13,30,0,0,0,46,11
93971,182.77674467780852,73.61935168675728,854.7853541976175,85.47853541976176,85.47853541976176,170.9570708395235,0.48,-877.2310272789701,-1699.3861317648596,-2030.3972379603401,2823.1294109795394,95.05364194991151,-36.53101214193401,8.452822876082124,117.54555945891957,8.452822876082124,-122.00954756169577,182.77674467780852,"{""AC"": 10, ""AC_40_BP"": 13, ""AC_40_P"": 43, ""AC_45_KO"": -210, ""AC_50_CO"": -3, ""AC_50_C_2"": 23, ""AC_50_P"": 22, ""AC_50_P_2"": 30, ""AC_60_C"": -9}",10,-210,13,-3,23,30,0,43,0,22,0,-9
18974,219.1882409852612,-12.198378781974213,1117.4198179120294,111.74198179120295,111.74198179120295,223.4839635824059,0.506,-1032.4429321963025,-2768.964589617535,-4224.167340683586,6743.423016212901,115.94394776563092,-38.922492063814445,8.450810260214347,139.6305989276453,8.450810260214347,-150.66447385501738,219.1882409852612,"{""AC"": -60, ""AC_35_P"": 46, ""AC_40_BP"": -50, ""AC_45_KO"": -430, ""AC_50_C"": 31, ""AC_50_CO"": -3, ""AC_50_C_2"": 29, ""AC_50_P"": -6, ""AC_60_C"": 49}",-60,-430,-50,-3,29,0,46,0,0,-6,31,49
99463,262.98570881314674,63.83029310327467,1248.188462937583,124.8188462937583,124.8188462937583,249.6376925875166,0.484,-1281.2004169963184,-2310.7679996365578,-3672.822970502086,6568.053956111182,134.8656671135149,-57.31439543593285,8.396223116819854,167.72097638989123,8.396223116819854,-182.13324172969115,262.98570881314674,"{""AC"": -65, ""AC_35_P"": 31, ""AC_40_BP"": -41, ""AC_45_KO"": -370, ""AC_45_P"": 14, ""AC_50_C"": 50, ""AC_50_CO"": -2, ""AC_50_C_2"": 44, ""AC_60_C"": 18}",-65,-370,-41,-2,44,0,31,0,14,0,50,18
14814,126.18788116004517,34.584044769865386,678.4391691762215,67.84391691762215,67.84391691762215,135.6878338352443,0.466,-559.6985938673837,-2581.37054023339,-4142.761737735697,1616.1133276588807,70.21802177330679,-13.736767306800758,8.311133621126544,81.24197223727045,8.311133621126544,-81.58068422442291,126.18788116004517,"{""AC"": -45, ""AC_35_P"": 18, ""AC_40_BP"": -36, ""AC_40_P"": 4, ""AC_45_KO"": -470, ""AC_50_C"": 21, ""AC_50_CO"": -12, ""AC_50_C_2"": 11, ""AC_60_C"": 38}",-45,-470,-36,-12,11,0,18,4,0,0,21,38
53767,202.82311924316915,-6.220194497969544,1129.4463447815288,112.94463447815288,112.94463447815288,225.88926895630576,0.502,-920.3782839241869,-3379.816944128743,-4947.336521842084,5992.00878404443,110.78529085075044,-27.271451737877584,8.29405941546468,128.56804642742156,8.29405941546468,-140.21608621603048,202.82311924316915,"{""AC"": -45, ""AC_35_P"": 50, ""AC_40_BP"": -45, ""AC_45_KO"": -500, ""AC_45_P"": -5, ""AC_50_C"": 43, ""AC_50_CO"": 10, ""AC_50_C_2"": 21, ""AC_60_C"": 11}",-45,-500,-45,10,21,0,50,0,-5,0,43,11
10051,205.34574865748058,-43.263778966939185,1051.1981145996072,105.11981145996072,105.11981145996072,210.23962291992143,0.51,-964.1339678374378,-2880.793873771354,-4213.791341332741,4008.9470485038,108.93235187373679,-35.68774330187887,8.165747751884567,130.8590974006185,8.165747751884567,-140.80755476183958,205.34574865748058,"{""AC"": -55, ""AC_35_P"": 45, ""AC_40_BP"": -41, ""AC_45_KO"": -440, ""AC_45_P"": -3, ""AC_50_C"": 39, ""AC_50_CO"": 5, ""AC_50_C_2"": 17, ""AC_60_C"": 23}",-55,-440,-41,5,17,0,45,0,-3,0,39,23
83779,169.37948930984186,-130.91371352627198,948.5160088158942,94.85160088158942,94.85160088158942,189.70320176317884,0.54,-758.8136446571464,-2335.4388118883166,-3609.932164537789,2302.6056914931223,93.49812484412722,-20.323921854444734,8.131642170475196,107.72590685658719,8.131642170475196,-115.17552273603415,169.37948930984186,"{""AC"": -25, ""AC_35_P"": 16, ""AC_40_BP"": -19, ""AC_45_KO"": -390, ""AC_45_P"": 6, ""AC_50_C"": 38, ""AC_50_CO"": -7, ""AC_50_C_2"": 2, ""AC_50_P"": 42}",-25,-390,-19,-7,2,0,16,0,6,42,38,0
111786,262.6078194752554,-10.816977894483443,1335.8252599457958,133.58252599457958,133.58252599457958,267.16505198915917,0.502,-1252.8479142812755,-2002.6721448821356,-3263.976222578429,9026.278590735963,137.32302804712782,-50.604159095063494,7.889369335774276,166.5697922625467,7.889369335774276,-184.18668508964308,262.6078194752554,"{""AC"": -60, ""AC_35_P"": 49, ""AC_40_BP"": -50, ""AC_45_KO"": -290, ""AC_45_P"": 3, ""AC_50_C"": 41, ""AC_50_CO"": -3, ""AC_50_C_2"": 46, ""AC_60_C"": 36}",-60,-290,-50,-3,46,0,49,0,3,0,41,36
13439,154.85426333843702,-83.55868062622386,1041.0635190871444,104.10635190871444,104.10635190871444,208.2127038174289,0.55,-632.858493002405,-1928.0561487881741,-3605.9447184257433,7287.971202975359,91.56841403819652,-3.3603599121642276,7.87231343371905,97.18475071113816,7.87231343371905,-107.46671182087867,154.85426333843702,"{""AC"": -55, ""AC_35_P"": 35, ""AC_40_BP"": -38, ""AC_45_KO"": -360, ""AC_45_P"": -18, ""AC_50_C"": 44, ""AC_50_CO"": -33, ""AC_50_C_2"": 50, ""AC_60_C"": 40}",-55,-360,-38,-33,50,0,35,0,-18,0,44,40
96981,238.81606640721574,17.367663381392788,1303.7704001481607,130.37704001481606,130.37704001481606,260.7540800296321,0.496,-1105.0555052222471,-2509.1116973148673,-4043.170802451191,9262.346614701948,128.31051588499102,-37.44780989834604,7.869220616470656,150.96903114239936,7.869220616470656,-167.8248499131621,238.81606640721574,"{""AC"": -55, ""AC_35_P"": 38, ""AC_40_BP"": -43, ""AC_40_P"": 8, ""AC_45_KO"": -390, ""AC_50_C"": 40, ""AC_50_CO"": -8, ""AC_50_C_2"": 43, ""AC_60_C"": 41}",-55,-390,-43,-8,43,0,38,8,0,0,40,41
110147,195.97528843317025,54.459991511280066,981.9457881486096,98.19457881486096,98.19457881486096,196.38915762972192,0.474,-927.122172878521,-1871.159100444745,-3166.262201385888,6325.6843400269445,103.26307114531814,-35.80525478646001,7.809673093961607,125.07053508552895,7.809673093961607,-133.99983360132097,195.97528843317025,"{""AC"": -55, ""AC_35_P"": 38, ""AC_40_BP"": -50, ""AC_40_P"": -10, ""AC_45_KO"": -310, ""AC_50_C"": 30, ""AC_50_CO"": -6, ""AC_50_C_2"": 40, ""AC_60_C"": 33}",-55,-310,-50,-6,40,0,38,-10,0,0,30,33
49305,82.24319990290924,-74.6308345440209,442.78080632068225,44.278080632068225,44.278080632068225,88.55616126413645,0.546,-348.657145582372,-928.5866701090447,-1393.3422313280228,1235.8409713982674,47.37748534467204,-4.921086492683756,7.805587749519333,53.740822465773576,7.805587749519333,-49.19916712475198,82.24319990290924,"{""AC_35_P"": 24, ""AC_40_BP"": -4, ""AC_45_KO"": -130, ""AC_45_P"": 21, ""AC_50_CO"": -5, ""AC_50_C_2"": -1, ""AC_50_P_2"": 7, ""AC_60_C"": 10}",0,-130,-4,-5,-1,7,24,0,21,0,0,10
104769,104.68234645573084,-0.027946673525036658,548.8583977910714,54.885839779107144,54.885839779107144,109.77167955821429,0.5,-463.1547828126998,-1448.1202256292815,-2094.5302073702915,1573.0805699707007,58.366868174460855,-11.106349247444115,7.7662091442723025,67.80314737031907,7.7662091442723025,-65.99218902655126,104.68234645573084,"{""AC"": 5, ""AC_35_P"": -5, ""AC_40_BP"": -21, ""AC_40_P"": 9, ""AC_45_KO"": -180, ""AC_45_P"": 31, ""AC_50_C"": 7, ""AC_50_CO"": -7, ""AC_50_P_2"": 33}",5,-180,-21,-7,0,33,-5,9,31,0,7,0
83787,279.5891301173869,6.201447645742292,1296.2633938591234,129.62633938591233,129.62633938591233,259.25267877182466,0.498,-1380.2860809832284,-1953.2417257890604,-3068.6376563375516,5560.955786196862,141.56052201906405,-65.4823901284202,7.733048276946477,178.1682412217474,7.733048276946477,-195.10872951433254,279.5891301173869,"{""AC"": -65, ""AC_35_P"": 27, ""AC_40_BP"": -46, ""AC_40_P"": 32, ""AC_45_KO"": -290, ""AC_50_C"": 50, ""AC_50_C_2"": 43, ""AC_60_C"": 11}",-65,-290,-46,0,43,0,27,32,0,0,50,11
23470,73.91065625297995,-10.458948856573002,522.518306490936,52.2518306490936,52.2518306490936,104.5036612981872,0.514,-268.02745151309,-2462.9222062472945,-4060.902899721884,1048.5303005744954,47.10791110167095,6.903793374707448,7.580623201469653,47.44632601505205,7.580623201469653,-45.34803727438615,73.91065625297995,"{""AC"": -20, ""AC_35_P"": 18, ""AC_40_BP"": -19, ""AC_40_P"": 31, ""AC_45_KO"": -420, ""AC_50_C"": 34, ""AC_50_CO"": -16, ""AC_50_P"": -19, ""AC_50_P_2"": 9}",-20,-420,-19,-16,0,9,18,31,0,-19,34,0
14633,199.36542116404968,38.28897036320785,1083.584284658524,108.3584284658524,108.3584284658524,216.7168569317048,0.486,-917.6390194363106,-2928.329402409383,-4750.185417148376,6812.146054501072,107.60151922041861,-30.044333695027973,7.540354015676883,126.39386307577104,7.540354015676883,-138.40276216088037,199.36542116404968,"{""AC"": -45, ""AC_35_P"": 47, ""AC_40_BP"": -46, ""AC_40_P"": -9, ""AC_45_KO"": -500, ""AC_50_C"": 13, ""AC_50_CO"": -3, ""AC_50_C_2"": 39, ""AC_60_C"": 41}",-45,-500,-46,-3,39,0,47,-9,0,0,13,41
40623,213.62952153606824,-95.73684615169975,1101.8245108681083,110.18245108681083,110.18245108681083,220.36490217362166,0.526,-1006.9530445304811,-1205.369852082816,-1543.561983864462,3259.6329073449633,112.93421708302013,-38.10873959655203,7.495339313090682,135.73625653784148,7.495339313090682,-148.29119068336286,213.62952153606824,"{""AC"": -30, ""AC_35_P"": 31, ""AC_40_BP"": -18, ""AC_45_KO"": -20, ""AC_50_C"": 33, ""AC_50_CO"": 14, ""AC_50_C_2"": 14, ""AC_50_P_2"": 43, ""AC_60_C"": -16}",-30,-20,-18,14,14,43,31,0,0,0,33,-16
102483,169.3657833952159,-0.11675379913097217,1047.807632928029,104.7807632928029,104.7807632928029,209.5615265856058,0.5,-730.0116858502969,-3180.9972918059802,-4850.477445156858,6862.329325704759,96.36461481018623,-13.137138067358308,7.47364887126993,106.67000827950034,7.47364887126993,-117.91790136016121,169.3657833952159,"{""AC"": -35, ""AC_35_P"": 31, ""AC_40_BP"": -50, ""AC_40_P"": 8, ""AC_45_KO"": -500, ""AC_50_C"": 35, ""AC_50_CO"": -3, ""AC_50_C_2"": 27, ""AC_60_C"": 20}",-35,-500,-50,-3,27,0,31,8,0,0,35,20
113149,227.25534531348066,-35.60114831794971,1132.5116142050326,113.25116142050327,113.25116142050327,226.50232284100653,0.518,-1087.751092957404,-2710.5567948285648,-3976.8861101497887,2925.917822121859,118.48023601774027,-44.682427925870314,7.46710065961846,144.55500031048464,7.46710065961846,-157.9335893463736,227.25534531348066,"{""AC"": -55, ""AC_35_P"": 50, ""AC_40_BP"": -41, ""AC_45_KO"": -430, ""AC_50_C"": 30, ""AC_50_CO"": 2, ""AC_50_C_2"": 23, ""AC_50_P_2"": 6, ""AC_60_C"": 20}",-55,-430,-41,2,23,6,50,0,0,0,30,20
99287,123.33228809229855,84.74344828892026,702.3741869735175,70.23741869735174,70.23741869735174,140.47483739470348,0.466,-538.3494689002633,-2524.3329766661623,-4161.166676040661,3224.812312589649,69.49734120227222,-11.255079132767278,7.461158408583181,78.85545997294744,7.461158408583181,-81.49249783011902,123.33228809229855,"{""AC"": -45, ""AC_35_P"": 27, ""AC_40_BP"": -39, ""AC_45_KO"": -460, ""AC_50_C"": 22, ""AC_50_CO"": -5, ""AC_50_C_2"": 28, ""AC_50_P"": -18, ""AC_60_C"": 21}",-45,-460,-39,-5,28,0,27,0,0,-18,22,21
93818,130.95088097552107,48.41789394655015,588.8527182039485,58.88527182039485,58.88527182039485,117.7705436407897,0.458,-627.1513076317605,-1233.5567914120918,-1586.3125916232389,2326.810312963172,68.23575021234502,-25.83694593241904,7.435548920559583,84.87199763883434,7.435548920559583,-84.72221775281389,130.95088097552107,"{""AC"": -10, ""AC_40_BP"": -11, ""AC_45_KO"": -160, ""AC_45_P"": 31, ""AC_50_CO"": -17, ""AC_50_C_2"": 13, ""AC_50_P"": -16, ""AC_50_P_2"": 48, ""AC_60_C"": 32}",-10,-160,-11,-17,13,48,0,0,31,-16,0,32
114579,293.0080023064803,-5.063597655222225,1406.2255026589369,140.6225502658937,140.6225502658937,281.2451005317874,0.502,-1435.274098352135,-3099.4590890900495,-4798.86517263269,6813.707509941261,149.4805924712668,-65.81052228155346,7.4056124207132115,186.08865982240013,7.4056124207132115,-206.43307254744715,293.0080023064803,"{""AC"": -70, ""AC_35_P"": 49, ""AC_40_BP"": -50, ""AC_45_KO"": -500, ""AC_45_P"": 11, ""AC_50_C"": 33, ""AC_50_CO"": -2, ""AC_50_C_2"": 41, ""AC_60_C"": 46}",-70,-500,-50,-2,41,0,49,0,11,0,33,46
113083,185.00095795269607,20.678691844315892,954.435803386837,95.4435803386837,95.4435803386837,190.8871606773674,0.486,-866.9131352179514,-2919.4717208233847,-4433.780437984965,2253.3682145732782,98.30964443090092,-31.72732585179179,7.242197500661497,117.79440610712756,7.242197500661497,-127.17090619047549,185.00095795269607,"{""AC"": -70, ""AC_35_P"": 24, ""AC_40_BP"": -50, ""AC_45_KO"": -500, ""AC_45_P"": -6, ""AC_50_C"": 45, ""AC_50_CO"": -3, ""AC_50_C_2"": 18, ""AC_60_C"": 28}",-70,-500,-50,-3,18,0,24,0,-6,0,45,28
130363,300.25509986154935,25.16733648143736,1358.6177647011011,135.8617764701101,135.8617764701101,271.7235529402202,0.492,-1500.5772489889214,-2061.539098891902,-3097.2876170411296,6636.1325099412625,150.19737496265722,-74.88921238568099,7.23762427815609,191.26079329457576,7.23762427815609,-210.7509888557911,300.25509986154935,"{""AC"": -85, ""AC_35_P"": 36, ""AC_40_BP"": -50, ""AC_45_KO"": -300, ""AC_50_C"": 48, ""AC_50_CO"": -6, ""AC_50_C_2"": 41, ""AC_50_P_2"": 14, ""AC_60_C"": 50}",-85,-300,-50,-6,41,14,36,0,0,0,48,50
25735,194.98011385138872,-3.741553756433234,928.5620717794293,92.85620717794293,92.85620717794293,185.71241435588587,0.502,-942.1018451330364,-1570.9466018423914,-2380.3236635034987,2423.3404499102053,100.76992933808508,-40.54534743187037,7.236733492461795,124.66096980025117,7.236733492461795,-133.4015546098133,194.98011385138872,"{""AC"": -55, ""AC_35_P"": 35, ""AC_40_BP"": -28, ""AC_45_KO"": -250, ""AC_50_C"": 41, ""AC_50_CO"": -4, ""AC_50_C_2"": 22, ""AC_50_P_2"": 6, ""AC_60_C"": 12}",-55,-250,-28,-4,22,6,35,0,0,0,41,12
98148,200.71879200851347,-219.5063308065644,1127.5358651187225,112.75358651187226,112.75358651187226,225.5071730237445,0.546,-914.6864289539891,-2402.6889137812236,-3453.6488129615473,2930.083854441994,109.25014911311456,-27.9528152299838,7.139034409478988,126.79607393284597,7.139034409478988,-140.70640174185604,200.71879200851347,"{""AC"": -60, ""AC_35_P"": 26, ""AC_40_BP"": -46, ""AC_40_P"": 22, ""AC_45_KO"": -340, ""AC_45_P"": 3, ""AC_50_C"": 42, ""AC_50_CO"": -1, ""AC_60_C"": 31}",-60,-340,-46,-1,0,0,26,22,3,0,42,31
6014,265.3224658229017,-243.2828633443928,1432.5814998357223,143.25814998357222,143.25814998357222,286.51629996714445,0.556,-1244.1983423526422,-1597.9968217511123,-1982.5395080649591,4116.018995171839,140.90263158763747,-45.72711976525886,7.063639478219258,167.2980112093765,7.063639478219258,-188.9852697488311,265.3224658229017,"{""AC"": -15, ""AC_35_P"": 29, ""AC_40_BP"": -45, ""AC_40_P"": 26, ""AC_50_CO"": 20, ""AC_50_C_2"": 11, ""AC_50_P"": 33, ""AC_50_P_2"": 29}",-15,0,-45,20,11,29,29,26,0,33,0,0
19385,147.58829761765654,75.83530750640375,752.2269327500456,75.22269327500456,75.22269327500456,150.44538655000912,0.456,-686.1369012185907,-1921.5654782339082,-3569.3139662191015,3772.149693605934,78.97460749579747,-23.945927686991126,7.056415797365659,94.47577923797587,7.056415797365659,-99.16862096199569,147.58829761765654,"{""AC"": -55, ""AC_35_P"": 34, ""AC_40_BP"": -41, ""AC_45_KO"": -380, ""AC_50_C"": 40, ""AC_50_CO"": -21, ""AC_50_C_2"": 32, ""AC_50_P_2"": -15, ""AC_60_C"": 29}",-55,-380,-41,-21,32,-15,34,0,0,0,40,29
85301,174.84086145737024,70.00328758577353,910.9819908086055,91.09819908086055,91.09819908086055,182.1963981617211,0.48,-814.9500237876229,-2263.9975606285375,-3699.7960121424517,5692.555637722573,93.34585907860794,-28.896644489535475,7.049258348796542,111.31881049777394,7.049258348796542,-119.99484357039603,174.84086145737024,"{""AC"": -30, ""AC_35_P"": 32, ""AC_40_BP"": -26, ""AC_45_KO"": -390, ""AC_50_C"": 12, ""AC_50_CO"": -5, ""AC_50_C_2"": 32, ""AC_50_P"": 11, ""AC_60_C"": 29}",-30,-390,-26,-5,32,0,32,0,0,11,12,29
35551,173.22458406475914,-100.13494391184355,972.2425545291761,97.22425545291762,97.22425545291762,194.44851090583524,0.538,-783.8316011079133,-2612.719837339059,-4001.2481371295735,2412.0208809070855,94.8414239539678,-22.733316212219194,7.037716172113335,109.72694014613407,7.037716172113335,-119.95757166513681,173.22458406475914,"{""AC"": -65, ""AC_35_P"": 22, ""AC_40_BP"": -48, ""AC_45_KO"": -410, ""AC_45_P"": 10, ""AC_50_C"": 50, ""AC_50_CO"": -5, ""AC_50_P"": -2, ""AC_60_C"": 32}",-65,-410,-48,-5,0,0,22,0,10,-2,50,32
82913,214.7028569793107,-75.58651629215797,1081.1530399901062,108.11530399901062,108.11530399901062,216.23060799802124,0.528,-1024.0815230341173,-2215.6471494292878,-3198.8846139524694,3221.6861111314774,112.29470467589897,-41.31752377921862,7.032976524687797,136.46995482785218,7.032976524687797,-149.43282777822924,214.7028569793107,"{""AC"": -60, ""AC_35_P"": 40, ""AC_40_BP"": -30, ""AC_45_KO"": -340, ""AC_45_P"": 13, ""AC_50_C"": 39, ""AC_50_CO"": -8, ""AC_50_C_2"": 9, ""AC_60_C"": 46}",-60,-340,-30,-8,9,0,40,0,13,0,39,46
74922,117.04202396982656,-116.52485609455687,602.9715417796895,60.29715417796895,60.29715417796895,120.5943083559379,0.552,-532.7434575634699,-818.2958184610136,-1124.7113981899822,1616.950312665196,63.76767821347957,-16.143840421040906,6.981928246321608,75.33056254716082,6.981928246321608,-76.44099459900985,117.04202396982656,"{""AC_35_P"": 45, ""AC_40_BP"": -4, ""AC_45_KO"": -100, ""AC_45_P"": 25, ""AC_50_C"": -11, ""AC_50_CO"": -8, ""AC_50_P"": 4, ""AC_60_C"": 32}",0,-100,-4,-8,0,0,45,0,25,4,-11,32
113919,44.728518316372636,-19.38947165372188,195.91856066177908,19.591856066177908,19.591856066177908,39.183712132355815,0.526,-186.43223978167083,-285.1807515017824,-461.7950348244243,522.0522746213379,26.085294338205554,-1.8795416290450717,6.967754316033057,30.508942310744615,6.967754316033057,-21.47139769522298,44.728518316372636,"{""AC_35_P"": 9, ""AC_40_BP"": -10, ""AC_45_KO"": -40, ""AC_50_C"": 10, ""AC_50_CO"": -1, ""AC_50_C_2"": 6, ""AC_50_P"": 14, ""AC_60_C"": -12}",0,-40,-10,-1,6,0,9,0,0,14,10,-12
141425,152.5416959358143,-48.928235713270055,826.5671900218545,82.65671900218544,82.65671900218544,165.31343800437088,0.54,-695.4778303268723,-2610.32269803866,-4002.1297547924605,2545.4216199290713,82.99391290312705,-21.32776164590379,6.8916618856907235,97.10362466892431,6.8916618856907235,-103.98448064808923,152.5416959358143,"{""AC"": -50, ""AC_35_P"": 24, ""AC_40_BP"": -48, ""AC_40_P"": 7, ""AC_45_KO"": -410, ""AC_50_C"": 23, ""AC_50_CO"": -4, ""AC_50_C_2"": 4, ""AC_60_C"": 47}",-50,-410,-48,-4,4,0,24,7,0,0,23,47
70076,256.254924607948,-29.11830646845928,1292.0286740514744,129.20286740514743,129.20286740514743,258.40573481029486,0.51,-1231.8360809832284,-3102.59537997252,-4580.008494357882,3212.221037239684,133.07131650962515,-51.7040956378591,6.878078757890037,162.3624037074997,6.878078757890037,-180.90696304300653,256.254924607948,"{""AC"": -65, ""AC_35_P"": 35, ""AC_40_BP"": -40, ""AC_40_P"": 22, ""AC_45_KO"": -500, ""AC_50_C"": 46, ""AC_50_CO"": 1, ""AC_50_C_2"": 26, ""AC_60_C"": 15}",-65,-500,-40,1,26,0,35,22,0,0,46,15
78925,210.40249981720862,-28.46621076095073,1060.5979883388807,106.05979883388807,106.05979883388807,212.11959766777613,0.508,-1004.0499858425527,-2696.9675294709655,-4126.147894136899,5486.347995146396,109.99750123295334,-40.609996643429554,6.765102523881694,133.68505081660896,6.765102523881694,-146.66979547731762,210.40249981720862,"{""AC"": -55, ""AC_35_P"": 48, ""AC_40_BP"": -37, ""AC_45_KO"": -430, ""AC_50_C"": 38, ""AC_50_CO"": -2, ""AC_50_C_2"": 24, ""AC_50_P_2"": -5, ""AC_60_C"": 33}",-55,-430,-37,-2,24,-5,48,0,0,0,38,33
19363,216.55109388988274,11.636141337901108,1005.2584216351275,100.52584216351275,100.52584216351275,201.0516843270255,0.496,-1064.0844952237674,-1776.3802307795595,-2927.0303134198184,2486.8572729675584,110.142644367506,-49.470029916059104,6.675498524561263,138.2154085878162,6.675498524561263,-149.99587207957185,216.55109388988274,"{""AC"": -65, ""AC_35_P"": 29, ""AC_40_BP"": -35, ""AC_40_P"": 16, ""AC_45_KO"": -310, ""AC_50_C"": 43, ""AC_50_CO"": -14, ""AC_50_C_2"": 27, ""AC_60_C"": 29}",-65,-310,-35,-14,27,0,29,16,0,0,43,29
97587,198.2928380124637,-37.243296316239764,1053.2615865133246,105.32615865133246,105.32615865133246,210.65231730266493,0.506,-926.9065353049298,-3144.154663608507,-4724.521762104752,5664.049438790358,105.60218448197072,-33.43379581376874,6.593778391058024,125.61597158438411,6.593778391058024,-138.7599544651012,198.2928380124637,"{""AC"": -55, ""AC_35_P"": 42, ""AC_40_BP"": -50, ""AC_45_KO"": -500, ""AC_50_C"": 33, ""AC_50_CO"": -2, ""AC_50_C_2"": 20, ""AC_50_P_2"": -4, ""AC_60_C"": 43}",-55,-500,-50,-2,20,-4,42,0,0,0,33,43
15478,137.18472068746158,-1.8058982392702045,747.1578619649594,74.71578619649594,74.71578619649594,149.43157239299188,0.504,-621.7216100431827,-1290.2035239302515,-2011.5329364223776,5023.68272684219,75.01255968314331,-18.24568182333411,6.5685860827362035,87.41969363617847,6.5685860827362035,-92.96146801983005,137.18472068746158,"{""AC_35_P"": 11, ""AC_40_BP"": -22, ""AC_40_P"": 49, ""AC_45_KO"": -170, ""AC_45_P"": 3, ""AC_50_CO"": -5, ""AC_50_C_2"": 28, ""AC_60_C"": 9}",0,-170,-22,-5,28,0,11,49,3,0,0,9
143924,116.76665506343224,28.583299850225472,499.0422790037583,49.90422790037583,49.90422790037583,99.80845580075166,0.466,-568.3227675660345,-615.7134583929628,-636.5932757933853,2504.0516342512597,59.93437830682879,-25.314036828076382,6.5661259783391515,75.87445971003656,6.5661259783391515,-75.21826472845221,116.76665506343224,"{""AC"": 25, ""AC_40_BP"": 6, ""AC_40_P"": 14, ""AC_45_KO"": -10, ""AC_50_C"": -14, ""AC_50_CO"": -10, ""AC_50_C_2"": 17, ""AC_50_P"": 37, ""AC_50_P_2"": 32}",25,-10,6,-10,17,32,0,14,0,37,-14,0
100906,255.84584071223196,78.74873853770714,1240.47183196922,124.04718319692199,124.04718319692199,248.09436639384398,0.484,-1248.5543918976662,-2302.901140074592,-3786.2192990432195,7384.192521737492,130.99040152246533,-56.29275726218458,6.539090329121052,162.40632531811815,6.539090329121052,-180.33994045910657,255.84584071223196,"{""AC"": -70, ""AC_35_P"": 39, ""AC_40_BP"": -41, ""AC_40_P"": -2, ""AC_45_KO"": -380, ""AC_50_C"": 47, ""AC_50_CO"": -6, ""AC_50_C_2"": 47, ""AC_60_C"": 32}",-70,-380,-41,-6,47,0,39,-2,0,0,47,32
94263,138.58898144826958,-93.9916573475077,732.8672375491492,73.28672375491492,73.28672375491492,146.57344750982983,0.55,-636.0613582196702,-1936.8350856422785,-2849.7279356776617,1870.651103402414,74.98284562630255,-20.426358106647967,6.53641583786159,88.46423259855733,6.53641583786159,-93.71308186156288,138.58898144826958,"{""AC"": 15, ""AC_35_P"": 29, ""AC_40_BP"": -1, ""AC_40_P"": 48, ""AC_45_KO"": -310, ""AC_50_C"": -11, ""AC_50_CO"": -12, ""AC_50_C_2"": 11, ""AC_50_P"": 23}",15,-310,-1,-12,11,0,29,48,0,23,-11,0
133319,98.587969865661,-107.35301166403843,552.2449774111439,55.224497741114384,55.224497741114384,110.44899548222877,0.542,-429.66470190205746,-970.295648704732,-1287.465523913879,1422.2487311907607,55.62149967545525,-8.82820560985337,6.5260157097951925,63.29861033527953,6.5260157097951925,-64.05270335096776,98.587969865661,"{""AC_35_P"": 1, ""AC_40_BP"": -9, ""AC_40_P"": 16, ""AC_45_KO"": -130, ""AC_45_P"": 31, ""AC_50_CO"": -2, ""AC_50_P"": 6, ""AC_60_C"": 7}",0,-130,-9,-2,0,0,1,16,31,6,0,7
112786,166.42765465710818,65.43630193535023,837.2996704681237,83.72996704681238,83.72996704681238,167.45993409362475,0.476,-787.0327412416418,-2348.7630702702386,-3802.270137808265,2537.79388111544,87.724380532944,-30.330530653302276,6.5077599474557175,106.143525833323,6.5077599474557175,-114.06049770011465,166.42765465710818,"{""AC"": -50, ""AC_35_P"": 36, ""AC_40_BP"": -23, ""AC_40_P"": -9, ""AC_45_KO"": -430, ""AC_50_C"": 29, ""AC_50_CO"": -5, ""AC_50_C_2"": 23, ""AC_60_C"": 22}",-50,-430,-23,-5,23,0,36,-9,0,0,29,22
279,113.2229111141846,60.61755783443119,518.7232236523795,51.87232236523795,51.87232236523795,103.7446447304759,0.466,-538.6748348627435,-854.058294207725,-1454.7146146971854,3069.8061136574343,59.355427627910245,-21.445797601501283,6.485524702154095,73.32108877973793,6.485524702154095,-73.31811996673923,113.2229111141846,"{""AC"": -10, ""AC_35_P"": 23, ""AC_40_BP"": 15, ""AC_45_KO"": -150, ""AC_45_P"": 40, ""AC_50_CO"": -23, ""AC_50_C_2"": 16, ""AC_50_P"": -9, ""AC_60_C"": 39}",-10,-150,15,-23,16,0,23,0,40,-9,0,39
52134,213.1299552535907,10.322413909763725,1106.6915553801782,110.66915553801782,110.66915553801782,221.33831107603564,0.496,-1009.1425058558015,-2651.8067539140893,-4017.3774807259983,7005.865522111017,112.21570466801056,-39.15567121035966,6.424001606211597,135.0055410762962,6.424001606211597,-149.82482674837746,213.1299552535907,"{""AC"": -50, ""AC_35_P"": 21, ""AC_40_BP"": -48, ""AC_45_KO"": -410, ""AC_45_P"": 17, ""AC_50_C"": 35, ""AC_50_CO"": -1, ""AC_50_C_2"": 32, ""AC_60_C"": 31}",-50,-410,-48,-1,32,0,21,0,17,0,35,31
102213,218.21759954608035,-50.63090528440571,1259.1295807338215,125.91295807338216,125.91295807338216,251.8259161467643,0.524,-992.3421066527964,-2876.782118075794,-4027.8268531518397,8827.719356041534,118.9833888808007,-29.86792711711874,6.409804511469829,137.122254695095,6.409804511469829,-155.7808851905009,218.21759954608035,"{""AC"": -40, ""AC_35_P"": 31, ""AC_40_BP"": -42, ""AC_45_KO"": -390, ""AC_50_C"": 41, ""AC_50_CO"": 3, ""AC_50_C_2"": 31, ""AC_50_P_2"": 19, ""AC_60_C"": 23}",-40,-390,-42,3,31,19,31,0,0,0,41,23
135666,155.90946052608487,79.29964438508898,751.4435676141228,75.14435676141228,75.14435676141228,150.28871352282457,0.46,-746.5326135973214,-2285.5774476752804,-3720.2804875419397,2963.0808546234985,81.25619916635273,-30.723692873245483,6.357390105780517,99.79674065586573,6.357390105780517,-105.86804963465777,155.90946052608487,"{""AC"": -70, ""AC_35_P"": 20, ""AC_40_BP"": -41, ""AC_40_P"": -16, ""AC_45_KO"": -420, ""AC_50_C"": 50, ""AC_50_CO"": -12, ""AC_50_C_2"": 19, ""AC_60_C"": 35}",-70,-420,-41,-12,19,0,20,-16,0,0,50,35
47895,161.4979511662703,-28.05166407748709,787.1441170733355,78.71441170733354,78.71441170733354,157.42882341466708,0.526,-772.0580644182849,-1520.21780411207,-2290.702096912615,2058.951894139632,84.29214472444181,-31.516564938300917,6.332035649860799,103.21644501852268,6.332035649860799,-110.23097664563446,161.4979511662703,"{""AC"": -50, ""AC_35_P"": 30, ""AC_40_BP"": -50, ""AC_45_KO"": -240, ""AC_50_C"": 23, ""AC_50_CO"": -5, ""AC_50_C_2"": 15, ""AC_50_P"": 5, ""AC_60_C"": 28}",-50,-240,-50,-5,15,0,30,0,0,5,23,28
60841,161.44766733545308,93.34501923822327,665.5913652567253,66.55913652567253,66.55913652567253,133.11827305134506,0.464,-812.2962964161666,-1027.8350631860608,-1221.817852644362,2141.7249315733643,80.21803769383641,-41.626406768588566,6.323654610191838,104.1930683832266,6.323654610191838,-108.1855432942611,161.44766733545308,"{""AC"": -5, ""AC_40_BP"": -6, ""AC_40_P"": 34, ""AC_45_KO"": -60, ""AC_50_CO"": -25, ""AC_50_C_2"": 24, ""AC_50_P"": 34, ""AC_50_P_2"": 14, ""AC_60_C"": 23}",-5,-60,-6,-25,24,14,0,34,0,34,0,23
111030,309.2883462937438,29.358485446312102,1436.2073612294553,143.62073612294552,143.62073612294552,287.24147224589103,0.49,-1541.0738394028533,-2688.842461664252,-3936.0183729750524,6379.713560399185,155.18096235345848,-75.98011355696951,6.3169023218430596,196.32947029286476,6.3169023218430596,-219.60084967991503,309.2883462937438,"{""AC"": -80, ""AC_35_P"": 41, ""AC_40_BP"": -50, ""AC_45_KO"": -400, ""AC_50_C"": 47, ""AC_50_CO"": 1, ""AC_50_C_2"": 42, ""AC_50_P_2"": 15, ""AC_60_C"": 36}",-80,-400,-50,1,42,15,41,0,0,0,47,36
124220,247.7364974788961,-10.943087554424324,1196.4432852656316,119.64432852656316,119.64432852656316,239.28865705312631,0.506,-1210.7794769127765,-2084.3463641448097,-3081.1895791280454,3743.1715304359313,126.65854978761844,-54.95837174929804,6.2974116786980545,157.28644150161648,6.2974116786980545,-174.6027002758612,247.7364974788961,"{""AC"": -70, ""AC_35_P"": 45, ""AC_40_BP"": -30, ""AC_45_KO"": -320, ""AC_45_P"": 4, ""AC_50_C"": 50, ""AC_50_CO"": -2, ""AC_50_C_2"": 23, ""AC_60_C"": 28}",-70,-320,-30,-2,23,0,45,0,4,0,50,28
108815,196.3581017039765,22.095750358407884,903.9935198233389,90.3993519823339,90.3993519823339,180.7987039646678,0.49,-965.8293851025579,-1506.444458661438,-2462.592831204389,5002.935762604404,99.7751631937207,-45.09924457166298,6.284017947425859,125.46679445326512,6.284017947425859,-135.4985965539969,196.3581017039765,"{""AC"": -55, ""AC_35_P"": 26, ""AC_40_BP"": -42, ""AC_45_KO"": -240, ""AC_45_P"": 7, ""AC_50_C"": 27, ""AC_50_CO"": -7, ""AC_50_C_2"": 31, ""AC_60_C"": 39}",-55,-240,-42,-7,31,0,26,0,7,0,27,39
7474,237.84822460088068,37.050939791797646,1129.3956785053008,112.93956785053008,112.93956785053008,225.87913570106016,0.486,-1167.3639821752204,-2657.382937062396,-4246.546431524976,4709.217738638417,121.11182638335865,-53.99277094292441,6.273843349332587,151.24513352948713,6.273843349332587,-166.9323387934545,237.84822460088068,"{""AC"": -90, ""AC_35_P"": 48, ""AC_40_BP"": -50, ""AC_45_KO"": -450, ""AC_50_C"": 50, ""AC_50_CO"": -7, ""AC_50_C_2"": 34, ""AC_50_P"": -25, ""AC_60_C"": 47}",-90,-450,-50,-7,34,0,48,0,0,-25,50,47
5611,232.28990038669738,-43.31510789339484,1128.5672181655368,112.85672181655369,112.85672181655369,225.71344363310737,0.512,-1130.6267044448693,-2437.1963167943545,-3556.3283550601845,4022.5142953679806,119.22722994221044,-50.366775724519954,6.267533811690143,147.54438471031548,6.267533811690143,-163.22349754107364,232.28990038669738,"{""AC"": -65, ""AC_35_P"": 46, ""AC_40_BP"": -45, ""AC_45_KO"": -370, ""AC_45_P"": -1, ""AC_50_C"": 38, ""AC_50_CO"": 2, ""AC_50_C_2"": 23, ""AC_60_C"": 32}",-65,-370,-45,2,23,0,46,0,-1,0,38,32
73777,144.21872956724903,4.54235657812896,797.1251033576915,79.71251033576915,79.71251033576915,159.4250206715383,0.496,-654.1018383838109,-2011.3083857462486,-3129.968094384776,2175.3326120113306,78.80854572886794,-19.306730028703697,6.247198641792814,91.58551006411619,6.247198641792814,-99.01924036447285,144.21872956724903,"{""AC"": -10, ""AC_35_P"": 33, ""AC_40_BP"": 16, ""AC_40_P"": 7, ""AC_45_KO"": -300, ""AC_50_C"": 27, ""AC_50_CO"": -22, ""AC_50_P_2"": 47, ""AC_60_C"": 11}",-10,-300,16,-22,0,47,33,7,0,0,27,11
124114,255.44853658318684,-23.854152298363488,1486.6691851594146,148.66691851594146,148.66691851594146,297.3338370318829,0.504,-1165.8394635769805,-3268.8119063125405,-5083.002235465597,10353.886105904352,138.86459022548877,-36.01132931105829,6.239157788669047,159.98983377535245,6.239157788669047,-184.67824782699975,255.44853658318684,"{""AC"": -50, ""AC_35_P"": 43, ""AC_40_BP"": -49, ""AC_40_P"": 9, ""AC_45_KO"": -500, ""AC_50_C"": 43, ""AC_50_C_2"": 48, ""AC_60_C"": 26}",-50,-500,-49,0,48,0,43,9,0,0,43,26
124910,59.250512839564294,-7.415033801918526,278.1206814484603,27.81206814484603,27.81206814484603,55.62413628969206,0.51,-260.80616103649174,-610.7886481008339,-810.5204542069473,931.4206890517349,33.16989673591512,-5.951027419558642,6.22355461166752,39.2571877515282,6.22355461166752,-33.76309556440467,59.250512839564294,"{""AC"": -5, ""AC_35_P"": 12, ""AC_40_BP"": 2, ""AC_45_KO"": -80, ""AC_45_P"": 30, ""AC_50_C"": 18, ""AC_50_CO"": -16, ""AC_50_P"": -4, ""AC_60_C"": 9}",-5,-80,2,-16,0,0,12,0,30,-4,18,9
136251,79.51030746160352,-8.898293393928569,460.3524487286946,46.035244872869455,46.035244872869455,92.07048974573891,0.508,-335.27500000000003,-963.3679274462261,-1453.269726201211,1261.336843873753,45.982807461603514,-4.308442538396491,6.201435025168784,51.237746243386155,6.201435025168784,-50.34368741126595,79.51030746160352,"{""AC"": -5, ""AC_35_P"": 13, ""AC_40_BP"": 7, ""AC_40_P"": 11, ""AC_45_KO"": -140, ""AC_45_P"": 2, ""AC_50_C"": 14, ""AC_50_CO"": -9, ""AC_50_P_2"": 21}",-5,-140,7,-9,0,21,13,11,2,0,14,0
8505,112.53164396669288,79.07918438257178,531.526747940016,53.1526747940016,53.1526747940016,106.3053495880032,0.436,-531.9906520114172,-1685.0066973897924,-2756.3266419609527,1916.9555745230628,59.33257876555116,-20.466019036161413,6.156708767979509,72.64394266762163,6.156708767979509,-73.61869383016301,112.53164396669288,"{""AC"": -60, ""AC_40_BP"": -40, ""AC_45_KO"": -310, ""AC_45_P"": -5, ""AC_50_C"": 50, ""AC_50_CO"": -10, ""AC_50_C_2"": 17, ""AC_50_P"": -3, ""AC_60_C"": 17}",-60,-310,-40,-10,17,0,0,0,-5,-3,50,17
38779,162.93122128500673,25.638059493307082,894.0547563688556,89.40547563688555,89.40547563688555,178.8109512737711,0.486,-747.8533878290751,-1995.081305092918,-3314.313914485121,6239.808932518721,88.14588250209921,-24.032125672262055,6.050475292202684,103.18718298433159,6.050475292202684,-113.43760130914761,162.93122128500673,"{""AC"": -50, ""AC_35_P"": 26, ""AC_40_BP"": -33, ""AC_40_P"": -10, ""AC_45_KO"": -340, ""AC_50_C"": 41, ""AC_50_CO"": -7, ""AC_50_C_2"": 32, ""AC_60_C"": 25}",-50,-340,-33,-7,32,0,26,-10,0,0,41,25
112494,293.663789276375,-17.127898889444396,1450.4575070848227,145.04575070848227,145.04575070848227,290.09150141696455,0.506,-1434.0827308532707,-3079.990404467235,-4501.310872100039,4729.787206248364,150.25551619104792,-64.8568934369427,6.028504294143232,185.69821505659087,6.028504294143232,-209.90264414542497,293.663789276375,"{""AC"": -65, ""AC_35_P"": 48, ""AC_40_BP"": -39, ""AC_45_KO"": -480, ""AC_45_P"": 25, ""AC_50_C"": 36, ""AC_50_CO"": 1, ""AC_50_C_2"": 27, ""AC_60_C"": 37}",-65,-480,-39,1,27,0,48,0,25,0,36,37
85900,139.02002429820286,18.182842233248415,678.4935630753761,67.8493563075376,67.8493563075376,135.6987126150752,0.484,-660.731772521105,-1577.1732950119572,-1904.4553788470723,3460.516384487599,72.94684704609236,-26.162918832073387,5.9855802662683075,89.0210965952632,5.9855802662683075,-94.01227513961099,139.02002429820286,"{""AC_40_BP"": 7, ""AC_40_P"": 47, ""AC_45_KO"": -190, ""AC_45_P"": -10, ""AC_50_CO"": 1, ""AC_50_C_2"": 19, ""AC_50_P_2"": 25, ""AC_60_C"": 4}",0,-190,7,1,19,25,0,47,-10,0,0,4
