run_id,mean,median,std,score_std_100,score_std_100_sims,mean_ci95_100_sims,p_loss,p05,p01,worst,best,score_p05_10,score_p05_25,score,score_aggressive,score_balanced,score_safe,score_mean_only,positions,AC,AC_45_KO,AC_40_BP,AC_50_CO,AC_50_C_2,AC_50_P_2,AC_35_P,AC_40_P,AC_45_P,AC_50_P,AC_50_C,AC_60_C
1,273.66591898989816,119.8567138297505,2340.2294628106533,234.02294628106534,234.02294628106534,468.0458925621307,0.468,-3348.996721123117,-5359.556499868806,-8793.367063035774,4922.166355575866,-61.23375312241353,-563.5832612908811,-345.695062319102,47.71034636347598,-345.695062319102,-797.6062075719465,273.66591898989816,"{""AC"": -115, ""AC_35_P"": 29, ""AC_40_BP"": -37, ""AC_45_KO"": -320, ""AC_50_C"": 36, ""AC_50_CO"": 3, ""AC_50_C_2"": 35, ""AC_50_P_2"": 3, ""AC_60_C"": 36}",-115,-320,-37,3,35,3,29,0,0,0,36,36
2,327.48294862319267,70.52004747407446,3300.2310193464405,330.02310193464405,330.02310193464405,660.0462038692881,0.492,-4943.277009767674,-7381.131837227753,-12726.044487240542,6882.568311641076,-166.84475235357473,-908.3363038187258,-579.0201538092804,-2.1866773488520437,-579.0201538092804,-1238.3594057533699,327.48294862319267,"{""AC"": -140, ""AC_35_P"": 43, ""AC_40_BP"": -50, ""AC_40_P"": 13, ""AC_45_KO"": -270, ""AC_50_C"": 31, ""AC_50_CO"": 11, ""AC_50_C_2"": 23, ""AC_60_C"": 50}",-140,-270,-50,11,23,0,43,13,0,0,31,50
3,310.9602353556794,622.4421888406348,5375.96417483714,537.5964174837139,537.5964174837139,1075.1928349674279,0.446,-9321.464664289117,-15435.155853926848,-27798.95271953169,9346.237999814508,-621.1862310732323,-2019.4059307165999,-1356.057673029545,-289.51210222970496,-1356.057673029545,-2557.002348200314,310.9602353556794,"{""AC"": -200, ""AC_35_P"": 50, ""AC_40_BP"": -50, ""AC_45_KO"": -490, ""AC_50_C"": 25, ""AC_50_CO"": 16, ""AC_50_C_2"": 43, ""AC_50_P"": -3, ""AC_60_C"": 50}",-200,-490,-50,16,43,0,50,0,0,-3,25,50
4,-65.2859375566161,849.0110938887503,2955.4610548470214,295.54610548470214,295.54610548470214,591.0922109694043,0.342,-6264.404641899876,-10803.761386133323,-19974.60893839412,3071.8371990325004,-691.7264017466038,-1631.387098031585,-1152.7196865839485,-452.39269602278546,-1152.7196865839485,-1926.9332035162872,-65.2859375566161,"{""AC"": -75, ""AC_40_BP"": -24, ""AC_40_P"": 4, ""AC_45_KO"": -60, ""AC_45_P"": -5, ""AC_50_CO"": -17, ""AC_50_C_2"": -2, ""AC_50_P_2"": 13, ""AC_60_C"": 22}",-75,-60,-24,-17,-2,13,0,4,-5,0,0,22
5,281.6878205067225,-64.54639626292149,1838.0255243661566,183.80255243661566,183.80255243661566,367.6051048732313,0.518,-2272.8187424385164,-3530.059591423891,-5120.170624925114,4375.64223944287,54.405946262870856,-286.5168651029066,-151.1362670773628,122.09624527564276,-151.1362670773628,-470.31941753952225,281.6878205067225,"{""AC"": -105, ""AC_35_P"": 50, ""AC_40_BP"": -44, ""AC_45_KO"": -240, ""AC_45_P"": -10, ""AC_50_C"": 50, ""AC_50_CO"": -2, ""AC_50_C_2"": 29, ""AC_60_C"": 32}",-105,-240,-44,-2,29,0,50,0,-10,0,50,32
6,150.9600845608304,-179.92110298671963,1043.189369970906,104.3189369970906,104.3189369970906,208.6378739941812,0.558,-1137.0265247640557,-2601.840577311463,-3388.9534196814766,2568.752205263244,37.257432084424835,-133.2965466301835,-71.75336265232323,68.02902407335498,-71.75336265232323,-237.6154836272741,150.9600845608304,"{""AC_35_P"": 9, ""AC_40_BP"": -47, ""AC_40_P"": 15, ""AC_45_KO"": -320, ""AC_45_P"": 12, ""AC_50_CO"": 3, ""AC_50_C_2"": -10, ""AC_50_P"": 46}",0,-320,-47,3,-10,0,9,15,12,46,0,0
7,186.87446391245385,-77.20784871288588,1987.692504327804,198.7692504327804,198.7692504327804,397.5385008655608,0.524,-2928.69885207619,-4513.86338438866,-7728.900315907766,4411.766651101485,-105.99542129516516,-545.3002491065937,-351.8149891153649,-9.252791299550758,-351.8149891153649,-744.0694995393741,186.87446391245385,"{""AC"": -30, ""AC_35_P"": 47, ""AC_40_BP"": -20, ""AC_40_P"": 27, ""AC_45_KO"": -210, ""AC_50_C"": -11, ""AC_50_CO"": 16, ""AC_50_P"": 2, ""AC_50_P_2"": 18}",-30,-210,-20,16,0,18,47,27,0,2,-11,0
8,192.43343785300337,711.452397097878,4841.199148500488,484.1199148500488,484.1199148500488,968.2398297000976,0.436,-8310.82917710275,-15023.415680750886,-26684.989658618564,7803.956676656562,-638.6494798572717,-1885.2738564226843,-1296.2508961374335,-344.13799971464636,-1296.2508961374335,-2369.393771272733,192.43343785300337,"{""AC"": -180, ""AC_35_P"": 27, ""AC_40_BP"": -50, ""AC_45_KO"": -490, ""AC_50_C"": 46, ""AC_50_CO"": 7, ""AC_50_C_2"": 22, ""AC_50_P"": -2, ""AC_60_C"": 28}",-180,-490,-50,7,22,0,27,0,0,-2,46,28
9,-354.13376027164423,-145.4729382740752,1550.345319993031,155.03453199930308,155.03453199930308,310.06906399860617,0.54,-2827.214478561121,-5908.114747544845,-12350.508850532187,1363.9205069483878,-636.8552081277563,-1060.9373799119244,-855.7331980554638,-534.2531171995261,-855.7331980554638,-1215.9719119112274,-354.13376027164423,"{""AC"": 35, ""AC_40_BP"": -7, ""AC_40_P"": -35, ""AC_45_KO"": -180, ""AC_45_P"": -10, ""AC_50_C"": -38, ""AC_50_CO"": -4, ""AC_50_C_2"": -10, ""AC_60_C"": -39}",35,-180,-7,-4,-10,0,0,-35,-10,0,-38,-39
10,79.31351149673478,-711.69226893265,2206.8753054324116,220.68753054324117,220.68753054324117,441.37506108648233,0.63,-1766.031607309731,-1874.5473031166948,-1967.3732091022007,14445.931526379209,-97.28964923423834,-362.19439033069796,-295.93499487134545,-64.15995150456207,-295.93499487134545,-582.8819208739392,79.31351149673478,"{""AC"": 30, ""AC_35_P"": 40, ""AC_40_BP"": 1, ""AC_45_KO"": -10, ""AC_45_P"": -50, ""AC_50_CO"": 11, ""AC_50_C_2"": 17, ""AC_50_P"": -4, ""AC_60_C"": 4}",30,-10,1,11,17,0,40,0,-50,-4,0,4
11,27.165602535239938,-613.4391652523113,2656.7010477416707,265.67010477416704,265.67010477416704,531.3402095483341,0.578,-2692.8347408472555,-2924.7158081666607,-3127.1161817839065,17423.84678345126,-242.11787154948564,-646.0430826765739,-509.59466097893187,-173.8936607006646,-509.59466097893187,-911.713187450741,27.165602535239938,"{""AC"": 50, ""AC_35_P"": -20, ""AC_40_BP"": -22, ""AC_45_KO"": -210, ""AC_45_P"": -14, ""AC_50_CO"": -12, ""AC_50_P"": 10, ""AC_50_P_2"": 12, ""AC_60_C"": 24}",50,-210,-22,-12,0,12,-20,0,-14,10,0,24
12,380.6805239958785,151.70947249465013,2709.844849107306,270.9844849107306,270.9844849107306,541.9689698214612,0.482,-3663.7902225382895,-5383.4540680940645,-7655.181747600538,5956.703813560555,14.301501742049538,-535.2670316386939,-304.38025184023013,129.74489164128136,-304.38025184023013,-806.2515165494244,380.6805239958785,"{""AC"": -145, ""AC_35_P"": 26, ""AC_40_BP"": -29, ""AC_40_P"": -8, ""AC_45_KO"": -400, ""AC_50_C"": 50, ""AC_50_CO"": 18, ""AC_50_C_2"": 50, ""AC_60_C"": 38}",-145,-400,-29,18,50,0,26,-8,0,0,50,38
13,174.91981993814912,0.8097094539906919,1329.0805643648362,132.9080564364836,132.9080564364836,265.8161128729672,0.5,-783.4100068242951,-2689.2168096877595,-3614.197396822977,10770.188476872667,96.5788192557196,-20.932681767924663,-9.045709303736942,102.52230548781345,-9.045709303736942,-153.84073820440827,174.91981993814912,"{""AC"": -5, ""AC_40_BP"": 12, ""AC_40_P"": 9, ""AC_45_KO"": -310, ""AC_45_P"": -5, ""AC_50_C"": 17, ""AC_50_CO"": 22, ""AC_50_C_2"": -2, ""AC_60_C"": 8}",-5,-310,12,22,-2,0,0,9,-5,0,17,8
14,205.0131033441428,-371.32013368547973,2342.237548349337,234.2237548349337,234.2237548349337,468.4475096698674,0.79,-1385.5702633169435,-2626.713635671587,-3648.644613271542,19873.19798336379,66.45607701244845,-141.3794624850931,-119.93431357086558,77.17865146956218,-119.93431357086558,-375.6032173200268,205.0131033441428,"{""AC"": 30, ""AC_40_BP"": 22, ""AC_40_P"": -1, ""AC_45_KO"": -250, ""AC_45_P"": 21, ""AC_50_C"": -8, ""AC_50_CO"": 21, ""AC_50_C_2"": -21, ""AC_60_C"": 40}",30,-250,22,21,-21,0,0,-1,21,0,-8,40
15,279.8745886938027,738.7170639714925,5460.619178885797,546.0619178885797,546.0619178885797,1092.1238357771595,0.442,-9649.59068785543,-16346.347956348194,-29574.10880798586,9131.258942786635,-685.0844800917404,-2132.523083270055,-1440.5949734288015,-339.12042517111377,-1440.5949734288015,-2678.5850011586344,279.8745886938027,"{""AC"": -200, ""AC_35_P"": 41, ""AC_40_BP"": -50, ""AC_45_KO"": -460, ""AC_45_P"": 4, ""AC_50_C"": 37, ""AC_50_CO"": 9, ""AC_50_C_2"": 43, ""AC_60_C"": 38}",-200,-460,-50,9,43,0,41,0,4,0,37,38
16,79.72015454300677,-719.9220813014501,3289.8661079998333,328.98661079998334,328.98661079998334,657.9732215999667,0.626,-3188.5495425640606,-3490.1942417389646,-3740.5428972756313,21196.57853407744,-239.1347997133993,-717.4172310980084,-563.0555822415939,-161.9539752851921,-563.0555822415939,-1046.4038418979917,79.72015454300677,"{""AC"": 40, ""AC_40_BP"": 12, ""AC_40_P"": -37, ""AC_45_KO"": -180, ""AC_45_P"": -3, ""AC_50_C"": 19, ""AC_50_CO"": -9, ""AC_50_C_2"": 26, ""AC_60_C"": 16}",40,-180,12,-9,26,0,0,-37,-3,0,19,16
17,-78.08343774933101,-629.6241875086365,2897.124252324091,289.7124252324091,289.7124252324091,579.4248504648182,0.562,-3604.240821521189,-3965.7011446825254,-4247.457903506376,15596.899669724462,-438.5075199014499,-979.1436431296282,-763.5757735937138,-330.7235851334927,-763.5757735937138,-1268.8560683620374,-78.08343774933101,"{""AC"": 55, ""AC_40_BP"": -12, ""AC_40_P"": 12, ""AC_45_KO"": -260, ""AC_50_C"": 6, ""AC_50_CO"": -25, ""AC_50_P"": -49, ""AC_50_P_2"": 13, ""AC_60_C"": 17}",55,-260,-12,-25,0,13,0,12,0,-49,6,17
18,-206.45197509475594,-1228.3635734831219,5485.462101364731,548.5462101364731,548.5462101364731,1097.0924202729461,0.564,-7043.673719971951,-7816.342342831569,-8496.01518959288,29457.64185477751,-910.8193470919512,-1967.3704050877436,-1537.2761381587852,-695.7722136274717,-1537.2761381587852,-2515.916615224217,-206.45197509475594,"{""AC"": 140, ""AC_40_BP"": -37, ""AC_40_P"": 11, ""AC_45_KO"": -50, ""AC_45_P"": -20, ""AC_50_CO"": -34, ""AC_50_C_2"": -18, ""AC_50_P"": -16, ""AC_50_P_2"": -16}",140,-50,-37,-34,-18,-16,0,11,-20,-16,0,0
19,188.61224967536333,531.0028959838623,2858.3155342624273,285.83155342624275,285.83155342624275,571.6631068524855,0.436,-5037.054509050173,-8132.358900547943,-14782.929950392936,4751.652490402608,-315.09320122965397,-1070.65137758718,-709.8617033952839,-134.698364133706,-709.8617033952839,-1356.4829310134228,188.61224967536333,"{""AC"": -75, ""AC_35_P"": -1, ""AC_40_BP"": -10, ""AC_45_KO"": -10, ""AC_45_P"": 27, ""AC_50_CO"": -13, ""AC_50_C_2"": 30, ""AC_50_P"": 42, ""AC_60_C"": 28}",-75,-10,-10,-13,30,0,-1,0,27,42,0,28
20,6.410284614834978,148.72909359682305,716.3628419966681,71.6362841996668,71.6362841996668,143.2725683993336,0.432,-1274.3617989383667,-2002.6851731931947,-3382.1741101509606,2300.2001947067597,-121.0258952790017,-312.1801651197567,-220.56212732575344,-75.21687638200007,-220.56212732575344,-383.8164493194235,6.410284614834978,"{""AC"": -15, ""AC_35_P"": -5, ""AC_40_BP"": 22, ""AC_45_KO"": -150, ""AC_50_C"": 17, ""AC_50_CO"": 17, ""AC_50_C_2"": -29, ""AC_50_P"": 7, ""AC_50_P_2"": -21}",-15,-150,22,17,-29,-21,-5,0,0,7,17,0
21,127.55728083535625,-1142.2820572256649,2458.374304677134,245.83743046771343,245.83743046771343,491.67486093542686,0.626,-1704.5794974978714,-1748.236734655568,-1787.617422043358,14824.551272022054,-42.90066891443091,-298.5875935391116,-251.04835902318118,-19.131051656465687,-251.04835902318118,-544.425024006825,127.55728083535625,"{""AC"": 60, ""AC_35_P"": 45, ""AC_40_BP"": -15, ""AC_40_P"": 18, ""AC_45_KO"": -40, ""AC_50_CO"": 6, ""AC_50_C_2"": 28, ""AC_50_P"": -23, ""AC_60_C"": -25}",60,-40,-15,6,28,0,45,18,0,-23,0,-25
22,36.59050627169351,-2536.2551975627503,8968.332190930565,896.8332190930565,896.8332190930565,1793.666438186113,0.612,-8927.604113822992,-9734.249489144646,-10403.72117473708,59149.840404060385,-856.1699051106058,-2195.3105221840547,-1750.9667203482834,-633.9980041927203,-1750.9667203482834,-3092.143741277111,36.59050627169351,"{""AC"": 185, ""AC_40_BP"": -34, ""AC_45_KO"": -110, ""AC_45_P"": 2, ""AC_50_C"": 15, ""AC_50_CO"": -7, ""AC_50_C_2"": -33, ""AC_50_P"": -48, ""AC_60_C"": 28}",185,-110,-34,-7,-33,0,0,0,2,-48,15,28
23,-213.3963114596042,1105.2342847718237,3929.547242671319,392.9547242671319,392.9547242671319,785.9094485342638,0.336,-8660.867329701978,-15395.179679056826,-28769.7333141763,3424.512076558922,-1079.483044429802,-2378.6131438850985,-1709.0037730484669,-744.6783590114861,-1709.0037730484669,-2771.5678681522304,-213.3963114596042,"{""AC"": -90, ""AC_40_BP"": 14, ""AC_40_P"": -1, ""AC_45_KO"": -110, ""AC_45_P"": -8, ""AC_50_C"": 9, ""AC_50_CO"": -23, ""AC_50_P"": 6, ""AC_50_P_2"": -23}",-90,-110,14,-23,0,-23,0,-1,-8,6,9,0
24,-160.67319956306477,60.808458663956216,899.2378763232958,89.92378763232958,89.92378763232958,179.84757526465916,0.458,-1979.888896458225,-3792.9729905152985,-7393.814353816698,695.1783100631014,-358.66208920888727,-655.645423677621,-502.6184278479633,-282.1485912940584,-502.6184278479633,-745.5692113099506,-160.67319956306477,"{""AC_35_P"": -7, ""AC_40_BP"": 22, ""AC_40_P"": -23, ""AC_45_KO"": -190, ""AC_50_C"": -24, ""AC_50_CO"": -4, ""AC_50_P"": -2, ""AC_50_P_2"": -1}",0,-190,22,-4,0,-1,-7,-23,0,-2,-24,0
25,176.75692502069327,922.83651055983,5394.292977590109,539.429297759011,539.429297759011,1078.858595518022,0.422,-9522.819751516194,-17303.84038486321,-30936.943238804903,8275.935733684435,-775.5250501309262,-2203.948012858355,-1521.3806865862412,-434.2413869948692,-1521.3806865862412,-2743.3773106173658,176.75692502069327,"{""AC"": -200, ""AC_35_P"": 28, ""AC_40_BP"": -50, ""AC_45_KO"": -500, ""AC_45_P"": -7, ""AC_50_C"": 50, ""AC_50_C_2"": 27, ""AC_60_C"": 34}",-200,-500,-50,0,27,0,28,0,-7,0,50,34
26,-253.7828257755849,1060.3923031981014,2948.558633946272,294.8558633946272,294.8558633946272,589.7117267892544,0.264,-6682.207285423771,-12315.718577672536,-23504.04709935902,1510.570631249507,-922.0035543179621,-1924.3346471315276,-1403.5418502864643,-661.6071558954303,-1403.5418502864643,-2219.190510526155,-253.7828257755849,"{""AC"": -40, ""AC_35_P"": -10, ""AC_40_BP"": 10, ""AC_40_P"": -27, ""AC_45_KO"": -10, ""AC_45_P"": 18, ""AC_50_CO"": -14, ""AC_50_P"": -9, ""AC_60_C"": -33}",-40,-10,10,-14,0,0,-10,-27,18,-9,0,-33
27,159.09489533457713,83.91641781284213,752.4631058692872,75.24631058692873,75.24631058692873,150.49262117385746,0.468,-757.26941123668,-1576.7392889860616,-2002.5698812413807,4639.12686208454,83.36795421090913,-30.222457474592858,7.881328355610776,102.41984712601095,7.881328355610776,-105.46876806152159,159.09489533457713,"{""AC"": -30, ""AC_40_BP"": -4, ""AC_40_P"": 5, ""AC_45_KO"": -180, ""AC_45_P"": -16, ""AC_50_CO"": 12, ""AC_50_C_2"": 5, ""AC_50_P_2"": 17, ""AC_60_C"": 36}",-30,-180,-4,12,5,17,0,5,-16,0,0,36
28,-131.87501772723618,-191.9023515408568,840.2164549353204,84.02164549353203,84.02164549353203,168.04329098706407,0.56,-1277.7057398372879,-2531.176677773533,-3807.556853953046,2138.8385006772714,-259.645591710965,-451.30145268655815,-365.54170144959534,-216.7657160924836,-365.54170144959534,-535.3230981800901,-131.87501772723618,"{""AC"": 25, ""AC_35_P"": 5, ""AC_40_BP"": -24, ""AC_40_P"": -33, ""AC_45_KO"": -340, ""AC_50_CO"": -14, ""AC_50_C_2"": -26, ""AC_50_P"": 6, ""AC_50_P_2"": 18}",25,-340,-24,-14,-26,18,5,-33,0,6,0,0
29,3.6287326200051284,-49.78772536618266,524.4084805559844,52.44084805559844,52.44084805559844,104.88169611119687,0.59,-737.9834496410064,-1670.052208964201,-3017.6832284922943,1821.4686635634444,-70.16961234409551,-180.86712979024645,-133.28920885394504,-46.38065187594479,-133.28920885394504,-233.3079778458449,3.6287326200051284,"{""AC"": -15, ""AC_35_P"": 37, ""AC_40_BP"": 5, ""AC_45_KO"": -180, ""AC_50_C"": 36, ""AC_50_CO"": -34, ""AC_50_C_2"": 19, ""AC_50_P_2"": -12, ""AC_60_C"": -6}",-15,-180,5,-34,19,-12,37,0,0,0,36,-6
30,19.190297528363946,4.295679754556005,627.1631338847326,62.71631338847326,62.71631338847326,125.43262677694652,0.498,-654.176121981094,-2840.3354402730583,-4182.352468701484,1090.7639493078605,-46.227314669745454,-144.35373296690955,-110.29427746303678,-29.19758691780907,-110.29427746303678,-207.0700463553828,19.190297528363946,"{""AC"": -45, ""AC_40_BP"": -8, ""AC_40_P"": 34, ""AC_45_KO"": -460, ""AC_50_C"": 5, ""AC_50_CO"": 8, ""AC_50_P"": -40, ""AC_50_P_2"": -25, ""AC_60_C"": 31}",-45,-460,-8,8,0,-25,0,34,0,-40,5,31
31,193.09777855844803,-2031.0664479882817,6736.413208340708,673.6413208340707,673.6413208340707,1347.2826416681414,0.672,-5181.555335466747,-5590.111078377884,-5938.911452384026,49326.95040297642,-325.05775498822675,-1102.2910553082388,-920.9561821785994,-234.39031842340702,-920.9561821785994,-1775.9323761423095,193.09777855844803,"{""AC"": 140, ""AC_40_BP"": 16, ""AC_45_KO"": -30, ""AC_45_P"": -6, ""AC_50_C"": 21, ""AC_50_CO"": 22, ""AC_50_C_2"": -38, ""AC_60_C"": 9}",140,-30,16,22,-38,0,0,0,-6,0,21,9
32,100.594190944269,5.675570162444899,956.4341578076112,95.64341578076112,95.64341578076112,191.28683156152223,0.494,-1295.2597241145563,-1748.5307476288249,-2648.741088454174,1987.5823611765286,-28.931781467186624,-223.22074008437008,-141.51647556329502,11.92035079335091,-141.51647556329502,-318.8641558651312,100.594190944269,"{""AC"": -35, ""AC_35_P"": -3, ""AC_40_BP"": -6, ""AC_40_P"": 4, ""AC_45_KO"": -40, ""AC_45_P"": 38, ""AC_50_CO"": -3, ""AC_50_P"": -14, ""AC_60_C"": 31}",-35,-40,-6,-3,0,0,-3,4,38,-14,0,31
33,184.89842689165008,955.0323704488328,5880.603529762325,588.0603529762325,588.0603529762325,1176.120705952465,0.438,-10149.979683231128,-18755.16903015205,-32964.459114117984,9193.854885758761,-830.0995414314627,-2352.5964939161317,-1631.628702081135,-469.6156455139644,-1631.628702081135,-2940.6568468923642,184.89842689165008,"{""AC"": -195, ""AC_35_P"": 26, ""AC_40_BP"": -50, ""AC_45_KO"": -420, ""AC_50_C"": 44, ""AC_50_CO"": 16, ""AC_50_C_2"": 14, ""AC_50_P"": 8, ""AC_60_C"": 17}",-195,-420,-50,16,14,0,26,0,0,8,44,17
34,-243.15148481897842,326.1181938858726,2049.117216399633,204.9117216399633,204.9117216399633,409.8234432799266,0.29,-4098.612146830004,-9099.686854609383,-17460.654088353655,1566.1981838864922,-653.0126995019789,-1267.8045215264794,-960.3991676634608,-499.31002257046947,-960.3991676634608,-1472.7162431664428,-243.15148481897842,"{""AC"": -5, ""AC_35_P"": -16, ""AC_40_BP"": 6, ""AC_40_P"": -2, ""AC_45_KO"": -80, ""AC_50_C"": -28, ""AC_50_CO"": -19, ""AC_50_C_2"": 11, ""AC_60_C"": -18}",-5,-80,6,-19,11,0,-16,-2,0,0,-28,-18
35,327.203463810325,-2086.5458627015587,5907.344304066894,590.7344304066894,590.7344304066894,1181.4688608133788,0.664,-4076.372584160678,-4494.286317648832,-5698.135185483713,40761.16192254119,-80.43379460574283,-691.8896822298445,-579.6196390171215,-24.29877299938127,-579.6196390171215,-1282.624112636534,327.203463810325,"{""AC"": 95, ""AC_40_BP"": -37, ""AC_40_P"": -3, ""AC_45_KO"": -390, ""AC_45_P"": 10, ""AC_50_C"": -7, ""AC_50_CO"": 15, ""AC_50_C_2"": 48, ""AC_60_C"": 26}",95,-390,-37,15,48,0,0,-3,10,0,-7,26
36,20.94076971521876,920.1725758449472,4200.756584557914,420.07565845579137,420.07565845579137,840.1513169115827,0.432,-8241.89728542377,-13875.408577672537,-25063.73709935903,5652.398182414997,-803.2489588271584,-2039.533551640724,-1425.3816523262424,-496.17300916991763,-1425.3816523262424,-2459.609210096515,20.94076971521876,"{""AC"": -120, ""AC_35_P"": -2, ""AC_40_BP"": 8, ""AC_45_KO"": -310, ""AC_45_P"": -1, ""AC_50_C"": 20, ""AC_50_CO"": 18, ""AC_50_P"": -1, ""AC_60_C"": -5}",-120,-310,8,18,0,0,-2,0,-1,-1,20,-5
37,152.43240584506398,862.5630238804296,4930.034233196888,493.00342331968875,493.00342331968875,986.0068466393775,0.408,-9374.390238273645,-16254.583995938527,-30292.567220593017,7170.032480332403,-785.0066179823006,-2191.1651537233474,-1500.2278415558271,-439.5379618985405,-1500.2278415558271,-2684.1685770430363,152.43240584506398,"{""AC"": -170, ""AC_35_P"": 15, ""AC_40_BP"": -41, ""AC_45_KO"": -460, ""AC_50_C"": 37, ""AC_50_CO"": 4, ""AC_50_C_2"": 50, ""AC_50_P_2"": 2, ""AC_60_C"": 5}",-170,-460,-41,4,50,2,15,0,0,0,37,5
38,-86.84853802704326,-166.37402797585048,532.6435299396886,53.26435299396886,53.26435299396886,106.52870598793773,0.596,-818.7238387267633,-1028.471307983723,-1201.2501103493573,1695.0684581722862,-168.7209218997196,-291.5294977087341,-236.2892903330422,-141.10081821187364,-236.2892903330422,-344.79385070270297,-86.84853802704326,"{""AC"": 40, ""AC_40_BP"": 6, ""AC_40_P"": -8, ""AC_45_KO"": -40, ""AC_45_P"": 11, ""AC_50_CO"": 15, ""AC_50_C_2"": -16, ""AC_50_P"": -5, ""AC_60_C"": -47}",40,-40,6,15,-16,0,0,-8,11,-5,0,-47
39,265.39836140246354,367.5554084846367,3894.1450682484597,389.41450682484594,389.41450682484594,778.8290136496919,0.45,-6352.105349526869,-10885.877849837247,-20178.375835481653,6970.350594072099,-369.81217355022335,-1322.6279759792537,-882.1246944389898,-149.5605327800914,-882.1246944389898,-1712.0424828040996,265.39836140246354,"{""AC"": -155, ""AC_35_P"": 50, ""AC_40_BP"": -50, ""AC_45_KO"": -330, ""AC_50_C"": 32, ""AC_50_CO"": 13, ""AC_50_C_2"": 46, ""AC_50_P_2"": -15, ""AC_60_C"": 25}",-155,-330,-50,13,46,-15,50,0,0,0,32,25
40,345.57103451205444,29.21483985128586,2459.562937891721,245.9562937891721,245.9562937891721,491.9125875783442,0.496,-3486.024244029448,-5109.022877163299,-7673.445349279826,5502.320102538876,-3.0313898908903525,-525.9350264953075,-300.31074898694874,109.78074886328902,-300.31074898694874,-771.8913202844797,345.57103451205444,"{""AC"": -125, ""AC_35_P"": 40, ""AC_40_BP"": -50, ""AC_45_KO"": -500, ""AC_45_P"": 15, ""AC_50_C"": 50, ""AC_50_CO"": -6, ""AC_50_C_2"": 42, ""AC_60_C"": 43}",-125,-500,-50,-6,42,0,40,0,15,0,50,43
41,-178.98246775366093,-382.06480414448106,2685.1936920995972,268.51936920995973,268.51936920995973,537.0387384199195,0.53,-3991.490419256422,-4412.579176364094,-4762.3155094119,12034.687492816116,-578.1315096793031,-1176.8550725677665,-911.965715247104,-445.68683101897193,-911.965715247104,-1445.3744417777261,-178.98246775366093,"{""AC"": 55, ""AC_35_P"": 5, ""AC_40_BP"": -1, ""AC_40_P"": -24, ""AC_45_KO"": -410, ""AC_45_P"": -50, ""AC_50_C"": 7, ""AC_50_CO"": -9, ""AC_60_C"": -14}",55,-410,-1,-9,0,0,5,-24,-50,0,7,-14
42,213.8545690956396,-140.25172792178452,1508.2088386524315,150.82088386524316,150.82088386524316,301.6417677304863,0.52,-1436.6301597094107,-2039.0844100634347,-2470.335385149534,3512.1637137290127,70.19155312469852,-145.30297083171308,-77.05039679339359,104.31784014385828,-77.05039679339359,-296.12385469695624,213.8545690956396,"{""AC"": -80, ""AC_40_BP"": -25, ""AC_40_P"": -3, ""AC_45_KO"": -260, ""AC_50_C"": 47, ""AC_50_CO"": 22, ""AC_50_P"": 12, ""AC_50_P_2"": -7, ""AC_60_C"": 11}",-80,-260,-25,22,0,-7,0,-3,0,12,47,11
43,310.7681552980403,-57.31947782780799,1205.3715910666801,120.53715910666801,120.53715910666801,241.07431821333603,0.52,-1129.7749999999999,-1811.329653331689,-1915.394208355195,5077.701277998833,197.79065529804032,28.324405298040347,81.03332574470633,224.14511552137333,81.03332574470633,-92.21275380862767,310.7681552980403,"{""AC"": -5, ""AC_40_BP"": -40, ""AC_40_P"": 29, ""AC_45_KO"": -90, ""AC_45_P"": 36, ""AC_50_C"": 18, ""AC_50_CO"": 9, ""AC_50_P"": -5, ""AC_50_P_2"": 48}",-5,-90,-40,9,0,48,0,29,36,-5,18,0
44,20.35113880607606,-87.23121566435498,636.5895260770819,63.658952607708194,63.658952607708194,127.31790521541639,0.626,-448.8844621427462,-2149.021461676658,-3501.795664599601,3432.544431152558,-24.53730740819856,-91.86997672961049,-78.81100681918996,-18.0078224529883,-78.81100681918996,-155.5289293373187,20.35113880607606,"{""AC"": -20, ""AC_35_P"": -15, ""AC_40_BP"": 11, ""AC_45_KO"": -390, ""AC_50_C"": 11, ""AC_50_CO"": -10, ""AC_50_C_2"": 25, ""AC_50_P"": -12, ""AC_60_C"": 15}",-20,-390,11,-10,25,0,-15,0,0,-12,11,15
45,-101.22152071105799,948.3164924950087,2136.666527170853,213.6666527170853,213.6666527170853,427.3333054341706,0.384,-4463.116004769165,-7506.5071626506815,-13550.7765939066,1813.2464790712306,-547.5331211879745,-1217.0005219033492,-877.5222477849753,-377.7939841287876,-877.5222477849753,-1430.6671746204345,-101.22152071105799,"{""AC"": -100, ""AC_40_BP"": 11, ""AC_40_P"": -26, ""AC_45_KO"": -390, ""AC_45_P"": -45, ""AC_50_C"": -1, ""AC_50_CO"": 8, ""AC_50_P"": -14, ""AC_60_C"": 46}",-100,-390,11,8,0,0,0,-26,-45,-14,-1,46
46,419.3308242185913,117.32009892209135,3943.865868870362,394.38658688703623,394.38658688703623,788.7731737740725,0.48,-5773.379821323187,-8908.114103188736,-15194.442528903066,8162.707212755666,-158.00715791372733,-1024.0141311122054,-643.8694424234048,32.06518643067294,-643.8694424234048,-1418.4007179992416,419.3308242185913,"{""AC"": -175, ""AC_35_P"": 43, ""AC_40_BP"": -45, ""AC_40_P"": 10, ""AC_45_KO"": -490, ""AC_50_C"": 44, ""AC_50_CO"": 16, ""AC_50_C_2"": 48, ""AC_60_C"": 50}",-175,-490,-45,16,48,0,43,10,0,0,44,50
47,42.73787754595074,1599.4492852014625,8210.059829095411,821.0059829095411,821.0059829095411,1642.0119658190822,0.41,-16478.80016689664,-27940.081761471716,-50702.54323662698,10995.667610190581,-1605.1421391437132,-4076.962164178209,-2839.5851389433155,-986.4536265262666,-2839.5851389433155,-4897.96814708775,42.73787754595074,"{""AC"": -185, ""AC_35_P"": 19, ""AC_40_BP"": -8, ""AC_40_P"": 27, ""AC_45_KO"": -250, ""AC_50_C"": -6, ""AC_50_CO"": 9, ""AC_50_P_2"": 36, ""AC_60_C"": 5}",-185,-250,-8,9,0,36,19,27,0,0,-6,5
48,311.0150675762085,165.70756562123682,1687.141047213344,168.71410472133442,168.71410472133442,337.42820944266884,0.476,-2181.2530254714716,-3418.149440882986,-4553.647062495507,3982.0033409881903,92.88976502906132,-234.2981887916594,-100.52993860517947,159.77389012230128,-100.52993860517947,-403.01229351299384,311.0150675762085,"{""AC"": -105, ""AC_35_P"": 30, ""AC_40_BP"": -28, ""AC_45_KO"": -500, ""AC_45_P"": -20, ""AC_50_C"": 37, ""AC_50_CO"": 11, ""AC_50_C_2"": 44, ""AC_60_C"": 41}",-105,-500,-28,11,44,0,30,0,-20,0,37,41
49,254.03094953903567,-1720.174948230617,4958.830469610865,495.8830469610865,495.8830469610865,991.766093922173,0.674,-3236.0877409342597,-3470.273981987925,-3636.631595519773,36463.607667993,-69.57782455439033,-554.9909856945293,-479.32373508164653,-31.744199247948956,-479.32373508164653,-1050.8740326556158,254.03094953903567,"{""AC"": 80, ""AC_40_BP"": 4, ""AC_40_P"": 37, ""AC_45_KO"": -80, ""AC_45_P"": -14, ""AC_50_C"": 38, ""AC_50_CO"": 6, ""AC_50_P_2"": -9, ""AC_60_C"": 8}",80,-80,4,6,0,-9,0,37,-14,0,38,8
50,209.49986136841255,336.00538567735026,2960.833564395724,296.0833564395724,296.0833564395724,592.1667128791448,0.462,-4926.772880741873,-7713.993120913577,-13674.259550422092,5440.5689694738385,-283.1774267057748,-1022.1933588170558,-677.5577489626546,-110.85962177857422,-677.5577489626546,-1318.2767152566282,209.49986136841255,"{""AC"": -125, ""AC_35_P"": 26, ""AC_40_BP"": -27, ""AC_40_P"": -11, ""AC_45_KO"": -340, ""AC_50_C"": 26, ""AC_50_CO"": 13, ""AC_50_C_2"": 23, ""AC_60_C"": 33}",-125,-340,-27,13,23,0,26,-11,0,0,26,33
51,287.49614333588215,32.98471043269575,2088.0539757128513,208.80539757128514,208.80539757128514,417.6107951425703,0.494,-2801.405335665872,-4085.0094742194533,-4728.323179417101,4621.632659093431,7.355609769294972,-412.8551905805858,-237.11735579964122,95.22452715976728,-237.11735579964122,-621.660588151871,287.49614333588215,"{""AC"": -115, ""AC_40_BP"": -46, ""AC_45_KO"": -500, ""AC_50_C"": 45, ""AC_50_CO"": 18, ""AC_50_C_2"": 28, ""AC_50_P"": 14, ""AC_50_P_2"": -9, ""AC_60_C"": 30}",-115,-500,-46,18,28,-9,0,0,0,14,45,30
52,309.13987923889175,586.7146019464851,5072.610733407734,507.2610733407734,507.2610733407734,1014.5221466815468,0.442,-8992.958007059631,-14617.468604933289,-26710.775545338238,8794.37057777115,-590.1559214670715,-1939.099622526016,-1293.4343584904395,-267.3232894492832,-1293.4343584904395,-2446.3606958667892,309.13987923889175,"{""AC"": -200, ""AC_35_P"": 41, ""AC_40_BP"": -50, ""AC_45_KO"": -390, ""AC_45_P"": -4, ""AC_50_C"": 50, ""AC_50_CO"": 12, ""AC_50_C_2"": 49, ""AC_60_C"": 30}",-200,-390,-50,12,49,0,41,0,-4,0,50,30
53,-24.37644747485,-1642.8072560315786,5377.794200379434,537.7794200379434,537.7794200379434,1075.5588400758868,0.604,-5884.521042662609,-6515.399022955845,-6917.251400457794,30920.600735666172,-612.8285517411109,-1495.5067081405023,-1175.9443138932131,-453.04735461746634,-1175.9443138932131,-2033.2861281784458,-24.37644747485,"{""AC"": 140, ""AC_35_P"": 29, ""AC_40_BP"": -13, ""AC_45_KO"": -200, ""AC_45_P"": -3, ""AC_50_CO"": -10, ""AC_50_C_2"": 18, ""AC_50_P_2"": -35, ""AC_60_C"": -31}",140,-200,-13,-10,18,-35,29,0,-3,0,0,-31
54,66.80256465910267,159.1007931609551,607.8472668388929,60.78472668388929,60.78472668388929,121.56945336777858,0.454,-877.3018293803397,-1398.5426424878315,-1916.8756125476052,1687.6892730155005,-20.927618278931305,-152.52289268598224,-95.18507308989291,7.741291519113361,-95.18507308989291,-213.30761936987153,66.80256465910267,"{""AC"": -45, ""AC_40_BP"": 16, ""AC_45_KO"": -10, ""AC_45_P"": -28, ""AC_50_C"": 44, ""AC_50_CO"": 6, ""AC_50_C_2"": -15, ""AC_50_P_2"": 6, ""AC_60_C"": 9}",-45,-10,16,6,-15,6,0,0,-28,0,44,9
55,173.73451714643335,-1576.354483268712,5097.633762826108,509.7633762826108,509.7633762826108,1019.5267525652216,0.672,-3732.5356773471167,-4186.021203363184,-5321.053842297749,37289.75411954779,-199.51905058827833,-759.3994021903459,-641.0275225969394,-140.3331107915752,-641.0275225969394,-1269.1627784729567,173.73451714643335,"{""AC"": 90, ""AC_40_BP"": 6, ""AC_45_KO"": -310, ""AC_45_P"": 2, ""AC_50_C"": 46, ""AC_50_CO"": 12, ""AC_50_C_2"": -26, ""AC_50_P"": -7, ""AC_60_C"": -4}",90,-310,6,12,-26,0,0,0,2,-7,46,-4
56,325.24582261411075,280.4906905955306,2706.5715300527395,270.6571530052739,270.6571530052739,541.3143060105479,0.452,-4103.487322321879,-6431.673491345177,-10069.966272869719,5540.4113915171965,-85.1029096180772,-700.6260079663591,-425.6058522368081,52.40716824669829,-425.6058522368081,-971.283160971633,325.24582261411075,"{""AC"": -140, ""AC_35_P"": 25, ""AC_40_BP"": -37, ""AC_40_P"": -5, ""AC_45_KO"": -130, ""AC_50_C"": 34, ""AC_50_CO"": 7, ""AC_50_C_2"": 50, ""AC_60_C"": 50}",-140,-130,-37,7,50,0,25,-5,0,0,34,50
57,-118.03712944896252,-405.97650999755626,2178.994587132943,217.89945871329428,217.89945871329428,435.79891742658856,0.562,-3007.057178082286,-3356.773910038115,-3656.871173791457,10632.880442270873,-418.7428472571911,-869.8014239695341,-678.0454355179526,-322.8648530314004,-678.0454355179526,-1087.7008826828283,-118.03712944896252,"{""AC"": 50, ""AC_40_BP"": 3, ""AC_40_P"": -24, ""AC_45_KO"": -220, ""AC_45_P"": 3, ""AC_50_CO"": -1, ""AC_50_P"": -24, ""AC_50_P_2"": -4, ""AC_60_C"": -14}",50,-220,3,-1,0,-4,0,-24,3,-24,0,-14
58,-319.15129556015853,2101.4645102424433,7210.012815255096,721.0012815255096,721.0012815255096,1442.0025630510193,0.32,-15835.05667915848,-28332.386327480453,-53152.471438807945,5949.238971551595,-1902.6569634760067,-4277.915465349779,-3054.910438196685,-1291.15444989946,-3054.910438196685,-4998.9167468752885,-319.15129556015853,"{""AC"": -115, ""AC_35_P"": 4, ""AC_40_BP"": -2, ""AC_40_P"": 12, ""AC_45_KO"": -340, ""AC_45_P"": 14, ""AC_50_CO"": -41, ""AC_50_P_2"": 14, ""AC_60_C"": -37}",-115,-340,-2,-41,0,14,4,12,14,0,0,-37
59,396.36075769375947,-2509.143656955376,7813.732342431005,781.3732342431006,781.3732342431006,1562.7464684862011,0.664,-5314.777355260201,-5626.956683731946,-5875.90229999365,56953.70060308,-135.11697783226072,-932.3335811212908,-791.5424627168209,-64.72141863002577,-791.5424627168209,-1713.7068153643913,396.36075769375947,"{""AC"": 170, ""AC_35_P"": 45, ""AC_40_BP"": 21, ""AC_45_KO"": -170, ""AC_50_C"": 31, ""AC_50_CO"": -10, ""AC_50_P"": 24, ""AC_50_P_2"": 17, ""AC_60_C"": 15}",170,-170,21,-10,0,17,45,0,0,24,31,15
60,-27.7166442828218,473.5581382079313,2019.4878333833822,201.94878333833822,201.94878333833822,403.89756667667643,0.394,-3761.929687558377,-7317.511154474101,-13187.92193069589,2197.7812455212725,-403.9096130386595,-968.199066172416,-692.9804890857474,-266.3003244953252,-692.9804890857474,-1170.1478495107542,-27.7166442828218,"{""AC"": -55, ""AC_35_P"": -23, ""AC_40_BP"": 4, ""AC_45_KO"": -60, ""AC_45_P"": 20, ""AC_50_CO"": 6, ""AC_50_C_2"": 7, ""AC_50_P"": -5, ""AC_50_P_2"": -9}",-55,-60,4,6,7,-9,-23,0,20,-5,0,0
61,-169.9176838707099,1050.9076327071093,3774.3159333425015,377.4315933342501,377.4315933342501,754.8631866685002,0.302,-7747.477752455643,-15389.840166628655,-29339.29960086681,3241.5170149815362,-944.6654591162742,-2106.7871219846206,-1520.7551434061813,-651.6494698270545,-1520.7551434061813,-2484.2187153188706,-169.9176838707099,"{""AC"": -90, ""AC_35_P"": -14, ""AC_40_BP"": -29, ""AC_40_P"": 45, ""AC_45_KO"": -310, ""AC_45_P"": -48, ""AC_50_CO"": -21, ""AC_50_C_2"": 34, ""AC_60_C"": -9}",-90,-310,-29,-21,34,0,-14,45,-48,0,0,-9
62,139.83493935513619,-1757.6339168840877,6123.935611877978,612.3935611877978,612.3935611877978,1224.7871223755956,0.644,-5653.4202153608,-6210.4396858377595,-6595.343860204191,40311.55190763644,-425.50708218094394,-1273.520114485064,-1014.3748735428827,-295.9344617098533,-1014.3748735428827,-1885.9136756728617,139.83493935513619,"{""AC"": 120, ""AC_40_BP"": 5, ""AC_40_P"": -21, ""AC_45_KO"": -90, ""AC_50_C"": 4, ""AC_50_CO"": 9, ""AC_50_C_2"": 27, ""AC_50_P"": 12, ""AC_50_P_2"": -29}",120,-90,5,9,27,-29,0,-21,0,12,4,0
63,287.97317169285515,77.99602304321951,2535.3131803689976,253.53131803689976,253.53131803689976,507.0626360737995,0.48,-3618.055538227496,-5449.612495387875,-8967.018631178029,5352.46954327598,-73.83238212989448,-616.5407128640188,-381.5008180597191,43.68756527225539,-381.5008180597191,-870.0720309009185,287.97317169285515,"{""AC"": -125, ""AC_35_P"": 33, ""AC_40_BP"": -36, ""AC_45_KO"": -380, ""AC_50_C"": 37, ""AC_50_CO"": 9, ""AC_50_C_2"": 32, ""AC_50_P_2"": -6, ""AC_60_C"": 40}",-125,-380,-36,9,32,-6,33,0,0,0,37,40
64,-297.0872743971306,2452.494356429327,7979.756719408117,797.9756719408117,797.9756719408117,1595.9513438816234,0.348,-17626.69770025798,-29140.71065019537,-53688.047869180526,7502.010797261117,-2059.7570444229286,-4703.7616994616255,-3340.079765406233,-1377.9160773952326,-3340.079765406233,-5501.737371402437,-297.0872743971306,"{""AC"": -165, ""AC_40_BP"": -15, ""AC_40_P"": 5, ""AC_45_KO"": -110, ""AC_45_P"": -22, ""AC_50_CO"": -41, ""AC_50_C_2"": -43, ""AC_50_P_2"": 48, ""AC_60_C"": 31}",-165,-110,-15,-41,-43,48,0,5,-22,0,0,31
65,426.83298339817367,11.511220831821447,3343.121147857443,334.31211478574426,334.31211478574426,668.6242295714885,0.5,-4423.767540451149,-5930.284461798862,-9534.110240536358,7661.544805883652,-15.543770646941255,-679.1089017146137,-403.88820506237084,122.06657767918014,-403.88820506237084,-1013.421016500358,426.83298339817367,"{""AC"": -140, ""AC_35_P"": 50, ""AC_40_BP"": -48, ""AC_45_KO"": -500, ""AC_50_C"": 41, ""AC_50_CO"": 25, ""AC_50_C_2"": 27, ""AC_50_P_2"": 22, ""AC_60_C"": 37}",-140,-500,-48,25,27,22,50,0,0,0,41,37
66,368.97713187687935,49.35825844110781,1680.8897957194886,168.08897957194887,168.08897957194887,336.17795914389774,0.492,-1826.8238953188654,-2832.384099474475,-4024.316080906328,4326.453277461451,186.2947423449928,-87.728841952837,10.909057793075107,235.61369221794888,10.909057793075107,-255.81782152478587,368.97713187687935,"{""AC"": -90, ""AC_35_P"": 38, ""AC_40_BP"": -42, ""AC_40_P"": 13, ""AC_45_KO"": -410, ""AC_50_C"": 46, ""AC_50_CO"": 8, ""AC_50_C_2"": 37, ""AC_60_C"": 30}",-90,-410,-42,8,37,0,38,13,0,0,46,30
67,344.81798049162353,128.41361651860427,3509.1322688508653,350.91322688508654,350.91322688508654,701.8264537701731,0.484,-4924.9924641455245,-7176.443420699523,-12003.825531763745,7307.42934965966,-147.68126592292896,-886.4301355447576,-569.3875025727484,10.84005056307565,-569.3875025727484,-1237.343362429844,344.81798049162353,"{""AC"": -145, ""AC_35_P"": 44, ""AC_40_BP"": -22, ""AC_45_KO"": -500, ""AC_45_P"": 1, ""AC_50_C"": 29, ""AC_50_CO"": 23, ""AC_50_C_2"": 19, ""AC_60_C"": 50}",-145,-500,-22,23,19,0,44,0,1,0,29,50
68,-390.54000156526314,-85.78339931955477,1801.329210570652,180.1329210570652,180.1329210570652,360.2658421141304,0.512,-3558.715429983608,-4125.583212201977,-4552.3865034967,3439.58765664516,-746.4115445636239,-1280.2188590611652,-1014.413776591337,-613.5090033287098,-1014.413776591337,-1460.3517801182304,-390.54000156526314,"{""AC"": 35, ""AC_40_BP"": -4, ""AC_40_P"": -23, ""AC_45_KO"": -380, ""AC_50_C"": -8, ""AC_50_CO"": -30, ""AC_50_C_2"": -22, ""AC_50_P"": -41, ""AC_50_P_2"": -19}",35,-380,-4,-30,-22,-19,0,-23,0,-41,-8,0
69,-274.99096271289955,120.83460762409433,1704.8055707599428,170.48055707599428,170.48055707599428,340.96111415198857,0.482,-3367.0788442583507,-3802.7308707891707,-4174.558285769951,2563.3039998016025,-611.6988471387347,-1116.7606737774872,-865.2930678896493,-485.9650441948157,-865.2930678896493,-1287.2412308534815,-274.99096271289955,"{""AC"": 45, ""AC_35_P"": -26, ""AC_40_BP"": -2, ""AC_45_KO"": -50, ""AC_50_C"": -32, ""AC_50_CO"": -24, ""AC_50_C_2"": 13, ""AC_50_P"": -33, ""AC_50_P_2"": -1}",45,-50,-2,-24,13,-1,-26,0,0,-33,-32,0
70,347.5488477633488,51.17185472460511,2951.8068461039684,295.18068461039684,295.18068461039684,590.3613692207937,0.492,-4066.6566209490484,-5784.24416571561,-9225.77214546792,6340.562524582234,-59.11681433155604,-669.1153074739133,-410.03998768420684,70.42084556329718,-410.03998768420684,-964.2959920843101,347.5488477633488,"{""AC"": -150, ""AC_35_P"": 24, ""AC_40_BP"": -36, ""AC_45_KO"": -370, ""AC_45_P"": -4, ""AC_50_C"": 47, ""AC_50_CO"": 18, ""AC_50_C_2"": 31, ""AC_60_C"": 47}",-150,-370,-36,18,31,0,24,0,-4,0,47,47
71,-108.14099977503501,412.7021705709873,1178.2386188679184,117.82386188679183,117.82386188679183,235.64772377358366,0.316,-2723.53605826268,-4928.6822542462,-7894.715330812513,930.2208396702957,-380.494605601303,-789.025014340705,-575.5833394578328,-273.77376815986696,-575.5833394578328,-906.8488762274968,-108.14099977503501,"{""AC_35_P"": -24, ""AC_40_BP"": 6, ""AC_40_P"": 41, ""AC_45_KO"": -120, ""AC_50_C"": -11, ""AC_50_CO"": -14, ""AC_50_C_2"": -21, ""AC_60_C"": 4}",0,-120,6,-14,-21,0,-24,41,0,0,-11,4
72,-225.90222277654468,2182.5981236880007,8302.756883880982,830.2756883880982,830.2756883880982,1660.5513767761963,0.35,-17906.15225864964,-31368.130448268577,-57948.493574500215,8101.6904485450705,-2016.5174486415087,-4702.440287438954,-3326.9629057680395,-1328.7787578060513,-3326.9629057680395,-5532.715975827053,-225.90222277654468,"{""AC"": -180, ""AC_35_P"": 16, ""AC_40_BP"": -6, ""AC_45_KO"": -100, ""AC_45_P"": 26, ""AC_50_C"": 20, ""AC_50_CO"": -48, ""AC_50_C_2"": 2, ""AC_50_P"": 2}",-180,-100,-6,-48,2,0,16,0,26,2,20,0
73,121.16286154272797,852.6793362485473,4791.675378561529,479.16753785615293,479.16753785615293,958.3350757123059,0.402,-9122.986374397557,-15835.884482464195,-29627.726195320385,6849.492193115283,-791.1357758970278,-2159.583732056661,-1486.8688635449819,-454.7783416411881,-1486.8688635449819,-2638.751269912814,121.16286154272797,"{""AC"": -155, ""AC_35_P"": 26, ""AC_40_BP"": -46, ""AC_40_P"": -5, ""AC_45_KO"": -500, ""AC_50_CO"": 17, ""AC_50_C_2"": 50, ""AC_50_P_2"": -12, ""AC_60_C"": 16}",-155,-500,-46,17,50,-12,26,-5,0,0,0,16
74,226.34664099973463,983.134027786248,5779.829046949455,577.9829046949455,577.9829046949455,1155.965809389891,0.436,-10383.045832867794,-17923.161882672113,-32287.067448638845,8970.948501733987,-811.9579422870448,-2369.414817217214,-1620.101686277907,-437.3013768173915,-1620.101686277907,-2947.39772191216,226.34664099973463,"{""AC"": -200, ""AC_35_P"": 34, ""AC_40_BP"": -6, ""AC_45_KO"": -340, ""AC_50_C"": 20, ""AC_50_CO"": 6, ""AC_50_C_2"": 42, ""AC_50_P"": -3, ""AC_60_C"": 49}",-200,-340,-6,6,42,0,34,0,0,-3,20,49
75,89.05902820764254,-1134.7517963163323,4722.504238804051,472.2504238804051,472.2504238804051,944.5008477608102,0.594,-4598.458949624797,-5086.372497098402,-5522.342090290682,30710.198377357858,-370.7868667548372,-1060.5557091985568,-836.8350261762796,-258.9265252436986,-836.8350261762796,-1532.806133078962,89.05902820764254,"{""AC"": 115, ""AC_35_P"": 17, ""AC_40_BP"": -7, ""AC_40_P"": -19, ""AC_45_KO"": -220, ""AC_50_C"": 9, ""AC_50_CO"": -40, ""AC_50_P_2"": 48, ""AC_60_C"": 25}",115,-220,-7,-40,0,48,17,-19,0,0,9,25
76,-116.3353778756893,284.1689564427893,1408.572134945151,140.8572134945151,140.8572134945151,281.7144269890302,0.216,-3131.7589407364335,-6045.644091899588,-11832.710568633976,1417.8746567691471,-429.51127194933264,-899.2751130597977,-656.5278257334119,-308.1376282861397,-656.5278257334119,-1040.1323265543128,-116.3353778756893,"{""AC_35_P"": 8, ""AC_40_BP"": -18, ""AC_45_KO"": -130, ""AC_50_C"": 31, ""AC_50_CO"": -36, ""AC_50_P"": 33, ""AC_50_P_2"": -1, ""AC_60_C"": -40}",0,-130,-18,-36,0,-1,8,0,0,33,31,-40
77,358.89246087702816,53.75490169486011,2550.9583974670595,255.09583974670596,255.09583974670596,510.1916794934119,0.488,-3580.2348134443864,-4936.517550742176,-7353.042419075651,5856.621531129532,0.868979532589492,-536.1662424840684,-305.69068101298274,116.10676026813233,-305.69068101298274,-791.2620822307745,358.89246087702816,"{""AC"": -120, ""AC_35_P"": 40, ""AC_40_BP"": -50, ""AC_45_KO"": -500, ""AC_50_C"": 37, ""AC_50_CO"": 10, ""AC_50_C_2"": 38, ""AC_50_P_2"": 15, ""AC_60_C"": 38}",-120,-500,-50,10,38,15,40,0,0,0,37,38
78,241.35986861560022,229.83816336542787,2078.722260548847,207.8722260548847,207.8722260548847,415.7444521097694,0.444,-3360.204180131807,-5335.519514541395,-8506.96723496079,4115.577144396415,-94.66054939758047,-598.6911764173515,-366.6068714316131,21.381603095288703,-366.6068714316131,-806.5634024722361,241.35986861560022,"{""AC"": -95, ""AC_35_P"": 32, ""AC_40_BP"": -33, ""AC_45_KO"": -500, ""AC_50_C"": 20, ""AC_50_CO"": 4, ""AC_50_C_2"": 50, ""AC_50_P"": -3, ""AC_60_C"": 25}",-95,-500,-33,4,50,0,32,0,0,-3,20,25
79,-237.91246189477278,1203.792367970861,3544.59374018441,354.459374018441,354.459374018441,708.918748036882,0.296,-7948.547905128324,-14475.209627709566,-27166.613209778683,2350.1155365243867,-1032.7672524076052,-2225.0494381768535,-1607.424334673242,-723.9547006557992,-1607.424334673242,-2579.5088121952945,-237.91246189477278,"{""AC"": -75, ""AC_35_P"": -33, ""AC_40_BP"": -22, ""AC_45_KO"": -160, ""AC_45_P"": 20, ""AC_50_C"": -2, ""AC_50_CO"": -23, ""AC_50_C_2"": 2, ""AC_50_P"": -18}",-75,-160,-22,-23,2,0,-33,0,20,-18,-2,0
80,10.342589763238161,-947.606603916259,3347.7366618210253,334.77366618210255,334.77366618210255,669.5473323642051,0.592,-3434.6609902203836,-3810.121723344287,-4010.2242753857126,20908.909922450675,-333.12350925880025,-848.3226577918578,-672.2433918608706,-245.08387629330667,-672.2433918608706,-1183.0963239739604,10.342589763238161,"{""AC"": 75, ""AC_35_P"": -5, ""AC_40_BP"": -48, ""AC_40_P"": 35, ""AC_45_KO"": -30, ""AC_50_C"": -14, ""AC_50_CO"": -13, ""AC_50_P_2"": -30, ""AC_60_C"": 25}",75,-30,-48,-13,0,-30,-5,35,0,0,-14,25
81,313.35569244464136,226.6719194179459,2546.2045234892375,254.62045234892375,254.62045234892375,509.2409046978475,0.456,-3743.3284535736007,-6116.680499077249,-9599.358260233406,5255.575353498614,-60.977152912718736,-622.4764209487588,-375.45380176586065,62.534156678730376,-375.45380176586065,-877.0968732976826,313.35569244464136,"{""AC"": -130, ""AC_35_P"": 23, ""AC_40_BP"": -50, ""AC_45_KO"": -380, ""AC_45_P"": 10, ""AC_50_C"": 34, ""AC_50_CO"": -2, ""AC_50_C_2"": 50, ""AC_60_C"": 50}",-130,-380,-50,-2,50,0,23,0,10,0,34,50
82,-50.177195887413276,-692.642912532136,2571.6980921528216,257.16980921528216,257.16980921528216,514.3396184305643,0.606,-2777.807040827017,-3163.4461133678005,-4113.072365834394,15839.051203711388,-327.95789997011497,-744.6289560941675,-595.433156619107,-253.36000023258464,-595.433156619107,-1001.7987653094497,-50.177195887413276,"{""AC"": 70, ""AC_35_P"": 17, ""AC_40_BP"": 8, ""AC_45_KO"": -310, ""AC_45_P"": 15, ""AC_50_C"": 4, ""AC_50_CO"": -11, ""AC_50_C_2"": -22, ""AC_50_P"": -28}",70,-310,8,-11,-22,0,17,0,15,-28,4,0
83,150.6520479938424,-2596.2135575919597,9048.340896337611,904.8340896337611,904.8340896337611,1809.6681792675222,0.608,-8914.858605026144,-9741.279030533084,-10333.659864356674,56272.25433564007,-740.833812508772,-2078.0626032626938,-1638.9937875769597,-521.2994046659051,-1638.9937875769597,-2982.8966928964546,150.6520479938424,"{""AC"": 190, ""AC_40_BP"": -50, ""AC_45_KO"": -330, ""AC_45_P"": -12, ""AC_50_C"": 27, ""AC_50_CO"": -30, ""AC_50_C_2"": 38, ""AC_50_P_2"": 9, ""AC_60_C"": -4}",190,-330,-50,-30,38,9,0,0,-12,0,27,-4
84,-46.05799167713972,-1783.0841578867876,6744.019585244202,674.4019585244203,674.4019585244203,1348.8039170488405,0.608,-7328.876806185858,-8145.297374190643,-8773.549873297274,41626.06183226503,-778.9456722957256,-1878.2771932236042,-1482.5904918672286,-581.1023216175377,-1482.5904918672286,-2552.679151748024,-46.05799167713972,"{""AC"": 140, ""AC_40_BP"": -4, ""AC_40_P"": -17, ""AC_45_KO"": -140, ""AC_45_P"": 8, ""AC_50_P"": -40, ""AC_50_P_2"": -26, ""AC_60_C"": 5}",140,-140,-4,0,0,-26,0,-17,8,-40,0,5
85,-16.87513571350073,-618.9895547269132,2311.053653347389,231.1053653347389,231.1053653347389,462.2107306694778,0.658,-2198.670524097261,-2401.364839472278,-2584.2037452013046,16131.665537193545,-236.74218812322684,-566.542766737816,-462.2283969954593,-184.58500325204852,-462.2283969954593,-797.648132072555,-16.87513571350073,"{""AC"": 65, ""AC_35_P"": -9, ""AC_40_BP"": 8, ""AC_45_KO"": -30, ""AC_45_P"": -6, ""AC_50_CO"": 6, ""AC_50_C_2"": -31, ""AC_50_P"": 9, ""AC_60_C"": -2}",65,-30,8,6,-31,0,-9,0,-6,9,0,-2
86,-259.78368645551836,-103.65908890034598,943.6413381931113,94.36413381931114,94.36413381931114,188.72826763862227,0.53,-1905.1304345815809,-2290.681214267789,-3726.331895555962,1685.0432450771343,-450.2967299136765,-736.0662951009135,-592.735318552411,-378.6312416394252,-592.735318552411,-830.4304289202247,-259.78368645551836,"{""AC"": 20, ""AC_40_BP"": 23, ""AC_40_P"": -14, ""AC_45_KO"": -260, ""AC_45_P"": -12, ""AC_50_C"": -9, ""AC_50_CO"": -3, ""AC_50_C_2"": -34, ""AC_50_P_2"": -40}",20,-260,23,-3,-34,-40,0,-14,-12,0,-9,0
87,289.37022413578904,58.11266273780487,2022.2056010098934,202.22056010098933,202.22056010098933,404.44112020197866,0.49,-2738.0079952210112,-4621.473889376303,-7002.10458662986,4511.135258452161,15.569424613687886,-395.13177466946377,-222.4412551978573,101.91468434949113,-222.4412551978573,-597.3523347704531,289.37022413578904,"{""AC"": -105, ""AC_35_P"": 40, ""AC_40_BP"": -42, ""AC_45_KO"": -250, ""AC_50_C"": 42, ""AC_50_CO"": 8, ""AC_50_C_2"": 45, ""AC_50_P"": -7, ""AC_60_C"": 17}",-105,-250,-42,8,45,0,40,0,0,-7,42,17
88,4.32127460165335,89.71241480431925,372.83016797822955,37.28301679782295,37.28301679782295,74.5660335956459,0.36,-789.3806278302684,-1436.1369785935044,-1928.1076565964345,506.21276804955164,-74.6167881813735,-193.02388235591374,-132.72732797179836,-44.46851098931582,-132.72732797179836,-230.3068991537367,4.32127460165335,"{""AC"": -30, ""AC_40_BP"": -22, ""AC_40_P"": 9, ""AC_45_KO"": -200, ""AC_45_P"": -17, ""AC_50_C"": 40, ""AC_50_CO"": -6, ""AC_50_C_2"": -3, ""AC_60_C"": -10}",-30,-200,-22,-6,-3,0,0,9,-17,0,40,-10
89,-122.54390376527084,-333.2434615951273,1926.0963768194608,192.60963768194608,192.60963768194608,385.21927536389217,0.53,-2791.861544477052,-3107.0633087834126,-3368.6635892880195,9059.925420305388,-401.7300582129761,-820.5092898845339,-637.6279542778016,-310.28939040960995,-637.6279542778016,-1013.11892756648,-122.54390376527084,"{""AC"": 20, ""AC_35_P"": -4, ""AC_40_BP"": -18, ""AC_40_P"": -27, ""AC_45_KO"": -110, ""AC_45_P"": -13, ""AC_50_CO"": 9, ""AC_50_C_2"": 2, ""AC_50_P"": -38}",20,-110,-18,9,2,0,-4,-27,-13,-38,0,0
90,40.263868724497726,863.5667002131988,2907.782192790544,290.7782192790544,290.7782192790544,581.5564385581088,0.426,-5538.218389644138,-9680.462767467085,-16930.46163783756,3806.8868595731,-513.5579702399161,-1344.2907286865368,-935.8579993616503,-309.34160557747276,-935.8579993616503,-1635.0689479655912,40.263868724497726,"{""AC"": -65, ""AC_35_P"": -3, ""AC_40_BP"": 25, ""AC_45_KO"": -200, ""AC_50_CO"": -24, ""AC_50_C_2"": 4, ""AC_50_P"": 34, ""AC_50_P_2"": 17, ""AC_60_C"": 30}",-65,-200,25,-24,4,17,-3,0,0,34,0,30
91,-116.9949206229805,-26.599780474475352,947.8654765992615,94.78654765992614,94.78654765992614,189.57309531985229,0.51,-1726.2355403645213,-3424.504339440772,-5607.7947863893205,2948.2295530221504,-289.61847465943265,-548.5538057141108,-423.3235255076217,-227.0033345561881,-423.3235255076217,-643.3403533740369,-116.9949206229805,"{""AC"": -15, ""AC_35_P"": -44, ""AC_40_BP"": 7, ""AC_45_KO"": -20, ""AC_45_P"": -43, ""AC_50_C_2"": -47, ""AC_50_P_2"": 36, ""AC_60_C"": 39}",-15,-20,7,0,-47,36,-44,0,-43,0,0,39
92,383.8892935068872,-9.946780168375653,2051.219635337221,205.1219635337221,205.1219635337221,410.2439270674442,0.502,-2349.8574081094325,-2985.184989746951,-4102.268274948648,5074.124572986567,148.90355269594394,-203.57505852047092,-71.15029947638872,215.11593221798503,-71.15029947638872,-408.697022054193,383.8892935068872,"{""AC"": -100, ""AC_35_P"": 34, ""AC_40_BP"": -14, ""AC_45_KO"": -330, ""AC_50_C"": 40, ""AC_50_CO"": 25, ""AC_50_C_2"": 38, ""AC_50_P_2"": 4, ""AC_60_C"": 22}",-100,-330,-14,25,38,4,34,0,0,0,40,22
93,15.352852366390193,-429.98232035207957,1093.962738831694,109.3962738831694,109.3962738831694,218.7925477663388,0.628,-841.4147218896892,-2395.705020631861,-3399.8270252754573,6257.293265362525,-68.78861982257872,-195.00082810603212,-165.5574928586479,-54.06695219888661,-165.5574928586479,-304.39710198920153,15.352852366390193,"{""AC"": 55, ""AC_40_BP"": -10, ""AC_40_P"": 6, ""AC_45_KO"": -290, ""AC_45_P"": 19, ""AC_50_C"": -13, ""AC_50_CO"": 11, ""AC_50_P"": 5, ""AC_60_C"": -32}",55,-290,-10,11,0,0,0,6,19,5,-13,-32
94,388.70573128088694,-43.351042921974624,2124.759925057706,212.4759925057706,212.4759925057706,424.9519850115412,0.516,-1277.0037677969226,-3814.6863343990726,-5497.903586009735,14443.411286926801,261.0053545011947,69.45478933165629,90.91716985846327,271.73654476459814,90.91716985846327,-143.0212031741143,388.70573128088694,"{""AC"": -35, ""AC_35_P"": 44, ""AC_40_BP"": -29, ""AC_40_P"": -7, ""AC_45_KO"": -500, ""AC_50_C"": 43, ""AC_50_CO"": 12, ""AC_50_C_2"": 49, ""AC_60_C"": 17}",-35,-500,-29,12,49,0,44,-7,0,0,43,17
95,-285.1672369920615,2074.41938053683,7133.697594617683,713.3697594617682,713.3697594617682,1426.7395189235365,0.352,-15378.802230929366,-26969.58983222281,-49989.2542618996,6333.037306540445,-1823.0474600849984,-4129.867794724403,-2948.6724513623503,-1232.449788403972,-2948.6724513623503,-4843.237554186171,-285.1672369920615,"{""AC"": -160, ""AC_35_P"": -16, ""AC_40_BP"": 14, ""AC_40_P"": -8, ""AC_45_KO"": -290, ""AC_45_P"": -7, ""AC_50_C"": -18, ""AC_50_CO"": -1, ""AC_50_P_2"": -13}",-160,-290,14,-1,0,-13,-16,-8,-7,0,-18,0
96,75.4255353713203,1862.9540799220022,8887.940912675958,888.7940912675958,888.7940912675958,1777.5881825351917,0.394,-16505.024392606567,-31238.326414237057,-55565.09152830082,11707.11721131001,-1575.0769038893363,-4050.8305627803215,-2844.7251691534625,-972.024207075907,-2844.7251691534625,-4939.624654047917,75.4255353713203,"{""AC"": -195, ""AC_40_BP"": -6, ""AC_40_P"": 32, ""AC_45_KO"": -100, ""AC_45_P"": 10, ""AC_50_CO"": -6, ""AC_50_C_2"": 19, ""AC_50_P"": 40, ""AC_50_P_2"": 20}",-195,-100,-6,-6,19,20,0,32,10,40,0,0
97,-59.74633543781139,412.3911576212007,1780.2756925228512,178.0275692522851,178.0275692522851,356.0551385045702,0.35,-3560.045090737493,-7001.470936239549,-13188.238292757804,2227.821056049609,-415.75084451156073,-949.7576081221846,-682.7668836745778,-282.25548228775733,-682.7668836745778,-1127.7851773744696,-59.74633543781139,"{""AC"": -35, ""AC_35_P"": 18, ""AC_40_BP"": 12, ""AC_45_P"": 17, ""AC_50_C"": -1, ""AC_50_CO"": -17, ""AC_50_C_2"": 14, ""AC_50_P_2"": -24}",-35,0,12,-17,14,-24,18,0,17,0,-1,0
98,391.0194230265963,207.9801697998492,1734.1402899517375,173.41402899517374,173.41402899517374,346.8280579903475,0.454,-2175.7633021217976,-2808.7865754384065,-3401.1465226972173,5646.773859349863,173.44309281441656,-152.92140250385307,-22.052086789260187,238.877750671713,-22.052086789260187,-326.3354314990268,391.0194230265963,"{""AC"": -100, ""AC_35_P"": 32, ""AC_40_BP"": -26, ""AC_45_KO"": -310, ""AC_45_P"": -11, ""AC_50_C"": 39, ""AC_50_CO"": 20, ""AC_50_C_2"": 50, ""AC_60_C"": 36}",-100,-310,-26,20,50,0,32,0,-11,0,39,36
99,191.2439335589331,483.23163315986994,3540.2556471172943,354.02556471172943,354.02556471172943,708.0511294234589,0.418,-6445.060916408495,-10656.331274502616,-19720.197527272125,5923.854410526488,-453.2621580819165,-1420.0212955431907,-952.5279862582058,-219.51550343942407,-952.5279862582058,-1774.0468602549201,191.2439335589331,"{""AC"": -140, ""AC_35_P"": 48, ""AC_40_BP"": -50, ""AC_40_P"": -13, ""AC_45_KO"": -490, ""AC_50_C"": 34, ""AC_50_CO"": -5, ""AC_50_C_2"": 37, ""AC_60_C"": 30}",-140,-490,-50,-5,37,0,48,-13,0,0,34,30
100,-120.96217785501467,852.669491421314,3133.8915714947025,313.38915714947024,313.38915714947024,626.7783142989405,0.308,-6870.55022139104,-12374.555506921442,-23305.681074086402,2627.981655725918,-808.0171999941188,-1838.5997332027748,-1308.2392896384058,-542.8369782119343,-1308.2392896384058,-2151.988890352245,-120.96217785501467,"{""AC"": -10, ""AC_35_P"": -20, ""AC_40_BP"": -8, ""AC_40_P"": 1, ""AC_45_KO"": -10, ""AC_45_P"": 39, ""AC_50_CO"": -27, ""AC_50_P"": 49, ""AC_60_C"": -48}",-10,-10,-8,-27,0,0,-20,1,39,49,0,-48
101,-127.07824415758455,1264.397623948022,5906.281275525652,590.6281275525652,590.6281275525652,1181.2562551051303,0.388,-12284.962418258398,-21220.876881825403,-38967.880743810856,6598.996736222328,-1355.5744859834244,-3198.318848722184,-2265.1366706726267,-888.9833969586458,-2265.1366706726267,-3788.9469762747494,-127.07824415758455,"{""AC"": -135, ""AC_35_P"": 9, ""AC_40_BP"": 19, ""AC_40_P"": 15, ""AC_45_KO"": -180, ""AC_45_P"": -16, ""AC_50_CO"": -3, ""AC_50_P"": 42, ""AC_50_P_2"": -49}",-135,-180,19,-3,0,-49,9,15,-16,42,0,0
102,256.1111290305281,95.00634768757104,1167.8797915817318,116.78797915817317,116.78797915817317,233.57595831634634,0.472,-1317.6116636122376,-2470.448427162525,-3754.33634529356,3494.8162498306374,124.34996266930435,-73.2917868725313,0.07538990960586744,161.03355106037293,0.07538990960586744,-190.0797660307045,256.1111290305281,"{""AC"": -70, ""AC_35_P"": 19, ""AC_40_BP"": -43, ""AC_40_P"": 12, ""AC_45_KO"": -390, ""AC_50_C"": 20, ""AC_50_CO"": -4, ""AC_50_C_2"": 33, ""AC_60_C"": 48}",-70,-390,-43,-4,33,0,19,12,0,0,20,48
103,-326.07487345122195,1026.405828779208,3265.2715407643122,326.5271540764312,326.5271540764312,653.0543081528624,0.268,-7638.253405980358,-13636.601492180715,-24215.437402776257,2620.1796832471,-1089.9002140492578,-2235.6382249463113,-1635.0764613864912,-789.6193322693476,-1635.0764613864912,-2562.1653790227424,-326.07487345122195,"{""AC"": -50, ""AC_40_BP"": 9, ""AC_40_P"": -9, ""AC_45_KO"": -140, ""AC_50_C"": 16, ""AC_50_CO"": -50, ""AC_50_C_2"": -35, ""AC_50_P_2"": -3, ""AC_60_C"": 8}",-50,-140,9,-50,-35,-3,0,-9,0,0,16,8
104,307.2391223923985,256.82437101433936,3257.551616710915,325.7551616710915,325.7551616710915,651.510323342183,0.456,-5008.646079273088,-7938.85093695006,-14004.898195420912,6386.462524582234,-193.6254855349103,-944.9223974258734,-606.9353703341103,-24.631971989028784,-606.9353703341103,-1270.677559096965,307.2391223923985,"{""AC"": -160, ""AC_35_P"": 32, ""AC_40_BP"": -50, ""AC_40_P"": -10, ""AC_45_KO"": -310, ""AC_50_C"": 50, ""AC_50_CO"": 6, ""AC_50_C_2"": 39, ""AC_60_C"": 45}",-160,-310,-50,6,39,0,32,-10,0,0,50,45
105,276.59996462978063,412.9001518926601,4308.718670626941,430.87186706269415,430.87186706269415,861.7437341253883,0.46,-7075.7223499769525,-11891.745286696283,-21081.604783897717,7845.228752693726,-430.9722703679147,-1492.3306228644574,-1000.1943213981094,-184.90411963474057,-1000.1943213981094,-1923.2024899271514,276.59996462978063,"{""AC"": -160, ""AC_35_P"": 46, ""AC_40_BP"": -46, ""AC_45_KO"": -500, ""AC_50_C"": 31, ""AC_50_CO"": 15, ""AC_50_C_2"": 27, ""AC_50_P"": 3, ""AC_60_C"": 34}",-160,-500,-46,15,27,0,46,0,0,3,31,34
106,218.54133629743725,33.47049977962294,1906.3628691526192,190.6362869152619,190.6362869152619,381.2725738305238,0.496,-2430.0298030799604,-3598.633310697056,-4550.209882006835,4165.97626915396,-24.461644010558786,-388.9661144725528,-241.28127762218776,49.38077441462376,-241.28127762218776,-579.6024013878148,218.54133629743725,"{""AC"": -75, ""AC_40_BP"": -5, ""AC_45_KO"": -470, ""AC_45_P"": 1, ""AC_50_C"": 48, ""AC_50_CO"": 19, ""AC_50_P"": 5, ""AC_50_P_2"": 21, ""AC_60_C"": -3}",-75,-470,-5,19,0,21,0,0,1,5,48,-3
107,201.60207142266776,84.51665140528002,2294.6418471412194,229.46418471412193,229.46418471412193,458.92836942824385,0.488,-3465.0286338439346,-4699.254977636049,-7536.709290635143,4769.051547430482,-144.90079196172573,-664.6550870383159,-432.8843160109834,-29.015406448059466,-432.8843160109834,-894.1192717524377,201.60207142266776,"{""AC"": -115, ""AC_35_P"": 3, ""AC_40_BP"": -50, ""AC_40_P"": 14, ""AC_45_KO"": -500, ""AC_50_C"": 50, ""AC_50_CO"": 25, ""AC_50_P"": -18, ""AC_60_C"": 17}",-115,-500,-50,25,0,0,3,14,0,-18,50,17
108,20.306600136930367,1041.1282023482586,4703.070567242888,470.30705672428877,470.30705672428877,940.6141134485775,0.402,-9412.55320163652,-15887.85353755464,-28748.001263631057,6268.7846614862265,-920.9487200267216,-2332.8317002721997,-1626.729908470692,-567.8978241259679,-1626.729908470692,-2803.1387569964886,20.306600136930367,"{""AC"": -150, ""AC_35_P"": 23, ""AC_40_BP"": -35, ""AC_45_KO"": -400, ""AC_45_P"": 7, ""AC_50_C"": 20, ""AC_50_CO"": -8, ""AC_50_P"": -15, ""AC_60_C"": 38}",-150,-400,-35,-8,0,0,23,0,7,-15,20,38
109,-262.77796891464936,925.0625169417393,2892.8528889444738,289.2852888944474,289.2852888944474,578.5705777888948,0.266,-6338.120539310548,-11949.188305947331,-23288.840276859613,1758.0622227136946,-896.5900228457042,-1847.3081037422864,-1358.1386942584554,-652.0053181037886,-1358.1386942584554,-2136.593392636734,-262.77796891464936,"{""AC"": -15, ""AC_35_P"": 10, ""AC_40_BP"": 2, ""AC_45_KO"": -220, ""AC_45_P"": 6, ""AC_50_C"": -11, ""AC_50_CO"": -26, ""AC_50_C_2"": -8, ""AC_60_C"": -32}",-15,-220,2,-26,-8,0,10,0,6,0,-11,-32
110,291.03538643004407,712.3647129800657,5293.196436021023,529.3196436021024,529.3196436021024,1058.6392872042047,0.456,-8768.999510041065,-14951.722032945738,-26068.934554220956,9187.414075852177,-585.8645645740626,-1901.2144910802222,-1288.9743618771668,-279.7444999725348,-1288.9743618771668,-2430.5341346823243,291.03538643004407,"{""AC"": -200, ""AC_35_P"": 18, ""AC_40_BP"": -44, ""AC_45_KO"": -470, ""AC_50_C"": 33, ""AC_50_CO"": 22, ""AC_50_C_2"": 24, ""AC_50_P_2"": 11, ""AC_60_C"": 50}",-200,-470,-44,22,24,11,18,0,0,0,33,50
111,203.14970717623436,-2030.8878716785787,7307.4798343508555,730.7479834350855,730.7479834350855,1461.495966870171,0.638,-6352.407591636737,-6961.341223609593,-7380.273431296979,50120.859261899604,-432.09105198743947,-1384.95219073295,-1115.085423286819,-297.1576682643739,-1115.085423286819,-2115.7001741680356,203.14970717623436,"{""AC"": 185, ""AC_35_P"": -15, ""AC_40_BP"": -3, ""AC_45_KO"": -30, ""AC_45_P"": 17, ""AC_50_CO"": -15, ""AC_50_P"": 28, ""AC_50_P_2"": 14, ""AC_60_C"": 9}",185,-30,-3,-15,0,14,-15,0,17,28,0,9
112,285.7136388825615,202.41409107044154,3507.60568310642,350.76056831064204,350.76056831064204,701.5211366212841,0.486,-5406.057056115693,-8605.026980443474,-15452.827921813174,6740.167273306445,-254.8920667290078,-1065.8006251463617,-700.5752036901135,-72.27935600088367,-700.5752036901135,-1416.5611934570038,285.7136388825615,"{""AC"": -160, ""AC_35_P"": 36, ""AC_40_BP"": -47, ""AC_45_KO"": -500, ""AC_50_C"": 50, ""AC_50_CO"": 16, ""AC_50_C_2"": 32, ""AC_50_P_2"": -17, ""AC_60_C"": 32}",-160,-500,-47,16,32,-17,36,0,0,0,50,32
113,178.38330912981525,933.4357544856898,5900.605945216194,590.0605945216195,590.0605945216195,1180.121189043239,0.428,-10392.369643155651,-19210.476135089702,-34251.90443165669,8990.739193746376,-860.8536551857499,-2419.7091016590975,-1675.5024346043422,-488.7503216583722,-1675.5024346043422,-3009.769696180717,178.38330912981525,"{""AC"": -180, ""AC_35_P"": 45, ""AC_40_BP"": -31, ""AC_45_KO"": -220, ""AC_50_C"": 23, ""AC_50_CO"": 7, ""AC_50_C_2"": 25, ""AC_50_P"": 9, ""AC_60_C"": 23}",-180,-220,-31,7,25,0,45,0,0,9,23,23
114,-87.32105082863092,443.4768700490013,1839.8516319747334,183.98516319747336,183.98516319747336,367.9703263949467,0.31,-3993.7730688018933,-7166.670233401772,-13468.142619179223,2337.6786822887884,-486.69835770882025,-1085.7643180291043,-778.3795927476515,-333.00599506809397,-778.3795927476515,-1269.7494812265777,-87.32105082863092,"{""AC"": -30, ""AC_40_BP"": 17, ""AC_40_P"": 31, ""AC_45_KO"": -350, ""AC_45_P"": 4, ""AC_50_C"": 19, ""AC_50_CO"": -38, ""AC_50_P"": 5, ""AC_50_P_2"": -8}",-30,-350,17,-38,0,-8,0,31,4,5,19,0
115,65.09315734856604,-920.9698082011219,2943.5767919794353,294.3576791979435,294.3576791979435,588.715358395887,0.666,-2265.264821952411,-2463.830059858617,-2638.2837450186676,21334.515954784038,-161.43332484667508,-501.2230481395367,-421.87540554326733,-121.7595035485404,-421.87540554326733,-795.5807273374802,65.09315734856604,"{""AC"": 75, ""AC_40_BP"": -2, ""AC_40_P"": 6, ""AC_45_KO"": -80, ""AC_50_C"": -5, ""AC_50_CO"": 19, ""AC_50_C_2"": -23, ""AC_50_P"": -2, ""AC_60_C"": -4}",75,-80,-2,19,-23,0,0,6,0,-2,-5,-4
116,330.03417206938155,109.51519074535702,2358.054473574367,235.8054473574367,235.8054473574367,471.6108947148734,0.478,-3251.6608431345844,-4562.439248747066,-6484.027401884396,5217.577680495519,4.8680877559231135,-482.88103871426455,-275.61767807952447,108.49976807329315,-275.61767807952447,-718.6864860717012,330.03417206938155,"{""AC"": -140, ""AC_35_P"": 29, ""AC_40_BP"": -48, ""AC_40_P"": -17, ""AC_45_KO"": -450, ""AC_50_C"": 50, ""AC_50_CO"": 8, ""AC_50_C_2"": 40, ""AC_60_C"": 50}",-140,-450,-48,8,40,0,29,-17,0,0,50,50
117,311.4736232385786,659.9680726969343,5322.04262937338,532.204262937338,532.204262937338,1064.408525874676,0.46,-8820.092878691692,-15094.035901501746,-26407.427525641186,9341.706601250487,-570.5356646305906,-1893.5495964343445,-1277.6424400338442,-262.5820864303405,-1277.6424400338442,-2425.7538593716827,311.4736232385786,"{""AC"": -200, ""AC_35_P"": 44, ""AC_40_BP"": -30, ""AC_45_KO"": -500, ""AC_50_C"": 49, ""AC_50_CO"": 4, ""AC_50_C_2"": 26, ""AC_50_P_2"": 12, ""AC_60_C"": 50}",-200,-500,-30,4,26,12,44,0,0,0,49,50
118,-46.75898352475593,-2135.809783162078,8639.97645761644,863.997645761644,863.997645761644,1727.995291523288,0.6,-9732.300626320084,-10830.094299634342,-11603.58135092285,50848.80793399303,-1019.9890461567643,-2479.834140104777,-1938.6029003535905,-749.3734262811711,-1938.6029003535905,-3343.831785866421,-46.75898352475593,"{""AC"": 195, ""AC_40_BP"": 2, ""AC_40_P"": -23, ""AC_45_KO"": -110, ""AC_50_CO"": -17, ""AC_50_C_2"": 32, ""AC_50_P"": -4, ""AC_50_P_2"": -46, ""AC_60_C"": -14}",195,-110,2,-17,32,-46,0,-23,0,-4,0,-14
119,278.19322474422654,803.0077607081305,5647.922532229262,564.7922532229262,564.7922532229262,1129.5845064458524,0.444,-9753.205278509166,-17080.77867133607,-30267.609620117393,9402.293132880051,-697.1273031066901,-2160.108094883065,-1467.1836936436114,-350.6651024869633,-1467.1836936436114,-2724.9003481059913,278.19322474422654,"{""AC"": -200, ""AC_35_P"": 50, ""AC_40_BP"": -24, ""AC_45_KO"": -260, ""AC_50_C"": 50, ""AC_50_CO"": -1, ""AC_50_C_2"": 30, ""AC_50_P_2"": 11, ""AC_60_C"": 38}",-200,-260,-24,-1,30,11,50,0,0,0,50,38
120,39.643060959672525,-1691.9410601556683,5065.0026642888415,506.5002664288842,506.5002664288842,1013.0005328577683,0.606,-4916.055557867992,-5326.156778094548,-5666.518433374736,32283.605427903105,-451.9624948271267,-1189.3708285073255,-951.0154059349684,-332.7847835409482,-951.0154059349684,-1695.8710949362098,39.643060959672525,"{""AC"": 140, ""AC_40_BP"": -36, ""AC_40_P"": 24, ""AC_45_KO"": -210, ""AC_45_P"": 21, ""AC_50_C"": -46, ""AC_50_CO"": 4, ""AC_50_P"": -30, ""AC_60_C"": 15}",140,-210,-36,4,0,0,0,24,21,-30,-46,15
121,242.2485289792106,950.8343268885197,5980.627394286344,598.0627394286344,598.0627394286344,1196.1254788572687,0.426,-10782.00538826627,-18947.367853649466,-34371.416508513255,9461.067742624025,-835.9520098474164,-2453.252818087357,-1674.0836489750473,-446.3674252912615,-1674.0836489750473,-3051.3155575159913,242.2485289792106,"{""AC"": -200, ""AC_35_P"": 50, ""AC_40_BP"": -50, ""AC_45_KO"": -500, ""AC_50_C"": 26, ""AC_50_CO"": -2, ""AC_50_C_2"": 44, ""AC_50_P_2"": 13, ""AC_60_C"": 42}",-200,-500,-50,-2,44,13,50,0,0,0,26,42
122,179.09635054836153,354.1117306946464,2739.998902206106,273.9998902206106,273.9998902206106,547.9997804412212,0.466,-4174.604686344719,-7044.163249218745,-11756.34138511135,4972.706201424287,-238.36411808611038,-864.5548210378182,-584.0942975136516,-98.13385632402708,-584.0942975136516,-1138.5547112584288,179.09635054836153,"{""AC"": -115, ""AC_35_P"": 26, ""AC_40_BP"": -8, ""AC_45_KO"": -500, ""AC_45_P"": 5, ""AC_50_C"": 42, ""AC_50_CO"": -9, ""AC_50_C_2"": 4, ""AC_60_C"": 43}",-115,-500,-8,-9,4,0,26,0,5,0,42,43
123,261.71910231220755,-230.16739027760448,2010.4822957580784,201.04822957580785,201.04822957580785,402.0964591516157,0.65,-1147.8618203858916,-1220.8213648482401,-1237.5319883447014,17077.860821360187,146.93292027361838,-25.246352784265355,-10.984285533580106,154.06395389896102,-10.984285533580106,-226.2945823600732,261.71910231220755,"{""AC"": -10, ""AC_35_P"": -3, ""AC_40_BP"": -6, ""AC_45_KO"": -10, ""AC_45_P"": -13, ""AC_50_C"": 35, ""AC_50_CO"": 24, ""AC_50_P_2"": 17, ""AC_60_C"": 16}",-10,-10,-6,24,0,17,-3,0,-13,0,35,16
124,416.8413825265963,80.87381399819992,2318.732503155398,231.8732503155398,231.8732503155398,463.7465006310796,0.486,-2919.4196343063463,-4067.087275870127,-5538.247760352616,5612.444006047269,124.89941909596166,-313.0135260499903,-137.00818777712553,212.90208823239402,-137.00818777712553,-544.8867763655301,416.8413825265963,"{""AC"": -120, ""AC_35_P"": 21, ""AC_40_BP"": -49, ""AC_45_KO"": -400, ""AC_50_C"": 43, ""AC_50_CO"": 10, ""AC_50_C_2"": 50, ""AC_50_P_2"": 31, ""AC_60_C"": 40}",-120,-400,-49,10,50,31,21,0,0,0,43,40
125,348.04438322237075,14.065146807302085,3063.7862750725053,306.37862750725054,306.37862750725054,612.7572550145011,0.498,-4201.391096379273,-6307.255504715396,-10685.550303717915,6627.229946625592,-72.09472641555658,-702.3033908724476,-435.35359498814546,61.38017152659445,-435.35359498814546,-1008.6820183796981,348.04438322237075,"{""AC"": -140, ""AC_35_P"": 45, ""AC_40_BP"": -50, ""AC_45_KO"": -190, ""AC_45_P"": 5, ""AC_50_C"": 36, ""AC_50_CO"": 12, ""AC_50_C_2"": 27, ""AC_60_C"": 50}",-140,-190,-50,12,27,0,45,0,5,0,36,50
126,-202.2585777257564,-254.60757255448533,2289.6625566553757,228.96625566553757,228.96625566553757,457.93251133107515,0.536,-3755.6730602592315,-4182.720611900108,-4537.14679839022,6488.340582454768,-577.8258837516796,-1141.1768427905643,-880.0926645974099,-447.2837946551024,-880.0926645974099,-1370.1430984561018,-202.2585777257564,"{""AC"": 60, ""AC_35_P"": -2, ""AC_40_BP"": 18, ""AC_45_KO"": -110, ""AC_50_C"": -1, ""AC_50_CO"": -16, ""AC_50_C_2"": 16, ""AC_50_P"": -48, ""AC_60_C"": -31}",60,-110,18,-16,16,0,-2,0,0,-48,-1,-31
127,110.00100072079051,-976.0684648851743,2566.585674437209,256.6585674437209,256.6585674437209,513.3171348874419,0.63,-1872.885514825684,-1977.9527695944712,-2065.1528630960065,17853.304418082207,-77.2875507617779,-358.2203779856305,-299.26111022492256,-47.80791688142392,-299.26111022492256,-614.8789454293515,110.00100072079051,"{""AC"": 65, ""AC_35_P"": 14, ""AC_40_BP"": -38, ""AC_45_KO"": -80, ""AC_50_C"": -21, ""AC_50_CO"": 4, ""AC_50_C_2"": 5, ""AC_50_P"": 16, ""AC_60_C"": 14}",65,-80,-38,4,5,0,14,0,0,16,-21,14
128,10.252596192850447,-1005.9816511872166,4148.758425042874,414.87584250428733,414.87584250428733,829.7516850085747,0.6,-4429.047766330037,-4849.702500295903,-5207.669688559707,26106.155889971546,-432.6521804401533,-1097.0093453896588,-861.5424900087987,-314.91875274972324,-861.5424900087987,-1511.8851878939463,10.252596192850447,"{""AC"": 135, ""AC_35_P"": 1, ""AC_40_BP"": 13, ""AC_45_KO"": -20, ""AC_50_CO"": -31, ""AC_50_C_2"": -12, ""AC_50_P"": 16, ""AC_50_P_2"": 33, ""AC_60_C"": -8}",135,-20,13,-31,-12,33,1,0,0,16,0,-8
129,356.81323400507154,-2933.909771538616,9108.864680807876,910.8864680807876,910.8864680807876,1821.7729361615752,0.654,-7123.723154587806,-7760.4650790828755,-8223.403145028009,62427.84080046866,-355.55908145370904,-1424.11755464188,-1167.188473223493,-227.09454074451565,-1167.188473223493,-2335.0040227226673,356.81323400507154,"{""AC"": 185, ""AC_40_BP"": 19, ""AC_40_P"": 5, ""AC_45_KO"": -270, ""AC_45_P"": 22, ""AC_50_CO"": 22, ""AC_50_C_2"": 44, ""AC_50_P"": -5, ""AC_50_P_2"": -23}",185,-270,19,22,44,-23,0,5,22,-5,0,0
130,-396.7080202221797,-685.9690017972898,5553.7273129479645,555.3727312947965,555.3727312947965,1110.745462589593,0.546,-8409.37363725714,-9382.093060439134,-10189.397151888836,25647.98204323821,-1237.6453839478936,-2499.0514295364646,-1935.800431458149,-956.0198849087358,-1935.800431458149,-3054.4241608312614,-396.7080202221797,"{""AC"": 185, ""AC_35_P"": -37, ""AC_40_BP"": -1, ""AC_40_P"": -44, ""AC_45_KO"": -130, ""AC_50_C"": -34, ""AC_50_CO"": -21, ""AC_50_C_2"": -23, ""AC_60_C"": -38}",185,-130,-1,-21,-23,0,-37,-44,0,0,-34,-38
131,-389.76661804037366,1777.7857884850469,5830.04127356573,583.004127356573,583.004127356573,1166.008254713146,0.274,-11765.941400649715,-24677.211762732255,-45918.39121239306,4629.69731357797,-1566.3607581053452,-3331.2519682028023,-2446.1598918161176,-1123.8147199120026,-2446.1598918161176,-3914.2560955593754,-389.76661804037366,"{""AC"": -105, ""AC_40_BP"": -19, ""AC_45_KO"": -50, ""AC_45_P"": -7, ""AC_50_CO"": -46, ""AC_50_C_2"": 19, ""AC_50_P"": 9, ""AC_50_P_2"": -25, ""AC_60_C"": -25}",-105,-50,-19,-46,19,-25,0,0,-7,9,0,-25
132,205.42682733062819,-1132.9717754367289,3545.052264773723,354.5052264773723,354.5052264773723,709.0104529547446,0.712,-2113.331825755003,-2231.302717684444,-2337.5880763527093,26998.65329221082,-5.906355244872145,-322.9061291081226,-288.82555977130846,11.133929423534951,-288.82555977130846,-677.4113555854949,205.42682733062819,"{""AC"": 75, ""AC_35_P"": -14, ""AC_40_BP"": 25, ""AC_45_P"": 9, ""AC_50_CO"": 23, ""AC_50_C_2"": 2, ""AC_50_P"": 21, ""AC_50_P_2"": -6}",75,0,25,23,2,-6,-14,0,9,21,0,0
133,292.65942935644546,427.123086051458,4445.09942314353,444.509942314353,444.509942314353,889.019884628706,0.464,-7272.697988221271,-11914.664983131912,-21053.85673004533,8115.094444706113,-434.61036946568163,-1525.5150676988724,-1020.5002400339217,-182.10295563320634,-1020.5002400339217,-1970.0250100132253,292.65942935644546,"{""AC"": -165, ""AC_35_P"": 27, ""AC_40_BP"": -37, ""AC_40_P"": 12, ""AC_45_KO"": -500, ""AC_50_C"": 24, ""AC_50_CO"": 24, ""AC_50_C_2"": 29, ""AC_60_C"": 37}",-165,-500,-37,24,29,0,27,12,0,0,24,37
134,56.979533408370564,1064.0176105968194,5183.0745294710605,518.3074529471061,518.3074529471061,1036.6149058942121,0.384,-9871.959466737155,-18451.60448184678,-33954.90071128647,6747.1904485450705,-930.216413265345,-2411.010333275918,-1682.9681130757556,-566.1953031652637,-1682.9681130757556,-2929.317786223024,56.979533408370564,"{""AC"": -160, ""AC_35_P"": 29, ""AC_40_BP"": -50, ""AC_45_KO"": -340, ""AC_45_P"": 3, ""AC_50_C"": 27, ""AC_50_CO"": -16, ""AC_50_C_2"": 36, ""AC_60_C"": 16}",-160,-340,-50,-16,36,0,29,0,3,0,27,16
135,139.19145110364647,506.28879714146825,3450.2080519529745,345.02080519529744,345.02080519529744,690.0416103905949,0.406,-6434.3702711904925,-11209.96343774811,-20668.757714101892,5401.066642476936,-504.2455760154028,-1469.4011166939767,-998.4744921725761,-268.7822637547025,-998.4744921725761,-1814.4219218892742,139.19145110364647,"{""AC"": -115, ""AC_35_P"": 47, ""AC_40_BP"": -39, ""AC_40_P"": -2, ""AC_45_KO"": -160, ""AC_50_C"": 18, ""AC_50_CO"": -6, ""AC_50_C_2"": 31, ""AC_60_C"": 20}",-115,-160,-39,-6,31,0,47,-2,0,0,18,20
136,90.65288978793879,975.5555356395694,5216.514808701035,521.6514808701035,521.6514808701035,1043.302961740207,0.398,-9676.370950299108,-18081.828290118567,-32873.16378438944,7201.415138480207,-876.9842052419721,-2328.439847786838,-1621.628493191979,-523.5785279445425,-1621.628493191979,-2850.0913286569416,90.65288978793879,"{""AC"": -170, ""AC_35_P"": 40, ""AC_40_BP"": -50, ""AC_45_KO"": -350, ""AC_50_C"": 32, ""AC_50_CO"": -16, ""AC_50_C_2"": 30, ""AC_50_P_2"": -3, ""AC_60_C"": 28}",-170,-350,-50,-16,30,-3,40,0,0,0,32,28
137,243.13323399180447,537.5393251305136,4661.37773073018,466.13777307301797,466.13777307301797,932.2755461460359,0.442,-8251.790586486315,-14058.27435863425,-25659.442738782276,7863.333406687532,-582.0458246568271,-1819.8144126297743,-1227.7042405176517,-285.9907386007658,-1227.7042405176517,-2285.952185702792,243.13323399180447,"{""AC"": -160, ""AC_35_P"": 48, ""AC_40_BP"": -37, ""AC_45_KO"": -500, ""AC_45_P"": 8, ""AC_50_C"": 37, ""AC_50_CO"": 6, ""AC_50_C_2"": 39, ""AC_60_C"": 15}",-160,-500,-37,6,39,0,48,0,8,0,37,15
138,398.59830642447366,121.30433236558142,1724.1378724694682,172.4137872469468,172.4137872469468,344.8275744938936,0.47,-1304.4030128528443,-3173.8932294209726,-4325.742944767536,11327.623319852399,268.1580051391892,72.49755321126258,116.73096087307363,290.2747089700947,116.73096087307363,-99.91623403568423,398.59830642447366,"{""AC"": -45, ""AC_35_P"": 50, ""AC_40_BP"": -36, ""AC_40_P"": 11, ""AC_45_KO"": -380, ""AC_50_C"": 50, ""AC_50_CO"": 9, ""AC_50_C_2"": 34, ""AC_60_C"": 18}",-45,-380,-36,9,34,0,50,11,0,0,50,18
139,122.74924355183663,746.7510115030517,4432.57243983902,443.257243983902,443.257243983902,886.514487967804,0.418,-7828.102718775292,-14429.167226134683,-25771.138674562015,6674.97184710909,-660.0610283256926,-1834.2764361419863,-1273.094786256408,-379.4702033829035,-1273.094786256408,-2277.533680125888,122.74924355183663,"{""AC"": -150, ""AC_35_P"": 50, ""AC_40_BP"": -32, ""AC_45_KO"": -470, ""AC_50_C"": 18, ""AC_50_CO"": -9, ""AC_50_C_2"": 20, ""AC_50_P_2"": -12, ""AC_60_C"": 45}",-150,-470,-32,-9,20,-12,50,0,0,0,18,45
140,264.46595581960634,751.4742130787871,5151.0486921235415,515.1048692123542,515.1048692123542,1030.2097384247083,0.444,-9068.173786853908,-15084.239333588652,-27226.523221185253,8596.553155727792,-642.3514228657846,-2002.5774908938706,-1353.3125468146568,-317.71895082617766,-1353.3125468146568,-2517.6823601062247,264.46595581960634,"{""AC"": -200, ""AC_35_P"": 35, ""AC_40_BP"": -44, ""AC_40_P"": -17, ""AC_45_KO"": -500, ""AC_50_C"": 31, ""AC_50_CO"": 17, ""AC_50_C_2"": 42, ""AC_60_C"": 45}",-200,-500,-44,17,42,0,35,-17,0,0,31,45
141,-216.46764020781347,327.56670387118834,1646.0904578093007,164.60904578093007,164.60904578093007,329.21809156186015,0.252,-3680.7738806742186,-7069.61401629114,-12212.836208840501,1054.988863443013,-584.5450282752354,-1136.661110376368,-850.8882451994112,-441.65859568675694,-850.8882451994112,-1301.270156157298,-216.46764020781347,"{""AC"": -5, ""AC_35_P"": 16, ""AC_40_BP"": -20, ""AC_45_KO"": -380, ""AC_50_C"": -8, ""AC_50_CO"": -19, ""AC_50_C_2"": -28, ""AC_50_P"": -12, ""AC_60_C"": -4}",-5,-380,-20,-19,-28,0,16,0,0,-12,-8,-4
142,-264.7523399126481,384.9291567751171,1963.9233529396588,196.39233529396589,196.39233529396589,392.78467058793177,0.254,-4614.431769316668,-8509.391646640457,-15334.98273848159,1099.09271214083,-726.1955168443149,-1418.360282241815,-1055.1132729571311,-544.5720122019729,-1055.1132729571311,-1614.752617535781,-264.7523399126481,"{""AC"": -10, ""AC_40_BP"": -15, ""AC_40_P"": 6, ""AC_45_KO"": -60, ""AC_45_P"": -31, ""AC_50_C"": -34, ""AC_50_CO"": -5, ""AC_50_C_2"": -23, ""AC_50_P"": -1}",-10,-60,-15,-5,-23,0,0,6,-31,-1,-34,0
143,122.91156355910849,-34.830455625939834,841.7866082883595,84.17866082883594,84.17866082883594,168.3573216576719,0.55,-584.8855156249715,-1350.0798819890947,-1877.8916608693748,6655.750315907768,64.42301199661134,-23.30981534713439,-6.910594199055211,72.62262257065092,-6.910594199055211,-107.48847617597033,122.91156355910849,"{""AC"": 40, ""AC_40_BP"": 1, ""AC_40_P"": -2, ""AC_45_KO"": -170, ""AC_45_P"": 37, ""AC_50_CO"": -7, ""AC_50_P"": 38, ""AC_50_P_2"": -6, ""AC_60_C"": -8}",40,-170,1,-7,0,-6,0,-2,37,38,0,-8
144,175.86936038299507,-2349.352956555791,7940.222407544563,794.0222407544563,794.0222407544563,1588.0444815089127,0.636,-7203.760271731008,-7870.437816141761,-8323.436841510444,52630.08509599663,-544.5066667901058,-1625.0707075497571,-1301.7058007538842,-382.82421339216944,-1301.7058007538842,-2419.0929483042137,175.86936038299507,"{""AC"": 185, ""AC_40_BP"": -37, ""AC_45_KO"": -20, ""AC_45_P"": 40, ""AC_50_C"": -3, ""AC_50_C_2"": 11, ""AC_50_P"": 4, ""AC_50_P_2"": -35}",185,-20,-37,0,11,-35,0,0,40,4,-3,0
145,328.7655659736965,-118.58869337793303,2047.0832549095678,204.70832549095678,204.70832549095678,409.41665098191356,0.518,-2184.2183260592446,-3143.1471141385528,-3475.2363155616868,4901.693969473839,110.34373336777202,-217.28901554111468,-101.2213456806686,168.37756829799505,-101.2213456806686,-421.99734103207146,328.7655659736965,"{""AC"": -100, ""AC_35_P"": 35, ""AC_40_BP"": -22, ""AC_45_KO"": -370, ""AC_50_C"": 48, ""AC_50_CO"": -2, ""AC_50_C_2"": 20, ""AC_50_P"": 20, ""AC_60_C"": 41}",-100,-370,-22,-2,20,0,35,0,0,20,48,41
146,92.30585595924582,-413.17718707617746,1348.0963380915323,134.80963380915324,134.80963380915324,269.6192676183065,0.72,-653.5891169729744,-2155.316602012853,-3008.888556905473,10452.339652104816,26.946944261948374,-71.09142328399777,-73.13732849127695,25.923991658308786,-73.13732849127695,-205.901057093151,92.30585595924582,"{""AC"": 25, ""AC_35_P"": -2, ""AC_40_BP"": 17, ""AC_40_P"": 37, ""AC_45_KO"": -250, ""AC_45_P"": 1, ""AC_50_C"": 29, ""AC_50_CO"": -10, ""AC_50_C_2"": -15}",25,-250,17,-10,-15,0,-2,37,1,0,29,0
147,328.7912973599317,224.53950214032648,2686.342697970722,268.6342697970722,268.6342697970722,537.2685395941444,0.466,-4051.0921800403876,-6086.412506809321,-9413.475247597102,5642.551693273562,-76.31792064410706,-683.9817476501652,-413.1896645446625,59.07812090864428,-413.1896645446625,-952.6160174472374,328.7912973599317,"{""AC"": -125, ""AC_35_P"": 34, ""AC_40_BP"": -38, ""AC_45_KO"": -500, ""AC_50_C"": 18, ""AC_50_CO"": 11, ""AC_50_C_2"": 50, ""AC_50_P_2"": 2, ""AC_60_C"": 49}",-125,-500,-38,11,50,2,34,0,0,0,18,49
148,-178.64371910569548,-28.90315190713048,1621.2053501897506,162.12053501897506,162.12053501897506,324.2410700379501,0.508,-2831.254969483176,-3263.002186272879,-3525.989657333238,5275.606338465489,-461.7692160540131,-886.4574614764895,-684.3922320376594,-360.73660133459805,-684.3922320376594,-1048.5779964954645,-178.64371910569548,"{""AC"": 45, ""AC_40_BP"": 10, ""AC_45_KO"": -240, ""AC_45_P"": -11, ""AC_50_C"": -44, ""AC_50_CO"": -24, ""AC_50_C_2"": 6, ""AC_50_P_2"": -27, ""AC_60_C"": 37}",45,-240,10,-24,6,-27,0,0,-11,0,-44,37
149,-167.1302331803549,740.5196195484017,2116.935601376426,211.69356013764258,211.69356013764258,423.38712027528516,0.316,-4746.88414625802,-9045.192124855756,-13359.55011604049,1464.5266224678332,-641.818647806157,-1353.85126974486,-985.0096351878793,-457.3978305276666,-985.0096351878793,-1565.5448298825027,-167.1302331803549,"{""AC_35_P"": 28, ""AC_40_BP"": 4, ""AC_45_KO"": -220, ""AC_50_C"": -14, ""AC_50_CO"": -18, ""AC_50_C_2"": -45, ""AC_50_P"": -2, ""AC_50_P_2"": 19}",0,-220,4,-18,-45,19,28,0,0,-2,-14,0
150,211.89042579990962,173.0185309850674,1157.0548591836257,115.70548591836257,115.70548591836257,231.41097183672514,0.448,-1642.737803093227,-2543.0643600195,-3803.0218172453287,4523.894067254404,47.616645490586905,-198.79402497339714,-92.37298762325571,100.82716416565762,-92.37298762325571,-314.4995108917597,211.89042579990962,"{""AC"": -65, ""AC_35_P"": 22, ""AC_40_BP"": -33, ""AC_45_KO"": -260, ""AC_45_P"": -8, ""AC_50_C"": 24, ""AC_50_CO"": 5, ""AC_50_C_2"": 46, ""AC_60_C"": 13}",-65,-260,-33,5,46,0,22,0,-8,0,24,13
151,309.11892305599713,711.2317878026748,5676.234027747718,567.6234027747718,567.6234027747718,1135.2468055495435,0.454,-9869.44068785543,-16566.19795634819,-29793.958807985855,9637.9810188238,-677.8251457295459,-2158.24124890786,-1455.1088815097032,-326.2589620304673,-1455.1088815097032,-2725.864651682632,309.11892305599713,"{""AC"": -200, ""AC_35_P"": 36, ""AC_40_BP"": -34, ""AC_45_KO"": -490, ""AC_45_P"": 17, ""AC_50_C"": 32, ""AC_50_CO"": 13, ""AC_50_C_2"": 43, ""AC_60_C"": 39}",-200,-490,-34,13,43,0,36,0,17,0,32,39
152,172.234471526049,1097.4891925523248,6116.869416614664,611.6869416614664,611.6869416614664,1223.373883322933,0.426,-10869.324961104716,-19649.862437193344,-35229.16029206505,9174.496174737083,-914.6980245844227,-2545.0967687501297,-1764.0077434703915,-524.1535119445534,-1764.0077434703915,-3156.783710411596,172.234471526049,"{""AC"": -200, ""AC_35_P"": 18, ""AC_40_BP"": -35, ""AC_40_P"": -3, ""AC_45_KO"": -460, ""AC_50_C"": 10, ""AC_50_CO"": 23, ""AC_50_C_2"": 33, ""AC_60_C"": 34}",-200,-460,-35,23,33,0,18,-3,0,0,10,34
153,237.30509172651392,92.11415067710635,2907.090483509259,290.70904835092585,290.70904835092585,581.4180967018517,0.492,-4482.094172744796,-7156.067784280879,-12796.033566365542,5772.503931454752,-210.9043255479657,-883.2184514596852,-580.3635583606684,-59.47687899845735,-580.3635583606684,-1173.9274998106112,237.30509172651392,"{""AC"": -120, ""AC_35_P"": 41, ""AC_40_BP"": -42, ""AC_45_KO"": -500, ""AC_50_C"": 48, ""AC_50_CO"": 22, ""AC_50_C_2"": 21, ""AC_50_P"": -1, ""AC_50_P_2"": -11}",-120,-500,-42,22,21,-11,41,0,0,-1,48,0
154,-49.60257720987092,-222.97398321326176,835.7759817983952,83.57759817983951,83.57759817983951,167.15519635967902,0.528,-1198.0846912876116,-1481.5387491344623,-2286.056155105513,2199.807728017119,-169.41104633863208,-349.1237500317738,-271.1040799929324,-130.40121131921137,-271.1040799929324,-432.7013482116133,-49.60257720987092,"{""AC"": 15, ""AC_40_BP"": -43, ""AC_45_KO"": -210, ""AC_45_P"": 15, ""AC_50_CO"": -17, ""AC_50_C_2"": 12, ""AC_50_P"": -21, ""AC_50_P_2"": 10, ""AC_60_C"": -1}",15,-210,-43,-17,12,10,0,0,15,-21,0,-1
155,122.88481872944402,-704.3979156727196,2305.8704634159963,230.58704634159963,230.58704634159963,461.17409268319926,0.638,-1576.8409359799375,-3899.2468097741566,-5334.693661442213,15267.64209121433,-34.79927486854973,-271.32541526554036,-228.9348448383464,-13.603989654952763,-228.9348448383464,-501.91246160714,122.88481872944402,"{""AC"": 50, ""AC_35_P"": 16, ""AC_40_BP"": 9, ""AC_45_KO"": -500, ""AC_50_CO"": -5, ""AC_50_C_2"": 18, ""AC_50_P"": 1, ""AC_50_P_2"": 13, ""AC_60_C"": 3}",50,-500,9,-5,18,13,16,0,0,1,0,3
156,15.669401820302912,-223.7829604017766,1135.5179681690372,113.55179681690372,113.55179681690372,227.10359363380744,0.622,-1087.5137923340337,-1868.01595543685,-2789.258048586054,7338.408328544076,-93.08197741310047,-256.2090462632055,-204.233565438254,-67.09423700062472,-204.233565438254,-369.7608430801092,15.669401820302912,"{""AC"": 30, ""AC_40_P"": -17, ""AC_45_KO"": -260, ""AC_45_P"": 7, ""AC_50_CO"": -4, ""AC_50_P"": 11, ""AC_50_P_2"": 4}",30,-260,0,-4,0,4,0,-17,7,11,0,0
157,-589.166614784457,2572.6996609413745,7280.175457687243,728.0175457687243,728.0175457687243,1456.0350915374486,0.284,-16470.31672343669,-30068.44742886474,-57074.757653625216,4189.495814059908,-2236.198287128126,-4706.745795643629,-3423.7228961843225,-1594.6868373984728,-3423.7228961843225,-5434.763341412354,-589.166614784457,"{""AC"": -155, ""AC_35_P"": -15, ""AC_40_BP"": -29, ""AC_40_P"": 9, ""AC_45_KO"": -350, ""AC_45_P"": -48, ""AC_50_C"": -13, ""AC_50_CO"": -42, ""AC_50_P"": -38}",-155,-350,-29,-42,0,0,-15,9,-48,-38,-13,0
158,173.50282923808024,473.74805800670646,3675.809129848718,367.5809129848718,367.5809129848718,735.1618259697436,0.456,-6204.610943958547,-10839.22602924608,-19415.214342710806,6142.907908291466,-446.95826515777446,-1377.6499067515565,-940.9792688481377,-228.62294620606508,-940.9792688481377,-1745.2308197364282,173.50282923808024,"{""AC"": -145, ""AC_35_P"": 7, ""AC_40_BP"": -37, ""AC_45_KO"": -500, ""AC_50_C"": 48, ""AC_50_CO"": 20, ""AC_50_C_2"": 22, ""AC_50_P_2"": -6, ""AC_60_C"": 3}",-145,-500,-37,20,22,-6,7,0,0,0,48,3
159,95.20199967277323,-1891.2283931974534,7299.16504029919,729.916504029919,729.916504029919,1459.833008059838,0.622,-7153.379089910599,-7790.56115108905,-8319.387524582235,47281.14789712279,-620.1359093182867,-1693.1427728048766,-1342.7631158287759,-444.9460808302365,-1342.7631158287759,-2423.0592768347956,95.20199967277323,"{""AC"": 165, ""AC_35_P"": 28, ""AC_40_BP"": 24, ""AC_40_P"": -26, ""AC_45_KO"": -110, ""AC_45_P"": -11, ""AC_50_CO"": -3, ""AC_50_C_2"": 13, ""AC_50_P"": -11}",165,-110,24,-3,13,0,28,-26,-11,-11,0,0
160,210.65770059554322,212.74850439481037,2712.3061980444663,271.23061980444663,271.23061980444663,542.4612396088933,0.446,-4194.325417701648,-7044.758546842738,-12823.24038886495,5156.368969473838,-208.77484117462157,-837.9236538298687,-554.1064219619273,-66.86622524065083,-554.1064219619273,-1109.1542736343154,210.65770059554322,"{""AC"": -115, ""AC_35_P"": 40, ""AC_40_BP"": -50, ""AC_45_KO"": -420, ""AC_45_P"": -12, ""AC_50_C"": 16, ""AC_50_CO"": 10, ""AC_50_C_2"": 29, ""AC_60_C"": 36}",-115,-420,-50,10,29,0,40,0,-12,0,16,36
161,298.909206231743,337.7722082758925,2980.6921023752384,298.06921023752386,298.06921023752386,596.1384204750477,0.446,-4656.020705122577,-7683.3893985603,-13189.062424505455,5884.916604773901,-166.69286428051475,-865.0959700489013,-548.5285046554055,-8.40913158376685,-548.5285046554055,-1163.1651802864253,298.909206231743,"{""AC"": -120, ""AC_35_P"": 44, ""AC_40_BP"": -35, ""AC_45_KO"": -310, ""AC_50_C"": 8, ""AC_50_CO"": 8, ""AC_50_C_2"": 50, ""AC_50_P_2"": 6, ""AC_60_C"": 43}",-120,-310,-35,8,50,6,44,0,0,0,8,43
162,-114.61227535393455,427.1111662197379,1398.1031638241147,139.8103163824115,139.8103163824115,279.620632764823,0.26,-3176.159812670972,-5831.032950397402,-11103.693518088736,896.614825594751,-432.22825662103173,-908.6522285216776,-660.941405445786,-308.372845083086,-660.941405445786,-1048.462544904089,-114.61227535393455,"{""AC"": -25, ""AC_35_P"": -12, ""AC_40_BP"": -38, ""AC_40_P"": -37, ""AC_45_KO"": -30, ""AC_45_P"": 31, ""AC_50_CO"": -16, ""AC_50_P"": 3, ""AC_50_P_2"": 6}",-25,-30,-38,-16,0,6,-12,-37,31,3,0,0
163,310.4229855281534,390.0087507963277,4229.124539594259,422.9124539594259,422.9124539594259,845.8249079188517,0.472,-6504.149737550969,-10545.290775772915,-17988.380324052458,7991.753752693725,-339.9919882269436,-1315.6144488595887,-876.6557020842048,-120.51261483925157,-876.6557020842048,-1738.5269028190146,310.4229855281534,"{""AC"": -165, ""AC_35_P"": 37, ""AC_40_BP"": -14, ""AC_40_P"": 6, ""AC_45_KO"": -500, ""AC_50_C"": 35, ""AC_50_CO"": 16, ""AC_50_C_2"": 18, ""AC_60_C"": 50}",-165,-500,-14,16,18,0,37,6,0,0,35,50
164,-48.89046935955611,-979.6457545384861,3676.223509640376,367.6223509640376,367.6223509640376,735.2447019280752,0.602,-4171.689363458666,-4703.543840260292,-4982.812484803963,21231.294709309597,-466.0594057054227,-1091.8128102242226,-858.4550493603747,-349.38052527349885,-858.4550493603747,-1459.4351611882603,-48.89046935955611,"{""AC"": 75, ""AC_40_BP"": -4, ""AC_40_P"": -4, ""AC_45_KO"": -340, ""AC_45_P"": -4, ""AC_50_CO"": 3, ""AC_50_C_2"": 13, ""AC_50_P_2"": -47, ""AC_60_C"": -10}",75,-340,-4,3,13,-47,0,-4,-4,0,0,-10
165,-203.97354498376973,308.39447401295627,1758.1991622185362,175.81991622185362,175.81991622185362,351.63983244370723,0.28,-3559.293782032585,-7747.015494737827,-14630.147558712568,1209.5694737019835,-559.9029231870283,-1093.796990491916,-825.7775703995843,-425.89321314086243,-825.7775703995843,-1269.6169067137696,-203.97354498376973,"{""AC"": -30, ""AC_35_P"": -33, ""AC_40_BP"": -27, ""AC_40_P"": -8, ""AC_45_KO"": -120, ""AC_50_C"": -12, ""AC_50_CO"": -15, ""AC_50_C_2"": 6, ""AC_50_P"": -1}",-30,-120,-27,-15,6,0,-33,-8,0,-1,-12,0
166,325.3206597460078,362.70338503349285,4299.953276288667,429.99532762886673,429.99532762886673,859.9906552577335,0.448,-6849.182916826446,-11508.199895488277,-21011.47876568584,7870.37409869992,-359.59763193663684,-1386.9750694606037,-917.0544415923924,-124.63731800253122,-917.0544415923924,-1816.9703970894705,325.3206597460078,"{""AC"": -160, ""AC_35_P"": 35, ""AC_40_BP"": -39, ""AC_45_KO"": -390, ""AC_50_C"": 27, ""AC_50_CO"": 15, ""AC_50_C_2"": 50, ""AC_50_P"": 16, ""AC_60_C"": 30}",-160,-390,-39,15,50,0,35,0,0,16,27,30
167,347.597453823368,-165.70407554159544,2365.3234958362773,236.53234958362773,236.53234958362773,473.06469916725547,0.538,-2789.9960514096247,-3596.378641627787,-4804.160174639914,5626.057701581556,68.59784868240553,-349.90155902903814,-189.1681286798895,148.96456385697985,-189.1681286798895,-586.4339086126658,347.597453823368,"{""AC"": -125, ""AC_35_P"": 45, ""AC_40_BP"": -38, ""AC_45_KO"": -240, ""AC_50_C"": 50, ""AC_50_CO"": 14, ""AC_50_C_2"": 21, ""AC_50_P_2"": -8, ""AC_60_C"": 42}",-125,-240,-38,14,21,-8,45,0,0,0,50,42
168,-32.58142230561864,-1064.2150673806934,4042.7287031478522,404.2728703147852,404.2728703147852,808.5457406295704,0.574,-4510.360441088885,-5030.6189336004,-5758.646323522437,24415.422937801886,-483.61746641450713,-1160.1715325778398,-911.2719236263439,-359.1676619387592,-911.2719236263439,-1564.444402892625,-32.58142230561864,"{""AC"": 115, ""AC_35_P"": -9, ""AC_40_BP"": -21, ""AC_45_KO"": -490, ""AC_45_P"": -22, ""AC_50_C"": -2, ""AC_50_CO"": -26, ""AC_50_C_2"": -6, ""AC_50_P"": 44}",115,-490,-21,-26,-6,0,-9,0,-22,44,-2,0
169,-118.79167527773232,-1054.1644025499781,4081.0056348372677,408.1005634837268,408.1005634837268,816.2011269674535,0.57,-5058.989016628939,-5620.099401002838,-6090.332526659988,22200.900947723294,-624.6905769406262,-1383.538929434967,-1081.6903095139364,-473.76626698011097,-1081.6903095139364,-1791.6394929186938,-118.79167527773232,"{""AC"": 80, ""AC_40_BP"": -15, ""AC_40_P"": -2, ""AC_45_KO"": -70, ""AC_50_C"": 17, ""AC_50_CO"": -10, ""AC_50_P"": -47, ""AC_50_P_2"": -14, ""AC_60_C"": -12}",80,-70,-15,-10,0,-14,0,-2,0,-47,17,-12
170,209.24493507462822,211.43930646547412,2471.3037981050006,247.13037981050007,247.13037981050007,494.26075962100015,0.464,-4009.7866119280993,-6313.450783805652,-11313.606976257797,4764.9218934366745,-191.73372611818175,-793.2017179073966,-515.7882466198367,-53.026990474401785,-515.7882466198367,-1040.3320977178967,209.24493507462822,"{""AC"": -120, ""AC_35_P"": 23, ""AC_40_BP"": -50, ""AC_45_KO"": -340, ""AC_50_C"": 50, ""AC_50_CO"": -3, ""AC_50_C_2"": 22, ""AC_50_P"": 1, ""AC_60_C"": 28}",-120,-340,-50,-3,22,0,23,0,0,1,50,28
171,301.3512089932778,-2516.1590411410143,7505.645576669398,750.5645576669398,750.5645576669398,1501.1291153338796,0.654,-5662.5780554767525,-6055.7329442889895,-6382.03006835925,53223.68041353534,-264.9065965543975,-1114.2933048759103,-923.3177781617051,-169.4188331972948,-923.3177781617051,-1864.85786254285,301.3512089932778,"{""AC"": 170, ""AC_35_P"": 16, ""AC_40_BP"": 10, ""AC_40_P"": 38, ""AC_45_KO"": -70, ""AC_45_P"": -18, ""AC_50_C"": 20, ""AC_50_CO"": 1, ""AC_50_P"": 17}",170,-70,10,1,0,0,16,38,-18,17,20,0
172,112.12246733996149,-356.5288066517235,1439.5291231008946,143.95291231008946,143.95291231008946,287.9058246201789,0.738,-859.0194208815681,-929.9339634636469,-1096.6129100375426,11101.508222515513,26.220525251804673,-102.63238788043053,-88.70690194731846,33.18326821836072,-88.70690194731846,-246.58530019052,112.12246733996149,"{""AC"": 5, ""AC_40_BP"": 3, ""AC_40_P"": -20, ""AC_45_KO"": -70, ""AC_50_C"": 11, ""AC_50_CO"": -1, ""AC_50_C_2"": 9, ""AC_50_P_2"": 13, ""AC_60_C"": 23}",5,-70,3,-1,9,13,0,-20,0,0,11,23
173,27.529514124229276,-372.085904822113,1783.0611896931348,178.30611896931347,178.30611896931347,356.61223793862695,0.616,-1789.7772738702429,-2059.7159839413025,-2725.1123878231215,11617.67288572622,-151.448213262795,-419.91480434333147,-330.0901364409639,-106.53587931161124,-330.0901364409639,-598.2209233126449,27.529514124229276,"{""AC_40_BP"": 16, ""AC_40_P"": -17, ""AC_45_KO"": -250, ""AC_50_C"": 10, ""AC_50_CO"": -6, ""AC_50_C_2"": 16, ""AC_50_P_2"": -35, ""AC_60_C"": 32}",0,-250,16,-6,16,-35,0,-17,0,0,10,32
174,-105.11631652794516,337.8512384794178,1191.776040400378,119.17760404003779,119.17760404003779,238.35520808007558,0.256,-2704.152626745996,-4718.572202768577,-9091.02242963456,1007.2363677072644,-375.5315792025448,-781.1544732144441,-570.3280125598634,-270.1183488752544,-570.3280125598634,-900.3320772544819,-105.11631652794516,"{""AC"": -30, ""AC_35_P"": 8, ""AC_40_BP"": -13, ""AC_40_P"": 19, ""AC_45_KO"": -440, ""AC_50_C"": 2, ""AC_50_CO"": -21, ""AC_50_P"": -31, ""AC_60_C"": 15}",-30,-440,-13,-21,0,0,8,19,0,-31,2,15
175,256.628357217483,788.1012551601067,5525.277202586295,552.5277202586295,552.5277202586295,1105.055440517259,0.446,-9635.620934703675,-16704.42928098113,-29960.769956906686,9058.825231764955,-706.9337362528845,-2152.2768764584357,-1464.978643117383,-363.2846195823581,-1464.978643117383,-2704.804596717065,256.628357217483,"{""AC"": -200, ""AC_35_P"": 31, ""AC_40_BP"": -41, ""AC_45_KO"": -360, ""AC_50_C"": 34, ""AC_50_CO"": 15, ""AC_50_C_2"": 37, ""AC_50_P"": 1, ""AC_60_C"": 36}",-200,-360,-41,15,37,0,31,0,0,1,34,36
176,335.0076984012404,173.454949770673,3527.736445381336,352.7736445381336,352.7736445381336,705.5472890762672,0.48,-5171.044830563916,-7674.388377175515,-13117.915972950661,7152.250969788881,-182.09678465515117,-957.7535092397385,-617.0358484524137,-11.737954261488781,-617.0358484524137,-1310.5271537778722,335.0076984012404,"{""AC"": -160, ""AC_35_P"": 35, ""AC_40_BP"": -29, ""AC_45_KO"": -370, ""AC_50_C"": 44, ""AC_50_CO"": 17, ""AC_50_C_2"": 24, ""AC_50_P_2"": -5, ""AC_60_C"": 50}",-160,-370,-29,17,24,-5,35,0,0,0,44,50
177,-149.63235266763513,1677.1290444550684,6796.399926064381,679.6399926064381,679.6399926064381,1359.2799852128762,0.378,-14744.956265786714,-24008.464893576864,-43720.18127798881,7694.636273622999,-1624.1279792463065,-3835.8714191143135,-2701.195788838861,-1056.7901641085803,-2701.195788838861,-4515.511411720751,-149.63235266763513,"{""AC"": -140, ""AC_35_P"": 35, ""AC_40_BP"": 1, ""AC_45_KO"": -180, ""AC_50_C"": 9, ""AC_50_CO"": -9, ""AC_50_C_2"": -37, ""AC_50_P_2"": 11, ""AC_60_C"": -1}",-140,-180,1,-9,-37,11,35,0,0,0,9,-1
178,94.90022571881997,872.9808297724353,4444.2976886348115,444.4297688634812,444.4297688634812,888.8595377269623,0.4,-8337.691500117717,-14795.087178559777,-27187.463868452505,6203.282334489325,-738.8689242929518,-1989.5226493106093,-1377.9683837305781,-433.0917915029362,-1377.9683837305781,-2433.9524181740903,94.90022571881997,"{""AC"": -160, ""AC_35_P"": 1, ""AC_40_BP"": -40, ""AC_45_KO"": -370, ""AC_45_P"": -16, ""AC_50_C"": 17, ""AC_50_CO"": 13, ""AC_50_C_2"": 37, ""AC_60_C"": 22}",-160,-370,-40,13,37,0,1,0,-16,0,17,22
179,197.50451427321062,117.79910400080732,1441.1070361405073,144.11070361405072,144.11070361405072,288.22140722810144,0.462,-2141.035768977737,-4139.914497721457,-4589.815221893889,3080.044627306602,-16.59906262456309,-337.75442797122366,-195.70620288047525,54.425049920811084,-195.70620288047525,-481.8651315852744,197.50451427321062,"{""AC"": -75, ""AC_35_P"": 24, ""AC_40_BP"": -39, ""AC_40_P"": -19, ""AC_45_KO"": -480, ""AC_50_C"": 41, ""AC_50_CO"": 19, ""AC_50_C_2"": 35, ""AC_60_C"": -12}",-75,-480,-39,19,35,0,24,-19,0,0,41,-12
180,-146.2140234934406,-900.5851016973929,3512.7163201503163,351.2716320150316,351.2716320150316,702.5432640300633,0.57,-4581.676563606967,-5032.448979227892,-5406.565509411899,18167.28932074533,-604.3816798541372,-1291.6331643951823,-1009.1013240420014,-463.11575967754686,-1009.1013240420014,-1642.904796410214,-146.2140234934406,"{""AC"": 135, ""AC_40_BP"": -12, ""AC_40_P"": 33, ""AC_45_KO"": -140, ""AC_45_P"": 26, ""AC_50_C"": -25, ""AC_50_CO"": -42, ""AC_50_C_2"": -20, ""AC_50_P"": -15}",135,-140,-12,-42,-20,0,0,33,26,-15,-25,0
181,296.6894025250388,637.9377848676645,5414.31650183538,541.4316501835381,541.4316501835381,1082.8633003670761,0.46,-8865.934177426827,-15633.236398255067,-27222.054699834636,9456.899141188043,-589.904015217644,-1919.794141831668,-1303.9165491807544,-281.96521889218707,-1303.9165491807544,-2461.225792015206,296.6894025250388,"{""AC"": -200, ""AC_35_P"": 50, ""AC_40_BP"": -38, ""AC_45_KO"": -290, ""AC_50_C"": 50, ""AC_50_CO"": 13, ""AC_50_C_2"": 20, ""AC_50_P_2"": 1, ""AC_60_C"": 39}",-200,-290,-38,13,20,1,50,0,0,0,50,39
182,57.42938681906592,-1073.8896369962304,3833.4778924401508,383.3477892440151,383.3477892440151,766.6955784880302,0.596,-3890.2651833993796,-4257.177903079058,-4520.1657538248455,22660.355708270894,-331.59713152087204,-915.136909030779,-717.7842853128485,-232.92081966190685,-717.7842853128485,-1298.484698274794,57.42938681906592,"{""AC"": 60, ""AC_40_BP"": -28, ""AC_40_P"": -14, ""AC_45_KO"": -120, ""AC_50_C"": 10, ""AC_50_CO"": -3, ""AC_50_C_2"": 32, ""AC_50_P"": -26, ""AC_50_P_2"": 4}",60,-120,-28,-3,32,4,0,-14,0,-26,10,0
183,164.73726606086404,1020.5909089787126,5967.115006246568,596.7115006246568,596.7115006246568,1193.4230012493135,0.432,-10619.679888722449,-19165.67662508909,-33496.930221822746,9098.789974258421,-897.2307228113808,-2490.182706119748,-1726.5704675598317,-515.4246035314226,-1726.5704675598317,-3086.894206744405,164.73726606086404,"{""AC"": -200, ""AC_35_P"": 35, ""AC_40_BP"": -33, ""AC_45_KO"": -300, ""AC_50_C"": 37, ""AC_50_CO"": 8, ""AC_50_C_2"": 10, ""AC_50_P_2"": -4, ""AC_60_C"": 37}",-200,-300,-33,8,10,-4,35,0,0,0,37,37
184,221.69239015943387,-63.36427566605143,1631.267103483895,163.1267103483895,163.1267103483895,326.253420696779,0.54,-1046.0657817658876,-2405.7681753666434,-3215.4411568887813,13024.99261917922,117.08581198284512,-39.82405528203802,-16.780832279644017,128.6074234840421,-16.780832279644017,-202.95076563042753,221.69239015943387,"{""AC"": 10, ""AC_35_P"": 35, ""AC_40_BP"": 25, ""AC_45_KO"": -250, ""AC_45_P"": 6, ""AC_50_C"": 33, ""AC_50_CO"": 23, ""AC_50_P_2"": -9, ""AC_60_C"": -17}",10,-250,25,23,0,-9,35,0,6,0,33,-17
185,-186.26489350900525,1763.0577865522694,6232.600940446193,623.2600940446193,623.2600940446193,1246.5201880892387,0.36,-12592.078677863807,-23722.543585188407,-43113.48420034899,6060.300760371639,-1445.4727612953861,-3334.2845629749568,-2386.7067422108857,-971.6838509133504,-2386.7067422108857,-3957.5446570195763,-186.26489350900525,"{""AC"": -160, ""AC_35_P"": -36, ""AC_40_BP"": 1, ""AC_45_KO"": -10, ""AC_45_P"": -3, ""AC_50_CO"": 22, ""AC_50_C_2"": 11, ""AC_50_P"": -23, ""AC_60_C"": -20}",-160,-10,1,22,11,0,-36,0,-3,-23,0,-20
186,213.37872572055522,959.3651584643537,6380.438467522443,638.0438467522442,638.0438467522442,1276.0876935044885,0.44,-11322.960875315192,-20412.293932485936,-36754.220272814455,9884.183345820704,-918.9173618109639,-2617.3614931082425,-1804.0873289528458,-512.2802797332654,-1804.0873289528458,-3255.4053398604865,213.37872572055522,"{""AC"": -200, ""AC_35_P"": 50, ""AC_40_BP"": -24, ""AC_40_P"": -3, ""AC_45_KO"": -430, ""AC_50_C"": 23, ""AC_50_CO"": 18, ""AC_50_C_2"": 37, ""AC_60_C"": 19}",-200,-430,-24,18,37,0,50,-3,0,0,23,19
187,206.04505848809598,-2365.296243671212,8000.0602227548,800.00602227548,800.00602227548,1600.01204455096,0.65,-6713.092117954248,-7349.451987436067,-7871.593718830149,55219.16348935319,-465.2641533073289,-1472.2279710004661,-1200.9217703427812,-329.61105297848644,-1200.9217703427812,-2272.233993275946,206.04505848809598,"{""AC"": 185, ""AC_35_P"": -12, ""AC_40_BP"": 18, ""AC_40_P"": -5, ""AC_45_KO"": -390, ""AC_45_P"": 38, ""AC_50_CO"": 12, ""AC_50_P"": -3, ""AC_50_P_2"": -17}",185,-390,18,12,0,-17,-12,-5,38,-3,0,0
188,299.79160109990255,494.4579394711504,4725.9984831034735,472.59984831034734,472.59984831034734,945.1996966206947,0.452,-8170.801354504058,-13149.141921769797,-23640.945625055472,8390.075828730889,-517.2885343505033,-1742.908737526112,-1162.1285262308797,-226.8984287028872,-1162.1285262308797,-2215.508585836459,299.79160109990255,"{""AC"": -175, ""AC_35_P"": 30, ""AC_40_BP"": -50, ""AC_45_KO"": -400, ""AC_50_C"": 24, ""AC_50_CO"": 20, ""AC_50_C_2"": 39, ""AC_50_P"": 11, ""AC_60_C"": 38}",-175,-400,-50,20,39,0,30,0,0,11,24,38
189,45.8004872100627,1331.2224863081406,6633.958956144178,663.3958956144178,663.3958956144178,1326.7917912288356,0.404,-12138.378992268448,-23407.66636867766,-42177.1313376722,8813.478752693723,-1168.0374120167821,-2988.7942608570493,-2106.6543094374133,-726.9674363069643,-2106.6543094374133,-3652.190156471467,45.8004872100627,"{""AC"": -190, ""AC_35_P"": 42, ""AC_40_BP"": -30, ""AC_45_KO"": -480, ""AC_50_C"": 19, ""AC_50_CO"": 2, ""AC_50_C_2"": 24, ""AC_50_P"": -10, ""AC_60_C"": 12}",-190,-480,-30,2,24,0,42,0,0,-10,19,12
190,-159.716646659838,-76.5828788143004,765.4227051712724,76.54227051712724,76.54227051712724,153.08454103425447,0.546,-1525.3320374778782,-3185.9634718686057,-4957.600122017268,1608.3851464440809,-312.24985040762584,-541.0496560293076,-426.78758754008334,-255.11881616301372,-426.78758754008334,-617.5919265464348,-159.716646659838,"{""AC"": 5, ""AC_40_BP"": 7, ""AC_40_P"": -2, ""AC_45_KO"": -60, ""AC_45_P"": 6, ""AC_50_CO"": -30, ""AC_50_C_2"": -17, ""AC_50_P_2"": -9, ""AC_60_C"": 12}",5,-60,7,-30,-17,-9,0,-2,6,0,0,12
191,445.94136996297215,105.38448165857528,1859.1531050315493,185.91531050315493,185.91531050315493,371.83062100630985,0.478,-1498.972523033255,-3476.7786188096743,-4564.758406392184,12141.88350668216,296.04411765964664,71.19823920465842,128.13783625640644,324.5139161855207,128.13783625640644,-114.7170712984965,445.94136996297215,"{""AC"": -60, ""AC_35_P"": 29, ""AC_40_BP"": -49, ""AC_45_KO"": -410, ""AC_50_C"": 44, ""AC_50_CO"": 13, ""AC_50_C_2"": 40, ""AC_50_P_2"": 23, ""AC_60_C"": 37}",-60,-410,-49,13,40,23,29,0,0,0,44,37
192,-138.07424137818128,1038.6845553674698,3656.0369387569217,365.60369387569216,365.60369387569216,731.2073877513843,0.354,-7767.950192675984,-14092.506505611213,-25843.55708010844,3175.3280234783306,-914.8692606457798,-2080.0617895471773,-1486.0686172174248,-617.8726744809036,-1486.0686172174248,-2445.6654834228693,-138.07424137818128,"{""AC"": -100, ""AC_40_BP"": 4, ""AC_45_KO"": -70, ""AC_45_P"": -31, ""AC_50_C"": 19, ""AC_50_CO"": -13, ""AC_50_C_2"": 4, ""AC_50_P"": 13, ""AC_50_P_2"": -10}",-100,-70,4,-13,4,-10,0,0,-31,13,19,0
193,-127.74759444442415,1013.9889781484902,3187.380228344622,318.7380228344622,318.7380228344622,637.4760456689244,0.354,-7202.127989204856,-11805.516607053056,-21075.6289120828,2973.990034179625,-847.9603933649098,-1928.279591745638,-1367.4358042423835,-567.5384996132825,-1367.4358042423835,-2247.0176145801,-127.74759444442415,"{""AC"": -65, ""AC_35_P"": 16, ""AC_40_BP"": 10, ""AC_40_P"": -20, ""AC_45_KO"": -90, ""AC_45_P"": 14, ""AC_50_CO"": -17, ""AC_50_C_2"": -21, ""AC_60_C"": 15}",-65,-90,10,-17,-21,0,16,-20,14,0,0,15
194,-111.62531780384542,739.8949726368062,2754.7563944727626,275.47563944727625,275.47563944727625,550.9512788945525,0.328,-6002.061369211024,-10793.783617790434,-20310.29293508698,2463.1748212389725,-711.8314547249478,-1612.1406601066014,-1149.6723429091371,-480.59729612621567,-1149.6723429091371,-1887.6162995538778,-111.62531780384542,"{""AC"": -40, ""AC_35_P"": 3, ""AC_40_BP"": -14, ""AC_40_P"": -12, ""AC_45_KO"": -100, ""AC_45_P"": 13, ""AC_50_CO"": -2, ""AC_50_P_2"": 11, ""AC_60_C"": -32}",-40,-100,-14,-2,0,11,3,-12,13,0,0,-32
195,241.43566708226552,-39.512960151920815,1435.4335509516727,143.54335509516727,143.54335509516727,287.08671019033454,0.524,-775.6730495560785,-3748.1756676632435,-5237.561117414316,8892.573653926793,163.86836212665767,47.51740469324591,53.313032101270124,166.7661758306698,53.313032101270124,-96.02595040192136,241.43566708226552,"{""AC"": -30, ""AC_35_P"": 24, ""AC_40_BP"": -43, ""AC_40_P"": -5, ""AC_45_KO"": -500, ""AC_50_C"": 49, ""AC_50_CO"": 4, ""AC_50_C_2"": 33, ""AC_60_C"": -2}",-30,-500,-43,4,33,0,24,-5,0,0,49,-2
196,371.15164466702305,-128.96296364653068,2076.5306937120563,207.65306937120562,207.65306937120562,415.30613874241124,0.512,-2486.834590864792,-3115.678530962166,-4106.524852382358,5131.511391517198,122.46818558054383,-250.55700304917497,-105.70007864829856,194.89664778098205,-105.70007864829856,-458.2100724203806,371.15164466702305,"{""AC"": -110, ""AC_35_P"": 38, ""AC_40_BP"": -50, ""AC_45_KO"": -320, ""AC_45_P"": 8, ""AC_50_C"": 31, ""AC_50_CO"": 11, ""AC_50_C_2"": 37, ""AC_60_C"": 50}",-110,-320,-50,11,37,0,38,0,8,0,31,50
197,400.8389913839147,-111.56268168520353,2226.5084490291047,222.65084490291048,222.65084490291048,445.30168980582096,0.522,-2222.772259247955,-2627.41309724751,-3380.314863115689,5621.935581926661,178.56176545911916,-154.85407342807406,-43.90226995473378,234.0376671957893,-43.90226995473378,-377.50491833098454,400.8389913839147,"{""AC"": -115, ""AC_35_P"": 20, ""AC_40_BP"": -38, ""AC_45_KO"": -280, ""AC_50_C"": 49, ""AC_50_CO"": 16, ""AC_50_C_2"": 21, ""AC_50_P_2"": 28, ""AC_60_C"": 44}",-115,-280,-38,16,21,28,20,0,0,0,49,44
198,391.19363583660413,-56.05700528139727,2868.1775345366664,286.8177534536666,286.8177534536666,573.6355069073333,0.508,-3558.180745609872,-4812.662893419006,-7016.98812680956,6471.746235603912,35.37556127561692,-498.3515505658638,-285.94235273171,141.58016019269388,-285.94235273171,-785.1693040195305,391.19363583660413,"{""AC"": -130, ""AC_35_P"": 31, ""AC_40_BP"": -24, ""AC_45_KO"": -390, ""AC_50_C"": 50, ""AC_50_CO"": 7, ""AC_50_C_2"": 27, ""AC_50_P"": 27, ""AC_60_C"": 45}",-130,-390,-24,7,27,0,31,0,0,27,50,45
199,-248.23403541555834,-81.9341366734289,903.914005027935,90.3914005027935,90.3914005027935,180.782801005587,0.526,-1800.5241158108227,-2641.106849013113,-5727.542303271454,924.1296061500528,-428.2864469966406,-698.365064368264,-563.5083530385784,-360.8580913317978,-563.5083530385784,-788.7564648710576,-248.23403541555834,"{""AC"": -10, ""AC_40_BP"": 14, ""AC_45_KO"": -60, ""AC_45_P"": -34, ""AC_50_C"": -5, ""AC_50_CO"": 3, ""AC_50_P"": -12, ""AC_50_P_2"": -45, ""AC_60_C"": -12}",-10,-60,14,3,0,-45,0,0,-34,-12,-5,-12
200,-95.90260381505068,-778.6680953023579,2892.3393991038097,289.23393991038097,289.23393991038097,578.4678798207619,0.582,-3381.1675163972423,-3674.7184062039605,-4518.572821644882,17329.554739966752,-434.01935545477494,-941.1944829143613,-747.6947012298275,-337.26946461250805,-747.6947012298275,-1230.4284228247423,-95.90260381505068,"{""AC"": 90, ""AC_40_BP"": -13, ""AC_40_P"": 14, ""AC_45_KO"": -340, ""AC_45_P"": -12, ""AC_50_C"": -27, ""AC_50_CO"": 5, ""AC_50_C_2"": -23, ""AC_50_P_2"": -17}",90,-340,-13,5,-23,-17,0,14,-12,0,-27,0
201,175.09995926241874,-1012.5880437605315,2535.3480874934266,253.53480874934266,253.53480874934266,507.0696174986853,0.69,-1355.5971235445556,-1582.2021759594743,-1716.4468500618632,18246.545188997676,39.540246907963166,-163.79932162372018,-155.00701364393592,43.936400897855286,-155.00701364393592,-417.33413037306286,175.09995926241874,"{""AC"": 40, ""AC_35_P"": -1, ""AC_40_BP"": -24, ""AC_40_P"": 23, ""AC_45_KO"": -70, ""AC_50_CO"": 20, ""AC_50_C_2"": 16, ""AC_50_P"": -4, ""AC_50_P_2"": -9}",40,-70,-24,20,16,-9,-1,23,0,-4,0,0
202,-26.863351601313365,-44.69171876215759,802.4925337540392,80.24925337540392,80.24925337540392,160.49850675080785,0.516,-1019.5033298431111,-1667.0839228393443,-2978.3454231535047,4069.762176908348,-128.8136845856245,-281.73918406209117,-219.91347776548196,-97.90083143731991,-219.91347776548196,-361.9884374374951,-26.863351601313365,"{""AC"": -40, ""AC_35_P"": 3, ""AC_40_BP"": -44, ""AC_45_KO"": -290, ""AC_45_P"": -26, ""AC_50_C"": 43, ""AC_50_CO"": -12, ""AC_50_P_2"": -33, ""AC_60_C"": 23}",-40,-290,-44,-12,0,-33,3,0,-26,0,43,23
203,-18.85455842738434,-229.39046460356445,1418.6771211238236,141.86771211238235,141.86771211238235,283.7354242247647,0.552,-1854.0932318812565,-2076.0809686893485,-2222.6640823216926,5315.491353552266,-204.26388161551,-482.3778663976985,-367.902399265764,-147.02614804954277,-367.902399265764,-624.2455785100808,-18.85455842738434,"{""AC"": 35, ""AC_35_P"": 5, ""AC_40_BP"": 5, ""AC_45_KO"": -170, ""AC_50_CO"": -22, ""AC_50_C_2"": 28, ""AC_50_P"": -17, ""AC_50_P_2"": 21, ""AC_60_C"": -8}",35,-170,5,-22,28,21,5,0,0,-17,0,-8
204,-155.94887488017295,2213.7781588187763,7651.582560064838,765.1582560064837,765.1582560064837,1530.3165120129675,0.362,-14667.777894532781,-29057.608790016788,-52786.09874805618,7712.503041357006,-1622.7266643334513,-3822.893348513368,-2738.6946870633315,-1080.627333608433,-2738.6946870633315,-4588.051604519852,-155.94887488017295,"{""AC"": -185, ""AC_35_P"": -8, ""AC_40_BP"": 25, ""AC_45_KO"": -90, ""AC_50_C"": 4, ""AC_50_CO"": -19, ""AC_50_C_2"": 28, ""AC_50_P_2"": 5, ""AC_60_C"": 2}",-185,-90,25,-19,28,5,-8,0,0,0,4,2
205,184.5787261726923,854.663133071656,5503.576253936062,550.3576253936062,550.3576253936062,1100.7152507872124,0.446,-9504.917804641409,-17375.920603097762,-30692.666876742987,8509.883406687532,-765.9130542914486,-2191.65072498766,-1516.3377572203221,-428.2565704077797,-1516.3377572203221,-2742.008350381266,184.5787261726923,"{""AC"": -180, ""AC_40_BP"": -26, ""AC_40_P"": 16, ""AC_45_KO"": -350, ""AC_50_C"": 40, ""AC_50_CO"": 12, ""AC_50_C_2"": 20, ""AC_50_P"": 14, ""AC_60_C"": 16}",-180,-350,-26,12,20,0,0,16,0,14,40,16
206,200.96784720871517,937.6650091966925,6044.29541767977,604.4295417679771,604.4295417679771,1208.8590835359541,0.444,-10306.07597868765,-19030.237181203873,-33508.46204432216,9582.751961795928,-829.6397506600498,-2375.551147463197,-1647.1583204784206,-465.4433371676616,-1647.1583204784206,-2979.9806892311744,200.96784720871517,"{""AC"": -190, ""AC_35_P"": 50, ""AC_40_BP"": -30, ""AC_40_P"": -1, ""AC_45_KO"": -500, ""AC_50_C"": 20, ""AC_50_CO"": 18, ""AC_50_C_2"": 18, ""AC_60_C"": 31}",-190,-500,-30,18,18,0,50,-1,0,0,20,31
207,283.2438899508042,686.1415218795006,5167.50095575346,516.750095575346,516.750095575346,1033.500191150692,0.446,-9256.901059841899,-15190.211091934181,-27677.186110173352,8662.041520743278,-642.4462160333858,-2030.9813750096705,-1363.6663168131536,-308.78868693512726,-1363.6663168131536,-2547.7314705850167,283.2438899508042,"{""AC"": -190, ""AC_35_P"": 50, ""AC_40_BP"": -16, ""AC_45_KO"": -440, ""AC_45_P"": -4, ""AC_50_C"": 37, ""AC_50_CO"": 4, ""AC_50_C_2"": 48, ""AC_60_C"": 38}",-190,-440,-16,4,48,0,50,0,-4,0,37,38
208,-55.922233505036495,85.32130955080133,467.9017065068264,46.79017065068264,46.79017065068264,93.58034130136528,0.444,-808.0632608087136,-1550.3039228393445,-2430.106060241353,1022.8040379089316,-136.72855958590787,-257.9380487072149,-200.52680795168484,-108.02293920814284,-200.52680795168484,-304.7282193578975,-55.922233505036495,"{""AC_35_P"": -16, ""AC_40_BP"": 3, ""AC_40_P"": 9, ""AC_45_KO"": -270, ""AC_50_CO"": -11, ""AC_50_P"": -15, ""AC_50_P_2"": 2, ""AC_60_C"": 14}",0,-270,3,-11,0,2,-16,9,0,-15,0,14
209,14.222044527609366,-522.6952161269086,1677.022486782553,167.7022486782553,167.7022486782553,335.4044973565106,0.588,-1644.2494177131393,-1798.1943969593242,-1918.234690152157,10581.321467543492,-150.20289724370457,-396.8403099006755,-316.26649246848916,-109.91598852761143,-316.26649246848916,-564.5425585789308,14.222044527609366,"{""AC"": 35, ""AC_40_BP"": -17, ""AC_40_P"": 4, ""AC_45_KO"": -130, ""AC_45_P"": -3, ""AC_50_CO"": -1, ""AC_50_P"": -10, ""AC_50_P_2"": 5, ""AC_60_C"": 3}",35,-130,-17,-1,0,5,0,4,-3,-10,0,3
210,-223.52870988008297,-1063.3398563999722,6839.565193144705,683.9565193144705,683.9565193144705,1367.913038628941,0.572,-8787.234376277513,-9790.909275860182,-10671.683603643283,37326.06760481145,-1102.2521475078343,-2420.3373039494613,-1883.592125978945,-833.8795585225762,-1883.592125978945,-3104.2938232639317,-223.52870988008297,"{""AC"": 180, ""AC_40_BP"": 19, ""AC_40_P"": -18, ""AC_45_KO"": -10, ""AC_45_P"": -8, ""AC_50_C"": -19, ""AC_50_CO"": -34, ""AC_50_P"": -18, ""AC_50_P_2"": -21}",180,-10,19,-34,0,-21,0,-18,-8,-18,-19,0
211,83.7727592124675,-1495.0449418111652,4862.927930099347,486.29279300993466,486.29279300993466,972.5855860198693,0.642,-4477.499130859124,-4973.647405719822,-5275.986298864546,32079.5082686144,-363.97715387344493,-1035.6020235023136,-830.9985069213685,-261.6753955829724,-830.9985069213685,-1521.8948165122483,83.7727592124675,"{""AC"": 95, ""AC_35_P"": -14, ""AC_40_BP"": -2, ""AC_45_KO"": -270, ""AC_50_C"": -6, ""AC_50_CO"": 17, ""AC_50_C_2"": 15, ""AC_50_P_2"": -31, ""AC_60_C"": 2}",95,-270,-2,17,15,-31,-14,0,0,0,-6,2
212,106.41390936397882,-1133.2713027817078,3805.3970666316845,380.53970666316843,380.53970666316843,761.0794133263369,0.664,-3053.6141419116566,-3477.9682976915637,-4825.9952870619245,26791.56921308582,-198.9475048271869,-656.9896261139353,-541.8980652543539,-141.40172439739615,-541.8980652543539,-1037.5293327771037,106.41390936397882,"{""AC"": 80, ""AC_40_BP"": 9, ""AC_45_KO"": -380, ""AC_45_P"": -18, ""AC_50_C"": -2, ""AC_50_CO"": 18, ""AC_50_P"": 26, ""AC_50_P_2"": -23}",80,-380,9,18,0,-23,0,0,-18,26,-2,0
213,216.66276476604847,152.47318219787473,1109.2400531758658,110.92400531758658,110.92400531758658,221.84801063517315,0.462,-1413.9276821947979,-2318.9465619321923,-3843.738731527437,4579.354241730569,75.26999654656868,-136.819155782651,-50.88839022196449,118.23537932691191,-50.88839022196449,-247.74316110023756,216.66276476604847,"{""AC"": -15, ""AC_35_P"": 50, ""AC_40_BP"": 4, ""AC_45_KO"": -210, ""AC_45_P"": 8, ""AC_50_CO"": -9, ""AC_50_C_2"": 46, ""AC_50_P"": 22}",-15,-210,4,-9,46,0,50,0,8,22,0,0
214,-210.88376643010363,1466.5724999659924,5207.4639713960205,520.7463971396021,520.7463971396021,1041.4927942792042,0.346,-11366.983290192935,-20043.88574032322,-37276.48369326561,4362.597639769099,-1347.5820954493972,-3052.6295889783373,-2176.304458528845,-909.419530224651,-2176.304458528845,-3573.3759861179396,-210.88376643010363,"{""AC"": -100, ""AC_35_P"": -18, ""AC_40_BP"": -9, ""AC_40_P"": 15, ""AC_45_KO"": -220, ""AC_45_P"": -17, ""AC_50_CO"": -34, ""AC_50_P"": 39, ""AC_50_P_2"": -4}",-100,-220,-9,-34,0,-4,-18,15,-17,39,0,0
215,31.11027773625131,-785.9688627851024,2767.655239702161,276.7655239702161,276.7655239702161,553.5310479404322,0.634,-2600.6488657112295,-2830.7386732778377,-3027.6421102167888,18178.80780872388,-228.95460883487164,-619.0519386915561,-497.3698141055412,-168.1135465418642,-497.3698141055412,-895.8174626617722,31.11027773625131,"{""AC"": 65, ""AC_35_P"": -14, ""AC_40_BP"": -4, ""AC_45_KO"": -170, ""AC_50_C"": -2, ""AC_50_CO"": 14, ""AC_50_P"": -5, ""AC_60_C"": -13}",65,-170,-4,14,0,0,-14,0,0,-5,-2,-13
216,-119.97009727255913,1665.7159918417065,7946.8262568781065,794.6826256878106,794.6826256878106,1589.3652513756213,0.376,-16484.640754666765,-28525.37612492909,-52360.878823427585,9142.901469314555,-1768.4341727392357,-4241.130285939251,-2990.007523316479,-1142.87279142785,-2990.007523316479,-5035.812911627061,-119.97009727255913,"{""AC"": -195, ""AC_35_P"": 4, ""AC_40_BP"": -20, ""AC_40_P"": 40, ""AC_45_KO"": -220, ""AC_50_C"": 2, ""AC_50_CO"": 7, ""AC_50_C_2"": 1, ""AC_50_P_2"": -36}",-195,-220,-20,7,1,-36,4,40,0,0,2,0
217,372.58713262521286,-2709.333571152187,8762.253875632821,876.2253875632821,876.2253875632821,1752.4507751265642,0.648,-6803.153255095907,-7256.082428812779,-7626.407960533746,60684.17980150737,-307.72819288437796,-1328.201181148764,-1085.998549420814,-186.62687702040307,-1085.998549420814,-2204.426568712046,372.58713262521286,"{""AC"": 190, ""AC_35_P"": 12, ""AC_40_BP"": -16, ""AC_45_KO"": -70, ""AC_45_P"": 15, ""AC_50_C"": 16, ""AC_50_CO"": 2, ""AC_50_C_2"": 25, ""AC_50_P_2"": 24}",190,-70,-16,2,25,24,12,0,15,0,16,0
218,146.84615969329332,53.67598098169185,733.7445764126707,73.37445764126707,73.37445764126707,146.74891528253414,0.432,-693.3035515972564,-2836.0696234789734,-3824.253183604418,1902.4848429571093,77.51580453356767,-26.47972820602078,6.1633981330713254,93.83736770311373,6.1633981330713254,-99.85418584728785,146.84615969329332,"{""AC"": 35, ""AC_35_P"": 44, ""AC_40_BP"": -15, ""AC_40_P"": 41, ""AC_45_KO"": -320, ""AC_45_P"": 4, ""AC_50_CO"": -10, ""AC_50_P_2"": 37, ""AC_60_C"": -23}",35,-320,-15,-10,0,37,44,41,4,0,0,-23
219,180.0084254604164,794.7836921883646,5298.463633630421,529.8463633630421,529.8463633630421,1059.6927267260842,0.466,-9630.924945505598,-15588.201254550271,-27419.53716254058,8400.068885443217,-783.0840690901434,-2227.7228109159832,-1529.5534980469442,-433.99941265562404,-1529.5534980469442,-2757.5691742790254,180.0084254604164,"{""AC"": -170, ""AC_40_BP"": 10, ""AC_40_P"": 24, ""AC_45_KO"": -350, ""AC_45_P"": 12, ""AC_50_C"": 40, ""AC_50_CO"": 15, ""AC_50_P_2"": -6, ""AC_60_C"": 23}",-170,-350,10,15,0,-6,0,24,12,0,40,23
220,70.62456353074911,-1607.58546909158,5413.050906071602,541.3050906071602,541.3050906071602,1082.6101812143204,0.616,-5122.054432355899,-5650.441963812907,-6639.02474554829,35223.29856690252,-441.58087970484075,-1209.8890445582256,-968.3361466262159,-320.8044307388359,-968.3361466262159,-1751.194135165386,70.62456353074911,"{""AC"": 115, ""AC_35_P"": -1, ""AC_40_BP"": -12, ""AC_40_P"": 15, ""AC_45_KO"": -500, ""AC_45_P"": -13, ""AC_50_C"": 11, ""AC_50_CO"": -2, ""AC_50_P"": -14}",115,-500,-12,-2,0,0,-1,15,-13,-14,11,0
221,186.228132366098,776.2376737398431,5049.669803488527,504.96698034885264,504.96698034885264,1009.9339606977053,0.428,-9104.126035844283,-15991.328174582739,-28902.732445923946,7786.526646945976,-724.1844712183304,-2089.8033765949726,-1431.874263184971,-395.2199145133293,-1431.874263184971,-2594.7703569438254,186.228132366098,"{""AC"": -170, ""AC_35_P"": 50, ""AC_40_BP"": -18, ""AC_45_KO"": -210, ""AC_50_C"": 14, ""AC_50_C_2"": 36, ""AC_50_P_2"": -10, ""AC_60_C"": 44}",-170,-210,-18,0,36,-10,50,0,0,0,14,44
222,250.2944112405322,-2094.723264739432,7854.900504542503,785.4900504542503,785.4900504542503,1570.9801009085006,0.642,-6877.830179789035,-7536.264503115603,-8032.696060682346,52422.078913703735,-437.48860673837135,-1469.1631337067265,-1174.1251409549482,-289.9696103624822,-1174.1251409549482,-2254.6531841609767,250.2944112405322,"{""AC"": 130, ""AC_35_P"": 3, ""AC_45_KO"": -10, ""AC_45_P"": -18, ""AC_50_CO"": -5, ""AC_50_C_2"": 47, ""AC_50_P_2"": -22, ""AC_60_C"": 45}",130,-10,0,-5,47,-22,3,0,-18,0,0,45
223,439.05233767824234,108.18048415325711,1905.8005806033445,190.58005806033447,190.58005806033447,381.16011612066893,0.486,-2238.9563981475344,-2759.807958507638,-3338.4322181577736,4916.881737523391,215.1566978634889,-120.68676185864126,7.918848925944957,279.459503255782,7.918848925944957,-311.2668199189757,439.05233767824234,"{""AC"": -115, ""AC_35_P"": 49, ""AC_40_BP"": -44, ""AC_45_KO"": -210, ""AC_45_P"": -18, ""AC_50_C"": 47, ""AC_50_CO"": 23, ""AC_50_C_2"": 40, ""AC_60_C"": 48}",-115,-210,-44,23,40,0,49,0,-18,0,47,48
224,106.9733895846708,763.3167819376357,4271.578624571891,427.1578624571891,427.1578624571891,854.3157249143782,0.418,-7555.5868327673215,-13962.304902962478,-24788.494719085225,6374.309064520295,-648.5852936920613,-1781.9233186071597,-1239.943566559022,-377.59541766799254,-1239.943566559022,-2209.0811810643486,106.9733895846708,"{""AC"": -170, ""AC_35_P"": 25, ""AC_40_BP"": -34, ""AC_45_KO"": -290, ""AC_50_C"": 39, ""AC_50_CO"": 5, ""AC_50_C_2"": 16, ""AC_50_P"": -32, ""AC_60_C"": 35}",-170,-290,-34,5,16,0,25,0,0,-32,39,35
225,308.0922214225655,186.54472089988914,2158.4732035097018,215.84732035097016,215.84732035097016,431.69464070194033,0.462,-3038.6503167810306,-4969.886560933834,-7371.871752355493,4683.49261515965,4.227189744462407,-451.57035777269215,-255.62898627007414,102.19787549577141,-255.62898627007414,-667.4176781236623,308.0922214225655,"{""AC"": -100, ""AC_35_P"": 26, ""AC_40_BP"": -22, ""AC_45_KO"": -140, ""AC_50_C"": 28, ""AC_50_CO"": 11, ""AC_50_C_2"": 50, ""AC_50_P_2"": 10, ""AC_60_C"": 21}",-100,-140,-22,11,50,10,26,0,0,0,28,21
226,245.18007403216583,91.42840562198063,2968.121263004438,296.81212630044377,296.81212630044377,593.6242526008875,0.486,-4699.294766210347,-7343.094430597616,-13131.3784839334,5846.58387234963,-224.7494025888689,-929.6436175204209,-608.120204049608,-63.98769585346247,-608.120204049608,-1226.4557438208647,245.18007403216583,"{""AC"": -115, ""AC_35_P"": 50, ""AC_40_BP"": -32, ""AC_45_KO"": -200, ""AC_50_C"": 19, ""AC_50_CO"": 22, ""AC_50_C_2"": 25, ""AC_50_P_2"": -14, ""AC_60_C"": 22}",-115,-200,-32,22,25,-14,50,0,0,0,19,22
227,-150.10195529366814,-31.879576082188642,999.544555383083,99.9544555383083,99.9544555383083,199.9089110766166,0.502,-1667.9067730443494,-3030.076700113614,-3944.022376541314,2930.663697507871,-316.8926325981031,-567.0786485547555,-450.26519901947466,-258.4859078304627,-450.26519901947466,-667.0331040930638,-150.10195529366814,"{""AC"": 15, ""AC_40_BP"": 23, ""AC_40_P"": -11, ""AC_45_KO"": -450, ""AC_50_C"": -14, ""AC_50_CO"": -21, ""AC_50_C_2"": 26, ""AC_50_P"": -17, ""AC_60_C"": -6}",15,-450,23,-21,26,0,0,-11,0,-17,-14,-6
228,46.12460819005655,182.53412435488048,2754.653870166269,275.4653870166269,275.4653870166269,550.9307740332538,0.458,-5304.5263249328145,-8995.447516406146,-16325.731720269707,4100.341329505062,-484.32802430322494,-1280.0069730431471,-887.2870340581791,-287.9680548107409,-887.2870340581791,-1555.472360059774,46.12460819005655,"{""AC"": -55, ""AC_40_BP"": -18, ""AC_40_P"": 49, ""AC_45_KO"": -180, ""AC_45_P"": 9, ""AC_50_C"": 6, ""AC_50_CO"": -8, ""AC_50_P"": 30, ""AC_50_P_2"": -31}",-55,-180,-18,-8,0,-31,0,49,9,30,6,0
229,291.1693919345115,82.99747770188131,1834.390943440406,183.4390943440406,183.4390943440406,366.8781886880812,0.482,-2576.884731766641,-4141.624474354974,-5115.45638865587,4122.815509411898,33.480918757847405,-353.0517910071487,-187.08286500250492,116.46538176016931,-187.08286500250492,-536.4908853511893,291.1693919345115,"{""AC"": -75, ""AC_35_P"": 28, ""AC_40_BP"": -36, ""AC_40_P"": 10, ""AC_45_KO"": -500, ""AC_50_CO"": 11, ""AC_50_C_2"": 46, ""AC_50_P"": 9, ""AC_60_C"": 36}",-75,-500,-36,11,46,0,28,10,0,9,0,36
230,0.1789567787621636,773.0321575834521,3216.206224561211,321.6206224561211,321.6206224561211,643.2412449122422,0.428,-6248.127766107469,-10494.104678261949,-18919.72709392923,4189.635422673944,-624.6338198319847,-1561.8529847481052,-1097.8505193654187,-392.6325871406416,-1097.8505193654187,-1883.4736072042263,0.1789567787621636,"{""AC"": -110, ""AC_35_P"": 6, ""AC_40_BP"": -3, ""AC_40_P"": -21, ""AC_45_KO"": -160, ""AC_50_C"": 47, ""AC_50_CO"": 2, ""AC_50_C_2"": -12, ""AC_50_P_2"": 1}",-110,-160,-3,2,-12,1,6,-21,0,0,47,0
231,-67.26479821673982,1798.7888404033379,8721.3587713962,872.1358771396201,872.1358771396201,1744.2717542792402,0.376,-17869.439140748935,-30703.826824048334,-56504.40760969426,10652.939649654316,-1854.2087122916334,-4534.624583403974,-3183.74860789889,-1178.7707245390916,-3183.74860789889,-5406.760460543594,-67.26479821673982,"{""AC"": -195, ""AC_35_P"": 35, ""AC_40_BP"": -10, ""AC_40_P"": 30, ""AC_45_KO"": -160, ""AC_50_CO"": -3, ""AC_50_C_2"": -4, ""AC_50_P"": -3, ""AC_50_P_2"": 5}",-195,-160,-10,-3,-4,5,35,30,0,-3,0,0
232,-209.32680052630025,747.9898713415812,2500.7492278522714,250.07492278522713,250.07492278522713,500.14984557045426,0.334,-5511.699974277659,-10152.36441956396,-17038.58415666432,1584.6235191670635,-760.4967979540661,-1587.251794095715,-1161.1192580605625,-547.43052993649,-1161.1192580605625,-1837.326716880942,-209.32680052630025,"{""AC"": -15, ""AC_40_BP"": 25, ""AC_40_P"": 6, ""AC_45_KO"": -340, ""AC_50_C"": 3, ""AC_50_CO"": -6, ""AC_50_C_2"": -39, ""AC_50_P_2"": 3, ""AC_60_C"": -30}",-15,-340,25,-6,-39,3,0,6,0,0,3,-30
233,-139.23220083471347,-1172.4683367028283,4147.865067247325,414.7865067247325,414.7865067247325,829.573013449465,0.566,-5294.69478821631,-5797.869522038845,-6205.217136087914,20446.811846632816,-668.7016796563445,-1462.905897888791,-1140.8296724295262,-507.66356692671206,-1140.8296724295262,-1877.6924046135236,-139.23220083471347,"{""AC"": 125, ""AC_40_BP"": -44, ""AC_40_P"": 2, ""AC_45_KO"": -260, ""AC_45_P"": 42, ""AC_50_CO"": -25, ""AC_50_P"": -43, ""AC_50_P_2"": 1, ""AC_60_C"": -33}",125,-260,-44,-25,0,1,0,2,42,-43,0,-33
234,293.42940068511984,186.70497545211805,1207.1077748094606,120.71077748094606,120.71077748094606,241.42155496189213,0.446,-1295.2472040042871,-2035.68859105185,-3148.2322275655893,6571.530524046361,163.90468028469112,-30.38240031595194,38.78693134400375,198.489346114669,38.78693134400375,-151.093177796898,293.42940068511984,"{""AC"": -70, ""AC_35_P"": 23, ""AC_40_BP"": -48, ""AC_45_KO"": -290, ""AC_45_P"": -8, ""AC_50_C"": 45, ""AC_50_CO"": 5, ""AC_50_C_2"": 50, ""AC_60_C"": 17}",-70,-290,-48,5,50,0,23,0,-8,0,45,17
235,51.83103459547562,-1735.1181697070376,6277.109756039942,627.7109756039943,627.7109756039943,1255.4219512079885,0.622,-6186.5199441431905,-6845.914719532028,-7363.26214295076,41269.91984490134,-566.8209598188434,-1494.798951440322,-1190.002444828,-414.4227065126825,-1190.002444828,-2122.509927044316,51.83103459547562,"{""AC"": 120, ""AC_35_P"": -25, ""AC_40_BP"": -25, ""AC_45_KO"": -140, ""AC_45_P"": -14, ""AC_50_C"": 1, ""AC_50_CO"": 4, ""AC_50_P_2"": -20, ""AC_60_C"": 21}",120,-140,-25,4,0,-20,-25,0,-14,0,1,21
236,335.7544396462429,75.0559876291497,1768.3225526967003,176.83225526967004,176.83225526967004,353.6645105393401,0.478,-1304.7430197302508,-3809.0415405048066,-5097.6583216225035,12975.016313238124,205.28013767321778,9.56868471368017,51.62685905187024,226.3092248423128,51.62685905187024,-167.26357055598987,335.7544396462429,"{""AC"": -70, ""AC_35_P"": 22, ""AC_40_BP"": -28, ""AC_45_KO"": -500, ""AC_45_P"": -29, ""AC_50_C"": 50, ""AC_50_CO"": 12, ""AC_50_C_2"": 30, ""AC_60_C"": 48}",-70,-500,-28,12,30,0,22,0,-29,0,50,48
237,-10.82668239827298,552.23692996509,2145.0186970878667,214.50186970878667,214.50186970878667,429.00373941757334,0.406,-3992.4531505099417,-7553.096458038477,-13474.174984548266,2615.6500341796254,-410.07199744926714,-1008.9399700257584,-716.9455898291575,-264.07480735096675,-716.9455898291575,-1223.441839734545,-10.82668239827298,"{""AC"": -65, ""AC_35_P"": -22, ""AC_40_BP"": -26, ""AC_40_P"": -16, ""AC_45_KO"": -140, ""AC_45_P"": 9, ""AC_50_CO"": 16, ""AC_50_C_2"": 5, ""AC_50_P"": 6}",-65,-140,-26,16,5,0,-22,-16,9,6,0,0
238,-6.679317177750705,-575.0733711741777,1716.3870260560454,171.63870260560455,171.63870260560455,343.2774052112091,0.612,-1751.5319580487126,-1961.9900736837108,-2060.4461399278803,10267.255442270869,-181.83251298262198,-444.56230668992885,-355.22846218785986,-137.16559073158749,-355.22846218785986,-616.2010092955334,-6.679317177750705,"{""AC"": 15, ""AC_40_BP"": -32, ""AC_40_P"": -25, ""AC_45_KO"": -140, ""AC_50_C"": 42, ""AC_50_CO"": 11, ""AC_50_P"": 2, ""AC_50_P_2"": -21, ""AC_60_C"": -33}",15,-140,-32,11,0,-21,0,-25,0,2,42,-33
239,-79.70685346827045,591.9426874521564,2974.82592117872,297.482592117872,297.482592117872,594.965184235744,0.378,-6194.6652379489715,-10928.280992259963,-20484.932976303055,3405.5894928761154,-699.1733772631676,-1628.3731629555134,-1157.6479352195522,-463.81076339518705,-1157.6479352195522,-1925.8557550733854,-79.70685346827045,"{""AC"": -75, ""AC_35_P"": 32, ""AC_40_BP"": -28, ""AC_45_KO"": -250, ""AC_45_P"": 5, ""AC_50_C"": 7, ""AC_50_CO"": -5, ""AC_50_C_2"": -2, ""AC_50_P_2"": -31}",-75,-250,-28,-5,-2,-31,32,0,5,0,7,0
240,261.5573636498015,617.4668530209148,5039.785794722445,503.97857947224446,503.97857947224446,1007.9571589444889,0.446,-8609.201278859859,-14944.667921109578,-26723.173427265603,8582.216520743277,-599.3627642361844,-1890.742956065163,-1281.8121179152993,-294.8973451612526,-1281.8121179152993,-2394.7215355374074,261.5573636498015,"{""AC"": -175, ""AC_35_P"": 42, ""AC_40_BP"": -50, ""AC_45_KO"": -500, ""AC_45_P"": 15, ""AC_50_C"": 25, ""AC_50_CO"": 8, ""AC_50_C_2"": 32, ""AC_60_C"": 40}",-175,-500,-50,8,32,0,42,0,15,0,25,40
241,-91.22295914495079,-992.2575859589684,3774.2496489840637,377.42496489840636,377.42496489840636,754.8499297968127,0.562,-4637.985562650471,-5081.979445705669,-5450.470163405706,20415.177871905442,-555.021515409998,-1250.7193498075687,-975.6332759917246,-417.478478502076,-975.6332759917246,-1628.1443147059751,-91.22295914495079,"{""AC"": 125, ""AC_35_P"": 6, ""AC_40_BP"": -40, ""AC_40_P"": -11, ""AC_45_KO"": -220, ""AC_45_P"": 10, ""AC_50_C"": -33, ""AC_50_CO"": -23, ""AC_50_P"": 12}",125,-220,-40,-23,0,0,6,-11,10,12,-33,0
242,-20.76592614708555,-1069.2999663830078,3552.8479162914878,355.2847916291488,355.2847916291488,710.5695832582976,0.602,-3787.856048781283,-4133.561209633421,-4420.477646315892,21931.027351001278,-399.5515310252139,-967.7299383424063,-766.5867292788523,-298.9799264934369,-766.5867292788523,-1323.014729971555,-20.76592614708555,"{""AC"": 75, ""AC_35_P"": -12, ""AC_40_BP"": -12, ""AC_40_P"": 38, ""AC_45_KO"": -40, ""AC_45_P"": -12, ""AC_50_CO"": 3, ""AC_50_C_2"": -5, ""AC_50_P"": -44}",75,-40,-12,3,-5,0,-12,38,-12,-44,0,0
243,-343.4251090810459,-244.18356110429096,1657.0103842785131,165.7010384278513,165.7010384278513,331.4020768557026,0.544,-3058.3051053839545,-3438.314321570698,-5089.618493408356,3355.32080088144,-649.2556196194414,-1108.0013854270346,-885.0213941025646,-537.7656239572065,-885.0213941025646,-1273.7024238548859,-343.4251090810459,"{""AC"": 60, ""AC_35_P"": 43, ""AC_40_BP"": 19, ""AC_45_KO"": -290, ""AC_45_P"": -38, ""AC_50_CO"": -45, ""AC_50_C_2"": -8, ""AC_50_P"": -12, ""AC_60_C"": -37}",60,-290,19,-45,-8,0,43,0,-38,-12,0,-37
244,-38.401137895151706,389.245698376691,1591.3642601535535,159.13642601535534,159.13642601535534,318.2728520307107,0.354,-3383.591280654607,-5973.711415021856,-11117.770505452425,1744.9169795450525,-376.7602659606124,-884.2989580588035,-625.5080430010204,-247.3648084317209,-625.5080430010204,-1043.4353840741587,-38.401137895151706,"{""AC"": -30, ""AC_40_BP"": -3, ""AC_40_P"": 43, ""AC_45_KO"": -140, ""AC_45_P"": -44, ""AC_50_C"": 1, ""AC_50_CO"": -5, ""AC_50_P_2"": 20, ""AC_60_C"": -6}",-30,-140,-3,-5,0,20,0,43,-44,0,1,-6
245,198.18749537234882,639.6587588821302,4586.09075984152,458.60907598415196,458.60907598415196,917.2181519683039,0.434,-8323.107436803284,-14365.146182536828,-26238.49529098108,7305.179946625591,-634.1232483079796,-1882.5893638284722,-1279.5831581402197,-332.62014546385336,-1279.5831581402197,-2341.198439812624,198.18749537234882,"{""AC"": -150, ""AC_35_P"": 45, ""AC_40_BP"": -33, ""AC_45_KO"": -500, ""AC_50_C"": 24, ""AC_50_CO"": -6, ""AC_50_C_2"": 38, ""AC_50_P"": 13, ""AC_60_C"": 28}",-150,-500,-33,-6,38,0,45,0,0,13,24,28
246,-90.76163140547895,123.39306158596287,957.9043111008409,95.79043111008409,95.79043111008409,191.58086222016817,0.316,-1983.0522558473535,-3966.6185705924927,-8227.558522434574,1250.2907881093067,-289.0668569902143,-586.5246953673173,-436.11468533762405,-213.86185197536767,-436.11468533762405,-682.3151264774015,-90.76163140547895,"{""AC"": -5, ""AC_40_BP"": -15, ""AC_45_KO"": -30, ""AC_50_C"": -15, ""AC_50_CO"": 10, ""AC_50_C_2"": 17, ""AC_50_P_2"": -19, ""AC_60_C"": -28}",-5,-30,-15,10,17,-19,0,0,0,0,-15,-28
247,157.71086608280655,364.1574074150136,2533.9672556691835,253.39672556691835,253.39672556691835,506.7934511338367,0.462,-4229.438620572781,-6495.793738144124,-10996.845442270867,4569.70622490413,-265.2329959744715,-899.6487890603886,-603.4032897865696,-117.11024633756207,-603.4032897865696,-1153.045514627307,157.71086608280655,"{""AC"": -75, ""AC_35_P"": -7, ""AC_40_BP"": -11, ""AC_40_P"": -2, ""AC_45_KO"": -150, ""AC_45_P"": 25, ""AC_50_CO"": 10, ""AC_50_P_2"": 23, ""AC_60_C"": 30}",-75,-150,-11,10,0,23,-7,-2,25,0,0,30
248,245.79668000504344,401.08523916286236,4032.2572003044697,403.22572003044695,403.22572003044695,806.4514400608939,0.452,-6896.421019749816,-11463.537331349722,-20577.395203119144,7196.970638637979,-443.84542196993823,-1478.3085749324105,-990.2793329726524,-199.83080099005912,-990.2793329726524,-1881.5342949628575,245.79668000504344,"{""AC"": -150, ""AC_35_P"": 42, ""AC_40_BP"": -50, ""AC_45_KO"": -330, ""AC_45_P"": -3, ""AC_50_C"": 22, ""AC_50_CO"": 17, ""AC_50_C_2"": 30, ""AC_60_C"": 31}",-150,-330,-50,17,30,0,42,0,-3,0,22,31
249,208.45225798965453,1000.2964887635728,6429.269815721115,642.9269815721116,642.9269815721116,1285.8539631442231,0.426,-11634.375934843256,-20891.43818993615,-37847.23571400138,9754.79032681141,-954.9853354946711,-2700.1417257211597,-1858.1676230228895,-533.9982841455362,-1858.1676230228895,-3343.0687072932715,208.45225798965453,"{""AC"": -200, ""AC_35_P"": 36, ""AC_40_BP"": -44, ""AC_45_KO"": -350, ""AC_45_P"": 18, ""AC_50_C"": 19, ""AC_50_CO"": 8, ""AC_50_C_2"": 42, ""AC_60_C"": 27}",-200,-350,-44,8,42,0,36,0,18,0,19,27
250,-14.552587078092417,631.0227722150896,1966.4643235591072,196.64643235591072,196.64643235591072,393.29286471182144,0.382,-4016.728344687338,-6736.3544857729485,-12137.616530725045,2242.414983699051,-416.2254215468262,-1018.7346732499269,-715.3850549591484,-264.550612401437,-715.3850549591484,-1215.3811056058375,-14.552587078092417,"{""AC"": -30, ""AC_35_P"": -44, ""AC_40_BP"": -18, ""AC_45_KO"": -10, ""AC_50_C"": -23, ""AC_50_CO"": 6, ""AC_50_P"": 39, ""AC_50_P_2"": 15, ""AC_60_C"": 5}",-30,-10,-18,6,0,15,-44,0,0,39,-23,5
251,148.06986180276027,-2064.141681895862,6710.432004457027,671.0432004457027,671.0432004457027,1342.0864008914054,0.628,-6196.796889842968,-6783.054111755049,-7260.722828416352,42933.197281295965,-471.60982718153656,-1401.1293606579818,-1116.971271896536,-329.5307828008138,-1116.971271896536,-2072.1725611036845,148.06986180276027,"{""AC"": 135, ""AC_40_BP"": -16, ""AC_40_P"": -1, ""AC_45_KO"": -110, ""AC_45_P"": -19, ""AC_50_C"": -11, ""AC_50_CO"": 13, ""AC_50_C_2"": 39, ""AC_50_P_2"": -16}",135,-110,-16,13,39,-16,0,-1,-19,0,-11,0
252,-58.855333782365264,-1006.2862708609807,4418.243080878541,441.8243080878541,441.8243080878541,883.6486161757082,0.586,-5188.600071737181,-5696.990014166795,-6118.925950464548,25825.739692773906,-577.7153409560834,-1356.0053517166605,-1058.0574985868693,-428.74141439118785,-1058.0574985868693,-1797.8296598045144,-58.855333782365264,"{""AC"": 75, ""AC_40_BP"": -2, ""AC_45_KO"": -60, ""AC_45_P"": -17, ""AC_50_C"": 30, ""AC_50_CO"": -16, ""AC_50_C_2"": 3, ""AC_50_P"": -42, ""AC_60_C"": -1}",75,-60,-2,-16,3,0,0,0,-17,-42,30,-1
253,77.18985606604018,-366.3046492466241,1338.8808485712648,133.88808485712647,133.88808485712647,267.77616971425294,0.646,-1242.064488824448,-1461.4486013171966,-2042.9735469842105,6343.614029217256,-47.01659281640464,-233.32626614007182,-176.06385968619026,-18.38538958946385,-176.06385968619026,-367.21435099719827,77.18985606604018,"{""AC"": -10, ""AC_35_P"": 15, ""AC_40_BP"": -43, ""AC_40_P"": 23, ""AC_45_KO"": -130, ""AC_50_CO"": 19, ""AC_50_C_2"": 34, ""AC_50_P"": -24, ""AC_50_P_2"": -44}",-10,-130,-43,19,34,-44,15,23,0,-24,0,0
254,198.89133760018063,693.825198175348,5024.537745613066,502.45377456130666,502.45377456130666,1004.9075491226133,0.446,-8667.647458906667,-15726.910959269659,-27980.268194873934,8091.860733684433,-667.8734082904862,-1968.0205271264863,-1352.4826685164728,-360.10447898547943,-1352.4826685164728,-2470.474301687793,198.89133760018063,"{""AC"": -175, ""AC_35_P"": 50, ""AC_40_BP"": -22, ""AC_45_KO"": -390, ""AC_45_P"": -8, ""AC_50_C"": 49, ""AC_50_CO"": 4, ""AC_50_C_2"": 23, ""AC_60_C"": 18}",-175,-390,-22,4,23,0,50,0,-8,0,49,18
255,18.672913820237852,178.7464720159345,1972.0946658598627,197.20946658598626,197.20946658598626,394.4189331719725,0.464,-3733.967791907518,-6190.943829987519,-10258.216797272049,2927.9569412906003,-354.723865370514,-914.8190341566417,-640.026988258883,-217.3278424216346,-640.026988258883,-1112.028500742628,18.672913820237852,"{""AC"": -40, ""AC_40_BP"": 13, ""AC_40_P"": 39, ""AC_45_KO"": -60, ""AC_45_P"": 7, ""AC_50_CO"": 3, ""AC_50_C_2"": -16, ""AC_50_P_2"": -17, ""AC_60_C"": 8}",-40,-60,13,3,-16,-17,0,39,7,0,0,8
256,324.8677435503501,306.8097289681506,3730.2691739936695,373.02691739936694,373.02691739936694,746.0538347987339,0.468,-5602.013176644347,-8680.246984753934,-15176.16541083044,7281.440984644175,-235.33357411408468,-1075.6355506107368,-701.9476916459855,-48.48964463170903,-701.9476916459855,-1448.6624680101038,324.8677435503501,"{""AC"": -175, ""AC_35_P"": 25, ""AC_40_BP"": -37, ""AC_45_KO"": -330, ""AC_45_P"": -14, ""AC_50_C"": 44, ""AC_50_CO"": 22, ""AC_50_C_2"": 31, ""AC_60_C"": 50}",-175,-330,-37,22,31,0,25,0,-14,0,44,50
257,280.06608929618983,690.8739528534705,5448.0398727324355,544.8039872732436,544.8039872732436,1089.6079745464872,0.45,-9620.10643004031,-16130.56071850581,-29209.56426842335,9108.918250774248,-681.9445537078412,-2124.9605182138876,-1435.3518688464783,-337.1402290241366,-1435.3518688464783,-2669.764505487131,280.06608929618983,"{""AC"": -190, ""AC_35_P"": 25, ""AC_40_BP"": -39, ""AC_45_KO"": -430, ""AC_45_P"": 14, ""AC_50_C"": 27, ""AC_50_CO"": 21, ""AC_50_C_2"": 44, ""AC_60_C"": 27}",-190,-430,-39,21,44,0,25,0,14,0,27,27
258,278.2265918834845,338.3573187301448,3451.1489593288343,345.1148959328834,345.1148959328834,690.2297918657669,0.468,-5088.719170762186,-8030.463419878393,-13476.69021693994,6656.09217857604,-230.6453251927341,-993.953200807062,-657.638731697285,-62.48809063784566,-657.638731697285,-1339.0680967399453,278.2265918834845,"{""AC"": -145, ""AC_35_P"": 17, ""AC_40_BP"": -27, ""AC_45_KO"": -500, ""AC_50_C"": 35, ""AC_50_CO"": 13, ""AC_50_C_2"": 14, ""AC_50_P"": 11, ""AC_60_C"": 50}",-145,-500,-27,13,14,0,17,0,0,11,35,50
259,363.70012624508854,3.522983022999142,3310.82440797052,331.082440797052,331.082440797052,662.164881594104,0.5,-4077.058080997301,-5469.7187782620185,-8298.951277998829,7219.084003653464,-44.00568185464158,-655.5643940042368,-413.3998063030326,77.07661199596048,-413.3998063030326,-986.6468348012888,363.70012624508854,"{""AC"": -135, ""AC_35_P"": 25, ""AC_40_BP"": -32, ""AC_45_KO"": -460, ""AC_45_P"": 15, ""AC_50_C"": 42, ""AC_50_CO"": 24, ""AC_50_P"": 12, ""AC_60_C"": 47}",-135,-460,-32,24,0,0,25,0,15,12,42,47
260,44.997684957119475,-45.01495884179997,1039.4115829568304,103.94115829568304,103.94115829568304,207.88231659136608,0.52,-1619.4243571626662,-2507.1164952576505,-4307.537176908348,1973.710100824496,-116.94475075914715,-359.85840433354707,-249.88654776512197,-61.9588224749346,-249.88654776512197,-463.7995626292301,44.997684957119475,"{""AC"": -45, ""AC_35_P"": 11, ""AC_40_BP"": 25, ""AC_40_P"": 16, ""AC_45_KO"": -90, ""AC_50_C"": 21, ""AC_50_CO"": 10, ""AC_50_P"": -12, ""AC_50_P_2"": -25}",-45,-90,25,10,0,-25,11,16,0,-12,21,0
261,-171.74749408274644,1254.5056069530897,4147.295919691178,414.7295919691178,414.7295919691178,829.4591839382356,0.34,-9390.646879024314,-15952.967643921544,-28386.726525832226,3847.542788005983,-1110.8121819851779,-2519.409213838825,-1787.7093219209526,-744.9622360262416,-1787.7093219209526,-2934.138805807943,-171.74749408274644,"{""AC"": -50, ""AC_40_BP"": -48, ""AC_40_P"": -2, ""AC_45_KO"": -240, ""AC_50_CO"": -30, ""AC_50_C_2"": -33, ""AC_50_P"": 38, ""AC_50_P_2"": 29, ""AC_60_C"": -10}",-50,-240,-48,-30,-33,29,0,-2,0,38,0,-10
262,471.44788610909563,205.99739230689818,1943.6825624499802,194.368256244998,194.368256244998,388.736512489996,0.47,-1730.989799455761,-4059.223566323123,-5180.857465651647,11219.486208840504,298.34890616351953,38.7004362451554,114.6152880682325,336.3063320750581,114.6152880682325,-155.6678199998426,471.44788610909563,"{""AC"": -65, ""AC_35_P"": 50, ""AC_40_BP"": -38, ""AC_40_P"": 26, ""AC_45_KO"": -490, ""AC_50_C"": 38, ""AC_50_CO"": 13, ""AC_50_C_2"": 28, ""AC_60_C"": 50}",-65,-490,-38,13,28,0,50,26,0,0,38,50
263,72.23181744469915,16.98429823073944,691.1111415032548,69.11111415032548,69.11111415032548,138.22222830065095,0.496,-676.7130515979084,-2379.5280565606217,-3292.4124400572778,1355.6115741176854,4.560512284908313,-96.94644545477794,-63.83069737014985,21.11838632722236,-63.83069737014985,-166.05755960510342,72.23181744469915,"{""AC"": -30, ""AC_40_BP"": 9, ""AC_40_P"": 14, ""AC_45_KO"": -340, ""AC_45_P"": 13, ""AC_50_CO"": 8, ""AC_50_C_2"": -4, ""AC_50_P"": -27, ""AC_60_C"": 27}",-30,-340,9,8,-4,0,0,14,13,-27,0,27
264,-90.10939732841612,-459.76615898714095,2468.810409740513,246.8810409740513,246.8810409740513,493.7620819481026,0.542,-3188.809219691918,-3527.5123621519297,-3841.5027645261407,13443.11858127029,-408.9903192976079,-887.3117022513956,-691.8713007692294,-311.27011855652484,-691.8713007692294,-1134.192743225447,-90.10939732841612,"{""AC"": 40, ""AC_35_P"": 47, ""AC_40_P"": -37, ""AC_45_KO"": -130, ""AC_45_P"": -45, ""AC_50_CO"": -17, ""AC_50_P_2"": -6, ""AC_60_C"": 23}",40,-130,0,-17,0,-6,47,-37,-45,0,0,23
265,273.6942298419211,-8.442238912958913,1961.9745414432791,196.1974541443279,196.1974541443279,392.3949082886558,0.502,-2576.8758161042883,-3696.652246287481,-5510.010574610753,4517.844566439771,16.006648231492306,-370.52472418415095,-210.9358696458861,95.80107550062473,-210.9358696458861,-566.7221783284789,273.6942298419211,"{""AC"": -105, ""AC_35_P"": 43, ""AC_40_BP"": -19, ""AC_45_KO"": -320, ""AC_50_C"": 48, ""AC_50_CO"": 10, ""AC_50_C_2"": 28, ""AC_50_P"": -16, ""AC_60_C"": 21}",-105,-320,-19,10,28,0,43,0,0,-16,48,21
266,57.93607781176975,-1448.2029774126388,5166.569566669366,516.6569566669366,516.6569566669366,1033.3139133338732,0.616,-5054.484628257468,-5498.643881367533,-5887.969773149681,33713.353503720966,-447.5123850139771,-1205.6850792525972,-958.5650947603187,-323.9523927678378,-958.5650947603187,-1722.3420359195338,57.93607781176975,"{""AC"": 120, ""AC_40_BP"": -14, ""AC_45_KO"": -90, ""AC_45_P"": 11, ""AC_50_C"": -12, ""AC_50_CO"": -6, ""AC_50_P"": -15, ""AC_50_P_2"": -2, ""AC_60_C"": 17}",120,-90,-14,-6,0,-2,0,0,11,-15,-12,17
267,233.7968031325224,588.11894617446,4399.741039653847,439.9741039653847,439.9741039653847,879.9482079307694,0.44,-7627.818876377881,-12834.218302327074,-23008.219262993567,7466.043311641076,-528.9850845052657,-1673.1579159619478,-1130.363080306852,-257.58766667771783,-1130.363080306852,-2113.1320199273323,233.7968031325224,"{""AC"": -165, ""AC_35_P"": 23, ""AC_40_BP"": -50, ""AC_40_P"": 12, ""AC_45_KO"": -500, ""AC_50_C"": 19, ""AC_50_CO"": 7, ""AC_50_C_2"": 32, ""AC_60_C"": 50}",-165,-500,-50,7,32,0,23,12,0,0,19,50
268,303.52826414134074,160.83701437116733,3468.37452814977,346.837452814977,346.837452814977,693.674905629954,0.476,-5390.896275129825,-8427.30489112507,-14756.783588331025,6948.54563863798,-235.56136337164173,-1044.1958046411155,-678.5249035356215,-52.72591281889474,-678.5249035356215,-1391.0332574560925,303.52826414134074,"{""AC"": -145, ""AC_35_P"": 46, ""AC_40_BP"": -48, ""AC_45_KO"": -450, ""AC_50_C"": 50, ""AC_50_CO"": 11, ""AC_50_C_2"": 23, ""AC_50_P"": 4, ""AC_60_C"": 28}",-145,-450,-48,11,23,0,46,0,0,4,50,28
269,191.12763969633238,776.012513673407,4823.407861136289,482.34078611362895,482.34078611362895,964.6815722272579,0.418,-8759.706278164587,-15384.874416402165,-27926.008408015015,7522.654843270636,-684.8429881201264,-1998.7989298448144,-1363.99869508517,-367.4428707403042,-1363.99869508517,-2481.1397159584435,191.12763969633238,"{""AC"": -170, ""AC_35_P"": 42, ""AC_40_BP"": -39, ""AC_45_KO"": -200, ""AC_50_C"": 32, ""AC_50_CO"": -4, ""AC_50_C_2"": 36, ""AC_50_P_2"": -1, ""AC_60_C"": 33}",-170,-200,-39,-4,36,-1,42,0,0,0,32,33
270,173.47940305743185,1121.0966963252704,6067.417997945224,606.7417997945224,606.7417997945224,1213.4835995890448,0.412,-10959.997149082023,-19989.891195373915,-35939.45932997398,9035.129687673403,-922.5203118507704,-2566.519884213074,-1773.8910692021327,-526.2059043452999,-1773.8910692021327,-3173.261684007596,173.47940305743185,"{""AC"": -195, ""AC_35_P"": 28, ""AC_40_BP"": -50, ""AC_45_KO"": -340, ""AC_50_C"": 21, ""AC_50_CO"": 2, ""AC_50_C_2"": 33, ""AC_50_P_2"": 16, ""AC_60_C"": 36}",-195,-340,-50,2,33,16,28,0,0,0,21,36
271,393.5369132188966,274.16330249632136,1747.5630304083527,174.75630304083526,174.75630304083526,349.5126060816705,0.448,-2220.130018752454,-3230.8372329123117,-4477.70046241152,6078.48718874286,171.52391134365118,-161.4955914692169,-26.860741114389143,238.84133652106505,-26.860741114389143,-336.2518945100521,393.5369132188966,"{""AC"": -100, ""AC_35_P"": 31, ""AC_40_BP"": -50, ""AC_45_KO"": -450, ""AC_50_C"": 35, ""AC_50_CO"": 22, ""AC_50_C_2"": 50, ""AC_50_P_2"": -13, ""AC_60_C"": 42}",-100,-450,-50,22,50,-13,31,0,0,0,35,42
272,190.86185970600346,719.7259479314341,4329.8030315197775,432.98030315197775,432.98030315197775,865.9606063039555,0.414,-7838.3117635004655,-13649.71040474842,-24687.67535144773,6880.705153335501,-592.9693166440431,-1768.7160811691128,-1201.3750563950553,-309.29880425701424,-1201.3750563950553,-2201.6963843210906,190.86185970600346,"{""AC"": -155, ""AC_35_P"": 42, ""AC_40_BP"": -36, ""AC_45_KO"": -50, ""AC_50_C"": 32, ""AC_50_CO"": -7, ""AC_50_C_2"": 32, ""AC_50_P_2"": 2, ""AC_60_C"": 34}",-155,-50,-36,-7,32,2,42,0,0,0,32,34
273,207.77992609684011,937.0735129808121,5744.735433062128,574.4735433062128,574.4735433062128,1148.9470866124257,0.426,-10321.080643740714,-18243.97779336524,-32759.88661019598,8827.80082873089,-824.3281382772312,-2372.4902348383384,-1627.6189421173733,-451.8924919167488,-1627.6189421173733,-2946.9637781445513,207.77992609684011,"{""AC"": -200, ""AC_35_P"": 34, ""AC_40_BP"": -37, ""AC_45_KO"": -340, ""AC_50_C"": 28, ""AC_50_CO"": -3, ""AC_50_C_2"": 36, ""AC_50_P"": 5, ""AC_60_C"": 50}",-200,-340,-37,-3,36,0,34,0,0,5,28,50
274,-197.02558921370388,-448.11054788695736,3205.730801801182,320.5730801801182,320.5730801801182,641.1461603602364,0.55,-4720.771484559054,-5247.610877896346,-5688.093292316744,13787.077555997668,-669.1027376696093,-1377.2184603534674,-1065.4278519876211,-513.2074334866861,-1065.4278519876211,-1697.7915405335857,-197.02558921370388,"{""AC"": 95, ""AC_40_BP"": -3, ""AC_45_P"": 14, ""AC_50_C"": -7, ""AC_50_CO"": -28, ""AC_50_P"": -36, ""AC_50_P_2"": -5, ""AC_60_C"": -16}",95,0,-3,-28,0,-5,0,0,14,-36,-7,-16
275,112.34953262563852,-2006.5513301175613,6173.293510629899,617.3293510629899,617.3293510629899,1234.6587021259797,0.618,-5589.2364279894055,-6020.4136887367085,-6449.373274400401,40251.446013072775,-446.5741101733021,-1284.9595743717127,-1034.7006071042672,-321.44462653957925,-1034.7006071042672,-1902.2889254347026,112.34953262563852,"{""AC"": 115, ""AC_35_P"": 32, ""AC_40_BP"": -26, ""AC_40_P"": -17, ""AC_45_KO"": -430, ""AC_50_C"": 7, ""AC_50_CO"": 16, ""AC_50_C_2"": 10, ""AC_50_P"": -47}",115,-430,-26,16,10,0,32,-17,0,-47,7,0
276,240.05769241744338,779.6979372505906,5514.406550794052,551.4406550794052,551.4406550794052,1102.8813101588105,0.434,-9708.219652501271,-17087.174474170075,-30568.274077247755,8896.982212755664,-730.7642728326838,-2186.9972207078745,-1491.8955829974498,-383.21345397747154,-1491.8955829974498,-2738.4378757872796,240.05769241744338,"{""AC"": -200, ""AC_35_P"": 31, ""AC_40_BP"": -50, ""AC_40_P"": 11, ""AC_45_KO"": -290, ""AC_50_C"": 41, ""AC_50_CO"": 2, ""AC_50_C_2"": 33, ""AC_60_C"": 41}",-200,-290,-50,2,33,0,31,11,0,0,41,41
277,302.1268018184966,555.341665863514,5053.1351597483135,505.3135159748314,505.3135159748314,1010.6270319496628,0.456,-8449.876400367646,-14509.475294372993,-25721.53141793642,8868.07057777115,-542.8608382182681,-1810.342298273415,-1218.0114162240661,-246.6953971935936,-1218.0114162240661,-2315.6558142482463,302.1268018184966,"{""AC"": -180, ""AC_35_P"": 37, ""AC_40_BP"": -44, ""AC_45_KO"": -340, ""AC_50_C"": 50, ""AC_50_CO"": 8, ""AC_50_C_2"": 30, ""AC_50_P"": 24, ""AC_60_C"": 25}",-180,-340,-44,8,30,0,37,0,0,24,50,25
278,278.0103579414594,-2387.21684259413,7025.637325906168,702.5637325906168,702.5637325906168,1405.1274651812337,0.656,-5284.5704520669005,-5709.769045607333,-6022.471055897259,49128.97001084958,-250.44668726523065,-1043.1322550752657,-865.957076163884,-161.85909780953983,-865.957076163884,-1745.6959876658825,278.0103579414594,"{""AC"": 155, ""AC_35_P"": 19, ""AC_40_BP"": 5, ""AC_40_P"": 29, ""AC_45_KO"": -60, ""AC_50_CO"": 16, ""AC_50_C_2"": 13, ""AC_50_P"": -4, ""AC_50_P_2"": -15}",155,-60,5,16,13,-15,19,29,0,-4,0,0
279,291.02538057405934,765.0698172420527,5379.198430722898,537.9198430722897,537.9198430722897,1075.8396861445794,0.43,-9733.093078583419,-16195.047712252703,-29617.677157411465,8957.287139111297,-682.2839272842826,-2142.2478890717953,-1437.8985027495983,-330.1092341231841,-1437.8985027495983,-2680.1677321440848,291.02538057405934,"{""AC"": -200, ""AC_35_P"": 28, ""AC_40_BP"": -50, ""AC_45_KO"": -130, ""AC_50_C"": 50, ""AC_50_CO"": 14, ""AC_50_C_2"": 50, ""AC_50_P_2"": 9, ""AC_60_C"": 17}",-200,-130,-50,14,50,9,28,0,0,0,50,17
280,-81.75656601281783,-719.5388557144086,3156.02068024533,315.60206802453297,315.60206802453297,631.2041360490659,0.556,-4113.235057389745,-4519.947011333436,-4857.495760371638,15727.699497799453,-493.08007175179233,-1110.065330360254,-856.5428586335461,-366.31883588843834,-856.5428586335461,-1425.6673983847868,-81.75656601281783,"{""AC"": 75, ""AC_40_BP"": -19, ""AC_45_KO"": -100, ""AC_45_P"": -10, ""AC_50_C"": 3, ""AC_50_CO"": -28, ""AC_50_C_2"": 15, ""AC_50_P"": -7, ""AC_60_C"": -3}",75,-100,-19,-28,15,0,0,0,-10,-7,3,-3
281,-239.54319204661226,823.3294862993263,3134.899140475308,313.48991404753076,313.48991404753076,626.9798280950615,0.252,-6795.538610648381,-12860.328186489649,-24893.653393893543,2290.804704345597,-919.0970531114505,-1938.4278447087077,-1415.618940667635,-657.6926010909141,-1415.618940667635,-2251.9177587562385,-239.54319204661226,"{""AC"": -5, ""AC_35_P"": 30, ""AC_40_BP"": 21, ""AC_40_P"": 28, ""AC_45_KO"": -70, ""AC_50_C"": -6, ""AC_50_CO"": -35, ""AC_50_C_2"": -10, ""AC_60_C"": -43}",-5,-70,21,-35,-10,0,30,28,0,0,-6,-43
282,300.6275726010776,412.32924455563557,4395.698117797785,439.5698117797785,439.5698117797785,879.139623559557,0.46,-7494.6029957043365,-11961.380301451278,-21517.529577817368,7986.371771703018,-448.8327269693561,-1573.0231763250065,-1043.3477826444619,-183.9950301290839,-1043.3477826444619,-2012.592988104785,300.6275726010776,"{""AC"": -180, ""AC_35_P"": 35, ""AC_40_BP"": -42, ""AC_45_KO"": -450, ""AC_50_C"": 50, ""AC_50_CO"": 16, ""AC_50_C_2"": 37, ""AC_50_P"": -4, ""AC_60_C"": 29}",-180,-450,-42,16,37,0,35,0,0,-4,50,29
283,-92.14165911322247,112.59464318632507,504.2843763507473,50.42843763507473,50.42843763507473,100.85687527014946,0.396,-994.4686363988947,-1869.1360695164424,-3142.6726112409438,731.3275521988107,-191.58852275311193,-340.75881821294615,-266.526173390594,-154.4722003419359,-266.526173390594,-391.18725584802087,-92.14165911322247,"{""AC"": -15, ""AC_40_BP"": 19, ""AC_40_P"": -37, ""AC_45_KO"": -360, ""AC_45_P"": -23, ""AC_50_C"": -4, ""AC_50_CO"": -2, ""AC_50_C_2"": 1, ""AC_60_C"": 23}",-15,-360,19,-2,1,0,0,-37,-23,0,-4,23
284,-93.92422915257502,-82.64806271502472,657.8357118476827,65.78357118476826,65.78357118476826,131.56714236953653,0.546,-828.3384396806321,-2464.4402529407694,-4281.595208996109,1857.3011817690585,-176.75807312063824,-301.00883907273305,-251.06678069705399,-151.7870439327987,-251.06678069705399,-366.79241025750133,-93.92422915257502,"{""AC"": 10, ""AC_35_P"": 27, ""AC_40_BP"": 21, ""AC_40_P"": 38, ""AC_45_KO"": -460, ""AC_45_P"": -37, ""AC_50_C"": 12, ""AC_50_CO"": -29, ""AC_50_P_2"": -16}",10,-460,21,-29,0,-16,27,38,-37,0,12,0
285,235.92737732831148,689.7551077022007,5163.859643397872,516.3859643397872,516.3859643397872,1032.7719286795743,0.446,-8841.953184395175,-15543.490766080711,-27572.08907453285,8590.95082873089,-648.267941111206,-1974.5609187704824,-1348.5585825008584,-335.2667729763941,-1348.5585825008584,-2490.9468831102695,235.92737732831148,"{""AC"": -180, ""AC_35_P"": 32, ""AC_40_BP"": -50, ""AC_40_P"": 4, ""AC_45_KO"": -310, ""AC_50_C"": 16, ""AC_50_CO"": 20, ""AC_50_C_2"": 27, ""AC_60_C"": 41}",-180,-310,-50,20,27,0,32,4,0,0,16,41
286,-200.44037290764211,179.10780148871024,1445.8981372851003,144.58981372851002,144.58981372851002,289.17962745702005,0.346,-3077.5589946845216,-6020.980801437526,-11836.902177992306,1324.5309042589508,-508.19627237609427,-969.8301215787725,-734.3691289745753,-390.46577607399576,-734.3691289745753,-1114.4199353072825,-200.44037290764211,"{""AC"": -5, ""AC_40_BP"": 17, ""AC_45_KO"": -310, ""AC_50_C"": -4, ""AC_50_CO"": -25, ""AC_50_C_2"": -5, ""AC_50_P"": 8, ""AC_50_P_2"": -18, ""AC_60_C"": -9}",-5,-310,17,-25,-5,-18,0,0,0,8,-4,-9
287,114.10915462670071,-1422.6927460376876,4380.223850920051,438.02238509200504,438.02238509200504,876.0447701840101,0.636,-3520.481469389004,-3878.2291044495896,-5092.572595294554,30518.775495430495,-237.93899231219967,-766.0112127205502,-632.9742583276523,-171.42051511575073,-632.9742583276523,-1204.0335978125554,114.10915462670071,"{""AC"": 105, ""AC_35_P"": 35, ""AC_40_BP"": 2, ""AC_45_KO"": -290, ""AC_45_P"": 1, ""AC_50_CO"": 10, ""AC_50_C_2"": -17, ""AC_50_P"": -29, ""AC_50_P_2"": 18}",105,-290,2,10,-17,18,35,0,1,-29,0,0
288,34.015296919320605,201.50101324749693,975.0002848315031,97.50002848315032,97.50002848315032,195.00005696630063,0.384,-1753.559099365919,-2805.1276807277804,-3378.951440148214,1563.3358130639979,-141.34061301727132,-404.37447792215914,-277.7685822271424,-78.03766516976293,-277.7685822271424,-501.8745064053095,34.015296919320605,"{""AC"": -30, ""AC_35_P"": 6, ""AC_40_BP"": -17, ""AC_40_P"": 8, ""AC_45_KO"": -280, ""AC_45_P"": 20, ""AC_50_CO"": -23, ""AC_50_C_2"": -14, ""AC_60_C"": 48}",-30,-280,-17,-23,-14,0,6,8,20,0,0,48
289,-18.410117513690327,183.17764123468683,698.4815334392968,69.84815334392968,69.84815334392968,139.69630668785936,0.262,-1440.4096257328497,-2625.9721001669427,-5384.815465867296,805.4541425445553,-162.4510800869753,-378.5125239469028,-269.3956380455826,-107.89263713631524,-269.3956380455826,-448.3606772908324,-18.410117513690327,"{""AC"": -30, ""AC_35_P"": -7, ""AC_40_BP"": -26, ""AC_45_KO"": -210, ""AC_45_P"": 42, ""AC_50_C"": 7, ""AC_50_CO"": -2, ""AC_50_C_2"": 13, ""AC_50_P"": -47}",-30,-210,-26,-2,13,0,-7,0,42,-47,7,0
290,234.04989044765102,647.1248769241718,4823.8852557547125,482.38852557547125,482.38852557547125,964.7770511509425,0.42,-8958.175236406592,-15087.173685304042,-28017.52010686622,7799.860733684434,-661.7676331930082,-2005.493918653997,-1350.8706578010733,-334.4560027665464,-1350.8706578010733,-2487.882444229468,234.04989044765102,"{""AC"": -175, ""AC_35_P"": 50, ""AC_40_BP"": -44, ""AC_45_KO"": -320, ""AC_45_P"": -4, ""AC_50_C"": 50, ""AC_50_C_2"": 50, ""AC_60_C"": 10}",-175,-320,-44,0,50,0,50,0,-4,0,50,10
291,-249.09208130247134,-226.84307697669715,1251.8495944953072,125.18495944953072,125.18495944953072,250.36991889906145,0.548,-2295.8855387380777,-2570.416107650068,-2798.261513250856,3080.2358272366614,-478.6806351762791,-823.0634659869908,-656.0673918379483,-395.1825981017579,-656.0673918379483,-948.2484254365215,-249.09208130247134,"{""AC"": 30, ""AC_35_P"": 45, ""AC_40_BP"": 16, ""AC_40_P"": 14, ""AC_45_KO"": -140, ""AC_45_P"": -42, ""AC_50_CO"": -27, ""AC_50_C_2"": -22, ""AC_50_P"": -41}",30,-140,16,-27,-22,0,45,14,-42,-41,0,0
292,-348.67059122117433,2283.7828885447107,9071.947559467537,907.1947559467537,907.1947559467537,1814.3895118935075,0.35,-18819.790239139817,-33825.84132683473,-62736.36521638294,8776.957870588429,-2230.649615135156,-5053.618151006129,-3625.2365050655235,-1516.4587921648535,-3625.2365050655235,-5960.812906952882,-348.67059122117433,"{""AC"": -180, ""AC_35_P"": 27, ""AC_40_BP"": -14, ""AC_40_P"": 45, ""AC_45_KO"": -370, ""AC_45_P"": 14, ""AC_50_CO"": -31, ""AC_50_C_2"": -39, ""AC_50_P"": -45}",-180,-370,-14,-31,-39,0,27,45,14,-45,0,0
293,-21.339679527248947,-44.913883185461714,580.6378657046915,58.063786570469155,58.063786570469155,116.12757314093831,0.532,-634.4858655416933,-2032.6810627732045,-2961.6112817283165,2570.159018658347,-84.78826608141829,-179.9611459126723,-145.54445264373751,-67.57991944695091,-145.54445264373751,-238.02493248314144,-21.339679527248947,"{""AC"": 35, ""AC_40_BP"": 6, ""AC_45_KO"": -310, ""AC_50_C"": -4, ""AC_50_CO"": -13, ""AC_50_C_2"": -4, ""AC_50_P"": 30, ""AC_50_P_2"": -2, ""AC_60_C"": -8}",35,-310,6,-13,-4,-2,0,0,0,30,-4,-8
294,300.61191470744564,570.862590941426,5020.21452878212,502.021452878212,502.021452878212,1004.042905756424,0.46,-8256.674476438582,-14168.515622982968,-24890.12398938582,9008.018236235004,-525.0555329364126,-1763.5567044022,-1188.8999831974477,-237.7271723340365,-1188.8999831974477,-2265.578157280412,300.61191470744564,"{""AC"": -180, ""AC_35_P"": 43, ""AC_40_BP"": -50, ""AC_45_KO"": -450, ""AC_50_C"": 32, ""AC_50_CO"": 20, ""AC_50_C_2"": 25, ""AC_50_P_2"": 12, ""AC_60_C"": 36}",-180,-450,-50,20,25,12,43,0,0,0,32,36
295,182.8236832358196,-249.8286618403441,1452.6521454502056,145.26521454502057,145.26521454502057,290.53042909004114,0.744,-688.6607617159397,-882.0239030723,-898.6144672163235,12168.843581270288,113.95760706422563,10.658492806834687,6.891961705918376,112.07434151376746,6.891961705918376,-134.60672173818588,182.8236832358196,"{""AC"": 35, ""AC_35_P"": -25, ""AC_40_BP"": -29, ""AC_45_KO"": -20, ""AC_45_P"": 16, ""AC_50_CO"": -3, ""AC_50_P"": 43, ""AC_50_P_2"": 21, ""AC_60_C"": 14}",35,-20,-29,-3,0,21,-25,0,16,43,0,14
296,86.39937577059918,1342.3474214109797,6828.2918749526925,682.8291874952693,682.8291874952693,1365.6583749905385,0.392,-12522.856671884136,-23668.872281887103,-42558.51472831387,9173.110136718502,-1165.8862914178146,-3044.3147922004346,-2133.443718759656,-710.450754697425,-2133.443718759656,-3727.143979695704,86.39937577059918,"{""AC"": -200, ""AC_35_P"": 28, ""AC_40_BP"": -19, ""AC_45_KO"": -140, ""AC_45_P"": 5, ""AC_50_C"": 22, ""AC_50_CO"": -1, ""AC_50_C_2"": 29, ""AC_60_C"": 20}",-200,-140,-19,-1,29,0,28,0,5,0,22,20
297,-247.28879614226852,745.2910693860861,2481.790599893906,248.1790599893906,248.1790599893906,496.3581199787812,0.278,-5649.032837194659,-10376.002082414885,-19763.90992245067,1209.6322341558741,-812.1920798617344,-1659.5470054409332,-1218.7332517161626,-591.7852029993492,-1218.7332517161626,-1907.7260654303238,-247.28879614226852,"{""AC"": -45, ""AC_35_P"": -30, ""AC_40_BP"": 4, ""AC_40_P"": 1, ""AC_45_KO"": -160, ""AC_45_P"": 2, ""AC_50_C"": -18, ""AC_50_CO"": -10, ""AC_50_P"": -24}",-45,-160,4,-10,0,0,-30,1,2,-24,-18,0
298,130.75424629721084,134.76035675189138,1270.781392463403,127.07813924634031,127.07813924634031,254.15627849268063,0.432,-1970.9740152570193,-3232.7226199370857,-4835.249169523737,6958.3402888131695,-66.3431552284911,-361.989257517044,-228.43092561451218,0.43601072277479247,-228.43092561451218,-489.0673967633843,130.75424629721084,"{""AC"": 5, ""AC_40_BP"": -31, ""AC_45_KO"": -90, ""AC_45_P"": -18, ""AC_50_C"": 19, ""AC_50_CO"": 22, ""AC_50_C_2"": -48, ""AC_50_P"": 40, ""AC_50_P_2"": 22}",5,-90,-31,22,-48,22,0,0,-18,40,19,0
299,142.73488827042434,612.9822280462867,4243.007345709592,424.3007345709592,424.3007345709592,848.6014691419184,0.456,-7721.568433243754,-12642.796688541526,-22416.50896035961,6855.284712598901,-629.4219550539511,-1787.6572200405142,-1227.6507440016185,-349.4187170345032,-1227.6507440016185,-2211.9579546114733,142.73488827042434,"{""AC"": -110, ""AC_35_P"": 29, ""AC_40_BP"": 13, ""AC_45_KO"": -480, ""AC_45_P"": -2, ""AC_50_C"": 18, ""AC_50_CO"": 16, ""AC_50_P"": 9, ""AC_50_P_2"": 19}",-110,-480,13,16,0,19,29,0,-2,9,18,0
300,158.07189105637158,-42.53085189999587,1009.3007336611398,100.93007336611399,100.93007336611399,201.86014673222797,0.52,-951.1051563852035,-2525.373525686458,-3389.2372185703143,2343.5483404060365,62.96137541785123,-79.70439803992929,-35.05891908446593,85.28411489558292,-35.05891908446593,-180.63447140604328,158.07189105637158,"{""AC"": -35, ""AC_35_P"": -15, ""AC_40_BP"": -2, ""AC_40_P"": 26, ""AC_45_KO"": -320, ""AC_45_P"": -12, ""AC_50_C"": 18, ""AC_50_CO"": 23, ""AC_50_P_2"": 14}",-35,-320,-2,23,0,14,-15,26,-12,0,18,0
301,-79.0350313036916,726.4617082575332,2432.4299715815864,243.24299715815863,243.24299715815863,486.48599431631726,0.334,-4888.1935110781305,-9247.011054291681,-17281.88386030782,2304.017958142461,-567.8543824115047,-1301.0834090732242,-933.8855565444906,-384.2554561471378,-933.8855565444906,-1544.3264062313829,-79.0350313036916,"{""AC"": -65, ""AC_35_P"": 10, ""AC_40_BP"": 15, ""AC_40_P"": -16, ""AC_45_KO"": -80, ""AC_50_C"": -25, ""AC_50_CO"": 21, ""AC_50_C_2"": 19, ""AC_50_P"": -34}",-65,-80,15,21,19,0,10,-16,0,-34,-25,0
302,-76.82617215124347,-1709.0040461599353,6491.281473431289,649.1281473431288,649.1281473431288,1298.2562946862577,0.594,-7425.909621558624,-8174.157303217072,-8868.950130487756,38251.72766799301,-819.4171343071059,-1933.3035775408996,-1515.2766890566018,-610.4036900649569,-1515.2766890566018,-2582.4317248840284,-76.82617215124347,"{""AC"": 180, ""AC_35_P"": -14, ""AC_40_BP"": -13, ""AC_40_P"": 9, ""AC_45_KO"": -230, ""AC_45_P"": 13, ""AC_50_C"": -16, ""AC_50_CO"": -32, ""AC_50_P_2"": -13}",180,-230,-13,-32,0,-13,-14,9,13,0,-16,0
303,139.5156657600363,-54.74092802303831,876.3909697429787,87.63909697429787,87.63909697429787,175.27819394859574,0.55,-687.6724550449084,-941.253477758311,-1023.9822697100722,5936.774351093607,70.74842025554547,-32.40244800119078,-7.454750983848868,83.22226876421641,-7.454750983848868,-120.04154497548865,139.5156657600363,"{""AC"": 10, ""AC_40_BP"": 25, ""AC_40_P"": -3, ""AC_45_KO"": -50, ""AC_50_CO"": -27, ""AC_50_C_2"": 43, ""AC_50_P"": 10, ""AC_50_P_2"": 42, ""AC_60_C"": 14}",10,-50,25,-27,43,42,0,-3,0,10,0,14
304,387.7913613791491,30.57329307880792,2954.1570292133188,295.4157029213319,295.4157029213319,590.8314058426638,0.498,-4008.2777414042703,-5992.006505579535,-9330.645371245302,6609.972965634883,-13.036412761277916,-614.2780739719185,-361.1581512921573,113.52354857860263,-361.1581512921573,-909.6937768932504,387.7913613791491,"{""AC"": -130, ""AC_35_P"": 42, ""AC_40_BP"": -35, ""AC_40_P"": 12, ""AC_45_KO"": -440, ""AC_50_C"": 41, ""AC_50_CO"": 21, ""AC_50_C_2"": 44, ""AC_60_C"": 24}",-130,-440,-35,21,44,0,42,12,0,0,41,24
305,-131.94460327317063,1191.9381878683494,3836.254162597296,383.6254162597296,383.6254162597296,767.2508325194592,0.408,-8439.983958592571,-13911.24383598398,-24524.356673076858,3878.2878022291766,-975.9429991324278,-2241.9405929213135,-1589.754905191921,-649.8501552677317,-1589.754905191921,-2625.5660091810432,-131.94460327317063,"{""AC"": -80, ""AC_35_P"": -17, ""AC_40_BP"": 24, ""AC_45_KO"": -210, ""AC_45_P"": 23, ""AC_50_C"": 5, ""AC_50_CO"": -2, ""AC_50_C_2"": -26, ""AC_50_P"": -10}",-80,-210,24,-2,-26,0,-17,0,23,-10,5,0
306,-257.90226750940786,417.5851952271458,2022.6577576194543,202.26577576194543,202.26577576194543,404.53155152389087,0.29,-4562.3904529982765,-8512.32365790833,-16357.013770814945,1175.1403397766924,-714.1413128092356,-1398.499880758977,-1043.393723340122,-536.5882340998081,-1043.393723340122,-1600.7656565209224,-257.90226750940786,"{""AC"": -75, ""AC_40_BP"": -6, ""AC_40_P"": -39, ""AC_45_KO"": -140, ""AC_45_P"": -44, ""AC_50_CO"": 24, ""AC_50_P"": -45, ""AC_50_P_2"": 4, ""AC_60_C"": -10}",-75,-140,-6,24,0,4,0,-39,-44,-45,0,-10
307,-18.35462578924988,1035.8912784514096,3925.047396433471,392.5047396433471,392.5047396433471,785.0094792866942,0.356,-8239.557881472867,-14067.328183799176,-25641.461137267954,4521.995092155144,-842.3104139365366,-2078.2440961574666,-1450.5406778318534,-528.45870477373,-1450.5406778318534,-2470.7488358008136,-18.35462578924988,"{""AC"": -110, ""AC_35_P"": -2, ""AC_40_BP"": -8, ""AC_40_P"": -2, ""AC_45_KO"": -70, ""AC_50_C"": 48, ""AC_50_CO"": -37, ""AC_50_P_2"": 40, ""AC_60_C"": 9}",-110,-70,-8,-37,0,40,-2,-2,0,0,48,9
308,-65.5065465053056,1390.8333982132337,6565.968963490195,656.5968963490195,656.5968963490195,1313.193792698039,0.376,-13145.880090450255,-22865.87532238556,-42321.05172352158,8015.641581610106,-1380.094555550331,-3351.9765691178695,-2365.6870082473533,-886.9497751150732,-2365.6870082473533,-4008.573465466889,-65.5065465053056,"{""AC"": -140, ""AC_35_P"": 43, ""AC_40_BP"": -28, ""AC_40_P"": -11, ""AC_45_KO"": -50, ""AC_45_P"": 28, ""AC_50_C"": -1, ""AC_50_CO"": -3, ""AC_50_C_2"": -15}",-140,-50,-28,-3,-15,0,43,-11,28,0,-1,0
309,58.90639189197935,-893.6923906086736,3085.971249289108,308.59712492891083,308.59712492891083,617.1942498578217,0.614,-2930.1035112106047,-3208.992814997411,-4043.5932719251805,19878.945884541747,-234.1039592290811,-673.6194859106719,-534.9076972540668,-164.7480649007786,-534.9076972540668,-982.2166108395827,58.90639189197935,"{""AC"": 95, ""AC_35_P"": -2, ""AC_40_BP"": -25, ""AC_40_P"": -18, ""AC_45_KO"": -330, ""AC_45_P"": 33, ""AC_50_CO"": -25, ""AC_50_P"": 32, ""AC_50_P_2"": 4}",95,-330,-25,-25,0,4,-2,-18,33,32,0,0
310,197.405969633755,500.2283317730622,3454.007195262837,345.4007195262837,345.4007195262837,690.8014390525674,0.42,-5999.174483662648,-10214.010286370356,-19023.706880004866,5737.218372507907,-402.5114787325098,-1302.387651281907,-875.1705626787839,-188.90293443094833,-875.1705626787839,-1647.7883708081906,197.405969633755,"{""AC"": -140, ""AC_35_P"": 41, ""AC_40_BP"": -43, ""AC_45_KO"": -500, ""AC_50_C"": 24, ""AC_50_CO"": -13, ""AC_50_C_2"": 42, ""AC_50_P"": -4, ""AC_60_C"": 49}",-140,-500,-43,-13,42,0,41,0,0,-4,24,49
311,-81.4592720119657,1571.8675907858928,6272.468209061787,627.2468209061788,627.2468209061788,1254.4936418123575,0.366,-12001.010851498124,-23368.84532256349,-42701.51372500673,6747.1179314552555,-1281.560357161778,-3081.711984886497,-2195.2343101897736,-838.3215198134167,-2195.2343101897736,-3708.958805792676,-81.4592720119657,"{""AC"": -150, ""AC_35_P"": -27, ""AC_40_BP"": 1, ""AC_45_KO"": -230, ""AC_45_P"": 27, ""AC_50_C"": -7, ""AC_50_CO"": -3, ""AC_50_C_2"": 31, ""AC_60_C"": -3}",-150,-230,1,-3,31,0,-27,0,27,0,-7,-3
312,-66.69037860340985,653.8605062618695,2233.732556523289,223.3732556523289,223.3732556523289,446.7465113046578,0.35,-4775.96572888372,-8272.627910279505,-15217.107682360773,2238.7806460008524,-544.2869514917819,-1260.68181082434,-894.7718657621323,-361.3319789606781,-894.7718657621323,-1484.0550664766688,-66.69037860340985,"{""AC"": -45, ""AC_35_P"": 7, ""AC_40_BP"": -5, ""AC_45_KO"": -80, ""AC_45_P"": -6, ""AC_50_C"": -25, ""AC_50_CO"": -3, ""AC_50_P_2"": 5, ""AC_60_C"": 19}",-45,-80,-5,-3,0,5,7,0,-6,0,-25,19
313,221.80046416939868,757.6807846091396,5337.028232389426,533.7028232389426,533.7028232389426,1067.4056464778853,0.446,-9094.943552733284,-16251.527479607852,-28726.397693220366,8705.178155727792,-687.6938911039298,-2051.9354240139223,-1409.2924803600652,-366.3724192770012,-1409.2924803600652,-2585.638247252865,221.80046416939868,"{""AC"": -185, ""AC_35_P"": 25, ""AC_40_BP"": -42, ""AC_45_KO"": -290, ""AC_45_P"": 1, ""AC_50_C"": 23, ""AC_50_CO"": 24, ""AC_50_C_2"": 24, ""AC_60_C"": 32}",-185,-290,-42,24,24,0,25,0,1,0,23,32
314,-44.18804346285036,-9.250948357466164,243.4426589260166,24.344265892601662,24.344265892601662,48.688531785203324,0.52,-356.6551116344465,-1141.0765970686036,-1708.6052858443738,355.8762736063693,-79.85355462629501,-133.351821371462,-109.85844315431817,-68.1068655177231,-109.85844315431817,-157.69608726406366,-44.18804346285036,"{""AC"": 10, ""AC_40_BP"": 8, ""AC_40_P"": -7, ""AC_45_KO"": -180, ""AC_45_P"": 1, ""AC_50_C"": -7, ""AC_50_CO"": -4, ""AC_50_C_2"": -3, ""AC_50_P_2"": 5}",10,-180,8,-4,-3,5,0,-7,1,0,-7,0
315,132.66187798062398,1222.6103283705024,6330.904406040391,633.0904406040391,633.0904406040391,1266.1808812080783,0.422,-11275.29188809891,-20924.624647473815,-37225.621084946,9131.7578097216,-994.8673108292669,-2686.1610940441033,-1875.1771255362319,-589.3753265753312,-1875.1771255362319,-3319.2515346481423,132.66187798062398,"{""AC"": -200, ""AC_35_P"": 38, ""AC_40_BP"": -11, ""AC_40_P"": -19, ""AC_45_KO"": -320, ""AC_50_C"": 21, ""AC_50_CO"": 14, ""AC_50_C_2"": 24, ""AC_60_C"": 28}",-200,-320,-11,14,24,0,38,-19,0,0,21,28
316,126.19303281108591,1208.1680794002837,6329.848753826663,632.9848753826662,632.9848753826662,1265.9697507653325,0.394,-11844.427343421294,-21611.177640575308,-39405.60527552935,8677.63107969063,-1058.2497015310435,-2834.9138030442373,-1966.9635063934413,-624.2745532056454,-1966.9635063934413,-3467.8986784269036,126.19303281108591,"{""AC"": -200, ""AC_35_P"": 10, ""AC_40_BP"": -39, ""AC_45_KO"": -220, ""AC_45_P"": 19, ""AC_50_C"": 30, ""AC_50_CO"": -6, ""AC_50_C_2"": 43, ""AC_60_C"": 23}",-200,-220,-39,-6,43,0,10,0,19,0,30,23
317,245.41204100017984,-1555.609266997013,4595.173034859754,459.5173034859754,459.5173034859754,919.0346069719508,0.674,-3031.628026781881,-3221.42693862227,-3378.9496881734317,33519.19423342036,-57.7507616780083,-512.4949656952904,-439.09081476009,-21.04868621040808,-439.09081476009,-972.0122691812658,245.41204100017984,"{""AC"": 100, ""AC_35_P"": -9, ""AC_40_BP"": 9, ""AC_40_P"": 24, ""AC_45_KO"": -10, ""AC_45_P"": 17, ""AC_50_CO"": 12, ""AC_50_C_2"": 9, ""AC_60_C"": 6}",100,-10,9,12,9,0,-9,24,17,0,0,6
318,216.53095085254043,721.9266691384939,5093.336432247247,509.3336432247247,509.3336432247247,1018.6672864494494,0.454,-8528.05638008416,-15346.014050037262,-26960.166226760823,8419.380976335675,-636.2746871558755,-1915.4831441684994,-1317.3443277724457,-337.2052789578487,-1317.3443277724457,-2424.8167873932243,216.53095085254043,"{""AC"": -175, ""AC_35_P"": 37, ""AC_40_BP"": -30, ""AC_45_KO"": -470, ""AC_50_C"": 27, ""AC_50_CO"": 17, ""AC_50_C_2"": 19, ""AC_50_P_2"": -1, ""AC_60_C"": 33}",-175,-470,-30,17,19,-1,37,0,0,0,27,33
319,-378.69516994109205,1353.492415100681,4516.073993622603,451.60739936226025,451.60739936226025,903.2147987245205,0.272,-10213.282694143838,-18695.926134196583,-35542.71965535668,3819.0665505176676,-1400.0234393554758,-2932.0158434770515,-2136.4912737437976,-1002.2611544888491,-2136.4912737437976,-3383.623242839312,-378.69516994109205,"{""AC"": -90, ""AC_35_P"": -16, ""AC_40_BP"": -12, ""AC_45_KO"": -100, ""AC_45_P"": 15, ""AC_50_C"": 3, ""AC_50_CO"": -44, ""AC_50_P"": -12, ""AC_50_P_2"": -34}",-90,-100,-12,-44,0,-34,-16,0,15,-12,3,0
320,175.3090397005293,690.3254073960655,4365.139569384493,436.5139569384493,436.5139569384493,873.0279138768987,0.426,-7579.783342820681,-13682.13470977353,-24283.565598744157,7010.625889597718,-582.6692945815389,-1719.636796004641,-1179.9154401917976,-312.80861667511715,-1179.9154401917976,-2156.15075294309,175.3090397005293,"{""AC"": -165, ""AC_35_P"": 36, ""AC_40_BP"": -50, ""AC_45_KO"": -340, ""AC_45_P"": -4, ""AC_50_C"": 41, ""AC_50_CO"": -4, ""AC_50_C_2"": 20, ""AC_60_C"": 38}",-165,-340,-50,-4,20,0,36,0,-4,0,41,38
321,36.21895562127506,1616.3638089777564,8354.83936951215,835.483936951215,835.483936951215,1670.96787390243,0.388,-16402.548868104324,-29181.202566001793,-52385.958093728186,10993.464517220875,-1604.0359311891575,-4064.418261404806,-2841.9053430699805,-992.7794720217449,-2841.9053430699805,-4899.902198356021,36.21895562127506,"{""AC"": -195, ""AC_35_P"": 14, ""AC_40_BP"": 9, ""AC_40_P"": 44, ""AC_45_KO"": -140, ""AC_50_CO"": 8, ""AC_50_C_2"": 10, ""AC_50_P"": -15, ""AC_50_P_2"": 28}",-195,-140,9,8,10,28,14,44,0,-15,0,0
322,271.1640551088523,164.15599802399544,2887.720893169278,288.7720893169278,288.7720893169278,577.5441786338556,0.484,-4163.749977630139,-6360.100304372588,-11074.354424058982,5883.166619313143,-145.2109426541616,-769.7734392986824,-497.7844861941324,-9.216466101886596,-497.7844861941324,-1058.5455286156102,271.1640551088523,"{""AC"": -130, ""AC_35_P"": 31, ""AC_40_BP"": -47, ""AC_45_KO"": -430, ""AC_50_C"": 26, ""AC_50_CO"": 18, ""AC_50_C_2"": 23, ""AC_50_P_2"": -6, ""AC_60_C"": 43}",-130,-430,-47,18,23,-6,31,0,0,0,26,43
323,-149.76845987928328,-1094.030311840196,4579.002756251125,457.9002756251125,457.9002756251125,915.800551250225,0.57,-5740.077083215129,-6329.8094164334825,-6819.255102538876,25616.602312500112,-723.7761682007963,-1584.7877306830655,-1239.730160174109,-551.2473829463179,-1239.730160174109,-2042.688006308178,-149.76845987928328,"{""AC"": 130, ""AC_35_P"": -3, ""AC_40_BP"": -7, ""AC_45_KO"": -210, ""AC_45_P"": -2, ""AC_50_C"": -25, ""AC_50_CO"": -13, ""AC_50_C_2"": -13, ""AC_50_P"": -26}",130,-210,-7,-13,-13,0,-3,0,-2,-26,-25,0
324,-366.8454995715391,1101.3327420082474,4079.4506232201734,407.94506232201735,407.94506232201735,815.8901246440347,0.252,-9212.484438012916,-17177.103851192205,-32995.08555426621,2844.7031562475327,-1288.0939433728308,-2669.9666090747683,-1952.6906964344853,-929.4559870526892,-1952.6906964344853,-3077.9116713967856,-366.8454995715391,"{""AC"": -30, ""AC_40_BP"": -23, ""AC_45_P"": 46, ""AC_50_C"": -49, ""AC_50_CO"": -20, ""AC_50_P"": -16, ""AC_50_P_2"": -35, ""AC_60_C"": -24}",-30,0,-23,-20,0,-35,0,0,46,-16,-49,-24
325,-93.82787089730991,-488.4672291444931,2648.462580236086,264.8462580236086,264.8462580236086,529.6925160472172,0.612,-3300.3400526072655,-3673.1593437223173,-3982.579030340669,16034.52264820544,-423.86187615803647,-918.9128840491263,-721.3020078002039,-325.0564380335753,-721.3020078002039,-1183.759142072735,-93.82787089730991,"{""AC"": 85, ""AC_35_P"": -33, ""AC_40_BP"": 15, ""AC_45_KO"": -100, ""AC_45_P"": 25, ""AC_50_C"": -3, ""AC_50_CO"": -17, ""AC_50_C_2"": -25}",85,-100,15,-17,-25,0,-33,0,25,0,-3,0
326,-282.0419527275598,-11.901739420617908,2532.961720101577,253.2961720101577,253.2961720101577,506.5923440203154,0.502,-4488.7441804927175,-4991.682448539026,-5444.560353498615,6784.617240089902,-730.9163707768316,-1404.2279978507393,-1082.0016658065463,-569.8032047547351,-1082.0016658065463,-1657.524169860897,-282.0419527275598,"{""AC"": 65, ""AC_35_P"": -3, ""AC_40_BP"": -22, ""AC_40_P"": -47, ""AC_45_KO"": -480, ""AC_45_P"": -34, ""AC_50_C"": -3, ""AC_50_CO"": -43, ""AC_50_P"": 31}",65,-480,-22,-43,0,0,-3,-47,-34,31,-3,0
327,-138.75246576436354,-273.66356285609413,1593.2009990683255,159.32009990683255,159.32009990683255,318.6401998136651,0.552,-2448.8710251177486,-2790.585297215831,-3298.980622444144,6350.340589515502,-383.6395682761384,-750.9702220438007,-585.7431694854421,-301.0260419969591,-585.7431694854421,-910.2903219506333,-138.75246576436354,"{""AC"": 50, ""AC_35_P"": -9, ""AC_40_BP"": 1, ""AC_45_KO"": -300, ""AC_50_CO"": -1, ""AC_50_C_2"": -7, ""AC_50_P"": -14, ""AC_50_P_2"": -9, ""AC_60_C"": -27}",50,-300,1,-1,-7,-9,-9,0,0,-14,0,-27
328,-48.83060163808605,-544.3801641716423,2307.121066004429,230.7121066004429,230.7121066004429,461.4242132008858,0.568,-2678.067742375731,-3499.917845678689,-5259.522120482707,13150.46056863398,-316.63737587565913,-718.3475372320188,-565.8968162946671,-240.41201540698333,-565.8968162946671,-949.0596438324617,-48.83060163808605,"{""AC"": 50, ""AC_40_BP"": -8, ""AC_40_P"": -5, ""AC_45_KO"": -470, ""AC_45_P"": -14, ""AC_50_C"": -7, ""AC_50_CO"": 5, ""AC_50_P"": -13, ""AC_60_C"": -3}",50,-470,-8,5,0,0,0,-5,-14,-13,-7,-3
329,213.80122897662085,862.7337430407816,5691.888275728597,569.1888275728597,569.1888275728597,1138.3776551457195,0.44,-10044.244386770584,-17878.840555522864,-32245.992070633474,8959.739193746374,-790.6232097004377,-2297.2598677160254,-1577.4298428253965,-430.7081972551233,-1577.4298428253965,-2866.448695288885,213.80122897662085,"{""AC"": -190, ""AC_35_P"": 42, ""AC_40_BP"": -22, ""AC_45_KO"": -410, ""AC_45_P"": -7, ""AC_50_C"": 28, ""AC_50_CO"": 16, ""AC_50_C_2"": 37, ""AC_60_C"": 22}",-190,-410,-22,16,37,0,42,0,-7,0,28,22
330,-150.9144178683086,-768.0831499713141,3807.9345726050033,380.7934572605003,380.7934572605003,761.5869145210006,0.596,-4629.270197454347,-5170.5642491075905,-5569.863218356327,23374.33652667989,-613.8414376137433,-1308.2319672318954,-1035.7016761167108,-477.57629205615103,-1035.7016761167108,-1689.0254244923958,-150.9144178683086,"{""AC"": 95, ""AC_35_P"": -24, ""AC_40_BP"": 10, ""AC_45_KO"": -60, ""AC_50_CO"": -5, ""AC_50_C_2"": -45, ""AC_50_P"": -30, ""AC_50_P_2"": 3, ""AC_60_C"": 8}",95,-60,10,-5,-45,3,-24,0,0,-30,0,8
331,60.74251820768122,712.3178233057631,4080.227572105606,408.0227572105606,408.0227572105606,816.0455144211212,0.432,-8136.05663011571,-12920.9071022262,-22159.851965935177,6008.6346410322885,-752.8631448038898,-1973.271639321246,-1363.6773549149552,-448.06600260074447,-1363.6773549149552,-2381.294396531807,60.74251820768122,"{""AC"": -75, ""AC_35_P"": -5, ""AC_40_BP"": 20, ""AC_40_P"": 30, ""AC_45_KO"": -50, ""AC_50_C"": -3, ""AC_50_CO"": 11, ""AC_50_C_2"": -23, ""AC_50_P_2"": 42}",-75,-50,20,11,-23,42,-5,30,0,0,-3,0
332,126.67924928638587,823.2057459712403,4951.820800973815,495.18208009738146,495.18208009738146,990.3641601947629,0.434,-9440.087337980944,-15789.204921726085,-28476.52176528463,7653.180109717769,-817.3294845117086,-2233.34258520885,-1536.9248914594464,-469.1206376370067,-1536.9248914594464,-2728.5246653062313,126.67924928638587,"{""AC"": -100, ""AC_40_BP"": -39, ""AC_40_P"": 28, ""AC_45_KO"": -330, ""AC_45_P"": 30, ""AC_50_C"": -9, ""AC_50_CO"": 11, ""AC_50_C_2"": -1, ""AC_50_P_2"": 38}",-100,-330,-39,11,-1,38,0,28,30,0,-9,0
333,356.7279950134569,237.16279983066192,4126.253186158529,412.62531861585296,412.62531861585296,825.2506372317059,0.472,-6426.671043174147,-9845.507547339901,-17284.206458068544,8067.601999498962,-285.93910930395776,-1249.9397657800798,-813.5853207705916,-67.76188679921367,-813.5853207705916,-1662.565084395933,356.7279950134569,"{""AC"": -175, ""AC_35_P"": 50, ""AC_40_BP"": -24, ""AC_45_KO"": -380, ""AC_50_C"": 44, ""AC_50_CO"": 14, ""AC_50_C_2"": 33, ""AC_50_P_2"": -6, ""AC_60_C"": 50}",-175,-380,-24,14,33,-6,50,0,0,0,44,50
334,-266.5739625110909,1143.6495115227895,3266.7253964348633,326.67253964348635,326.67253964348635,653.3450792869727,0.312,-7404.882852759508,-12739.459426157728,-24126.843035138772,1876.555787058843,-1007.0622477870418,-2117.7946757009677,-1540.6426602467602,-718.4862400599378,-1540.6426602467602,-2444.467215344454,-266.5739625110909,"{""AC"": -80, ""AC_35_P"": 7, ""AC_40_BP"": -7, ""AC_40_P"": -32, ""AC_45_KO"": -80, ""AC_50_C"": -10, ""AC_50_CO"": 9, ""AC_50_C_2"": -19, ""AC_50_P"": -45}",-80,-80,-7,9,-19,0,7,-32,0,-45,-10,0
335,74.48903776300557,-958.1950993135952,2853.5247430133795,285.35247430133796,285.35247430133796,570.7049486026759,0.646,-2428.420851653735,-2689.117510527037,-2986.84347293199,18862.69663349173,-168.35304740236796,-532.6161751504283,-432.4503271357237,-118.27012339501569,-432.4503271357237,-817.9686494517662,74.48903776300557,"{""AC"": 85, ""AC_35_P"": 3, ""AC_40_BP"": 24, ""AC_40_P"": 31, ""AC_45_KO"": -220, ""AC_50_C"": -29, ""AC_50_CO"": 6, ""AC_50_C_2"": 13, ""AC_50_P_2"": -13}",85,-220,24,6,13,-13,3,31,0,0,-29,0
336,248.62812241405675,828.0284861510717,5213.392071634948,521.3392071634947,521.3392071634947,1042.6784143269895,0.444,-9324.266517508466,-15357.840985565212,-27795.11267831562,8451.351425696825,-683.7985293367899,-2082.43850696306,-1410.6814587939605,-347.92000525224023,-1410.6814587939605,-2603.7777141265547,248.62812241405675,"{""AC"": -195, ""AC_35_P"": 15, ""AC_40_BP"": -29, ""AC_40_P"": -4, ""AC_45_KO"": -500, ""AC_50_C"": 16, ""AC_50_CO"": 19, ""AC_50_C_2"": 45, ""AC_60_C"": 50}",-195,-500,-29,19,45,0,15,-4,0,0,16,50
337,420.5266985402723,-2288.794051808034,6980.658873852605,698.0658873852606,698.0658873852606,1396.1317747705211,0.67,-4332.399235927694,-5146.228476996935,-6730.509862101277,51788.706375626396,-12.71322505249708,-662.5731104416511,-578.3661305415119,29.39026489757248,-578.3661305415119,-1360.6389978269117,420.5266985402723,"{""AC"": 150, ""AC_35_P"": 22, ""AC_40_BP"": -1, ""AC_45_KO"": -370, ""AC_45_P"": 23, ""AC_50_C"": 19, ""AC_50_CO"": 12, ""AC_50_P_2"": 39, ""AC_60_C"": 7}",150,-370,-1,12,0,39,22,0,23,0,19,7
338,-248.57723694429123,-101.20830572170325,1038.9585764842457,103.89585764842457,103.89585764842457,207.79171529684913,0.538,-2132.304671691377,-4182.388573458224,-5794.8138231369085,1026.9991084777103,-461.80770411342894,-781.6534048671355,-620.37086652221,-381.16643494096627,-620.37086652221,-885.54926251556,-248.57723694429123,"{""AC"": -15, ""AC_35_P"": -5, ""AC_40_BP"": -7, ""AC_40_P"": -45, ""AC_45_KO"": -460, ""AC_45_P"": -20, ""AC_50_CO"": -13, ""AC_50_C_2"": -24, ""AC_60_C"": 14}",-15,-460,-7,-13,-24,0,-5,-45,-20,0,0,14
339,108.56175342234559,729.4118039753723,4282.255663579035,428.2255663579035,428.2255663579035,856.451132715807,0.43,-7838.397053786492,-12877.112369661949,-23255.43613455305,6705.916125702164,-675.2779519563037,-1851.0375100242773,-1281.31058782458,-390.4144908564549,-1281.31058782458,-2279.2630763821808,108.56175342234559,"{""AC"": -140, ""AC_35_P"": 35, ""AC_40_BP"": -47, ""AC_45_KO"": -420, ""AC_50_C"": 17, ""AC_50_CO"": 9, ""AC_50_C_2"": -6, ""AC_50_P_2"": -5, ""AC_60_C"": 37}",-140,-420,-47,9,-6,-5,35,0,0,0,17,37
340,-138.46851642874924,-97.83698314276837,753.0619156696346,75.30619156696346,75.30619156696346,150.61238313392693,0.54,-1281.2601962522208,-1854.6295660087426,-3912.2532021809693,2395.5186607255914,-266.5945360539713,-458.78356549180444,-368.3106416500641,-221.35807413310113,-368.3106416500641,-534.0897570587679,-138.46851642874924,"{""AC"": 5, ""AC_40_BP"": -6, ""AC_40_P"": -6, ""AC_45_KO"": -110, ""AC_50_C"": 15, ""AC_50_CO"": -47, ""AC_50_P"": 30, ""AC_50_P_2"": -23, ""AC_60_C"": 11}",5,-110,-6,-47,0,-23,0,-6,0,30,15,11
341,-334.2704739001987,1914.3611863377375,6966.3586564251555,696.6358656425156,696.6358656425156,1393.2717312850311,0.334,-15266.653423027556,-27245.95904447608,-51037.23233771747,5568.2693445121995,-1860.9358162029544,-4150.933829657088,-2972.58642017559,-1271.7621114622054,-2972.58642017559,-4847.569695299603,-334.2704739001987,"{""AC"": -120, ""AC_40_BP"": 10, ""AC_40_P"": 8, ""AC_45_KO"": -80, ""AC_45_P"": 13, ""AC_50_C"": -17, ""AC_50_CO"": -19, ""AC_50_P_2"": -21, ""AC_60_C"": -29}",-120,-80,10,-19,0,-21,0,8,13,0,-17,-29
342,309.90786380071603,-14.07384284872677,1948.856532298767,194.8856532298767,194.8856532298767,389.7713064597534,0.504,-2607.8176790676202,-3645.0061214934717,-4912.264073851838,4578.9579314552575,49.126095893954016,-342.04655596618903,-178.70761467436537,130.79556653986583,-178.70761467436537,-536.9322091960657,309.90786380071603,"{""AC"": -100, ""AC_35_P"": 41, ""AC_40_BP"": -39, ""AC_40_P"": -5, ""AC_45_KO"": -360, ""AC_50_C"": 25, ""AC_50_CO"": 11, ""AC_50_C_2"": 38, ""AC_60_C"": 39}",-100,-360,-39,11,38,0,41,-5,0,0,25,39
343,-4.973318438860843,-671.4687803972,2694.1233421329152,269.4123342132915,269.4123342132915,538.824668426583,0.606,-2954.88065941354,-3201.834968093228,-3406.9434942415655,15934.465694997085,-300.46138438021484,-743.6934832922458,-582.9115844575375,-220.07043496286073,-582.9115844575375,-1013.1058175055373,-4.973318438860843,"{""AC"": 75, ""AC_35_P"": 26, ""AC_40_BP"": 18, ""AC_40_P"": -8, ""AC_45_KO"": -260, ""AC_50_C"": 24, ""AC_50_CO"": -30, ""AC_50_P"": 9, ""AC_60_C"": -14}",75,-260,18,-30,0,0,26,-8,0,9,24,-14
344,-258.50700761131526,910.1540173189723,3614.898155752957,361.48981557529567,361.48981557529567,722.9796311505913,0.284,-8031.245861718343,-14830.31121443237,-28333.466326812617,2740.49389270529,-1061.6315937831496,-2266.318473040901,-1643.9387946567144,-750.4417545910563,-1643.9387946567144,-2627.808288616197,-258.50700761131526,"{""AC"": -35, ""AC_35_P"": 22, ""AC_40_BP"": -1, ""AC_45_KO"": -220, ""AC_45_P"": 17, ""AC_50_C"": -24, ""AC_50_CO"": -7, ""AC_50_P_2"": -34, ""AC_60_C"": -39}",-35,-220,-1,-7,0,-34,22,0,17,0,-24,-39
345,318.3680213553451,133.4187252064704,3212.767704091529,321.2767704091529,321.2767704091529,642.5535408183058,0.486,-4561.4842576673655,-6846.4183470942,-11523.781164126252,6449.234733052838,-137.7804044113915,-822.0030430614963,-526.4930024993362,9.974615869688577,-526.4930024993362,-1143.2798134706493,318.3680213553451,"{""AC"": -165, ""AC_35_P"": 21, ""AC_40_BP"": -39, ""AC_45_KO"": -500, ""AC_50_C"": 45, ""AC_50_CO"": 22, ""AC_50_C_2"": 35, ""AC_50_P_2"": -23, ""AC_60_C"": 50}",-165,-500,-39,22,35,-23,21,0,0,0,45,50
346,305.54397076639265,167.37350418379185,2836.6014539741886,283.6601453974189,283.6601453974189,567.3202907948378,0.462,-4383.798300715843,-7278.596406292371,-12628.654411869136,5832.585780012021,-132.83585930519166,-790.405604412568,-493.85584703969323,15.439019381245771,-493.85584703969323,-1074.0657498099868,305.54397076639265,"{""AC"": -110, ""AC_35_P"": 50, ""AC_40_BP"": -50, ""AC_45_KO"": -440, ""AC_50_C"": 24, ""AC_50_CO"": 11, ""AC_50_C_2"": 50, ""AC_50_P_2"": 12, ""AC_60_C"": 15}",-110,-440,-50,11,50,12,50,0,0,0,24,15
347,-376.31370305059534,-125.29963515255014,3025.2570576156854,302.52570576156853,302.52570576156853,605.0514115231371,0.51,-5423.140591345344,-6070.490451372386,-6607.755543591526,6444.22018954466,-918.6277621851298,-1732.0988508869314,-1341.047644633181,-723.1021590582546,-1341.047644633181,-2034.6245566485,-376.31370305059534,"{""AC"": 50, ""AC_40_BP"": -20, ""AC_40_P"": -40, ""AC_45_KO"": -130, ""AC_45_P"": -36, ""AC_50_C"": 32, ""AC_50_CO"": -17, ""AC_50_P"": -48, ""AC_60_C"": -50}",50,-130,-20,-17,0,0,0,-40,-36,-48,32,-50
348,243.85976396816326,410.91474101818244,3635.744787945592,363.57447879455924,363.57447879455924,727.1489575891185,0.452,-5917.217734867486,-9811.375886148335,-17080.374257563773,6596.71717857604,-347.8620095185853,-1235.4446697487083,-825.5101356592393,-142.89474247385084,-825.5101356592393,-1599.0191485432674,243.85976396816326,"{""AC"": -160, ""AC_35_P"": 28, ""AC_40_BP"": -46, ""AC_40_P"": -6, ""AC_45_KO"": -310, ""AC_50_C"": 43, ""AC_50_CO"": 4, ""AC_50_C_2"": 20, ""AC_60_C"": 50}",-160,-310,-46,4,20,0,28,-6,0,0,43,50
349,-432.59423968031024,2536.6519837752257,9842.21585091422,984.221585091422,984.221585091422,1968.443170182844,0.338,-21387.93272820585,-38029.454591515416,-71080.03424753182,8529.16613594826,-2571.3875125008954,-5779.577421731773,-4132.894941456899,-1748.0462723634582,-4132.894941456899,-6763.799006823195,-432.59423968031024,"{""AC"": -195, ""AC_35_P"": 8, ""AC_40_BP"": -12, ""AC_40_P"": 7, ""AC_45_KO"": -280, ""AC_50_C"": -23, ""AC_50_CO"": -9, ""AC_50_P_2"": -39, ""AC_60_C"": -30}",-195,-280,-12,-9,0,-39,8,7,0,0,-23,-30
350,114.67494656508963,17.222086559259328,537.1926682605696,53.71926682605696,53.71926682605696,107.43853365211392,0.474,-532.311284379486,-1072.4791981292856,-1305.7810575489266,3498.7723417726274,61.44381812714103,-18.40287452978187,7.96862049513825,74.62956563960108,7.96862049513825,-72.12214135583883,114.67494656508963,"{""AC"": 10, ""AC_40_BP"": -46, ""AC_40_P"": 39, ""AC_45_KO"": -90, ""AC_45_P"": -11, ""AC_50_CO"": 1, ""AC_50_C_2"": 8, ""AC_50_P"": 19, ""AC_60_C"": -1}",10,-90,-46,1,8,0,0,39,-11,19,0,-1
351,-311.78773185769876,-66.21049530646508,2268.412355761153,226.84123557611528,226.84123557611528,453.68247115223056,0.508,-4151.43985420427,-4554.439419888403,-4980.980317557283,4646.888772099538,-726.9317172781258,-1349.6476954087661,-1047.924327776397,-576.0700334619411,-1047.924327776397,-1576.4889309848813,-311.78773185769876,"{""AC"": 85, ""AC_35_P"": 9, ""AC_40_BP"": -3, ""AC_40_P"": -9, ""AC_45_KO"": -450, ""AC_45_P"": -10, ""AC_50_CO"": -46, ""AC_50_P_2"": -3, ""AC_60_C"": -39}",85,-450,-3,-46,0,-3,9,-9,-10,0,0,-39
352,-185.49130343235458,145.94995621128223,1070.3506565339098,107.03506565339099,107.03506565339099,214.07013130678197,0.454,-2174.6610439988044,-2486.4735420223005,-2745.2609162849226,2599.4368975715265,-402.95740783223505,-729.1565644320557,-565.2079928588707,-320.9831220456426,-565.2079928588707,-836.1916300854467,-185.49130343235458,"{""AC"": 25, ""AC_35_P"": -30, ""AC_40_BP"": 24, ""AC_45_KO"": -30, ""AC_45_P"": -17, ""AC_50_C"": -35, ""AC_50_CO"": -2, ""AC_50_C_2"": 18, ""AC_50_P"": -18}",25,-30,24,-2,18,0,-30,0,-17,-18,-35,0
353,-50.66878203928078,1223.9130179534034,5042.795776213973,504.2795776213973,504.2795776213973,1008.5591552427946,0.342,-10648.205905996552,-18548.07231581666,-34237.45254162989,5941.93386052024,-1115.4893726389362,-2712.720258538419,-1900.0394567494623,-709.1489717444579,-1900.0394567494623,-3216.9998361598164,-50.66878203928078,"{""AC"": -55, ""AC_35_P"": 31, ""AC_40_BP"": -45, ""AC_45_KO"": -10, ""AC_45_P"": 19, ""AC_50_C"": -46, ""AC_50_CO"": -21, ""AC_50_P"": 25, ""AC_50_P_2"": 46}",-55,-10,-45,-21,0,46,31,0,19,25,-46,0
354,231.28772236919866,-2399.0273213792034,7973.74578290572,797.374578290572,797.374578290572,1594.749156581144,0.64,-6833.470293477037,-7373.926956411076,-7812.216539121982,54237.016184450804,-452.05930697850505,-1477.0798510000604,-1192.4201107976428,-309.72943687729617,-1192.4201107976428,-2274.4544292906326,231.28772236919866,"{""AC"": 180, ""AC_35_P"": 11, ""AC_40_BP"": -13, ""AC_40_P"": -12, ""AC_45_KO"": -50, ""AC_45_P"": 12, ""AC_50_CO"": 9, ""AC_50_C_2"": 11, ""AC_50_P_2"": 1}",180,-50,-13,9,11,1,11,-12,12,0,0,0
355,-177.8653703188794,1766.7427524331024,6822.067497010677,682.2067497010677,682.2067497010677,1364.4134994021354,0.364,-14432.107782700255,-25116.353336965156,-46335.597084991256,7058.971597911057,-1621.0761485889052,-3785.892315993943,-2683.7849125744515,-1070.0224468791591,-2683.7849125744515,-4468.099065695011,-177.8653703188794,"{""AC"": -175, ""AC_40_BP"": -22, ""AC_40_P"": 1, ""AC_45_KO"": -170, ""AC_45_P"": -15, ""AC_50_C"": 3, ""AC_50_CO"": 5, ""AC_50_P_2"": -15, ""AC_60_C"": 2}",-175,-170,-22,5,0,-15,0,1,-15,0,3,2
356,221.70051919578367,1014.483466455823,6584.240376662299,658.4240376662299,658.4240376662299,1316.8480753324598,0.428,-11955.364700649174,-21297.709078099982,-38914.79958704602,9994.778691826898,-973.8359508691337,-2767.1406559665097,-1900.8162047347073,-540.6737252532325,-1900.8162047347073,-3425.5646936327394,221.70051919578367,"{""AC"": -200, ""AC_35_P"": 28, ""AC_40_BP"": -37, ""AC_45_KO"": -380, ""AC_45_P"": 1, ""AC_50_C"": 28, ""AC_50_CO"": 19, ""AC_50_C_2"": 50, ""AC_50_P"": 19}",-200,-380,-37,19,50,0,28,0,1,19,28,0
357,157.11343589524742,684.3375034643615,4420.403362699718,442.0403362699718,442.0403362699718,884.0806725399436,0.418,-7755.145165973066,-14037.935816171917,-24984.30310972689,6899.99217857604,-618.4010807020592,-1781.672855598019,-1227.1785071356983,-341.15390647089885,-1227.1785071356983,-2223.7131918679906,157.11343589524742,"{""AC"": -155, ""AC_35_P"": 17, ""AC_40_BP"": -50, ""AC_45_KO"": -180, ""AC_45_P"": 6, ""AC_50_C"": 22, ""AC_50_CO"": 8, ""AC_50_C_2"": 21, ""AC_60_C"": 32}",-155,-180,-50,8,21,0,17,0,6,0,22,32
358,256.62270821004086,63.35220469371117,2617.617479552368,261.7617479552368,261.7617479552368,523.5234959104736,0.488,-3999.381656335122,-6166.094730383561,-10821.494465275056,5322.955007492421,-143.31545742347134,-743.2227058737396,-474.16541421784586,-8.78681159552444,-474.16541421784586,-1004.9844538289765,256.62270821004086,"{""AC"": -105, ""AC_35_P"": 31, ""AC_40_BP"": -27, ""AC_45_KO"": -130, ""AC_45_P"": 22, ""AC_50_C"": 36, ""AC_50_CO"": 1, ""AC_50_C_2"": 21, ""AC_60_C"": 26}",-105,-130,-27,1,21,0,31,0,22,0,36,26
359,5.507741982883763,188.4524192064957,691.6241866393888,69.16241866393888,69.16241866393888,138.32483732787776,0.402,-1213.790534452921,-2840.9259960006175,-4074.642045494369,818.983114055746,-115.87131146240836,-297.9398916303465,-211.14204751702383,-72.47238940574701,-211.14204751702383,-367.10231029428536,5.507741982883763,"{""AC"": -5, ""AC_40_BP"": 2, ""AC_40_P"": -11, ""AC_45_KO"": -430, ""AC_50_C"": 20, ""AC_50_CO"": -5, ""AC_50_C_2"": -13, ""AC_50_P"": 29, ""AC_60_C"": -11}",-5,-430,2,-5,-13,0,0,-11,0,29,20,-11
360,-167.91261269657244,-561.2840493211263,3196.9648992416774,319.69648992416774,319.69648992416774,639.3929798483355,0.568,-4423.635079557226,-4956.727388459209,-5447.528653178231,16468.175653781014,-610.276120652295,-1273.821382585879,-991.3061195922402,-469.0184891554757,-991.3061195922402,-1593.5178725100468,-167.91261269657244,"{""AC"": 60, ""AC_35_P"": -35, ""AC_40_BP"": 7, ""AC_40_P"": 3, ""AC_45_KO"": -190, ""AC_50_CO"": -4, ""AC_50_C_2"": -2, ""AC_50_P"": -47, ""AC_50_P_2"": -10}",60,-190,7,-4,-2,-10,-35,3,0,-47,0,0
361,190.51436152174963,107.85370985819716,1284.7529233185116,128.47529233185116,128.47529233185116,256.95058466370233,0.464,-1937.7658601566975,-3649.8037358981255,-4775.097392374486,3478.1770206350593,-3.2622244939201153,-293.9271035174247,-164.38816366768057,61.50724543095197,-164.38816366768057,-422.4023958492759,190.51436152174963,"{""AC"": -70, ""AC_35_P"": 46, ""AC_40_BP"": -41, ""AC_45_KO"": -390, ""AC_50_C"": 38, ""AC_50_CO"": 2, ""AC_50_C_2"": 40, ""AC_50_P"": -17, ""AC_50_P_2"": -4}",-70,-390,-41,2,40,-4,46,0,0,-17,38,0
362,-76.87670969998862,1382.499179760303,5394.852274130139,539.485227413014,539.485227413014,1078.970454826028,0.368,-10868.994630476169,-19950.94049481627,-36122.75743994716,6076.325766918432,-1163.7761727476056,-2794.125367319031,-1976.9685179779208,-755.1977480770506,-1976.9685179779208,-3333.610594732045,-76.87670969998862,"{""AC"": -130, ""AC_35_P"": 30, ""AC_40_BP"": -9, ""AC_40_P"": -28, ""AC_45_KO"": -90, ""AC_50_CO"": -1, ""AC_50_C_2"": 8, ""AC_50_P"": 6, ""AC_50_P_2"": 4}",-130,-90,-9,-1,8,4,30,-28,0,6,0,0
363,-181.8509600954164,1789.483087059175,5774.403233954701,577.4403233954702,577.4403233954702,1154.8806467909403,0.35,-12469.110078340222,-21728.789558703134,-40118.80080699242,5307.848338328281,-1428.7619679294387,-3299.1284796804716,-2340.9376335441843,-949.666544861295,-2340.9376335441843,-3876.568803075942,-181.8509600954164,"{""AC"": -125, ""AC_35_P"": -9, ""AC_40_BP"": -2, ""AC_40_P"": 2, ""AC_45_KO"": -40, ""AC_45_P"": 1, ""AC_50_CO"": -34, ""AC_50_P"": 21, ""AC_60_C"": 16}",-125,-40,-2,-34,0,0,-9,2,1,21,0,16
364,-46.20311767825122,1612.6808643450422,6832.865732456264,683.2865732456264,683.2865732456264,1366.5731464912528,0.392,-14042.368930520237,-24014.33144783415,-43818.958945991835,8257.144777934769,-1450.440010730275,-3556.7953503083104,-2494.2017438791,-919.1432075156697,-2494.2017438791,-4240.081923553937,-46.20311767825122,"{""AC"": -185, ""AC_35_P"": 9, ""AC_40_BP"": -8, ""AC_45_KO"": -270, ""AC_50_C"": 30, ""AC_50_CO"": -5, ""AC_50_P"": -4, ""AC_50_P_2"": 9, ""AC_60_C"": 6}",-185,-270,-8,-5,0,9,9,0,0,-4,30,6
365,-158.67075323032697,-1250.7429134294357,5259.982438652417,525.9982438652416,525.9982438652416,1051.9964877304833,0.568,-6349.065730109923,-7026.493533710103,-7643.625978413429,30422.480349816793,-793.5773262413193,-1745.9371857578076,-1374.029734679436,-607.6236007021336,-1374.029734679436,-2271.9354296230495,-158.67075323032697,"{""AC"": 130, ""AC_40_BP"": -38, ""AC_45_KO"": -130, ""AC_45_P"": -44, ""AC_50_C"": -16, ""AC_50_CO"": -6, ""AC_50_C_2"": -21, ""AC_50_P_2"": -13, ""AC_60_C"": 4}",130,-130,-38,-6,-21,-13,0,0,-44,0,-16,4
366,244.27000619886007,115.81407123505619,2950.8610390124813,295.0861039012481,295.0861039012481,590.1722078024962,0.488,-4369.091556540052,-6505.940667393031,-10749.789416998246,5953.35693560875,-192.63914945514512,-848.0028829361529,-558.6367792327718,-47.95609760345455,-558.6367792327718,-1143.088986837401,244.27000619886007,"{""AC"": -135, ""AC_35_P"": 32, ""AC_40_BP"": -50, ""AC_40_P"": 9, ""AC_45_KO"": -310, ""AC_50_C"": 41, ""AC_50_CO"": 13, ""AC_50_P_2"": -16, ""AC_60_C"": 48}",-135,-310,-50,13,0,-16,32,9,0,0,41,48
367,276.5703957496268,189.53665733843184,1306.017057957491,130.6017057957491,130.6017057957491,261.2034115914982,0.452,-1729.7367247671416,-2829.0567766201902,-3642.8467484497005,5113.830269298403,103.59672327291264,-155.8637854421586,-48.190965863318965,157.43313306233244,-48.190965863318965,-286.4654912379077,276.5703957496268,"{""AC"": -70, ""AC_35_P"": 28, ""AC_40_BP"": -50, ""AC_40_P"": -8, ""AC_45_KO"": -370, ""AC_50_C"": 13, ""AC_50_CO"": 14, ""AC_50_C_2"": 47, ""AC_60_C"": 30}",-70,-370,-50,14,47,0,28,-8,0,0,13,30
368,-148.2002759086392,716.8044343100823,2056.5093084698847,205.65093084698847,205.65093084698847,411.30186169397695,0.34,-4660.860231802776,-8259.658827769368,-13949.914786311932,1462.5614790712307,-614.2862990889168,-1313.4153338593333,-950.1547761025499,-432.6560202105252,-950.1547761025499,-1519.0662647063218,-148.2002759086392,"{""AC"": -35, ""AC_35_P"": -18, ""AC_40_BP"": -44, ""AC_40_P"": -8, ""AC_45_KO"": -210, ""AC_45_P"": 19, ""AC_50_CO"": -5, ""AC_50_C_2"": -29}",-35,-210,-44,-5,-29,0,-18,-8,19,0,0,0
369,-211.10767498456272,1762.9589037019987,6065.902351393586,606.5902351393586,606.5902351393586,1213.1804702787172,0.35,-12983.173473042314,-23330.022243972548,-42969.9923366335,5524.219030340669,-1509.4250222887943,-3456.9010432451414,-2461.878813510589,-1011.9139074215182,-2461.878813510589,-4063.4912783845,-211.10767498456272,"{""AC"": -125, ""AC_40_BP"": -2, ""AC_40_P"": -15, ""AC_45_KO"": -260, ""AC_45_P"": 22, ""AC_50_C"": -10, ""AC_50_CO"": -22, ""AC_50_C_2"": 5, ""AC_60_C"": 1}",-125,-260,-2,-22,5,0,0,-15,22,0,-10,1
370,297.5108654028134,226.00140153093992,1348.7520231437047,134.87520231437048,134.87520231437048,269.75040462874097,0.434,-1407.8520799617377,-3170.9699051117614,-5046.049126598521,6723.2779381898135,156.72565740663964,-54.45215458762101,18.895452251367516,193.39946082613392,18.895452251367516,-189.3273569019915,297.5108654028134,"{""AC"": -75, ""AC_35_P"": 20, ""AC_40_BP"": -50, ""AC_45_KO"": -500, ""AC_50_C"": 32, ""AC_50_CO"": 1, ""AC_50_C_2"": 46, ""AC_50_P_2"": -14, ""AC_60_C"": 50}",-75,-500,-50,1,46,-14,20,0,0,0,32,50
371,155.82698858104152,997.4871096263855,5960.327875852993,596.0327875852993,596.0327875852993,1192.0655751705985,0.422,-10648.782149730177,-19788.1076303823,-35592.16441240611,8831.312750616475,-909.0512263919762,-2506.368548851503,-1739.5067276711347,-525.6203158017922,-1739.5067276711347,-3102.401336436802,155.82698858104152,"{""AC"": -200, ""AC_35_P"": 37, ""AC_40_BP"": -47, ""AC_45_KO"": -440, ""AC_50_C"": 47, ""AC_50_CO"": 1, ""AC_50_C_2"": 29, ""AC_50_P_2"": -3, ""AC_60_C"": 18}",-200,-440,-47,1,29,-3,37,0,0,0,47,18
372,123.05398137597662,-873.7827193972294,2339.182813102391,233.91828131023908,233.91828131023908,467.83656262047816,0.644,-1492.990009288861,-2320.557240561654,-3213.1101335781836,16716.305758178638,-26.245019552909483,-250.19352094623866,-217.85366067247207,-10.075089416026202,-217.85366067247207,-484.11180225647774,123.05398137597662,"{""AC"": 55, ""AC_35_P"": 39, ""AC_40_BP"": 14, ""AC_40_P"": -3, ""AC_45_KO"": -210, ""AC_45_P"": 25, ""AC_50_CO"": 5, ""AC_50_P"": -37, ""AC_50_P_2"": 13}",55,-210,14,5,0,13,39,-3,25,-37,0,0
373,288.07483510856116,710.8842955419804,5483.01009522798,548.301009522798,548.301009522798,1096.602019045596,0.444,-9823.962912507155,-16005.416658830605,-29083.289646428722,9197.697801413098,-694.3214561421544,-2167.9158930182275,-1459.6701065289112,-340.1985628974961,-1459.6701065289112,-2716.216902541026,288.07483510856116,"{""AC"": -200, ""AC_35_P"": 31, ""AC_40_BP"": -48, ""AC_45_KO"": -500, ""AC_50_C"": 13, ""AC_50_CO"": 23, ""AC_50_C_2"": 49, ""AC_50_P_2"": -1, ""AC_60_C"": 48}",-200,-500,-48,23,49,-1,31,0,0,0,13,48
374,254.96442003051243,646.9001677065985,5105.970622120096,510.5970622120096,510.5970622120096,1021.1941244240192,0.438,-9058.618055549794,-15462.498395333603,-28025.72031294656,8510.546174737083,-650.897385524467,-2009.690093856936,-1359.1268194079614,-325.6157482999797,-1359.1268194079614,-2520.2871560689455,254.96442003051243,"{""AC"": -180, ""AC_35_P"": 40, ""AC_40_BP"": -47, ""AC_40_P"": 4, ""AC_45_KO"": -270, ""AC_50_C"": 29, ""AC_50_CO"": 14, ""AC_50_C_2"": 40, ""AC_60_C"": 27}",-180,-270,-47,14,40,0,40,4,0,0,29,27
375,-182.28187933156522,-285.49757806245645,1978.6360799390227,197.86360799390226,197.86360799390226,395.7272159878045,0.556,-2960.094529221659,-3403.4522294615667,-3685.766085607844,10209.912855916726,-478.2913322537311,-922.3055116369799,-725.2278627117652,-379.7525077911237,-725.2278627117652,-1120.169119630882,-182.28187933156522,"{""AC"": 20, ""AC_35_P"": -27, ""AC_40_BP"": -13, ""AC_45_KO"": -230, ""AC_50_CO"": -2, ""AC_50_C_2"": -26, ""AC_50_P"": -38, ""AC_50_P_2"": -25, ""AC_60_C"": 26}",20,-230,-13,-2,-26,-25,-27,0,0,-38,0,26
376,126.95174071863487,-69.5608066900031,916.5039422741019,91.65039422741019,91.65039422741019,183.30078845482038,0.52,-1002.6303521231574,-1338.5834535953702,-1742.6469604659485,2183.219091207498,26.688705506319124,-123.70584731215449,-69.26800921354385,53.90762455562445,-69.26800921354385,-215.35624153956468,126.95174071863487,"{""AC"": -15, ""AC_35_P"": 31, ""AC_40_BP"": 10, ""AC_40_P"": -14, ""AC_45_KO"": -150, ""AC_50_C"": 6, ""AC_50_CO"": 16, ""AC_50_C_2"": -9, ""AC_50_P"": 19}",-15,-150,10,16,-9,0,31,-14,0,19,6,0
377,-181.54037899564108,-120.81060599809865,959.2482819053533,95.92482819053534,95.92482819053534,191.84965638107067,0.534,-1714.641156985594,-1939.3706775577707,-2083.278591365775,2160.0599579130653,-353.0044946942005,-610.2006682420396,-486.6989666387479,-291.25364389255463,-486.6989666387479,-706.1254964325749,-181.54037899564108,"{""AC"": 65, ""AC_35_P"": 32, ""AC_40_BP"": -9, ""AC_45_KO"": -150, ""AC_45_P"": 16, ""AC_50_C"": -47, ""AC_50_CO"": -27, ""AC_50_C_2"": -4, ""AC_50_P_2"": -14}",65,-150,-9,-27,-4,-14,32,0,16,0,-47,0
378,440.95899884602665,-4.712659510194953,1976.4822375304486,197.64822375304487,197.64822375304487,395.29644750608975,0.502,-1497.1538184505227,-3026.250407050464,-3596.827977611746,14813.419059327432,291.2436170009744,66.67054423339596,117.56181420192581,316.68925198523925,117.56181420192581,-130.97767951964892,440.95899884602665,"{""AC"": -35, ""AC_35_P"": 41, ""AC_40_BP"": -29, ""AC_45_KO"": -260, ""AC_50_C"": 25, ""AC_50_CO"": 25, ""AC_50_C_2"": 14, ""AC_50_P_2"": 28, ""AC_60_C"": 39}",-35,-260,-29,25,14,28,41,0,0,0,25,39
379,261.2397234303202,733.8973466886031,5480.118279669908,548.0118279669907,548.0118279669907,1096.0236559339814,0.45,-9414.211761216204,-16512.631847433495,-29427.282067918593,9110.543250774248,-680.1814526913001,-2092.3132168737307,-1424.8979547356057,-346.47382162223766,-1424.8979547356057,-2640.3250448407216,261.2397234303202,"{""AC"": -195, ""AC_35_P"": 38, ""AC_40_BP"": -36, ""AC_45_KO"": -500, ""AC_45_P"": 10, ""AC_50_C"": 47, ""AC_50_CO"": 7, ""AC_50_C_2"": 31, ""AC_60_C"": 30}",-195,-500,-36,7,31,0,38,0,10,0,47,30
380,154.9075248145935,-840.1113586773806,2589.180177437394,258.91801774373937,258.91801774373937,517.8360354874787,0.726,-1294.1791538269174,-2205.1328729305956,-3013.0279585555254,20313.018107011998,25.489609431901755,-168.63726364213585,-168.6783571313138,25.469062687312785,-168.6783571313138,-427.5552813858752,154.9075248145935,"{""AC"": 35, ""AC_40_BP"": 18, ""AC_45_KO"": -200, ""AC_50_C"": 43, ""AC_50_CO"": 14, ""AC_50_C_2"": -15, ""AC_50_P"": 17, ""AC_50_P_2"": -16, ""AC_60_C"": -12}",35,-200,18,14,-15,-16,0,0,0,17,43,-12
381,-69.76751816544142,1632.0310847739927,7172.79957104692,717.279957104692,717.279957104692,1434.559914209384,0.374,-14861.132782700255,-25545.37833696516,-46764.62208499125,8476.532273622495,-1555.8807964354671,-3785.050713840505,-2657.5774141228253,-992.1441465766272,-2657.5774141228253,-4502.330670945197,-69.76751816544142,"{""AC"": -170, ""AC_35_P"": 22, ""AC_40_BP"": -21, ""AC_45_KO"": -100, ""AC_45_P"": 2, ""AC_50_C"": 3, ""AC_50_CO"": -6, ""AC_50_P"": 13, ""AC_60_C"": 8}",-170,-100,-21,-6,0,0,22,0,2,13,3,8
382,12.789247437476254,-996.8927274948662,3928.6063103403194,392.86063103403194,392.86063103403194,785.7212620680639,0.61,-4176.663700270984,-4514.439710429002,-4872.1219166004685,24820.025235643545,-404.87712258962216,-1031.3766776302698,-810.1406231201873,-294.25909533458093,-810.1406231201873,-1424.2373086643017,12.789247437476254,"{""AC"": 85, ""AC_35_P"": -40, ""AC_40_BP"": -10, ""AC_45_KO"": -380, ""AC_45_P"": 15, ""AC_50_CO"": -6, ""AC_50_C_2"": 6, ""AC_50_P_2"": -6, ""AC_60_C"": 6}",85,-380,-10,-6,6,-6,-40,0,15,0,0,6
383,-3.765593348217313,-2204.6971361960495,8903.534265213988,890.3534265213988,890.3534265213988,1780.7068530427975,0.61,-9537.78962864868,-10449.50225873912,-11206.174037833092,55761.96246408057,-957.5445562130852,-2388.2130005103872,-1879.6107509062188,-703.243431411001,-1879.6107509062188,-3278.566427031786,-3.765593348217313,"{""AC"": 200, ""AC_35_P"": -20, ""AC_40_BP"": 4, ""AC_45_KO"": -110, ""AC_45_P"": -15, ""AC_50_C"": 14, ""AC_50_CO"": -8, ""AC_50_P"": -26, ""AC_60_C"": -11}",200,-110,4,-8,0,0,-20,0,-15,-26,14,-11
384,-108.62376779667044,1878.1557198902256,7482.767013140611,748.2767013140611,748.2767013140611,1496.5534026281223,0.38,-15146.75842146949,-26033.802787095407,-48287.088461957916,8600.450830492595,-1623.2996099436195,-3895.3133731640432,-2754.775881674125,-1053.0308641986603,-2754.775881674125,-4643.590074478105,-108.62376779667044,"{""AC"": -175, ""AC_35_P"": -9, ""AC_40_BP"": 8, ""AC_40_P"": 36, ""AC_45_KO"": -10, ""AC_50_C"": 14, ""AC_50_CO"": -4, ""AC_50_C_2"": -14, ""AC_50_P_2"": -3}",-175,-10,8,-4,-14,-3,-9,36,0,0,14,0
385,238.1092507212677,823.9241092166568,5943.383099444829,594.338309944483,594.338309944483,1188.676619888966,0.456,-10014.215617939475,-18319.614250902912,-32180.721981140607,9739.083345820702,-763.3123110726799,-2265.4446537636013,-1561.192246941895,-411.18610766182684,-1561.192246941895,-2859.782963708084,238.1092507212677,"{""AC"": -200, ""AC_35_P"": 41, ""AC_40_BP"": -41, ""AC_45_KO"": -380, ""AC_50_C"": 46, ""AC_50_CO"": 21, ""AC_50_C_2"": 18, ""AC_50_P"": 3, ""AC_60_C"": 17}",-200,-380,-41,21,18,0,41,0,0,3,46,17
386,91.99371029325536,-1705.0212248881317,6028.281829466637,602.8281829466637,602.8281829466637,1205.6563658933273,0.636,-5527.8020688676925,-6015.856413600123,-6420.914912445966,39952.2297817198,-460.7864965935139,-1289.9568069236677,-1038.5906915102303,-335.1034388867952,-1038.5906915102303,-1892.7849898703314,91.99371029325536,"{""AC"": 160, ""AC_35_P"": 19, ""AC_40_BP"": 25, ""AC_40_P"": -45, ""AC_45_KO"": -340, ""AC_45_P"": 27, ""AC_50_C"": -3, ""AC_50_CO"": 15, ""AC_60_C"": -31}",160,-340,25,15,0,0,19,-45,27,0,-3,-31
387,-303.4930842806296,265.8566713759549,2295.3053330345615,229.53053330345614,229.53053330345614,459.0610666069123,0.352,-4473.23696221443,-10294.737715211306,-19889.93921471676,1887.809637522786,-750.8167805020726,-1421.802324834237,-1089.243895264522,-584.5375657172152,-1089.243895264522,-1651.3328581376932,-303.4930842806296,"{""AC"": -30, ""AC_40_BP"": 22, ""AC_45_KO"": -190, ""AC_50_C"": 8, ""AC_50_CO"": -21, ""AC_50_C_2"": 11, ""AC_50_P"": -29, ""AC_50_P_2"": -23, ""AC_60_C"": -37}",-30,-190,22,-21,11,-23,0,0,0,-29,8,-37
388,234.8475410087001,789.3739757172274,5179.46284661767,517.946284661767,517.946284661767,1035.892569323534,0.424,-9503.340187589085,-15937.684632357168,-29163.084185991218,8313.614790712309,-715.4864777502085,-2140.987505888571,-1449.6266294605462,-369.80603953619595,-1449.6266294605462,-2658.933790550338,234.8475410087001,"{""AC"": -200, ""AC_35_P"": 40, ""AC_40_BP"": -50, ""AC_45_KO"": -270, ""AC_50_C"": 24, ""AC_50_CO"": 10, ""AC_50_C_2"": 48, ""AC_50_P"": -20, ""AC_60_C"": 49}",-200,-270,-50,10,48,0,40,0,0,-20,24,49
389,350.4193787758159,-126.67322251021903,2058.4056292181194,205.84056292181194,205.84056292181194,411.6811258436239,0.556,-1078.9492773556287,-3407.262191792139,-4484.878737929231,15927.49487145897,242.52445104025304,80.68205943690873,85.65670571156564,245.0117741775815,85.65670571156564,-125.1585034849032,350.4193787758159,"{""AC"": -40, ""AC_35_P"": 39, ""AC_40_BP"": -45, ""AC_45_KO"": -390, ""AC_50_C"": 34, ""AC_50_CO"": 10, ""AC_50_C_2"": 27, ""AC_50_P"": -14, ""AC_60_C"": 47}",-40,-390,-45,10,27,0,39,0,0,-14,34,47
390,237.33454485073048,275.00936447777565,3303.869511004882,330.3869511004882,330.3869511004882,660.7739022009764,0.462,-5150.739640867487,-8743.233174081932,-15078.757832320305,6300.571832569845,-277.7394192360182,-1050.3503653661412,-700.4698768296366,-102.79917496776591,-700.4698768296366,-1380.7373164666294,237.33454485073048,"{""AC"": -130, ""AC_35_P"": 43, ""AC_40_BP"": -50, ""AC_45_KO"": -340, ""AC_45_P"": 4, ""AC_50_C"": 30, ""AC_50_CO"": 7, ""AC_50_C_2"": 13, ""AC_60_C"": 39}",-130,-340,-50,7,13,0,43,0,4,0,30,39
391,275.4419601098086,-28.15151075671446,1450.654405940389,145.0654405940389,145.0654405940389,290.1308811880778,0.502,-1631.0156901197442,-2395.74996821939,-3386.8744518604362,3670.9591253871235,112.34039109783413,-132.3119624201275,-41.74311370517249,157.62481545531162,-41.74311370517249,-277.37740301416636,275.4419601098086,"{""AC"": -80, ""AC_35_P"": 44, ""AC_40_BP"": -44, ""AC_45_KO"": -70, ""AC_45_P"": 10, ""AC_50_C"": 28, ""AC_50_CO"": -9, ""AC_50_C_2"": 29, ""AC_60_C"": 45}",-80,-70,-44,-9,29,0,44,0,10,0,28,45
392,119.06251493526354,-994.6022290867476,3354.599368546413,335.45993685464134,335.45993685464134,670.9198737092827,0.696,-2321.6886274527665,-2570.8916223686133,-2922.81615377895,25073.08440426142,-113.10634781001313,-461.35964192792807,-396.92074760997207,-80.88690065103513,-396.92074760997207,-796.8195787825694,119.06251493526354,"{""AC"": 65, ""AC_40_BP"": 12, ""AC_40_P"": -13, ""AC_45_KO"": -170, ""AC_50_CO"": 25, ""AC_50_C_2"": -11, ""AC_50_P"": 19, ""AC_50_P_2"": -24, ""AC_60_C"": 5}",65,-170,12,25,-11,-24,0,-13,0,19,0,5
393,136.1828144817821,509.36340314122367,2628.4331674384425,262.84331674384424,262.84331674384424,525.6866334876885,0.402,-4650.83515589045,-8131.444965942352,-15273.709160226872,4042.937049349959,-328.9007011072629,-1026.5259744908303,-692.8641172737075,-162.06977249870147,-692.8641172737075,-1289.3692912346746,136.1828144817821,"{""AC"": -130, ""AC_35_P"": 21, ""AC_40_BP"": -24, ""AC_45_KO"": -360, ""AC_50_C"": 36, ""AC_50_CO"": -7, ""AC_50_C_2"": 45, ""AC_50_P"": -31, ""AC_60_C"": 32}",-130,-360,-24,-7,45,0,21,0,0,-31,36,32
394,-385.3473959761699,1834.387578316846,5811.108456262585,581.1108456262584,581.1108456262584,1162.2216912525168,0.284,-13019.77925068389,-23639.271801589606,-44729.91407235494,3609.4618174010243,-1687.3253210445591,-3640.2922086471426,-2628.8697063918826,-1181.6140699169289,-2628.8697063918826,-4221.403054273401,-385.3473959761699,"{""AC"": -80, ""AC_40_BP"": -6, ""AC_40_P"": 7, ""AC_45_KO"": -140, ""AC_50_C"": -48, ""AC_50_CO"": -17, ""AC_50_P"": -46, ""AC_50_P_2"": 33, ""AC_60_C"": -19}",-80,-140,-6,-17,0,33,0,7,0,-46,-48,-19
395,300.26821673473216,654.3423282285343,5318.8749695783845,531.8874969578385,531.8874969578385,1063.774993915677,0.442,-9276.28006910892,-15611.195743551416,-28149.083786020372,9186.44313288005,-627.3597901761599,-2018.8018005424979,-1357.117542110525,-296.5176609601735,-1357.117542110525,-2550.6892975003366,300.26821673473216,"{""AC"": -190, ""AC_35_P"": 50, ""AC_40_BP"": -50, ""AC_45_KO"": -500, ""AC_50_C"": 32, ""AC_50_CO"": 9, ""AC_50_C_2"": 41, ""AC_50_P_2"": 11, ""AC_60_C"": 39}",-190,-500,-50,9,41,11,50,0,0,0,32,39
396,-52.227209134683655,-268.7008093687168,1319.70680101301,131.97068010130099,131.97068010130099,263.94136020260197,0.55,-1804.7882509042229,-1937.4257090552062,-2057.189288026133,6046.757116441695,-232.70603422510595,-503.4242718607394,-388.9307868209676,-175.45929170522007,-388.9307868209676,-635.3949519620404,-52.227209134683655,"{""AC"": 40, ""AC_40_BP"": -18, ""AC_45_KO"": -160, ""AC_45_P"": 19, ""AC_50_C"": 14, ""AC_50_CO"": -32, ""AC_50_C_2"": -6, ""AC_50_P"": -6, ""AC_50_P_2"": 10}",40,-160,-18,-32,-6,10,0,0,19,-6,14,0
397,196.9173502435438,482.9116327650151,3664.0173569966196,366.40173569966197,366.40173569966197,732.8034713993239,0.456,-5893.426897844528,-10466.3827075346,-18039.38758067805,6465.6572079705775,-392.42533954090896,-1276.4393742175882,-870.2975522829663,-189.35442857359806,-870.2975522829663,-1642.8411099172502,196.9173502435438,"{""AC"": -145, ""AC_35_P"": 43, ""AC_40_BP"": -43, ""AC_45_KO"": -480, ""AC_50_C"": 44, ""AC_50_CO"": 1, ""AC_50_C_2"": 8, ""AC_50_P_2"": -7, ""AC_60_C"": 37}",-145,-480,-43,1,8,-7,43,0,0,0,44,37
398,-116.82161759223425,1956.8824031077725,8937.083173539162,893.7083173539162,893.7083173539162,1787.4166347078324,0.37,-18600.045255453053,-32262.928964240287,-59397.84066626153,10428.870577771151,-1976.8261431375395,-4766.832931455498,-3353.68256458715,-1270.2509597033659,-3353.68256458715,-5660.541248809413,-116.82161759223425,"{""AC"": -180, ""AC_40_BP"": -46, ""AC_40_P"": 22, ""AC_45_KO"": -10, ""AC_45_P"": 44, ""AC_50_C"": -26, ""AC_50_CO"": 10, ""AC_50_P"": -7, ""AC_60_C"": -15}",-180,-10,-46,10,0,0,0,22,44,-7,-26,-15
399,-672.2764047784358,3229.952569774893,9776.06952062742,977.6069520627419,977.6069520627419,1955.2139041254839,0.294,-21803.988178320746,-39368.66836138576,-74641.52905907112,6019.015652429659,-2852.6752226105104,-6123.273449358622,-4431.678107557918,-2006.8775517101585,-4431.678107557918,-7100.880401421364,-672.2764047784358,"{""AC"": -175, ""AC_35_P"": -10, ""AC_40_BP"": -11, ""AC_45_KO"": -380, ""AC_50_C"": -47, ""AC_50_CO"": -49, ""AC_50_C_2"": -5, ""AC_50_P"": -47, ""AC_50_P_2"": 3}",-175,-380,-11,-49,-5,3,-10,0,0,-47,-47,0
400,-30.189393460176497,-180.48385310830744,559.9586534641697,55.99586534641698,55.99586534641698,111.99173069283395,0.638,-722.8777993414657,-856.5309502243505,-872.6429452814375,2223.2460574101156,-102.47717339432307,-210.9088432955429,-166.61899603460483,-80.33224976385402,-166.61899603460483,-266.90470864195987,-30.189393460176497,"{""AC"": 10, ""AC_35_P"": 5, ""AC_40_BP"": 20, ""AC_45_KO"": -80, ""AC_45_P"": -13, ""AC_50_CO"": 10, ""AC_50_C_2"": 12, ""AC_50_P_2"": -18, ""AC_60_C"": -19}",10,-80,20,10,12,-18,5,0,-13,0,0,-19
401,347.97732560349556,129.52343428418362,1415.9355383254142,141.59355383254143,141.59355383254143,283.18710766508286,0.474,-1394.849399642835,-3186.9053092181907,-4399.742402842486,4703.785892932734,208.49238563921207,-0.7350243072131661,67.9531387407996,242.83646716321846,67.9531387407996,-142.3285781397546,347.97732560349556,"{""AC"": -75, ""AC_35_P"": 49, ""AC_40_BP"": -30, ""AC_45_KO"": -440, ""AC_45_P"": -1, ""AC_50_C"": 50, ""AC_50_CO"": 2, ""AC_50_C_2"": 28, ""AC_60_C"": 34}",-75,-440,-30,2,28,0,49,0,-1,0,50,34
402,305.06495757507986,249.80477013582032,1309.8372265042642,130.98372265042642,130.98372265042642,261.96744530085283,0.454,-1388.1860001992798,-2810.705860606101,-4425.7485363511605,6874.797185787607,166.2463575551519,-41.98154247474008,31.34519621997468,202.90972690250925,31.34519621997468,-172.9652651251665,305.06495757507986,"{""AC"": -75, ""AC_35_P"": 9, ""AC_40_BP"": -45, ""AC_45_KO"": -440, ""AC_50_C"": 46, ""AC_50_CO"": 4, ""AC_50_C_2"": 50, ""AC_50_P"": -2, ""AC_60_C"": 27}",-75,-440,-45,4,50,0,9,0,0,-2,46,27
403,191.80166669066406,20.228876584348402,1023.0629341465518,102.30629341465519,102.30629341465519,204.61258682931037,0.486,-734.6476410100571,-1678.155580517568,-2166.649243346293,7743.472070879787,118.33690258965835,8.139756438149789,30.451373831827908,129.4927112864974,30.451373831827908,-94.1665369765054,191.80166669066406,"{""AC"": 25, ""AC_35_P"": -2, ""AC_40_BP"": -4, ""AC_40_P"": 35, ""AC_45_KO"": -180, ""AC_45_P"": 42, ""AC_50_C"": 6, ""AC_50_CO"": -5, ""AC_50_C_2"": 9}",25,-180,-4,-5,9,0,-2,35,42,0,6,0
404,-226.19636609764817,1731.5264334709675,5718.852967855194,571.8852967855194,571.8852967855194,1143.7705935710387,0.304,-11628.366215211992,-23127.603947839343,-43513.923540891876,4898.055390822551,-1389.0329876188475,-3133.287919900646,-2256.3939467722066,-950.5860010546276,-2256.3939467722066,-3705.1732166861657,-226.19636609764817,"{""AC"": -120, ""AC_35_P"": 12, ""AC_40_BP"": 1, ""AC_45_KO"": -50, ""AC_45_P"": -7, ""AC_50_C"": -2, ""AC_50_CO"": -44, ""AC_50_C_2"": 43, ""AC_60_C"": -8}",-120,-50,1,-44,43,0,12,0,-7,0,-2,-8
405,150.37669127315283,-1294.4581610958512,4135.925325768691,413.59253257686913,413.59253257686913,827.1850651537383,0.644,-3479.2610392163256,-3757.180874411182,-3987.839186253954,26532.002170384596,-197.54941264847977,-719.4385685309286,-578.3087308977306,-126.98449383188076,-578.3087308977306,-1133.0311011077977,150.37669127315283,"{""AC"": 90, ""AC_35_P"": -9, ""AC_40_BP"": 23, ""AC_40_P"": 19, ""AC_45_KO"": -50, ""AC_50_C"": -30, ""AC_50_CO"": 18, ""AC_50_C_2"": 44, ""AC_50_P"": -20}",90,-50,23,18,44,0,-9,19,0,-20,-30,0
406,-278.01235045876166,98.11034612319663,1506.413098401597,150.6413098401597,150.6413098401597,301.2826196803194,0.44,-3533.1038130602115,-6541.470031843875,-11370.66407586312,1025.5685860735045,-631.3227317647828,-1161.2883037238146,-883.2985773378731,-492.3278685718122,-883.2985773378731,-1311.9296135639743,-278.01235045876166,"{""AC"": 5, ""AC_35_P"": -17, ""AC_40_BP"": 15, ""AC_40_P"": -29, ""AC_50_C"": -36, ""AC_50_CO"": -5, ""AC_50_C_2"": -24, ""AC_60_C"": 2}",5,0,15,-5,-24,0,-17,-29,0,0,-36,2
407,185.17336884593374,960.0844654859471,5695.170534672689,569.517053467269,569.517053467269,1139.034106934538,0.414,-10687.013421530175,-18566.921115076715,-34085.813372228746,8382.981079690628,-883.5279733070838,-2486.57998653661,-1702.637171117227,-491.55656559739225,-1702.637171117227,-3056.0970400038786,185.17336884593374,"{""AC"": -200, ""AC_35_P"": 33, ""AC_40_BP"": -31, ""AC_45_KO"": -360, ""AC_45_P"": -4, ""AC_50_C"": 35, ""AC_50_CO"": -6, ""AC_50_C_2"": 50, ""AC_60_C"": 35}",-200,-360,-31,-6,50,0,33,0,-4,0,35,35
408,-314.03453609482636,737.8821383267803,3085.8311718338414,308.58311718338416,308.58311718338416,617.1662343667683,0.244,-6748.478817741494,-12872.583714361183,-25039.736406529857,2229.065836624946,-988.8824178689758,-2001.1542405301998,-1480.5979173477426,-728.6042562777471,-1480.5979173477426,-2309.737357713584,-314.03453609482636,"{""AC"": -30, ""AC_40_BP"": -22, ""AC_40_P"": -12, ""AC_45_P"": 21, ""AC_50_CO"": -39, ""AC_50_C_2"": -10, ""AC_50_P_2"": -13, ""AC_60_C"": -21}",-30,0,-22,-39,-10,-13,0,-12,21,0,0,-21
409,304.97254940622014,182.54090377551915,1776.2159655564772,177.62159655564773,177.62159655564773,355.24319311129545,0.47,-2455.4488781631767,-3383.268061881019,-5023.022760352619,4220.326943794076,59.42766158990247,-308.88967013457403,-152.15558059608023,137.79470635914936,-152.15558059608023,-486.51126669022176,304.97254940622014,"{""AC"": -105, ""AC_35_P"": 31, ""AC_40_BP"": -49, ""AC_45_KO"": -360, ""AC_50_C"": 25, ""AC_50_CO"": 3, ""AC_50_C_2"": 50, ""AC_50_P_2"": -8, ""AC_60_C"": 50}",-105,-360,-49,3,50,-8,31,0,0,0,25,50
410,-118.83682776861221,1412.8236831565941,5227.946224624806,522.7946224624806,522.7946224624806,1045.5892449249611,0.358,-10339.752975488027,-19875.303665424206,-35922.60587180491,5439.524633853396,-1152.812125317415,-2703.775071640619,-1931.1970853230566,-766.5231321586338,-1931.1970853230566,-3226.5696941030997,-118.83682776861221,"{""AC"": -140, ""AC_35_P"": 2, ""AC_40_BP"": -25, ""AC_45_KO"": -110, ""AC_45_P"": -29, ""AC_50_CO"": 3, ""AC_50_C_2"": 11, ""AC_50_P_2"": 4, ""AC_60_C"": 5}",-140,-110,-25,3,11,4,2,0,-29,0,0,5
411,383.0042920547201,-2773.149540047496,8012.669540438175,801.2669540438176,801.2669540438176,1602.5339080876352,0.646,-6047.496053563761,-6427.093877244541,-6742.139376346863,54358.30004337399,-221.74531330165604,-1128.8697213362202,-924.7535930017528,-119.68724913442236,-924.7535930017528,-1930.1366753800378,383.0042920547201,"{""AC"": 170, ""AC_35_P"": 19, ""AC_40_BP"": -35, ""AC_40_P"": 17, ""AC_45_P"": 4, ""AC_50_CO"": 6, ""AC_50_C_2"": 49, ""AC_50_P"": 12}",170,0,-35,6,49,0,19,17,4,12,0,0
412,55.583382941390795,-934.1739302971637,3955.5363152559526,395.5536315255953,395.5536315255953,791.1072630511906,0.636,-3843.9100526072657,-4216.729343722315,-4526.149030340668,26856.26421308582,-328.8076223193358,-905.3941302104256,-718.7799407124967,-235.50052757037133,-718.7799407124967,-1300.9477617360208,55.583382941390795,"{""AC"": 55, ""AC_35_P"": -19, ""AC_40_BP"": 25, ""AC_45_KO"": -20, ""AC_45_P"": -6, ""AC_50_C"": 29, ""AC_50_CO"": -3, ""AC_50_P"": -27, ""AC_60_C"": 15}",55,-20,25,-3,0,0,-19,0,-6,-27,29,15
413,37.8771781320101,-126.34828214481726,730.4599323399873,73.04599323399873,73.04599323399873,146.09198646799746,0.594,-547.0719732772326,-1620.7537598518177,-2398.131560022217,4744.15621481728,-16.830019195713163,-98.89081518729805,-80.70661447657415,-7.737918840351213,-80.70661447657415,-171.93680842129677,37.8771781320101,"{""AC"": 10, ""AC_35_P"": -24, ""AC_40_BP"": -26, ""AC_40_P"": -10, ""AC_45_KO"": -240, ""AC_45_P"": 39, ""AC_50_C"": 24, ""AC_50_CO"": -17, ""AC_50_P"": 10}",10,-240,-26,-17,0,0,-24,-10,39,10,24,0
414,91.7190751532704,1327.2474164983719,6418.220247703442,641.8220247703441,641.8220247703441,1283.6440495406882,0.414,-11571.405246141234,-21746.484815617157,-38813.35568769005,8930.674098699921,-1065.4214494608532,-2801.132236382038,-1964.9027241530866,-647.3066933463774,-1964.9027241530866,-3442.954261152382,91.7190751532704,"{""AC"": -200, ""AC_35_P"": 29, ""AC_40_BP"": -31, ""AC_45_KO"": -500, ""AC_45_P"": -11, ""AC_50_C"": 11, ""AC_50_CO"": 8, ""AC_50_C_2"": 23, ""AC_60_C"": 38}",-200,-500,-31,8,23,0,29,0,-11,0,11,38
415,120.1945007290298,-2100.9904829646,7875.852906434871,787.5852906434872,787.5852906434872,1575.1705812869743,0.62,-7748.259099475558,-8453.22648631129,-9038.310984644175,50569.1738768335,-654.6314092185261,-1816.8702741398597,-1435.8370095140474,-464.1147769056199,-1435.8370095140474,-2604.4555647833467,120.1945007290298,"{""AC"": 155, ""AC_35_P"": -36, ""AC_40_BP"": -24, ""AC_40_P"": -12, ""AC_45_KO"": -130, ""AC_50_C"": 4, ""AC_50_CO"": 9, ""AC_50_C_2"": 28, ""AC_50_P"": -14}",155,-130,-24,9,28,0,-36,-12,0,-14,4,0
416,168.62178264036876,-554.0102841208579,1770.3607916513363,177.03607916513363,177.03607916513363,354.07215833026726,0.702,-957.8408836393527,-1650.0968807886288,-2398.342906923283,11982.61217093157,72.8376942764335,-70.8384382694694,-63.57238948810095,76.47071866711772,-63.57238948810095,-247.87451743460304,168.62178264036876,"{""AC"": 5, ""AC_35_P"": 9, ""AC_40_BP"": -38, ""AC_45_KO"": -170, ""AC_50_C"": 11, ""AC_50_CO"": 19, ""AC_50_C_2"": 28, ""AC_50_P_2"": -14, ""AC_60_C"": -2}",5,-170,-38,19,28,-14,9,0,0,0,11,-2
417,382.9179347863697,13.572693269119725,2267.495563050793,226.7495563050793,226.7495563050793,453.4991126101586,0.496,-2798.714745123764,-3539.289135921584,-4530.971145430723,5346.1137185141,103.04646027399332,-316.76075149457125,-150.26405513473452,186.29480845391168,-150.26405513473452,-543.5103077996505,382.9179347863697,"{""AC"": -120, ""AC_35_P"": 19, ""AC_40_BP"": -25, ""AC_45_KO"": -400, ""AC_50_C"": 48, ""AC_50_CO"": 18, ""AC_50_C_2"": 40, ""AC_50_P"": 9, ""AC_60_C"": 34}",-120,-400,-25,18,40,0,19,0,0,9,48,34
418,-136.08899231523998,587.2810240576447,3091.8712525892292,309.18712525892295,309.18712525892295,618.3742505178459,0.358,-6697.668157358311,-12072.16743617035,-22746.090048813778,2839.1154173742802,-805.8558080510711,-1810.5060316548177,-1295.332778548448,-548.2691814978863,-1295.332778548448,-2119.6931569137405,-136.08899231523998,"{""AC"": -35, ""AC_40_BP"": 24, ""AC_40_P"": 25, ""AC_45_KO"": -40, ""AC_45_P"": 28, ""AC_50_C"": 3, ""AC_50_CO"": -10, ""AC_50_P_2"": -26, ""AC_60_C"": -41}",-35,-40,24,-10,0,-26,0,25,28,0,3,-41
419,134.09007704741416,-44.57064424073087,1778.219876510294,177.8219876510294,177.8219876510294,355.6439753020588,0.508,-2719.648806307153,-4475.341200911094,-5842.99226584656,3623.8510113313782,-137.87480358330114,-545.822124529374,-362.7682377241735,-46.34786018070084,-362.7682377241735,-723.6441121804035,134.09007704741416,"{""AC"": -10, ""AC_35_P"": 3, ""AC_40_BP"": -27, ""AC_40_P"": 25, ""AC_45_KO"": -50, ""AC_45_P"": 18, ""AC_50_CO"": 9, ""AC_50_C_2"": -32, ""AC_50_P"": 42}",-10,-50,-27,9,-32,0,3,25,18,42,0,0
420,-205.89872207582863,853.2221087927323,2838.7259254169426,283.87259254169425,283.87259254169425,567.7451850833885,0.346,-6224.732967685324,-11209.892307349597,-18522.942775351825,2090.37292220113,-828.372018844361,-1762.0819639971596,-1281.5449634994743,-588.1035185955185,-1281.5449634994743,-2045.954556538854,-205.89872207582863,"{""AC"": -20, ""AC_40_BP"": 23, ""AC_45_KO"": -10, ""AC_45_P"": 1, ""AC_50_C"": -33, ""AC_50_CO"": 5, ""AC_50_C_2"": -42, ""AC_50_P_2"": 3, ""AC_60_C"": -3}",-20,-10,23,5,-42,3,0,0,1,0,-33,-3
421,-346.13109155954237,-587.8155221740816,3794.890026119551,379.4890026119551,379.4890026119551,758.9780052239101,0.556,-5785.259094693079,-6456.33381870017,-7013.289254613204,16717.067172863193,-924.6570010288502,-1792.4458652328121,-1403.6644570694818,-730.2662969471851,-1403.6644570694818,-2171.9348678447673,-346.13109155954237,"{""AC"": 120, ""AC_40_BP"": 15, ""AC_45_KO"": -270, ""AC_45_P"": -35, ""AC_50_C"": 6, ""AC_50_CO"": -21, ""AC_50_C_2"": -45, ""AC_50_P"": -22, ""AC_60_C"": -35}",120,-270,15,-21,-45,0,0,0,-35,-22,6,-35
422,154.90358213926848,-1917.7692408125306,6905.4948630267245,690.5494863026724,690.5494863026724,1381.098972605345,0.636,-6135.05007173718,-6643.440014166796,-7065.375950464547,47832.70723766568,-458.60142503444956,-1378.8589357950264,-1110.6286717726448,-324.48629302325867,-1110.6286717726448,-2069.408422097699,154.90358213926848,"{""AC"": 145, ""AC_40_BP"": -29, ""AC_45_P"": -4, ""AC_50_C"": 21, ""AC_50_CO"": -17, ""AC_50_C_2"": -19, ""AC_50_P"": 16, ""AC_60_C"": 29}",145,0,-29,-17,-19,0,0,0,-4,16,21,29
423,58.35459727196861,2.500021377682998,691.9681583728392,69.19681583728392,69.19681583728392,138.39363167456784,0.494,-324.5611150674192,-2522.3218718135977,-3607.7608135333676,4838.229186237522,25.89848576522668,-22.785681494886198,-24.927977906786232,24.827337559276668,-24.927977906786232,-91.98249733217011,58.35459727196861,"{""AC"": 10, ""AC_40_BP"": 1, ""AC_45_KO"": -350, ""AC_45_P"": -21, ""AC_50_C"": -3, ""AC_50_CO"": 12, ""AC_50_C_2"": -2, ""AC_50_P"": 30, ""AC_50_P_2"": -4}",10,-350,1,12,-2,-4,0,0,-21,30,-3,0
424,-1.1056148430347967,-1226.9277902702406,5245.678424130484,524.5678424130484,524.5678424130484,1049.1356848260968,0.58,-5693.186397174906,-6226.80233073111,-6679.887206463807,31880.284402630485,-570.4242545605255,-1424.4022141367614,-1117.3674956257948,-416.9068953050422,-1117.3674956257948,-1948.9700565498097,-1.1056148430347967,"{""AC"": 135, ""AC_35_P"": -9, ""AC_40_BP"": -11, ""AC_40_P"": 4, ""AC_45_KO"": -250, ""AC_50_C"": -1, ""AC_50_CO"": -23, ""AC_50_P"": -28, ""AC_50_P_2"": 41}",135,-250,-11,-23,0,41,-9,4,0,-28,-1,0
425,261.202490197354,-9.76409040476625,1971.6764452095258,197.1676445209526,197.1676445209526,394.3352890419052,0.504,-2795.839040936194,-4135.973877954857,-6651.529152082187,4467.496112924627,-18.38141389626543,-437.75727003669454,-256.75718820355144,72.11862702030614,-256.75718820355144,-634.9249145576471,261.202490197354,"{""AC"": -95, ""AC_35_P"": 47, ""AC_40_BP"": -42, ""AC_45_KO"": -340, ""AC_50_C"": 35, ""AC_50_CO"": -3, ""AC_50_C_2"": 27, ""AC_50_P_2"": 4, ""AC_60_C"": 33}",-95,-340,-42,-3,27,4,47,0,0,0,35,33
426,113.86198779230575,363.77811170226545,2628.866963463995,262.8866963463995,262.8866963463995,525.773392692799,0.428,-4789.306004769163,-7832.697162650681,-13876.966593906602,4401.276106377833,-365.0686126846106,-1083.464513399985,-735.9772610962685,-191.3249865327523,-735.9772610962685,-1346.3512097463845,113.86198779230575,"{""AC"": -90, ""AC_35_P"": -2, ""AC_40_BP"": -43, ""AC_40_P"": 15, ""AC_45_P"": -2, ""AC_50_C"": 35, ""AC_50_CO"": 8, ""AC_50_P"": 13}",-90,0,-43,8,0,0,-2,15,-2,13,35,0
427,-58.3608652716458,-1522.997497541783,6272.547208309742,627.2547208309742,627.2547208309742,1254.5094416619484,0.596,-7082.920596127822,-7764.163118983504,-8329.557273622495,37581.066642720376,-766.6529248844281,-1829.0910143036012,-1434.4263151063062,-569.3205752857805,-1434.4263151063062,-2456.3457351345755,-58.3608652716458,"{""AC"": 155, ""AC_35_P"": 6, ""AC_40_BP"": -2, ""AC_45_KO"": -100, ""AC_45_P"": -49, ""AC_50_C"": 5, ""AC_50_CO"": -9, ""AC_50_P"": 6, ""AC_60_C"": -21}",155,-100,-2,-9,0,0,6,0,-49,6,5,-21
428,-55.0620253190927,-583.0157121779328,2553.943063212588,255.39430632125882,255.39430632125882,510.78861264251765,0.582,-2921.203487824401,-3247.5295950164573,-3483.602492164314,15758.26938121198,-347.1823741015328,-785.3628972751928,-620.9397016533823,-264.97077629062744,-620.9397016533823,-1040.7572035964517,-55.0620253190927,"{""AC"": 60, ""AC_40_BP"": 1, ""AC_40_P"": -14, ""AC_45_KO"": -120, ""AC_45_P"": -7, ""AC_50_C_2"": -14, ""AC_50_P"": -11, ""AC_50_P_2"": 3}",60,-120,1,0,-14,3,0,-14,-7,-11,0,0
429,36.288906113402476,-1767.6564441016626,6846.6909877631215,684.6690987763121,684.6690987763121,1369.3381975526243,0.63,-6898.682857050892,-7684.425683417103,-8164.056185755438,44491.071456974576,-653.5793795916868,-1688.3818081493207,-1340.8480718323874,-479.81251143322027,-1340.8480718323874,-2373.0509069256327,36.288906113402476,"{""AC"": 150, ""AC_40_BP"": -5, ""AC_40_P"": -15, ""AC_50_C"": -1, ""AC_50_CO"": 8, ""AC_50_C_2"": -1, ""AC_50_P"": 11, ""AC_50_P_2"": -49}",150,0,-5,8,-1,-49,0,-15,0,11,-1,0
430,-65.7667033610254,281.3065919721618,1632.1704826971932,163.21704826971933,163.21704826971933,326.43409653943866,0.342,-3506.938472015026,-6076.297048517365,-11563.291235151824,1716.7022661300734,-416.46055056252806,-942.5013213647819,-673.4159982981389,-281.91788902920655,-673.4159982981389,-1105.7183696345012,-65.7667033610254,"{""AC_35_P"": 10, ""AC_40_BP"": 3, ""AC_40_P"": 32, ""AC_45_KO"": -160, ""AC_50_C"": -18, ""AC_50_C_2"": -9, ""AC_60_C"": -21}",0,-160,3,0,-9,0,10,32,0,0,-18,-21
431,140.31335039239644,-204.92827278108317,2087.4857717069913,208.74857717069912,208.74857717069912,417.49715434139824,0.696,-1962.3605274447063,-4438.090300225947,-6441.193722182833,16194.728261317368,-55.9227023520742,-350.27678146878014,-258.41501730965905,-9.991820272513657,-258.41501730965905,-559.0253586394792,140.31335039239644,"{""AC"": 45, ""AC_35_P"": -16, ""AC_40_BP"": -5, ""AC_40_P"": 24, ""AC_45_KO"": -500, ""AC_45_P"": 39, ""AC_50_C"": 15, ""AC_50_CO"": 17, ""AC_50_C_2"": -45}",45,-500,-5,17,-45,0,-16,24,39,0,15,0
432,271.8540603678326,232.20486559967196,2902.0448110192992,290.2044811019299,290.2044811019299,580.4089622038598,0.464,-4350.215622642713,-6885.44215458258,-12157.26829710364,5811.747429535779,-163.16750189643875,-815.6998452928458,-525.7805235795394,-18.207841039785563,-525.7805235795394,-1105.9043263947756,271.8540603678326,"{""AC"": -140, ""AC_35_P"": 50, ""AC_40_BP"": -50, ""AC_40_P"": -32, ""AC_45_KO"": -250, ""AC_50_C"": 35, ""AC_50_CO"": 15, ""AC_50_C_2"": 31, ""AC_60_C"": 40}",-140,-250,-50,15,31,0,50,-32,0,0,35,40
433,183.03787971044892,995.1916234368409,6243.525539818744,624.3525539818744,624.3525539818744,1248.7051079637488,0.43,-10992.439964604355,-20295.32936895504,-36004.54254869063,9428.345577771152,-916.2061167499866,-2565.0721114406397,-1778.0043919711413,-522.6722570152374,-1778.0043919711413,-3189.424665422514,183.03787971044892,"{""AC"": -195, ""AC_35_P"": 34, ""AC_40_BP"": -25, ""AC_45_KO"": -260, ""AC_45_P"": 17, ""AC_50_C"": 32, ""AC_50_CO"": 3, ""AC_50_C_2"": 23, ""AC_60_C"": 28}",-195,-260,-25,3,23,0,34,0,17,0,32,28
434,-91.43538550470784,2019.3814265913747,8475.852537240831,847.5852537240831,847.5852537240831,1695.1705074481663,0.368,-16238.587316351397,-31770.134881562575,-58375.04760456514,9295.47934965966,-1715.2941171398477,-4151.082214592557,-2951.016109819459,-1115.2610647532986,-2951.016109819459,-4998.66746831664,-91.43538550470784,"{""AC"": -195, ""AC_40_BP"": 1, ""AC_45_KO"": -340, ""AC_45_P"": 26, ""AC_50_C"": 7, ""AC_50_CO"": -15, ""AC_50_C_2"": 46, ""AC_50_P"": 7, ""AC_60_C"": -22}",-195,-340,1,-15,46,0,0,0,26,7,7,-22
435,-61.74864202781273,165.25492030202605,1389.0629754152121,138.9062975415212,138.9062975415212,277.8125950830424,0.41,-2470.3248434470443,-5208.809145808341,-10271.563592676865,3094.3801057614564,-308.7811263725172,-679.3298528895738,-501.75051731562996,-219.99145858554525,-501.75051731562996,-818.236150431095,-61.74864202781273,"{""AC"": -40, ""AC_35_P"": 29, ""AC_40_BP"": 21, ""AC_40_P"": -11, ""AC_45_KO"": -80, ""AC_50_CO"": -15, ""AC_50_C_2"": 40, ""AC_50_P_2"": -44, ""AC_60_C"": 2}",-40,-80,21,-15,40,-44,29,-11,0,0,0,2
436,146.27869537349906,1107.0392051571225,6024.464452203486,602.4464452203486,602.4464452203486,1204.892890440697,0.41,-11109.689943664744,-19900.298824626818,-36384.490568387686,8618.168001576214,-964.6902989929753,-2631.143790542687,-1821.3980187863867,-559.8174131148253,-1821.3980187863867,-3233.5902357630357,146.27869537349906,"{""AC"": -195, ""AC_35_P"": 18, ""AC_40_BP"": -31, ""AC_45_KO"": -500, ""AC_50_C"": 12, ""AC_50_CO"": 12, ""AC_50_C_2"": 46, ""AC_50_P_2"": -3, ""AC_60_C"": 28}",-195,-500,-31,12,46,-3,18,0,0,0,12,28
437,-93.5277489132996,-404.4106166596106,1750.503008003152,175.0503008003152,175.0503008003152,350.1006016006304,0.568,-2329.5052139660042,-2797.893588291225,-4010.348527273185,8570.55460817385,-326.47827030990004,-675.9040524048007,-530.4786814083578,-253.76558481167862,-530.4786814083578,-850.9543532051159,-93.5277489132996,"{""AC"": 60, ""AC_40_BP"": 1, ""AC_45_KO"": -350, ""AC_45_P"": 14, ""AC_50_CO"": -7, ""AC_50_C_2"": -11, ""AC_50_P"": -17, ""AC_60_C"": -21}",60,-350,1,-7,-11,0,0,0,14,-17,0,-21
438,109.16804843816699,22.312333575928164,734.4752730824479,73.44752730824479,73.44752730824479,146.89505461648957,0.48,-773.2152098257845,-1622.5230574045324,-2038.6691889017363,5093.670417590489,31.84652745558853,-84.13575401827914,-43.537996689823075,52.14540611981657,-43.537996689823075,-157.58328132652395,109.16804843816699,"{""AC"": 10, ""AC_40_BP"": -18, ""AC_40_P"": -3, ""AC_45_KO"": -150, ""AC_45_P"": 26, ""AC_50_CO"": 6, ""AC_50_C_2"": 8, ""AC_50_P"": -24, ""AC_50_P_2"": 30}",10,-150,-18,6,8,30,0,-3,26,-24,0,0
439,-60.4260941844347,-728.9372409447201,2334.2029830740107,233.42029830740108,233.42029830740108,466.84059661480217,0.558,-2734.8304827721927,-2984.6422738445094,-3198.4231482353716,12785.542975219098,-333.90914246165397,-744.1337148774828,-587.3608157539642,-255.5226928998946,-587.3608157539642,-977.5540131848838,-60.4260941844347,"{""AC"": 40, ""AC_40_BP"": -35, ""AC_45_KO"": -200, ""AC_45_P"": -31, ""AC_50_C"": 21, ""AC_50_CO"": 8, ""AC_50_C_2"": -3, ""AC_50_P"": -13, ""AC_60_C"": -25}",40,-200,-35,8,-3,0,0,0,-31,-13,21,-25
440,-75.07451457284361,1826.0301399669975,7341.582217686529,734.1582217686529,734.1582217686529,1468.3164435373058,0.378,-15027.36025256967,-25663.4690762023,-47175.971706985896,8741.848143266305,-1577.8105398298105,-3831.914577715261,-2696.2576633426206,-1009.9820826434902,-2696.2576633426206,-4566.072799483914,-75.07451457284361,"{""AC"": -185, ""AC_35_P"": 18, ""AC_40_BP"": 1, ""AC_45_KO"": -10, ""AC_45_P"": -34, ""AC_50_C"": 11, ""AC_50_CO"": 10, ""AC_50_C_2"": -5, ""AC_50_P_2"": 26}",-185,-10,1,10,-5,26,18,0,-34,0,11,0
441,-45.847483421509985,-792.0464093821948,4071.7857806831926,407.17857806831927,407.17857806831927,814.3571561366385,0.58,-4718.208485850225,-5222.188516508499,-5608.993277145401,24658.48408672271,-517.6683320065325,-1225.399604884066,-957.1680453332033,-383.55255223110106,-957.1680453332033,-1632.5781829523853,-45.847483421509985,"{""AC"": 95, ""AC_35_P"": -14, ""AC_40_BP"": -2, ""AC_40_P"": -43, ""AC_45_KO"": -130, ""AC_50_C"": -2, ""AC_50_CO"": -7, ""AC_50_P"": -1, ""AC_50_P_2"": 17}",95,-130,-2,-7,0,17,-14,-43,0,-1,-2,0
442,160.52603440888888,966.0921356812526,6299.623676136894,629.9623676136894,629.9623676136894,1259.9247352273787,0.416,-11373.08371268986,-21096.33175241147,-38229.466402484686,9313.743250774247,-976.7823368600972,-2682.7448937635763,-1860.417706301435,-565.6187431290265,-1860.417706301435,-3312.7072613772657,160.52603440888888,"{""AC"": -185, ""AC_35_P"": 30, ""AC_40_BP"": -46, ""AC_40_P"": 33, ""AC_45_KO"": -500, ""AC_50_C"": 23, ""AC_50_CO"": 2, ""AC_50_C_2"": 35, ""AC_60_C"": 14}",-185,-500,-46,2,35,0,30,33,0,0,23,14
443,-380.3126974835817,2158.0419659758372,6888.314937351943,688.8314937351943,688.8314937351943,1377.6629874703885,0.33,-15255.809294962097,-26976.1029029739,-50252.97028717222,5648.206943744572,-1905.8936269797914,-4194.265021224106,-3013.0998385954936,-1315.3110356654852,-3013.0998385954936,-4883.0965149593,-380.3126974835817,"{""AC"": -150, ""AC_35_P"": -31, ""AC_40_BP"": -5, ""AC_45_KO"": -160, ""AC_50_C"": -22, ""AC_50_CO"": -47, ""AC_50_P"": 13, ""AC_50_P_2"": -21, ""AC_60_C"": 38}",-150,-160,-5,-47,0,-21,-31,0,0,13,-22,38
444,123.32718563096529,138.87958298578525,659.3933284624391,65.9393328462439,65.9393328462439,131.8786656924878,0.456,-725.6395280458248,-839.9682396269094,-984.6243045394436,4497.445754379782,50.763232826382804,-58.082696380490916,-18.48840999903038,70.56037601711307,-18.48840999903038,-124.02202922673482,123.32718563096529,"{""AC"": -5, ""AC_35_P"": -38, ""AC_40_BP"": 1, ""AC_40_P"": 20, ""AC_45_KO"": -40, ""AC_45_P"": 12, ""AC_50_CO"": 23, ""AC_50_C_2"": 1, ""AC_50_P"": 8}",-5,-40,1,23,1,0,-38,20,12,8,0,0
445,217.87024170765548,957.1714851726139,5933.733744542553,593.3733744542553,593.3733744542553,1186.7467489085107,0.436,-10511.344369702974,-18646.267682989812,-33336.26767668468,9171.936866749473,-833.2641952626419,-2409.965850718088,-1655.5181009749185,-456.04032039105704,-1655.5181009749185,-3003.3392251723435,217.87024170765548,"{""AC"": -200, ""AC_40_BP"": -40, ""AC_40_P"": 25, ""AC_45_KO"": -500, ""AC_45_P"": 18, ""AC_50_C"": 25, ""AC_50_CO"": -1, ""AC_50_C_2"": 34, ""AC_60_C"": 50}",-200,-500,-40,-1,34,0,0,25,18,0,25,50
446,173.93444361093805,133.61083696366177,3304.6411383365094,330.4641138336509,330.4641138336509,660.9282276673018,0.488,-5555.255132834625,-8857.658304152868,-15416.333644451839,5993.211302701486,-381.59106967252455,-1214.8793395977182,-824.5858832310812,-186.44434148920598,-824.5858832310812,-1545.3434534313692,173.93444361093805,"{""AC"": -85, ""AC_35_P"": 36, ""AC_40_BP"": 16, ""AC_40_P"": 44, ""AC_45_KO"": -160, ""AC_45_P"": -8, ""AC_50_CO"": 23, ""AC_50_P_2"": -13, ""AC_60_C"": 11}",-85,-160,16,23,0,-13,36,44,-8,0,0,11
447,223.42534605210042,922.2348236208313,5776.436038332019,577.643603833202,577.643603833202,1155.287207666404,0.43,-10537.029248280833,-18069.42583655794,-32996.534835973376,9004.41186674947,-830.2775787759829,-2410.831966018108,-1645.9508431066256,-447.8370173202417,-1645.9508431066256,-2988.47556985131,223.42534605210042,"{""AC"": -195, ""AC_35_P"": 42, ""AC_40_BP"": -31, ""AC_40_P"": -15, ""AC_45_KO"": -390, ""AC_50_C"": 12, ""AC_50_CO"": 20, ""AC_50_C_2"": 49, ""AC_60_C"": 32}",-195,-390,-31,20,49,0,42,-15,0,0,12,32
448,265.6855474449686,-2287.5801403900537,7194.769294871615,719.4769294871614,719.4769294871614,1438.9538589743229,0.654,-5571.859847578627,-6048.111963077083,-7124.583452200965,50753.908299808536,-291.50043731289406,-1127.279414449688,-929.8318944354061,-192.77667730575308,-929.8318944354061,-1846.7563439368494,265.6855474449686,"{""AC"": 170, ""AC_35_P"": 12, ""AC_40_BP"": -4, ""AC_45_KO"": -480, ""AC_45_P"": 8, ""AC_50_CO"": 3, ""AC_50_P"": 31, ""AC_50_P_2"": -5, ""AC_60_C"": 9}",170,-480,-4,3,0,-5,12,0,8,31,0,9
449,202.14166111401175,606.1867814750094,3320.1306268247586,332.01306268247583,332.01306268247583,664.0261253649517,0.418,-5678.541541899551,-9680.770065316923,-17959.956651959037,5395.303277461452,-365.71249307594337,-1217.493724360876,-815.6461015121588,-164.78868165158477,-815.6461015121588,-1549.5067870433518,202.14166111401175,"{""AC"": -160, ""AC_35_P"": 11, ""AC_40_BP"": -38, ""AC_45_KO"": -500, ""AC_45_P"": -16, ""AC_50_C"": 50, ""AC_50_CO"": -6, ""AC_50_C_2"": 50, ""AC_60_C"": 37}",-160,-500,-38,-6,50,0,11,0,-16,0,50,37
450,-231.5723894265446,-153.35341362747948,1037.7829841690968,103.77829841690968,103.77829841690968,207.55659683381936,0.556,-1778.5915873736828,-2830.007907997104,-5089.842633000009,2271.7514963419962,-409.4315481639129,-676.2202862699653,-550.2502767410518,-346.4465433994561,-550.2502767410518,-779.998584686875,-231.5723894265446,"{""AC"": 20, ""AC_35_P"": -9, ""AC_40_BP"": -34, ""AC_45_KO"": -220, ""AC_45_P"": -4, ""AC_50_CO"": -34, ""AC_50_C_2"": -16, ""AC_60_C"": -2}",20,-220,-34,-34,-16,0,-9,0,-4,0,0,-2
451,70.74749725909997,27.641542465094176,986.263608646261,98.6263608646261,98.6263608646261,197.2527217292522,0.48,-1789.4135762945737,-2954.9676367598368,-5269.794227453593,1843.043517405358,-108.1938603703574,-376.6058968145434,-246.9777196173991,-43.37977177178524,-246.9777196173991,-475.2322576791695,70.74749725909997,"{""AC"": -40, ""AC_35_P"": -5, ""AC_40_BP"": -27, ""AC_40_P"": 47, ""AC_45_KO"": -10, ""AC_45_P"": -10, ""AC_50_C"": 41, ""AC_50_CO"": -19, ""AC_50_P_2"": 6}",-40,-10,-27,-19,0,6,-5,47,-10,0,41,0
452,-282.1741837285364,243.25746046586715,2063.633533190828,206.36335331908282,206.36335331908282,412.72670663816564,0.338,-4641.2866450964675,-8979.737870161607,-17596.03684663281,1213.3350729216781,-746.3028482381832,-1442.4958450026534,-1081.548857152548,-565.8293543131305,-1081.548857152548,-1648.8591983217361,-282.1741837285364,"{""AC"": -40, ""AC_40_BP"": -20, ""AC_40_P"": -11, ""AC_45_KO"": -140, ""AC_45_P"": -3, ""AC_50_CO"": -12, ""AC_50_P"": -33, ""AC_50_P_2"": -15, ""AC_60_C"": -15}",-40,-140,-20,-12,0,-15,0,-11,-3,-33,0,-15
453,-33.18366729637208,1241.3575477640252,4821.240492317538,482.1240492317538,482.1240492317538,964.2480984635076,0.376,-9563.015589852224,-17654.867136145276,-33151.67146729719,5318.702306856494,-989.4852262815946,-2423.9375647594284,-1708.6980303900825,-631.8654590969218,-1708.6980303900825,-2906.061613991182,-33.18366729637208,"{""AC"": -140, ""AC_35_P"": -6, ""AC_40_BP"": -12, ""AC_40_P"": -10, ""AC_45_KO"": -470, ""AC_50_CO"": 5, ""AC_50_C_2"": 46, ""AC_50_P"": -12, ""AC_50_P_2"": 4}",-140,-470,-12,5,46,4,-6,-10,0,-12,0,0
454,418.2095365111592,100.69916517038374,1751.3593710645464,175.13593710645463,175.13593710645463,350.27187421290927,0.474,-1839.7147625789983,-3719.7658413329755,-4907.338599160323,5516.229470404172,234.23806025325933,-41.71915413359039,54.68435357108213,282.4398141055956,54.68435357108213,-216.85509124004503,418.2095365111592,"{""AC"": -90, ""AC_35_P"": 36, ""AC_40_BP"": -50, ""AC_45_KO"": -500, ""AC_50_C"": 50, ""AC_50_CO"": 9, ""AC_50_C_2"": 29, ""AC_50_P"": 16, ""AC_60_C"": 46}",-90,-500,-50,9,29,0,36,0,0,16,50,46
455,-9.829123812506834,215.85053291039247,1607.4087271991148,160.74087271991147,160.74087271991147,321.48174543982293,0.442,-3025.348759329905,-5818.4612435302015,-6839.149454815237,2385.533053188916,-312.3639997454974,-766.1663136449831,-544.0018740719484,-201.28177995897994,-544.0018740719484,-926.9071863648946,-9.829123812506834,"{""AC"": -15, ""AC_40_BP"": -5, ""AC_40_P"": 34, ""AC_45_KO"": -200, ""AC_45_P"": -13, ""AC_50_CO"": 16, ""AC_50_C_2"": -38, ""AC_50_P"": 9, ""AC_60_C"": -9}",-15,-200,-5,16,-38,0,0,34,-13,9,0,-9
456,-31.584905258077278,-552.164851461662,1638.6014564328123,163.86014564328121,163.86014564328121,327.72029128656243,0.648,-1467.885961350126,-2245.0799761684857,-3303.2240374148632,10724.277065750672,-178.3735013930899,-398.5563955956088,-333.69787228223674,-145.94423973640392,-333.69787228223674,-562.41654123889,-31.584905258077278,"{""AC"": 60, ""AC_35_P"": -10, ""AC_40_BP"": -24, ""AC_40_P"": 5, ""AC_45_KO"": -200, ""AC_45_P"": 35, ""AC_50_CO"": -7, ""AC_50_C_2"": -41, ""AC_50_P_2"": 1}",60,-200,-24,-7,-41,1,-10,5,35,0,0,0
457,-364.8640708550612,3049.0509530131803,10144.771772422344,1014.4771772422343,1014.4771772422343,2028.9543544844687,0.346,-21939.229196189488,-38515.99805613988,-71437.97623489553,9307.98519758533,-2558.78699047401,-5849.671369902433,-4162.987038904601,-1715.4448249750942,-4162.987038904601,-6864.148547144668,-364.8640708550612,"{""AC"": -185, ""AC_35_P"": 13, ""AC_40_BP"": 14, ""AC_40_P"": 26, ""AC_45_P"": -44, ""AC_50_C"": -47, ""AC_50_CO"": -24, ""AC_50_P"": 33}",-185,0,14,-24,0,0,13,26,-44,33,-47,0
458,-44.81663401954523,982.5043916255488,4491.095462338392,449.10954623383924,449.10954623383924,898.2190924676785,0.388,-9265.740267952973,-16110.332304587295,-29444.743272960237,5397.424817399511,-971.3906608148427,-2361.2517010077886,-1659.232447329411,-620.3810339756537,-1659.232447329411,-2810.361247241628,-44.81663401954523,"{""AC"": -115, ""AC_35_P"": 7, ""AC_40_BP"": -16, ""AC_45_KO"": -190, ""AC_45_P"": 34, ""AC_50_C"": 6, ""AC_50_CO"": 4, ""AC_50_C_2"": 2, ""AC_50_P"": -31}",-115,-190,-16,4,2,0,7,0,34,-31,6,0
459,-132.10594186997972,-1107.2454582731145,4691.687915126335,469.16879151263345,469.16879151263345,938.3375830252669,0.564,-5845.159435208357,-6470.066074138526,-6938.250043433752,25260.7310740864,-716.6218853908154,-1593.3958006720688,-1243.46425290755,-541.6561115085559,-1243.46425290755,-2062.564592184702,-132.10594186997972,"{""AC"": 130, ""AC_40_BP"": -22, ""AC_40_P"": -48, ""AC_45_KO"": -370, ""AC_50_C"": 9, ""AC_50_CO"": -10, ""AC_50_P"": 9, ""AC_50_P_2"": 3, ""AC_60_C"": -44}",130,-370,-22,-10,0,3,0,-48,0,9,9,-44
460,71.9602197953166,-1475.015936315457,5368.179388870935,536.8179388870935,536.8179388870935,1073.635877774187,0.626,-5169.056063128719,-5616.43921246678,-5987.742836408802,35596.738278390025,-444.9453865175553,-1220.3037959868632,-971.807159117538,-320.6970680828927,-971.807159117538,-1757.1217348739567,71.9602197953166,"{""AC"": 110, ""AC_40_BP"": -26, ""AC_40_P"": -16, ""AC_45_KO"": -50, ""AC_45_P"": 13, ""AC_50_C"": 42, ""AC_50_CO"": -19, ""AC_50_C_2"": -14, ""AC_60_C"": -2}",110,-50,-26,-19,-14,0,0,-16,13,0,42,-2
461,-54.32567993005792,343.4172555125019,1219.2846488909777,121.92846488909777,121.92846488909777,243.85692977819554,0.322,-2667.3740469382265,-4614.750429293213,-8535.72025544111,1235.1058483692852,-321.06308462388057,-721.1691916646146,-515.3960194153408,-218.1764984992437,-515.3960194153408,-843.0976565537123,-54.32567993005792,"{""AC"": -35, ""AC_40_BP"": -10, ""AC_40_P"": -9, ""AC_45_KO"": -370, ""AC_45_P"": -32, ""AC_50_CO"": -5, ""AC_50_C_2"": 6, ""AC_50_P_2"": 28, ""AC_60_C"": 7}",-35,-370,-10,-5,6,28,0,-9,-32,0,0,7
462,176.74385202799448,957.4543909524491,5149.796444135551,514.9796444135551,514.9796444135551,1029.9592888271102,0.424,-9234.850449672349,-16268.304195651306,-29157.6205409924,7807.475292631787,-746.7411929392404,-2131.968760390093,-1465.9735376296353,-413.7435815590118,-1465.9735376296353,-2646.948404803648,176.74385202799448,"{""AC"": -200, ""AC_35_P"": 3, ""AC_40_BP"": -50, ""AC_45_KO"": -400, ""AC_50_C"": 36, ""AC_50_CO"": 3, ""AC_50_C_2"": 32, ""AC_50_P"": -2, ""AC_60_C"": 50}",-200,-400,-50,3,32,0,3,0,0,-2,36,50
463,105.78783460665096,-10.174372306017595,1019.6501189828989,101.96501189828989,101.96501189828989,203.93002379657977,0.512,-1438.2494949135237,-2135.7218891310113,-3550.3381389994156,2298.380129226081,-38.037114884701424,-253.77453912172996,-160.93209557952252,8.384106886402297,-160.93209557952252,-355.73955102001986,105.78783460665096,"{""AC"": -50, ""AC_35_P"": 33, ""AC_40_BP"": -43, ""AC_40_P"": -40, ""AC_45_KO"": -40, ""AC_45_P"": 19, ""AC_50_C"": 24, ""AC_50_CO"": 11, ""AC_60_C"": 4}",-50,-40,-43,11,0,0,33,-40,19,0,24,4
464,16.306164098305715,359.0176866851861,2099.81901610328,209.98190161032798,209.98190161032798,419.96380322065596,0.444,-3952.991778280999,-6527.384995180189,-10518.666419266689,3142.7434942415643,-378.9930137297942,-971.941780471944,-681.6335534490081,-233.83890021832624,-681.6335534490081,-1181.9236820822719,16.306164098305715,"{""AC"": -75, ""AC_35_P"": 5, ""AC_40_BP"": 2, ""AC_40_P"": 10, ""AC_45_KO"": -280, ""AC_50_C"": 35, ""AC_50_CO"": 12, ""AC_50_C_2"": -21, ""AC_50_P"": -24}",-75,-280,2,12,-21,0,5,10,0,-24,35,0
465,-92.24049996219726,40.68795298340392,573.4865975297647,57.348659752976474,57.348659752976474,114.69731950595295,0.44,-1139.2578725677888,-2808.075867179507,-4020.0811603119646,528.0561393469311,-206.16628721897615,-377.05496810414445,-291.80351072385383,-163.54055852883081,-291.80351072385383,-434.4036278571209,-92.24049996219726,"{""AC"": 10, ""AC_35_P"": 4, ""AC_40_BP"": 25, ""AC_40_P"": -22, ""AC_45_KO"": -460, ""AC_45_P"": 13, ""AC_50_C"": -11, ""AC_50_CO"": -10, ""AC_50_C_2"": -2}",10,-460,25,-10,-2,0,4,-22,13,0,-11,0
466,-11.910650212205832,-38.02673469481438,641.1904186874482,64.11904186874482,64.11904186874482,128.23808373748963,0.536,-750.9994398737733,-1501.0616335881684,-2208.728570194132,3938.182176908348,-87.01059419958317,-199.66051018064917,-156.62008712764424,-65.4903826730807,-156.62008712764424,-263.779552049394,-11.910650212205832,"{""AC"": -20, ""AC_35_P"": -29, ""AC_40_BP"": -14, ""AC_40_P"": -6, ""AC_45_KO"": -220, ""AC_50_C"": 27, ""AC_50_CO"": 4, ""AC_50_P"": -16, ""AC_60_C"": 3}",-20,-220,-14,4,0,0,-29,-6,0,-16,27,3
467,-64.50050986533236,-1553.6044761765215,7053.538837900508,705.3538837900508,705.3538837900508,1410.7077675801015,0.592,-7952.490081461403,-8879.002596547336,-9511.489929692543,42714.29417838351,-859.7495180114727,-2052.623030230683,-1610.0509639795682,-638.4634848859152,-1610.0509639795682,-2757.9769140207336,-64.50050986533236,"{""AC"": 195, ""AC_35_P"": -26, ""AC_40_BP"": -3, ""AC_40_P"": -16, ""AC_45_KO"": -380, ""AC_50_CO"": -43, ""AC_50_C_2"": -9, ""AC_50_P"": 25, ""AC_50_P_2"": 19}",195,-380,-3,-43,-9,19,-26,-16,0,25,0,0
468,276.61811625034255,387.1293600198442,3236.9412884654707,323.6941288465471,323.6941288465471,647.3882576930941,0.426,-5340.335654689136,-8742.285793825013,-15645.50953823224,5987.63511739417,-257.41544921857115,-1058.4657974219415,-686.2792963763014,-71.32219869575107,-686.2792963763014,-1382.1599262684886,276.61811625034255,"{""AC"": -145, ""AC_35_P"": 16, ""AC_40_BP"": -50, ""AC_45_KO"": -300, ""AC_50_C"": 35, ""AC_50_CO"": 9, ""AC_50_C_2"": 50, ""AC_50_P_2"": 5, ""AC_60_C"": 31}",-145,-300,-50,9,50,5,16,0,0,0,35,31
469,307.85328887326403,352.04983612056134,4495.37160153884,449.537160153884,449.537160153884,899.074320307768,0.456,-7841.555334435737,-12677.693231453837,-22997.514558566778,8054.0851367185005,-476.3022445703097,-1652.53554473567,-1093.1485913690385,-196.60876788699383,-1093.1485913690385,-2102.072704889554,307.85328887326403,"{""AC"": -155, ""AC_35_P"": 47, ""AC_40_BP"": -31, ""AC_45_KO"": -280, ""AC_45_P"": 31, ""AC_50_C"": 33, ""AC_50_CO"": -1, ""AC_50_C_2"": 41, ""AC_60_C"": 31}",-155,-280,-31,-1,41,0,47,0,31,0,33,31
470,-328.6353719615269,2329.9109746745507,7664.2767720296615,766.4276772029662,766.4276772029662,1532.8553544059323,0.326,-16799.711403273035,-29750.31207510928,-55470.607527262124,6390.376298864548,-2008.6065122888306,-4528.563222779786,-3231.805921053965,-1360.2278614259203,-3231.805921053965,-5294.990899982752,-328.6353719615269,"{""AC"": -165, ""AC_35_P"": -19, ""AC_40_BP"": -17, ""AC_40_P"": 2, ""AC_45_KO"": -160, ""AC_50_CO"": -28, ""AC_50_P"": -28, ""AC_50_P_2"": 31, ""AC_60_C"": -7}",-165,-160,-17,-28,0,31,-19,2,0,-28,0,-7
471,343.0794943517711,-72.97604939055114,1993.9255059608768,199.3925505960877,199.3925505960877,398.7851011921754,0.512,-2487.613516999438,-3569.862436852743,-4321.525595228686,4817.489315480033,94.31814265182726,-278.82388489808847,-129.7588084961885,168.85068085277726,-129.7588084961885,-478.21643549417615,343.0794943517711,"{""AC"": -100, ""AC_35_P"": 29, ""AC_40_BP"": -35, ""AC_45_KO"": -410, ""AC_45_P"": 13, ""AC_50_C"": 46, ""AC_50_CO"": 13, ""AC_50_C_2"": 37, ""AC_60_C"": 20}",-100,-410,-35,13,37,0,29,0,13,0,46,20
472,211.3158454150029,569.848151813175,3257.7248282576556,325.77248282576556,325.77248282576556,651.5449656515311,0.418,-5576.739518509998,-9374.571045324852,-17207.157614050106,5412.723623467646,-346.35810643599683,-1182.8690342124964,-788.0813237743796,-148.96425121693835,-788.0813237743796,-1508.641517038262,211.3158454150029,"{""AC"": -155, ""AC_35_P"": 15, ""AC_40_BP"": -35, ""AC_45_KO"": -420, ""AC_50_C"": 33, ""AC_50_CO"": -4, ""AC_50_C_2"": 50, ""AC_50_P"": -15, ""AC_60_C"": 50}",-155,-420,-35,-4,50,0,15,0,0,-15,33,50
473,78.40950425459756,1369.5440332936828,6701.695286517841,670.169528651784,670.169528651784,1340.339057303568,0.412,-13335.28007834022,-22594.959558703136,-40984.970806992416,9399.27782520899,-1255.1185035794244,-3255.410515330457,-2256.9672718223273,-755.8968818253595,-2256.9672718223273,-3925.5800439822415,78.40950425459756,"{""AC"": -165, ""AC_35_P"": 35, ""AC_40_BP"": -38, ""AC_40_P"": -3, ""AC_45_KO"": -320, ""AC_45_P"": 9, ""AC_50_C"": 21, ""AC_50_CO"": 1, ""AC_50_P_2"": 39}",-165,-320,-38,1,0,39,35,-3,9,0,21,0
474,307.8262447356514,267.2403413442639,3001.16623006845,300.11662300684503,300.11662300684503,600.2332460136901,0.466,-4478.977617208225,-6885.081439242013,-11552.236040478052,6056.310794551265,-140.07151698517106,-811.9181595664047,-514.0787093490048,8.84820812352892,-514.0787093490048,-1112.0347825732497,307.8262447356514,"{""AC"": -145, ""AC_35_P"": 35, ""AC_40_BP"": -22, ""AC_45_KO"": -500, ""AC_50_C"": 34, ""AC_50_CO"": 13, ""AC_50_C_2"": 41, ""AC_50_P"": -15, ""AC_60_C"": 47}",-145,-500,-22,13,41,0,35,0,0,-15,34,47
475,238.81681234039087,93.67920031778863,1046.5782770071262,104.65782770071262,104.65782770071262,209.31565540142523,0.478,-1186.8371572859041,-2097.6363900640604,-2638.6153008952197,3691.590876584787,120.13309661180045,-57.89247698108517,8.462324897148939,153.31049755091752,8.462324897148939,-162.5503046817978,238.81681234039087,"{""AC"": -60, ""AC_35_P"": 31, ""AC_40_BP"": -46, ""AC_45_KO"": -250, ""AC_50_C"": 43, ""AC_50_CO"": 5, ""AC_50_C_2"": 35}",-60,-250,-46,5,35,0,31,0,0,0,43,0
476,-35.60825587062506,1332.842810043617,5511.67321375248,551.167321375248,551.167321375248,1102.334642750496,0.368,-10691.453349261668,-20095.575427778524,-37200.13025356387,6328.607931455257,-1104.753590796792,-2708.4715931860424,-1914.9099189474991,-707.9727536775205,-1914.9099189474991,-3259.63891456129,-35.60825587062506,"{""AC"": -160, ""AC_40_BP"": 7, ""AC_40_P"": 17, ""AC_45_KO"": -160, ""AC_45_P"": -14, ""AC_50_C"": -3, ""AC_50_CO"": 16, ""AC_50_C_2"": 41, ""AC_50_P"": -32}",-160,-160,7,16,41,0,0,17,-14,-32,-3,0
477,235.9114520508662,-29.336960257509183,1242.6083175820497,124.26083175820497,124.26083175820497,248.52166351640994,0.508,-1312.1017433783209,-1816.3672561811434,-2470.716635981965,2994.14358928802,104.7012777130341,-92.11398379371403,-23.034225334984427,139.2411569423989,-23.034225334984427,-216.374815551919,235.9114520508662,"{""AC"": -10, ""AC_35_P"": -12, ""AC_40_BP"": 8, ""AC_40_P"": 30, ""AC_45_KO"": -280, ""AC_45_P"": 19, ""AC_50_CO"": 4, ""AC_50_C_2"": 20, ""AC_50_P"": 42}",-10,-280,8,4,20,0,-12,30,19,42,0,0
478,110.58753482563162,-202.17717704052356,1059.4325499527129,105.94325499527129,105.94325499527129,211.88650999054258,0.718,-708.5747447922625,-1051.8545888680178,-1321.294198628466,8228.00347415777,39.73006034640537,-66.55615137243402,-48.670304390843405,48.672983837200675,-48.670304390843405,-172.49940636770532,110.58753482563162,"{""AC"": 25, ""AC_40_BP"": 12, ""AC_45_KO"": -80, ""AC_45_P"": 32, ""AC_50_CO"": 4, ""AC_50_C_2"": 4, ""AC_50_P"": -20, ""AC_50_P_2"": 18}",25,-80,12,4,4,18,0,0,32,-20,0,0
479,-35.26573060040869,-530.9064727800502,2945.3996063226136,294.53996063226134,294.53996063226134,589.0799212645227,0.576,-3434.6883219033734,-3788.251882775959,-4001.4278886510833,17763.285215309003,-378.73456279074605,-893.937811076252,-697.7389592020454,-280.63513685364273,-697.7389592020454,-1188.4777717085135,-35.26573060040869,"{""AC"": 70, ""AC_35_P"": -28, ""AC_40_BP"": -7, ""AC_40_P"": -13, ""AC_45_KO"": -310, ""AC_50_C"": 3, ""AC_50_CO"": -10, ""AC_50_C_2"": -3, ""AC_50_P_2"": 18}",70,-310,-7,-10,-3,18,-28,-13,0,0,3,0
480,314.6293436117638,557.7614579725819,5228.377552370415,522.8377552370415,522.8377552370415,1045.675510474083,0.45,-9240.924629477751,-15026.799658355387,-27464.863056320984,9046.958942786636,-609.4631193360115,-1995.601813757674,-1332.9282284284197,-278.12632667138416,-1332.9282284284197,-2518.4395689947155,314.6293436117638,"{""AC"": -200, ""AC_35_P"": 34, ""AC_40_BP"": -43, ""AC_40_P"": 1, ""AC_45_KO"": -420, ""AC_50_C"": 50, ""AC_50_CO"": 19, ""AC_50_C_2"": 50, ""AC_60_C"": 20}",-200,-420,-43,19,50,0,34,1,0,0,50,20
481,176.6834503782219,963.0971088952879,5683.996233511146,568.3996233511145,568.3996233511145,1136.799246702229,0.424,-10302.130086234978,-18432.908182259445,-33366.50907996265,8439.533406687535,-853.529558245276,-2398.8490711805225,-1652.8358742325818,-480.5229597713057,-1652.8358742325818,-2967.248694531637,176.6834503782219,"{""AC"": -190, ""AC_35_P"": 29, ""AC_40_BP"": -24, ""AC_45_KO"": -390, ""AC_45_P"": 6, ""AC_50_C"": 25, ""AC_50_CO"": -3, ""AC_50_C_2"": 39, ""AC_60_C"": 39}",-190,-390,-24,-3,39,0,29,0,6,0,25,39
482,-422.0301289732767,-280.38205014240606,1923.3780853887488,192.33780853887487,192.33780853887487,384.67561707774973,0.552,-3563.970496528921,-4128.950595332252,-7902.738454907183,2421.5113849680497,-778.4271786261688,-1313.022753105507,-1052.7946077220522,-648.3131059344415,-1052.7946077220522,-1505.360561644382,-422.0301289732767,"{""AC"": 40, ""AC_35_P"": 11, ""AC_40_BP"": -45, ""AC_40_P"": -10, ""AC_45_KO"": -360, ""AC_50_C"": -37, ""AC_50_CO"": -39, ""AC_50_P"": -38, ""AC_50_P_2"": -20}",40,-360,-45,-39,0,-20,11,-10,0,-38,-37,0
483,-228.17760314036295,-35.775340083335294,1757.1609998106337,175.71609998106337,175.71609998106337,351.43219996212673,0.506,-3169.8640516507703,-3535.904810200092,-3839.698684334475,4258.205184486547,-545.16400830544,-1020.6436160530556,-791.5152608785102,-430.5998307181673,-791.5152608785102,-1196.359716034119,-228.17760314036295,"{""AC"": 40, ""AC_35_P"": 12, ""AC_40_BP"": 7, ""AC_45_KO"": -20, ""AC_50_C"": 31, ""AC_50_CO"": -40, ""AC_50_C_2"": -9, ""AC_50_P"": -40, ""AC_60_C"": -22}",40,-20,7,-40,-9,0,12,0,0,-40,31,-22
484,144.77154307472028,-206.89658072066382,947.4537500427138,94.74537500427138,94.74537500427138,189.49075000854276,0.562,-1037.3711920981907,-1425.8892122532789,-2197.4980758178644,2445.90685925705,41.034423864901214,-114.57125494982739,-58.20682324214401,69.2166397187429,-58.20682324214401,-209.31662995409877,144.77154307472028,"{""AC"": -40, ""AC_35_P"": 37, ""AC_40_BP"": -14, ""AC_40_P"": 17, ""AC_45_KO"": -30, ""AC_45_P"": -7, ""AC_50_C"": 38, ""AC_50_CO"": -4}",-40,-30,-14,-4,0,0,37,17,-7,0,38,0
485,-34.8271742980031,685.5964938885959,3527.3757169468117,352.73757169468115,352.73757169468115,705.4751433893623,0.372,-6564.762206186623,-13251.737444369237,-24277.352312500105,4179.62031931899,-691.3033949166655,-1676.0177258446588,-1195.910291073337,-451.24967753100464,-1195.910291073337,-2028.75529753934,-34.8271742980031,"{""AC"": -70, ""AC_35_P"": -12, ""AC_40_BP"": -25, ""AC_40_P"": 26, ""AC_45_KO"": -10, ""AC_50_CO"": 18, ""AC_50_C_2"": 13, ""AC_50_P"": 1, ""AC_60_C"": -40}",-70,-10,-25,18,13,0,-12,26,0,1,0,-40
486,-256.79250989760584,-111.24778744399137,1012.651886195331,101.2651886195331,101.2651886195331,202.5303772390662,0.548,-1840.2250474247319,-3558.4945258908456,-7287.937366453008,1188.2432536353367,-440.815014640079,-716.8487717537888,-583.4588613210822,-374.1200594237257,-583.4588613210822,-818.1139603733219,-256.79250989760584,"{""AC"": -25, ""AC_35_P"": -19, ""AC_40_BP"": 8, ""AC_40_P"": -37, ""AC_45_KO"": -320, ""AC_50_CO"": -3, ""AC_50_P"": -2, ""AC_50_P_2"": -47, ""AC_60_C"": -1}",-25,-320,8,-3,0,-47,-19,-37,0,-2,0,-1
487,192.84001142641887,449.2312102255536,3732.183445270044,373.21834452700443,373.21834452700443,746.4366890540089,0.45,-6329.032269898788,-10942.69837746389,-19493.35281578461,6437.128813560555,-440.06321556346006,-1389.4180560482782,-943.1240013219015,-216.9161882002717,-943.1240013219015,-1762.6364005752826,192.84001142641887,"{""AC"": -140, ""AC_35_P"": 47, ""AC_40_BP"": -25, ""AC_45_KO"": -280, ""AC_50_C"": 17, ""AC_50_CO"": 14, ""AC_50_C_2"": 23, ""AC_50_P"": -20, ""AC_60_C"": 35}",-140,-280,-25,14,23,0,47,0,0,-20,17,35
488,135.1133764506829,959.9623075005334,4616.527704033294,461.6527704033294,461.6527704033294,923.3055408066588,0.402,-8717.09594654413,-15149.637263889608,-27909.038284366812,6625.87242953578,-736.5962182037301,-2044.1606101853497,-1403.2774007326013,-416.154613477356,-1403.2774007326013,-2505.813380588679,135.1133764506829,"{""AC"": -185, ""AC_35_P"": 14, ""AC_40_BP"": -50, ""AC_40_P"": -24, ""AC_45_KO"": -430, ""AC_50_C"": 50, ""AC_50_CO"": -2, ""AC_50_C_2"": 42, ""AC_60_C"": 25}",-185,-430,-50,-2,42,0,14,-24,0,0,50,25
489,461.05903841497934,202.90921667708687,1950.6141023758055,195.06141023758056,195.06141023758056,390.1228204751611,0.466,-1849.0908742414858,-4058.147158319571,-5202.958397582251,11627.397357761332,276.14995099083075,-1.213680145392118,86.1647021599662,319.83914214350995,86.1647021599662,-196.27509038297268,461.05903841497934,"{""AC"": -75, ""AC_35_P"": 34, ""AC_40_BP"": -46, ""AC_45_KO"": -500, ""AC_45_P"": 9, ""AC_50_C"": 49, ""AC_50_CO"": 22, ""AC_50_C_2"": 34, ""AC_60_C"": 39}",-75,-500,-46,22,34,0,34,0,9,0,49,39
490,97.54966325268965,-928.9556940890393,3743.564830407143,374.3564830407143,374.3564830407143,748.7129660814286,0.608,-3658.0749008917887,-4053.811674854924,-4396.933418523411,23866.65090216139,-268.25782683648924,-816.9690619702575,-638.3398134014358,-178.94320255207836,-638.3398134014358,-1191.3255450109718,97.54966325268965,"{""AC"": 70, ""AC_35_P"": -19, ""AC_40_BP"": -7, ""AC_45_KO"": -120, ""AC_45_P"": -5, ""AC_50_C"": 41, ""AC_50_CO"": -32, ""AC_50_C_2"": 15, ""AC_50_P_2"": 37}",70,-120,-7,-32,15,37,-19,0,-5,0,41,0
491,-257.72389112382535,1234.7571410382823,3756.3944787075507,375.6394478707551,375.6394478707551,751.2788957415102,0.3,-7933.431289821604,-15543.14864580316,-28628.530136675712,2348.575614668203,-1051.0670201059859,-2241.0817135792263,-1635.5583085324436,-748.3053175825944,-1635.5583085324436,-2616.7211614499815,-257.72389112382535,"{""AC"": -95, ""AC_35_P"": -32, ""AC_40_BP"": -11, ""AC_40_P"": -49, ""AC_45_KO"": -40, ""AC_50_CO"": -12, ""AC_50_C_2"": 8, ""AC_50_P"": -29, ""AC_50_P_2"": 40}",-95,-40,-11,-12,8,40,-32,-49,0,-29,0,0
492,230.39954841293115,255.1051061536919,2777.8959341463187,277.7895934146319,277.7895934146319,555.5791868292638,0.462,-4246.553584031454,-6789.040489577436,-11618.150153758386,5475.150353498617,-194.2558099902143,-831.2388475949324,-545.478285899103,-51.37552914229954,-545.478285899103,-1109.0284410095642,230.39954841293115,"{""AC"": -125, ""AC_35_P"": 49, ""AC_40_BP"": -40, ""AC_40_P"": -15, ""AC_45_KO"": -350, ""AC_50_C"": 34, ""AC_50_CO"": 2, ""AC_50_C_2"": 14, ""AC_60_C"": 47}",-125,-350,-40,2,14,0,49,-15,0,0,34,47
493,124.23840740998132,-1800.863054969063,6407.463762844617,640.7463762844617,640.7463762844617,1281.4927525689234,0.636,-5890.106573171925,-6408.664314450131,-6839.03896947384,43436.25886355969,-464.77224990721123,-1348.288235883,-1079.6507667080384,-330.4535153197304,-1079.6507667080384,-1989.0346121674615,124.23840740998132,"{""AC"": 155, ""AC_35_P"": -1, ""AC_40_BP"": -13, ""AC_40_P"": -39, ""AC_45_KO"": -130, ""AC_45_P"": 3, ""AC_50_CO"": 1, ""AC_50_C_2"": -4, ""AC_50_P"": 38}",155,-130,-13,1,-4,0,-1,-39,3,38,0,0
494,239.24205819985386,-1768.9880446669172,5177.768373913087,517.7768373913087,517.7768373913087,1035.5536747826175,0.65,-3861.9412511579803,-4157.301865786063,-4506.888927044222,34377.329956059024,-146.9520669159442,-726.2432545896412,-598.9375481694974,-83.29921370587235,-598.9375481694974,-1244.02009198095,239.24205819985386,"{""AC"": 115, ""AC_35_P"": 18, ""AC_40_BP"": 8, ""AC_40_P"": -4, ""AC_45_KO"": -290, ""AC_50_CO"": 22, ""AC_50_C_2"": 41, ""AC_50_P_2"": 5, ""AC_60_C"": -30}",115,-290,8,22,41,5,18,-4,0,0,0,-30
495,-91.56637353200558,1882.2932918878992,7146.582714460069,714.6582714460069,714.6582714460069,1429.3165428920138,0.388,-14202.233368881203,-24435.265730799412,-44717.94285319182,8355.199505572942,-1511.789710420126,-3642.124715752306,-2579.2305145871896,-980.3426098375676,-2579.2305145871896,-4356.782987198313,-91.56637353200558,"{""AC"": -160, ""AC_35_P"": -6, ""AC_40_BP"": 16, ""AC_45_KO"": -30, ""AC_50_C"": -13, ""AC_50_CO"": 7, ""AC_50_C_2"": -17, ""AC_50_P"": 24, ""AC_60_C"": 16}",-160,-30,16,7,-17,0,-6,0,0,24,-13,16
496,-266.6063631663605,1441.4436439324838,3959.6128536229767,395.96128536229764,395.96128536229764,791.9225707245953,0.32,-8708.289531964916,-15462.26052496946,-29343.32747573344,2672.5279643776903,-1137.435316362852,-2443.6787461575896,-1770.8304356422466,-801.0111611051807,-1770.8304356422466,-2839.640031519887,-266.6063631663605,"{""AC"": -65, ""AC_40_BP"": 19, ""AC_45_KO"": -80, ""AC_45_P"": -31, ""AC_50_C"": -29, ""AC_50_CO"": -24, ""AC_50_C_2"": -6, ""AC_50_P"": 16, ""AC_60_C"": 14}",-65,-80,19,-24,-6,0,0,0,-31,16,-29,14
497,-178.49066611880752,1969.4308666726274,7433.436124298433,743.3436124298433,743.3436124298433,1486.6872248596867,0.364,-15744.583534640375,-27442.15800283074,-50337.30769375734,7734.731450622321,-1752.949019582845,-4114.636549778901,-2911.8500025297853,-1151.5557459582872,-2911.8500025297853,-4857.980162208744,-178.49066611880752,"{""AC"": -165, ""AC_35_P"": -5, ""AC_40_BP"": 4, ""AC_45_KO"": -120, ""AC_45_P"": -2, ""AC_50_C"": -19, ""AC_50_CO"": 4, ""AC_50_C_2"": 3, ""AC_50_P_2"": 3}",-165,-120,4,4,3,3,-5,0,-2,0,-19,0
498,-36.64674880548569,-557.7672620829385,2263.8970694403847,226.38970694403847,226.38970694403847,452.77941388807693,0.564,-2605.233224252828,-2844.135278985451,-3054.9821913334695,13140.554213632802,-297.17007123076854,-687.9550548686927,-540.6265859154291,-223.50583675413674,-540.6265859154291,-914.3447618127312,-36.64674880548569,"{""AC"": 70, ""AC_35_P"": -11, ""AC_40_BP"": -44, ""AC_45_KO"": -30, ""AC_45_P"": 23, ""AC_50_CO"": -19, ""AC_50_C_2"": -16, ""AC_50_P"": -9, ""AC_50_P_2"": 20}",70,-30,-44,-19,-16,20,-11,0,23,-9,0,0
499,268.22516202846253,873.2608364333354,5707.314479051854,570.7314479051854,570.7314479051854,1141.4628958103708,0.432,-10004.401858250383,-17547.54364629046,-31275.490102520387,9403.982757479318,-732.2150237965759,-2232.8753025341334,-1517.8008406616877,-374.677792860353,-1517.8008406616877,-2803.6067504393186,268.22516202846253,"{""AC"": -200, ""AC_35_P"": 48, ""AC_40_BP"": -50, ""AC_45_KO"": -360, ""AC_50_C"": 36, ""AC_50_CO"": -4, ""AC_50_C_2"": 33, ""AC_50_P_2"": 18, ""AC_60_C"": 50}",-200,-360,-50,-4,33,18,48,0,0,0,36,50
500,288.90421386045034,458.6256744841067,3502.6981456166404,350.269814561664,350.269814561664,700.539629123328,0.434,-5731.1998524930705,-9376.767628158235,-16899.566588777485,6414.619505572943,-284.21577138885675,-1143.8957492628174,-745.9106712943421,-85.22323240461921,-745.9106712943421,-1494.1655638244815,288.90421386045034,"{""AC"": -150, ""AC_35_P"": 25, ""AC_40_BP"": -30, ""AC_45_KO"": -240, ""AC_50_C"": 37, ""AC_50_CO"": 8, ""AC_50_C_2"": 50, ""AC_50_P"": 2, ""AC_60_C"": 31}",-150,-240,-30,8,50,0,25,0,0,2,37,31
