day,timestamp,product,buyer,seller,price,quantity,inferred_side,best_bid,best_ask,mid_price,distance_to_mid,distance_to_best_bid,distance_to_best_ask,is_new_daily_low_trade,is_new_daily_high_trade,persistence_bars,cluster_center,cluster_min,cluster_max,markout_5,markout_20,markout_50
-1,0,ASH_COATED_OSMIUM,,,9982.0,6,SELL,9982.0,10000.0,9991.0,-9.0,0.0,-18.0,True,True,0,5,4,6,11.0,11.0,12.0
-1,3600,ASH_COATED_OSMIUM,,,10001.0,3,BUY,9985.0,10001.0,9993.0,8.0,16.0,0.0,False,True,0,2,2,3,-5.0,-6.0,-6.0
-1,4200,ASH_COATED_OSMIUM,,,10002.0,2,BUY,9986.0,10002.0,9994.0,8.0,16.0,0.0,False,True,0,2,2,3,-9.0,-8.0,-7.0
-1,9100,ASH_COATED_OSMIUM,,,9994.0,4,SELL,9994.0,10004.0,9999.0,-5.0,0.0,-10.0,False,False,0,5,4,6,3.0,10.0,7.0
-1,9600,ASH_COATED_OSMIUM,,,9989.0,6,SELL,9989.0,10005.0,9997.0,-8.0,0.0,-16.0,False,False,5,5,4,6,-1.0,8.5,10.5
-1,10000,ASH_COATED_OSMIUM,,,9988.0,8,SELL,9988.0,10007.0,9997.5,-9.5,0.0,-19.0,False,False,0,8,7,9,16.0,9.0,8.5
-1,12100,ASH_COATED_OSMIUM,,,9989.0,5,SELL,9989.0,10008.0,9998.5,-9.5,0.0,-19.0,False,False,0,5,4,6,8.0,12.0,12.0
-1,15100,ASH_COATED_OSMIUM,,,10011.0,2,BUY,9992.0,10011.0,10001.5,9.5,19.0,0.0,False,True,0,2,2,3,-9.5,-10.0,-10.0
-1,15100,ASH_COATED_OSMIUM,,,10011.0,8,BUY,9992.0,10011.0,10001.5,9.5,19.0,0.0,False,False,0,8,7,9,-9.5,-10.0,-10.0
-1,18500,ASH_COATED_OSMIUM,,,10010.0,6,BUY,9994.0,10010.0,10002.0,8.0,16.0,0.0,False,False,0,5,4,6,-11.0,-10.0,-19.0
-1,23900,ASH_COATED_OSMIUM,,,9991.0,4,SELL,9991.0,10007.0,9999.0,-8.0,0.0,-16.0,False,False,0,5,4,6,2.0,11.0,3.0
-1,24300,ASH_COATED_OSMIUM,,,9992.0,4,SELL,9992.0,10008.0,10000.0,-8.0,0.0,-16.0,False,False,0,5,4,6,8.0,9.5,10.0
-1,24600,ASH_COATED_OSMIUM,,,9991.0,3,SELL,9991.0,10007.0,9999.0,-8.0,0.0,-16.0,False,False,0,2,2,3,14.0,8.5,11.0
-1,30400,ASH_COATED_OSMIUM,,,10010.0,2,BUY,9994.0,10010.0,10002.0,8.0,16.0,0.0,False,False,0,2,2,3,-7.5,-9.5,-8.0
-1,32800,ASH_COATED_OSMIUM,,,9993.0,4,SELL,9993.0,10009.0,10001.0,-8.0,0.0,-16.0,False,False,0,5,4,6,8.0,9.0,16.5
-1,34000,ASH_COATED_OSMIUM,,,10010.0,7,BUY,9994.0,10010.0,10002.0,8.0,16.0,0.0,False,False,0,8,7,9,-8.0,-9.0,-8.5
-1,34500,ASH_COATED_OSMIUM,,,9994.0,8,SELL,9994.0,10010.0,10002.0,-8.0,0.0,-16.0,False,False,0,8,7,9,8.0,19.0,9.0
-1,36500,ASH_COATED_OSMIUM,,,10013.0,3,BUY,,10013.0,10013.0,0.0,,0.0,False,True,0,2,2,3,-10.5,-10.0,-12.0
-1,37900,ASH_COATED_OSMIUM,,,9996.0,4,SELL,9996.0,10012.0,10004.0,-8.0,0.0,-16.0,False,False,0,5,4,6,8.0,6.5,3.0
-1,38400,ASH_COATED_OSMIUM,,,10012.0,3,BUY,9996.0,10012.0,10004.0,8.0,16.0,0.0,False,False,0,2,2,3,-10.5,-10.5,-12.0
-1,39100,ASH_COATED_OSMIUM,,,10011.0,6,BUY,9995.0,10011.0,10003.0,8.0,16.0,0.0,False,False,0,5,4,6,-8.0,-10.0,-11.0
-1,39900,ASH_COATED_OSMIUM,,,10013.0,7,BUY,9992.0,10013.0,10002.5,10.5,21.0,0.0,False,False,0,8,7,9,-11.5,-14.5,-14.0
-1,41500,ASH_COATED_OSMIUM,,,10009.0,5,BUY,9993.0,10009.0,10001.0,8.0,16.0,0.0,False,False,0,5,4,6,-10.0,-9.0,-3.5
-1,50900,ASH_COATED_OSMIUM,,,9990.0,5,SELL,9990.0,10009.0,9999.5,-9.5,0.0,-19.0,False,False,0,5,4,6,10.5,8.0,7.0
-1,54600,ASH_COATED_OSMIUM,,,9986.0,6,SELL,9986.0,10005.0,9995.5,-9.5,0.0,-19.0,False,False,0,5,4,6,11.0,13.0,5.0
-1,58400,ASH_COATED_OSMIUM,,,9990.0,3,SELL,9990.0,10006.0,9998.0,-8.0,0.0,-16.0,False,False,0,2,2,3,7.0,8.0,12.5
-1,59500,ASH_COATED_OSMIUM,,,10007.0,2,BUY,9991.0,10007.0,9999.0,8.0,16.0,0.0,False,False,0,2,2,3,-9.0,-8.0,-10.0
-1,62000,ASH_COATED_OSMIUM,,,10008.0,6,BUY,9992.0,10008.0,10000.0,8.0,16.0,0.0,False,False,0,5,4,6,-7.5,-11.0,-3.0
-1,63700,ASH_COATED_OSMIUM,,,9990.0,2,SELL,9990.0,10006.0,9998.0,-8.0,0.0,-16.0,False,False,0,2,2,3,7.0,8.0,10.0
-1,64900,ASH_COATED_OSMIUM,,,10005.0,4,BUY,9989.0,10005.0,9997.0,8.0,16.0,0.0,False,False,0,5,4,6,-8.0,-8.0,-6.0
-1,65300,ASH_COATED_OSMIUM,,,9989.0,2,SELL,9989.0,10005.0,9997.0,-8.0,0.0,-16.0,False,False,0,2,2,3,8.0,10.0,10.0
-1,76300,ASH_COATED_OSMIUM,,,9994.0,6,SELL,9994.0,10010.0,10002.0,-8.0,0.0,-16.0,False,False,0,5,4,6,6.5,8.0,9.0
-1,76500,ASH_COATED_OSMIUM,,,10013.0,8,BUY,9994.0,10013.0,10003.5,9.5,19.0,0.0,False,False,0,8,7,9,-10.0,-14.0,-13.0
-1,83700,ASH_COATED_OSMIUM,,,10009.0,2,BUY,9993.0,10009.0,10001.0,8.0,16.0,0.0,False,False,0,2,2,3,-6.0,-6.0,-5.5
-1,85500,ASH_COATED_OSMIUM,,,9995.0,7,SELL,9995.0,10011.0,10003.0,-8.0,0.0,-16.0,False,False,0,8,7,9,17.0,8.0,9.0
-1,85700,ASH_COATED_OSMIUM,,,10011.0,3,BUY,9995.0,10011.0,10003.0,8.0,16.0,0.0,False,False,0,2,2,3,-7.0,-8.0,-5.5
-1,85900,ASH_COATED_OSMIUM,,,9995.0,5,SELL,9995.0,10011.0,10003.0,-8.0,0.0,-16.0,False,False,0,5,4,6,9.0,7.0,10.0
-1,87900,ASH_COATED_OSMIUM,,,9993.0,5,SELL,9993.0,10011.0,10002.0,-9.0,0.0,-18.0,False,False,0,5,4,6,7.5,10.0,11.0
-1,88300,ASH_COATED_OSMIUM,,,10011.0,2,BUY,9995.0,10011.0,10003.0,8.0,16.0,0.0,False,False,0,2,2,3,-9.5,-8.0,-9.0
-1,90200,ASH_COATED_OSMIUM,,,10011.0,10,BUY,9995.0,10011.0,10003.0,8.0,16.0,0.0,False,False,0,10,10,10,-5.5,-7.0,-9.5
-1,90700,ASH_COATED_OSMIUM,,,10015.0,2,BUY,9996.0,10015.0,10005.5,9.5,19.0,0.0,False,True,0,2,2,3,-10.0,-10.0,-16.0
-1,90800,ASH_COATED_OSMIUM,,,9994.0,6,SELL,9994.0,10012.0,10003.0,-9.0,0.0,-18.0,False,False,0,5,4,6,2.0,10.0,7.0
-1,95900,ASH_COATED_OSMIUM,,,10007.0,3,BUY,9989.0,10007.0,9998.0,9.0,18.0,0.0,False,False,0,2,2,3,-7.5,-7.0,-9.5
-1,96900,ASH_COATED_OSMIUM,,,10007.0,6,BUY,9988.0,10007.0,9997.5,9.5,19.0,0.0,False,False,0,5,4,6,-6.0,-5.5,-1.0
-1,96900,ASH_COATED_OSMIUM,,,10007.0,8,BUY,9988.0,10007.0,9997.5,9.5,19.0,0.0,False,False,0,8,7,9,-6.0,-5.5,-1.0
-1,105900,ASH_COATED_OSMIUM,,,10011.0,5,BUY,9992.0,10011.0,10001.5,9.5,19.0,0.0,False,False,0,5,4,6,-11.5,-11.0,-12.0
-1,107200,ASH_COATED_OSMIUM,,,9991.0,3,SELL,9991.0,10007.0,9999.0,-8.0,0.0,-16.0,False,False,0,2,2,3,10.0,10.0,19.0
-1,111600,ASH_COATED_OSMIUM,,,9992.0,5,SELL,9992.0,10008.0,10000.0,-8.0,0.0,-16.0,False,False,0,5,4,6,10.0,8.0,8.0
-1,114700,ASH_COATED_OSMIUM,,,9991.0,3,SELL,9991.0,10007.0,9999.0,-8.0,0.0,-16.0,False,False,0,2,2,3,7.0,9.5,20.0
-1,116100,ASH_COATED_OSMIUM,,,9989.0,8,SELL,9989.0,10005.0,9997.0,-8.0,0.0,-16.0,False,False,0,8,7,9,11.0,10.0,6.0
-1,122000,ASH_COATED_OSMIUM,,,10007.0,10,BUY,9991.0,10007.0,9999.0,8.0,16.0,0.0,False,False,0,10,10,10,-8.0,-6.5,-12.0
-1,122300,ASH_COATED_OSMIUM,,,10007.0,5,BUY,9991.0,10007.0,9999.0,8.0,16.0,0.0,False,False,0,5,4,6,-9.0,-10.0,-10.0
-1,124500,ASH_COATED_OSMIUM,,,9989.0,2,SELL,9989.0,10005.0,9997.0,-8.0,0.0,-16.0,False,False,0,2,2,3,8.0,8.0,7.5
-1,126400,ASH_COATED_OSMIUM,,,9988.0,6,SELL,9988.0,10004.0,9996.0,-8.0,0.0,-16.0,False,False,5,5,4,6,-1.0,7.0,7.0
-1,126500,ASH_COATED_OSMIUM,,,9988.0,6,SELL,9988.0,10006.0,9997.0,-9.0,0.0,-18.0,False,False,0,5,4,6,7.0,8.0,8.0
-1,127800,ASH_COATED_OSMIUM,,,10003.0,2,BUY,9985.0,10003.0,9994.0,9.0,18.0,0.0,False,False,0,2,2,3,-9.5,-9.0,-6.0
-1,130300,ASH_COATED_OSMIUM,,,10003.0,2,BUY,9987.0,10003.0,9995.0,8.0,16.0,0.0,False,False,0,2,2,3,-8.0,-7.0,-5.5
-1,131400,ASH_COATED_OSMIUM,,,10003.0,2,BUY,9987.0,10003.0,9995.0,8.0,16.0,0.0,False,False,5,2,2,3,1.0,-7.0,-4.5
-1,137700,ASH_COATED_OSMIUM,,,10007.0,3,BUY,9989.0,10007.0,9998.0,9.0,18.0,0.0,False,False,0,2,2,3,-11.0,-10.0,-7.0
-1,139400,ASH_COATED_OSMIUM,,,9989.0,6,SELL,9989.0,10005.0,9997.0,-8.0,0.0,-16.0,False,False,0,5,4,6,1.0,11.0,12.0
-1,139400,ASH_COATED_OSMIUM,,,9989.0,5,SELL,9989.0,10005.0,9997.0,-8.0,0.0,-16.0,False,False,0,5,4,6,1.0,11.0,12.0
-1,142000,ASH_COATED_OSMIUM,,,9992.0,2,SELL,9992.0,10008.0,10000.0,-8.0,0.0,-16.0,False,False,0,2,2,3,8.0,10.0,11.5
-1,142200,ASH_COATED_OSMIUM,,,9992.0,6,SELL,9992.0,10008.0,10000.0,-8.0,0.0,-16.0,False,False,0,5,4,6,8.0,9.0,9.0
-1,146700,ASH_COATED_OSMIUM,,,10009.0,6,BUY,9993.0,10009.0,10001.0,8.0,16.0,0.0,False,False,0,5,4,6,-8.0,-8.0,-7.0
-1,149500,ASH_COATED_OSMIUM,,,10009.0,9,BUY,9998.0,10009.0,10003.5,5.5,11.0,0.0,False,False,0,8,7,9,-8.0,-7.0,-5.5
-1,153200,ASH_COATED_OSMIUM,,,9994.0,5,SELL,9994.0,10010.0,10002.0,-8.0,0.0,-16.0,False,False,0,5,4,6,0.0,7.0,8.0
-1,154600,ASH_COATED_OSMIUM,,,9992.0,2,SELL,9992.0,10008.0,10000.0,-8.0,0.0,-16.0,False,False,0,2,2,3,9.0,11.5,7.5
-1,155300,ASH_COATED_OSMIUM,,,10009.0,10,BUY,9993.0,10009.0,10001.0,8.0,16.0,0.0,False,False,0,10,10,10,-9.5,-6.0,-9.0
-1,155500,ASH_COATED_OSMIUM,,,10013.0,6,BUY,9995.0,10013.0,10004.0,9.0,18.0,0.0,False,False,0,5,4,6,-11.0,-11.0,-13.0
-1,155700,ASH_COATED_OSMIUM,,,10010.0,7,BUY,9992.0,10010.0,10001.0,9.0,18.0,0.0,False,False,0,8,7,9,-8.0,-8.0,-10.0
-1,155800,ASH_COATED_OSMIUM,,,9995.0,5,SELL,9995.0,10004.0,9999.5,-4.5,0.0,-9.0,False,False,5,5,4,6,-1.0,8.5,6.5
-1,158200,ASH_COATED_OSMIUM,,,9994.0,5,SELL,9994.0,10010.0,10002.0,-8.0,0.0,-16.0,False,False,0,5,4,6,7.0,5.5,5.5
-1,165300,ASH_COATED_OSMIUM,,,9988.0,5,SELL,9988.0,10006.0,9997.0,-9.0,0.0,-18.0,False,False,0,5,4,6,11.5,12.0,11.0
-1,172700,ASH_COATED_OSMIUM,,,10008.0,4,BUY,9997.0,10008.0,10002.5,5.5,11.0,0.0,False,False,0,5,4,6,-6.5,-7.0,-10.0
-1,173100,ASH_COATED_OSMIUM,,,10002.0,2,BUY,9992.0,10002.0,9997.0,5.0,10.0,0.0,False,False,20,2,2,3,-2.0,7.0,-3.0
-1,177700,ASH_COATED_OSMIUM,,,9989.0,10,SELL,9989.0,10007.0,9998.0,-9.0,0.0,-18.0,False,False,0,10,10,10,9.5,12.0,12.0
-1,181600,ASH_COATED_OSMIUM,,,9994.0,2,SELL,9994.0,10013.0,10003.5,-9.5,0.0,-19.0,False,False,0,2,2,3,9.0,9.0,9.0
-1,182700,ASH_COATED_OSMIUM,,,9993.0,5,SELL,9993.0,10009.0,10001.0,-8.0,0.0,-16.0,False,False,0,5,4,6,10.5,15.5,10.0
-1,184800,ASH_COATED_OSMIUM,,,9995.0,4,SELL,9995.0,10011.0,10003.0,-8.0,0.0,-16.0,False,False,0,5,4,6,17.0,8.0,6.5
-1,185900,ASH_COATED_OSMIUM,,,9996.0,10,SELL,9996.0,10012.0,10004.0,-8.0,0.0,-16.0,False,False,0,10,10,10,7.0,7.0,8.0
-1,186800,ASH_COATED_OSMIUM,,,9995.0,4,SELL,9995.0,10011.0,10003.0,-8.0,0.0,-16.0,False,False,0,5,4,6,8.0,6.0,8.0
-1,190400,ASH_COATED_OSMIUM,,,10011.0,3,BUY,9995.0,10011.0,10003.0,8.0,16.0,0.0,False,False,0,2,2,3,-7.0,-7.0,-9.0
-1,192600,ASH_COATED_OSMIUM,,,9997.0,8,SELL,9997.0,10013.0,10005.0,-8.0,0.0,-16.0,False,False,0,8,7,9,8.0,9.0,5.5
-1,192900,ASH_COATED_OSMIUM,,,10016.0,10,BUY,,10016.0,10016.0,0.0,,0.0,False,True,0,10,10,10,-11.0,-10.5,-12.0
-1,197300,ASH_COATED_OSMIUM,,,9996.0,9,SELL,9996.0,10012.0,10004.0,-8.0,0.0,-16.0,False,False,0,8,7,9,0.0,6.0,4.0
-1,200100,ASH_COATED_OSMIUM,,,9994.0,6,SELL,9994.0,10010.0,10002.0,-8.0,0.0,-16.0,False,False,0,5,4,6,8.0,6.0,6.0
-1,200300,ASH_COATED_OSMIUM,,,9992.0,10,SELL,9992.0,10011.0,10001.5,-9.5,0.0,-19.0,False,False,0,10,10,10,10.0,8.0,10.5
-1,200400,ASH_COATED_OSMIUM,,,10011.0,2,BUY,9995.0,10011.0,10003.0,8.0,16.0,0.0,False,False,0,2,2,3,-9.0,-14.0,-11.0
-1,200600,ASH_COATED_OSMIUM,,,10010.0,2,BUY,9994.0,10010.0,10002.0,8.0,16.0,0.0,False,False,0,2,2,3,-6.0,-10.0,-10.0
-1,200700,ASH_COATED_OSMIUM,,,10010.0,8,BUY,9994.0,10010.0,10002.0,8.0,16.0,0.0,False,False,20,8,7,9,-8.0,1.0,-9.0
-1,201700,ASH_COATED_OSMIUM,,,9993.0,4,SELL,9993.0,10009.0,10001.0,-8.0,0.0,-16.0,False,False,0,5,4,6,8.0,7.5,13.0
-1,205600,ASH_COATED_OSMIUM,,,9992.0,2,SELL,9992.0,10008.0,10000.0,-8.0,0.0,-16.0,False,False,0,2,2,3,1.0,9.0,12.0
-1,206600,ASH_COATED_OSMIUM,,,9993.0,7,SELL,9993.0,10009.0,10001.0,-8.0,0.0,-16.0,False,False,50,8,7,9,12.5,9.5,-2.0
-1,208900,ASH_COATED_OSMIUM,,,9994.0,10,SELL,9994.0,10010.0,10002.0,-8.0,0.0,-16.0,False,False,0,10,10,10,9.0,12.0,5.0
-1,210000,ASH_COATED_OSMIUM,,,9991.0,4,SELL,9991.0,10010.0,10000.5,-9.5,0.0,-19.0,False,False,0,5,4,6,12.0,11.0,18.0
-1,212700,ASH_COATED_OSMIUM,,,9994.0,6,SELL,9994.0,10000.0,9997.0,-3.0,0.0,-6.0,False,False,0,5,4,6,8.0,6.0,9.0
-1,224800,ASH_COATED_OSMIUM,,,10012.0,5,BUY,9996.0,10012.0,10004.0,8.0,16.0,0.0,False,False,0,5,4,6,-7.0,-7.0,-18.0
-1,226200,ASH_COATED_OSMIUM,,,9997.0,6,SELL,9997.0,10013.0,10005.0,-8.0,0.0,-16.0,False,False,0,5,4,6,9.0,6.0,4.0
-1,227600,ASH_COATED_OSMIUM,,,9996.0,5,SELL,9996.0,10014.0,10005.0,-9.0,0.0,-18.0,False,False,0,5,4,6,6.0,7.0,6.5
-1,228000,ASH_COATED_OSMIUM,,,9995.0,5,SELL,9995.0,10011.0,10003.0,-8.0,0.0,-16.0,False,False,0,5,4,6,7.0,8.0,6.0
-1,229200,ASH_COATED_OSMIUM,,,10004.0,2,BUY,9992.0,10004.0,9998.0,6.0,12.0,0.0,False,False,0,2,2,3,-2.0,-3.0,-2.0
-1,229600,ASH_COATED_OSMIUM,,,10011.0,5,BUY,9995.0,10011.0,10003.0,8.0,16.0,0.0,False,False,0,5,4,6,-9.0,-10.0,-9.0
-1,235600,ASH_COATED_OSMIUM,,,9993.0,8,SELL,9993.0,10011.0,10002.0,-9.0,0.0,-18.0,False,False,0,8,7,9,9.5,10.0,9.0
-1,236100,ASH_COATED_OSMIUM,,,9992.0,4,SELL,9992.0,10013.0,10002.5,-10.5,0.0,-21.0,False,False,0,5,4,6,11.5,14.5,10.0
-1,236500,ASH_COATED_OSMIUM,,,9994.0,2,SELL,9994.0,10010.0,10002.0,-8.0,0.0,-16.0,False,False,0,2,2,3,13.5,9.5,8.5
-1,236600,ASH_COATED_OSMIUM,,,9993.0,4,SELL,9993.0,10014.0,10003.5,-10.5,0.0,-21.0,False,False,0,5,4,6,12.0,10.0,9.0
-1,237000,ASH_COATED_OSMIUM,,,10014.0,5,BUY,10001.0,10014.0,10007.5,6.5,13.0,0.0,False,False,0,5,4,6,-10.0,-10.0,-13.0
-1,237100,ASH_COATED_OSMIUM,,,9996.0,3,SELL,9996.0,10014.0,10005.0,-9.0,0.0,-18.0,False,False,20,2,2,3,7.0,-1.0,5.0
-1,241700,ASH_COATED_OSMIUM,,,9994.0,7,SELL,9994.0,10012.0,10003.0,-9.0,0.0,-18.0,False,False,0,8,7,9,6.0,7.0,8.0
-1,242800,ASH_COATED_OSMIUM,,,10009.0,5,BUY,9993.0,10009.0,10001.0,8.0,16.0,0.0,False,False,0,5,4,6,-8.0,-6.0,-7.0
-1,243200,ASH_COATED_OSMIUM,,,10010.0,6,BUY,9994.0,10010.0,10002.0,8.0,16.0,0.0,False,False,0,5,4,6,-9.0,-16.0,-8.0
-1,243700,ASH_COATED_OSMIUM,,,10010.0,6,BUY,9992.0,10010.0,10001.0,9.0,18.0,0.0,False,False,0,5,4,6,-12.0,-10.0,-9.0
-1,246200,ASH_COATED_OSMIUM,,,9994.0,9,SELL,9994.0,10010.0,10002.0,-8.0,0.0,-16.0,False,False,0,8,7,9,8.0,8.0,6.0
-1,247600,ASH_COATED_OSMIUM,,,9995.0,6,SELL,9995.0,10013.0,10004.0,-9.0,0.0,-18.0,False,False,0,5,4,6,6.0,5.0,5.0
-1,251700,ASH_COATED_OSMIUM,,,9992.0,4,SELL,9992.0,10008.0,10000.0,-8.0,0.0,-16.0,False,False,0,5,4,6,8.0,6.5,8.5
-1,252300,ASH_COATED_OSMIUM,,,10008.0,5,BUY,9992.0,10008.0,10000.0,8.0,16.0,0.0,False,False,0,5,4,6,-8.0,-7.0,-2.5
-1,252400,ASH_COATED_OSMIUM,,,10011.0,7,BUY,9990.0,10011.0,10000.5,10.5,21.0,0.0,False,False,0,8,7,9,-2.0,-11.0,-8.0
-1,258300,ASH_COATED_OSMIUM,,,10013.0,9,BUY,9997.0,10013.0,10005.0,8.0,16.0,0.0,False,False,0,8,7,9,-8.0,-8.0,-10.0
-1,258400,ASH_COATED_OSMIUM,,,10012.0,4,BUY,9994.0,10012.0,10003.0,9.0,18.0,0.0,False,False,0,5,4,6,-14.0,-8.0,-9.0
-1,259400,ASH_COATED_OSMIUM,,,9998.0,8,SELL,9998.0,10016.0,10007.0,-9.0,0.0,-18.0,False,False,0,8,7,9,6.0,6.0,2.0
-1,260500,ASH_COATED_OSMIUM,,,10012.0,7,BUY,9994.0,10012.0,10003.0,9.0,18.0,0.0,False,False,0,8,7,9,-6.0,-11.0,-11.0
-1,260600,ASH_COATED_OSMIUM,,,10012.0,2,BUY,9996.0,10012.0,10004.0,8.0,16.0,0.0,False,False,0,2,2,3,-7.0,-9.0,-13.0
-1,261300,ASH_COATED_OSMIUM,,,9996.0,2,SELL,9996.0,10012.0,10004.0,-8.0,0.0,-16.0,False,False,50,2,2,3,8.0,7.0,-7.0
-1,265000,ASH_COATED_OSMIUM,,,9992.0,8,SELL,9992.0,10008.0,10000.0,-8.0,0.0,-16.0,False,False,0,8,7,9,9.0,8.5,8.0
-1,267000,ASH_COATED_OSMIUM,,,9991.0,9,SELL,9991.0,10010.0,10000.5,-9.5,0.0,-19.0,False,False,0,8,7,9,8.0,6.0,7.0
-1,268800,ASH_COATED_OSMIUM,,,10006.0,6,BUY,9990.0,10006.0,9998.0,8.0,16.0,0.0,False,False,0,5,4,6,-2.5,-7.0,-12.0
-1,269400,ASH_COATED_OSMIUM,,,9991.0,4,SELL,9991.0,10007.0,9999.0,-8.0,0.0,-16.0,False,False,0,5,4,6,8.0,10.0,5.0
-1,270400,ASH_COATED_OSMIUM,,,10008.0,2,BUY,9992.0,10008.0,10000.0,8.0,16.0,0.0,False,False,0,2,2,3,-10.0,-10.0,-11.0
-1,271800,ASH_COATED_OSMIUM,,,10007.0,5,BUY,9991.0,10007.0,9999.0,8.0,16.0,0.0,False,False,0,5,4,6,-9.0,-13.0,-10.5
-1,272800,ASH_COATED_OSMIUM,,,10005.0,6,BUY,9989.0,10005.0,9997.0,8.0,16.0,0.0,False,False,50,5,4,6,-8.0,-9.0,2.0
-1,280900,ASH_COATED_OSMIUM,,,9987.0,2,SELL,9987.0,10008.0,9997.5,-10.5,0.0,-21.0,False,False,0,2,2,3,10.0,10.0,11.5
-1,282500,ASH_COATED_OSMIUM,,,9988.0,4,SELL,9988.0,10004.0,9996.0,-8.0,0.0,-16.0,False,False,0,5,4,6,9.0,8.5,10.0
-1,282700,ASH_COATED_OSMIUM,,,10004.0,6,BUY,9986.0,10004.0,9995.0,9.0,18.0,0.0,False,False,20,5,4,6,-8.0,2.0,-6.0
-1,291400,ASH_COATED_OSMIUM,,,9989.0,3,SELL,9989.0,10005.0,9997.0,-8.0,0.0,-16.0,False,False,0,2,2,3,1.0,6.0,9.0
-1,297000,ASH_COATED_OSMIUM,,,10005.0,9,BUY,9989.0,10005.0,9997.0,8.0,16.0,0.0,False,False,0,8,7,9,-6.0,-8.0,-5.0
-1,297300,ASH_COATED_OSMIUM,,,10005.0,3,BUY,9989.0,10005.0,9997.0,8.0,16.0,0.0,False,False,0,2,2,3,-8.0,-8.0,-3.0
-1,299500,ASH_COATED_OSMIUM,,,9990.0,2,SELL,9990.0,10006.0,9998.0,-8.0,0.0,-16.0,False,False,0,2,2,3,8.0,8.0,11.5
-1,301600,ASH_COATED_OSMIUM,,,9992.0,9,SELL,9992.0,10007.0,9999.5,-7.5,0.0,-15.0,False,False,0,8,7,9,10.0,7.5,10.0
-1,306200,ASH_COATED_OSMIUM,,,9992.0,6,SELL,9992.0,10008.0,10000.0,-8.0,0.0,-16.0,False,False,0,5,4,6,9.0,10.5,12.0
-1,306500,ASH_COATED_OSMIUM,,,10009.0,5,BUY,9990.0,10009.0,9999.5,9.5,19.0,0.0,False,False,0,5,4,6,-6.0,-4.5,-5.0
-1,307600,ASH_COATED_OSMIUM,,,9995.0,5,SELL,9995.0,10011.0,10003.0,-8.0,0.0,-16.0,False,False,0,5,4,6,8.0,8.0,10.0
-1,310000,ASH_COATED_OSMIUM,,,10011.0,9,BUY,9995.0,10011.0,10003.0,8.0,16.0,0.0,False,False,0,8,7,9,-6.5,-3.0,-7.0
-1,310900,ASH_COATED_OSMIUM,,,10012.0,6,BUY,9994.0,10012.0,10003.0,9.0,18.0,0.0,False,False,0,5,4,6,-8.0,-8.0,-7.0
-1,313100,ASH_COATED_OSMIUM,,,9996.0,2,SELL,9996.0,10012.0,10004.0,-8.0,0.0,-16.0,False,False,0,2,2,3,17.0,8.0,8.0
-1,313600,ASH_COATED_OSMIUM,,,10013.0,3,BUY,,10013.0,10013.0,0.0,,0.0,False,False,0,2,2,3,-8.0,-13.5,-9.0
-1,320900,ASH_COATED_OSMIUM,,,10014.0,6,BUY,9998.0,10014.0,10006.0,8.0,16.0,0.0,False,False,0,5,4,6,-8.0,-8.0,-5.5
-1,323500,ASH_COATED_OSMIUM,,,9998.0,6,SELL,9998.0,10014.0,10006.0,-8.0,0.0,-16.0,False,False,0,5,4,6,10.0,9.5,10.0
-1,324600,ASH_COATED_OSMIUM,,,9997.0,2,SELL,9997.0,10015.0,10006.0,-9.0,0.0,-18.0,False,False,0,2,2,3,10.0,9.0,12.5
-1,325000,ASH_COATED_OSMIUM,,,10015.0,5,BUY,9999.0,10015.0,10007.0,8.0,16.0,0.0,False,False,0,5,4,6,-7.5,-10.5,-7.0
-1,329000,ASH_COATED_OSMIUM,,,10000.0,9,SELL,10000.0,10016.0,10008.0,-8.0,0.0,-16.0,False,False,0,8,7,9,9.0,9.0,7.5
-1,329800,ASH_COATED_OSMIUM,,,10016.0,4,BUY,10000.0,10016.0,10008.0,8.0,16.0,0.0,False,False,0,5,4,6,-2.5,-7.0,-9.5
-1,330600,ASH_COATED_OSMIUM,,,9998.0,2,SELL,9998.0,,9998.0,0.0,0.0,,False,False,0,2,2,3,9.5,11.5,9.0
-1,331800,ASH_COATED_OSMIUM,,,10017.0,8,BUY,10001.0,10017.0,10009.0,8.0,16.0,0.0,False,True,0,8,7,9,-9.0,-10.0,-10.0
-1,332800,ASH_COATED_OSMIUM,,,10016.0,5,BUY,10000.0,10016.0,10008.0,8.0,16.0,0.0,False,False,0,5,4,6,-8.0,-9.5,-12.5
-1,335800,ASH_COATED_OSMIUM,,,10000.0,6,SELL,10000.0,10016.0,10008.0,-8.0,0.0,-16.0,False,False,0,5,4,6,8.0,3.5,7.0
-1,336000,ASH_COATED_OSMIUM,,,9997.0,6,SELL,9997.0,10016.0,10006.5,-9.5,0.0,-19.0,False,False,0,5,4,6,12.0,10.0,9.0
-1,336400,ASH_COATED_OSMIUM,,,10015.0,9,BUY,9999.0,10015.0,10007.0,8.0,16.0,0.0,False,False,0,8,7,9,0.0,-10.0,-9.0
-1,336800,ASH_COATED_OSMIUM,,,9999.0,4,SELL,9999.0,10015.0,10007.0,-8.0,0.0,-16.0,False,False,0,5,4,6,8.0,15.0,7.0
-1,337200,ASH_COATED_OSMIUM,,,10000.0,6,SELL,10000.0,10016.0,10008.0,-8.0,0.0,-16.0,False,False,0,5,4,6,8.0,6.0,6.0
-1,337300,ASH_COATED_OSMIUM,,,9999.0,7,SELL,9999.0,10015.0,10007.0,-8.0,0.0,-16.0,False,False,0,8,7,9,4.5,9.0,6.0
-1,340700,ASH_COATED_OSMIUM,,,10015.0,2,BUY,9999.0,10015.0,10007.0,8.0,16.0,0.0,False,False,0,2,2,3,-7.5,-8.5,-7.0
-1,341200,ASH_COATED_OSMIUM,,,9998.0,2,SELL,9998.0,10017.0,10007.5,-9.5,0.0,-19.0,False,False,0,2,2,3,8.0,4.0,9.0
-1,342400,ASH_COATED_OSMIUM,,,9996.0,5,SELL,9996.0,10014.0,10005.0,-9.0,0.0,-18.0,False,False,0,5,4,6,12.5,11.0,10.0
-1,344200,ASH_COATED_OSMIUM,,,10001.0,4,SELL,10001.0,10017.0,10009.0,-8.0,0.0,-16.0,False,False,0,5,4,6,7.0,6.0,5.0
-1,345800,ASH_COATED_OSMIUM,,,9999.0,3,SELL,9999.0,10015.0,10007.0,-8.0,0.0,-16.0,False,False,0,2,2,3,6.0,9.5,1.0
-1,346200,ASH_COATED_OSMIUM,,,9999.0,4,SELL,9999.0,10015.0,10007.0,-8.0,0.0,-16.0,False,False,0,5,4,6,7.0,7.0,1.5
-1,349400,ASH_COATED_OSMIUM,,,10004.0,4,BUY,9995.0,10004.0,9999.5,4.5,9.0,0.0,False,False,0,5,4,6,-1.0,-3.5,-5.0
-1,350400,ASH_COATED_OSMIUM,,,10013.0,5,BUY,9994.0,10013.0,10003.5,9.5,19.0,0.0,False,False,0,5,4,6,-12.0,-18.0,-14.0
-1,351800,ASH_COATED_OSMIUM,,,10010.0,5,BUY,9992.0,10010.0,10001.0,9.0,18.0,0.0,False,False,0,5,4,6,-8.5,-9.0,-10.0
-1,353000,ASH_COATED_OSMIUM,,,9991.0,5,SELL,9991.0,10009.0,10000.0,-9.0,0.0,-18.0,False,False,0,5,4,6,2.0,6.5,5.0
-1,356700,ASH_COATED_OSMIUM,,,10007.0,9,BUY,9989.0,10007.0,9998.0,9.0,18.0,0.0,False,False,0,8,7,9,-9.0,-6.0,-14.0
-1,357500,ASH_COATED_OSMIUM,,,9991.0,3,SELL,9991.0,10007.0,9999.0,-8.0,0.0,-16.0,False,False,0,2,2,3,5.0,9.0,11.0
-1,358400,ASH_COATED_OSMIUM,,,10007.0,3,BUY,9991.0,10007.0,9999.0,8.0,16.0,0.0,False,False,0,2,2,3,-8.0,-6.5,-5.5
-1,359300,ASH_COATED_OSMIUM,,,9992.0,4,SELL,9992.0,10008.0,10000.0,-8.0,0.0,-16.0,False,False,0,5,4,6,5.0,1.0,9.0
-1,361400,ASH_COATED_OSMIUM,,,9993.0,6,SELL,9993.0,10009.0,10001.0,-8.0,0.0,-16.0,False,False,0,5,4,6,7.0,8.5,8.0
-1,363200,ASH_COATED_OSMIUM,,,10011.0,2,BUY,10004.0,10011.0,10007.5,3.5,7.0,0.0,False,False,0,2,2,3,-10.5,-11.0,-10.0
-1,365300,ASH_COATED_OSMIUM,,,9992.0,3,SELL,9992.0,10008.0,10000.0,-8.0,0.0,-16.0,False,False,0,2,2,3,0.0,10.5,0.0
-1,375300,ASH_COATED_OSMIUM,,,9993.0,4,SELL,9993.0,10012.0,10002.5,-9.5,0.0,-19.0,False,False,0,5,4,6,8.0,8.0,10.5
-1,375400,ASH_COATED_OSMIUM,,,10009.0,3,BUY,9993.0,10009.0,10001.0,8.0,16.0,0.0,False,False,0,2,2,3,-7.0,-7.5,-4.0
-1,377400,ASH_COATED_OSMIUM,,,9992.0,4,SELL,9992.0,10011.0,10001.5,-9.5,0.0,-19.0,False,False,0,5,4,6,9.0,12.0,9.0
-1,380900,ASH_COATED_OSMIUM,,,9996.0,8,SELL,9996.0,10012.0,10004.0,-8.0,0.0,-16.0,False,False,0,8,7,9,8.0,17.0,7.0
-1,381000,ASH_COATED_OSMIUM,,,10012.0,2,BUY,9996.0,10012.0,10004.0,8.0,16.0,0.0,False,False,0,2,2,3,-9.0,-10.0,-9.0
-1,383000,ASH_COATED_OSMIUM,,,10010.0,6,BUY,9994.0,10010.0,10002.0,8.0,16.0,0.0,False,False,0,5,4,6,-9.0,-8.0,-7.0
-1,384000,ASH_COATED_OSMIUM,,,9990.0,4,SELL,9990.0,,9990.0,0.0,0.0,,False,False,0,5,4,6,12.0,13.0,13.5
-1,389800,ASH_COATED_OSMIUM,,,10011.0,10,BUY,9995.0,10011.0,10003.0,8.0,16.0,0.0,False,False,0,10,10,10,-9.0,-7.0,-5.5
-1,389900,ASH_COATED_OSMIUM,,,9996.0,7,SELL,9996.0,10012.0,10004.0,-8.0,0.0,-16.0,False,False,0,8,7,9,7.0,8.0,12.5
-1,390400,ASH_COATED_OSMIUM,,,9995.0,9,SELL,9995.0,10011.0,10003.0,-8.0,0.0,-16.0,False,False,0,8,7,9,7.0,7.5,12.0
-1,391100,ASH_COATED_OSMIUM,,,9995.0,4,SELL,9995.0,10011.0,10003.0,-8.0,0.0,-16.0,False,False,0,5,4,6,8.5,9.0,12.5
-1,392300,ASH_COATED_OSMIUM,,,10012.0,5,BUY,9993.0,10012.0,10002.5,9.5,19.0,0.0,False,False,0,5,4,6,-16.0,-6.0,-6.0
-1,401700,ASH_COATED_OSMIUM,,,10014.0,9,BUY,9998.0,10014.0,10006.0,8.0,16.0,0.0,False,False,0,8,7,9,-8.0,-5.5,-12.0
-1,402400,ASH_COATED_OSMIUM,,,9995.0,5,SELL,9995.0,10016.0,10005.5,-10.5,0.0,-21.0,False,False,0,5,4,6,10.0,10.0,6.0
-1,405200,ASH_COATED_OSMIUM,,,9996.0,2,SELL,9996.0,10012.0,10004.0,-8.0,0.0,-16.0,False,False,0,2,2,3,7.5,6.5,6.0
-1,407400,ASH_COATED_OSMIUM,,,10009.0,8,BUY,9993.0,10009.0,10001.0,8.0,16.0,0.0,False,False,0,8,7,9,-8.0,-9.5,-8.5
-1,412600,ASH_COATED_OSMIUM,,,9993.0,4,SELL,9993.0,10009.0,10001.0,-8.0,0.0,-16.0,False,False,0,5,4,6,9.0,7.5,8.0
-1,414000,ASH_COATED_OSMIUM,,,10011.0,6,BUY,9998.0,10011.0,10004.5,6.5,13.0,0.0,False,False,0,5,4,6,-9.0,-7.0,-10.5
-1,415800,ASH_COATED_OSMIUM,,,9992.0,6,SELL,9992.0,,9992.0,0.0,0.0,,False,False,0,5,4,6,11.0,9.0,7.0
-1,416100,ASH_COATED_OSMIUM,,,9995.0,2,SELL,9995.0,10011.0,10003.0,-8.0,0.0,-16.0,False,False,0,2,2,3,9.0,7.5,4.0
-1,424700,ASH_COATED_OSMIUM,,,9994.0,6,SELL,9994.0,10010.0,10002.0,-8.0,0.0,-16.0,False,False,0,5,4,6,7.0,16.0,9.0
-1,425200,ASH_COATED_OSMIUM,,,10009.0,6,BUY,9993.0,10009.0,10001.0,8.0,16.0,0.0,False,False,20,5,4,6,-8.0,1.0,-4.0
-1,425800,ASH_COATED_OSMIUM,,,9993.0,7,SELL,9993.0,10009.0,10001.0,-8.0,0.0,-16.0,False,False,0,8,7,9,10.0,9.0,13.0
-1,430100,ASH_COATED_OSMIUM,,,10013.0,4,BUY,9997.0,10013.0,10005.0,8.0,16.0,0.0,False,False,0,5,4,6,-7.0,-9.5,-7.0
-1,432800,ASH_COATED_OSMIUM,,,9994.0,6,SELL,9994.0,10012.0,10003.0,-9.0,0.0,-18.0,False,False,0,5,4,6,14.5,11.0,12.0
-1,433700,ASH_COATED_OSMIUM,,,9996.0,6,SELL,9996.0,10012.0,10004.0,-8.0,0.0,-16.0,False,False,0,5,4,6,7.0,12.5,10.0
-1,435400,ASH_COATED_OSMIUM,,,9997.0,3,SELL,9997.0,10013.0,10005.0,-8.0,0.0,-16.0,False,False,0,2,2,3,7.0,9.0,10.0
-1,439100,ASH_COATED_OSMIUM,,,10017.0,5,BUY,9999.0,10017.0,10008.0,9.0,18.0,0.0,False,False,0,5,4,6,-10.0,-10.0,-12.0
-1,439800,ASH_COATED_OSMIUM,,,10016.0,7,BUY,10000.0,10016.0,10008.0,8.0,16.0,0.0,False,False,0,8,7,9,-9.0,-10.0,-4.5
-1,440300,ASH_COATED_OSMIUM,,,10015.0,3,BUY,9999.0,10015.0,10007.0,8.0,16.0,0.0,False,False,0,2,2,3,-9.0,-10.0,-10.0
-1,440700,ASH_COATED_OSMIUM,,,9999.0,2,SELL,9999.0,10018.0,10008.5,-9.5,0.0,-19.0,False,False,0,2,2,3,8.0,4.5,4.5
-1,442100,ASH_COATED_OSMIUM,,,10007.0,4,BUY,9997.0,10007.0,10002.0,5.0,10.0,0.0,False,False,0,5,4,6,-3.0,-2.0,-2.0
-1,442700,ASH_COATED_OSMIUM,,,10013.0,6,BUY,9994.0,10013.0,10003.5,9.5,19.0,0.0,False,False,0,5,4,6,-7.0,-7.0,-7.0
-1,443000,ASH_COATED_OSMIUM,,,10013.0,4,BUY,9995.0,10013.0,10004.0,9.0,18.0,0.0,False,False,0,5,4,6,-8.0,-6.0,-13.5
-1,444200,ASH_COATED_OSMIUM,,,10013.0,10,BUY,9997.0,10013.0,10005.0,8.0,16.0,0.0,False,False,0,10,10,10,-7.0,-8.0,-7.5
-1,445000,ASH_COATED_OSMIUM,,,10016.0,8,BUY,9998.0,10016.0,10007.0,9.0,18.0,0.0,False,False,0,8,7,9,-11.0,-8.5,-11.5
-1,449100,ASH_COATED_OSMIUM,,,9997.0,8,SELL,9997.0,10013.0,10005.0,-8.0,0.0,-16.0,False,False,0,8,7,9,8.0,7.0,7.0
-1,450800,ASH_COATED_OSMIUM,,,10003.0,3,SELL,10003.0,10016.0,10009.5,-6.5,0.0,-13.0,False,False,50,2,2,3,1.0,0.0,-1.0
-1,451800,ASH_COATED_OSMIUM,,,9996.0,5,SELL,9996.0,10012.0,10004.0,-8.0,0.0,-16.0,False,False,0,5,4,6,8.0,0.0,7.0
-1,452300,ASH_COATED_OSMIUM,,,10012.0,7,BUY,9996.0,10012.0,10004.0,8.0,16.0,0.0,False,False,0,8,7,9,-9.0,-7.5,-7.5
-1,453400,ASH_COATED_OSMIUM,,,9996.0,6,SELL,9996.0,10012.0,10004.0,-8.0,0.0,-16.0,False,False,0,5,4,6,9.0,6.0,5.5
-1,456000,ASH_COATED_OSMIUM,,,10010.0,4,BUY,9994.0,10010.0,10002.0,8.0,16.0,0.0,False,False,0,5,4,6,-10.0,-8.0,-6.0
-1,458400,ASH_COATED_OSMIUM,,,10012.0,6,BUY,9991.0,10012.0,10001.5,10.5,21.0,0.0,False,False,0,5,4,6,-11.0,-8.0,-6.5
-1,463900,ASH_COATED_OSMIUM,,,10012.0,6,BUY,9996.0,10012.0,10004.0,8.0,16.0,0.0,False,False,0,5,4,6,-9.0,-7.0,-19.0
-1,465500,ASH_COATED_OSMIUM,,,10009.0,6,BUY,9993.0,10009.0,10001.0,8.0,16.0,0.0,False,False,0,5,4,6,-9.5,-10.0,-7.0
-1,467800,ASH_COATED_OSMIUM,,,10009.0,5,BUY,10002.0,10009.0,10005.5,3.5,7.0,0.0,False,False,0,5,4,6,-13.0,-10.0,-8.0
-1,468100,ASH_COATED_OSMIUM,,,9991.0,8,SELL,9991.0,10012.0,10001.5,-10.5,0.0,-21.0,False,False,0,8,7,9,9.5,12.0,9.0
-1,471900,ASH_COATED_OSMIUM,,,10009.0,6,BUY,9993.0,10009.0,10001.0,8.0,16.0,0.0,False,False,0,5,4,6,-8.0,-8.0,-6.0
-1,472200,ASH_COATED_OSMIUM,,,9993.0,3,SELL,9993.0,10009.0,10001.0,-8.0,0.0,-16.0,False,False,5,2,2,3,-3.0,7.0,10.5
-1,476400,ASH_COATED_OSMIUM,,,10009.0,5,BUY,9993.0,10009.0,10001.0,8.0,16.0,0.0,False,False,0,5,4,6,-6.0,-10.0,-15.0
-1,477200,ASH_COATED_OSMIUM,,,9994.0,6,SELL,9994.0,10013.0,10003.5,-9.5,0.0,-19.0,False,False,0,5,4,6,6.0,8.0,8.5
-1,478500,ASH_COATED_OSMIUM,,,9991.0,3,SELL,9991.0,10007.0,9999.0,-8.0,0.0,-16.0,False,False,0,2,2,3,7.5,8.5,5.0
-1,478600,ASH_COATED_OSMIUM,,,9991.0,6,SELL,9991.0,10007.0,9999.0,-8.0,0.0,-16.0,False,False,0,5,4,6,9.0,9.0,10.5
-1,479600,ASH_COATED_OSMIUM,,,9992.0,2,SELL,9992.0,10011.0,10001.5,-9.5,0.0,-19.0,False,False,0,2,2,3,2.5,8.0,8.0
-1,482600,ASH_COATED_OSMIUM,,,9994.0,5,SELL,9994.0,10010.0,10002.0,-8.0,0.0,-16.0,False,False,0,5,4,6,9.0,6.0,8.0
-1,482700,ASH_COATED_OSMIUM,,,9994.0,5,SELL,9994.0,10012.0,10003.0,-9.0,0.0,-18.0,False,False,0,5,4,6,7.0,9.5,8.0
-1,487200,ASH_COATED_OSMIUM,,,10012.0,3,BUY,9991.0,10012.0,10001.5,10.5,21.0,0.0,False,False,0,2,2,3,-10.0,-15.0,-9.0
-1,487500,ASH_COATED_OSMIUM,,,9993.0,4,SELL,9993.0,10009.0,10001.0,-8.0,0.0,-16.0,False,False,0,5,4,6,10.0,10.0,11.0
-1,487700,ASH_COATED_OSMIUM,,,9994.0,5,SELL,9994.0,10010.0,10002.0,-8.0,0.0,-16.0,False,False,0,5,4,6,9.0,9.0,18.0
-1,489700,ASH_COATED_OSMIUM,,,10011.0,7,BUY,9995.0,10011.0,10003.0,8.0,16.0,0.0,False,False,0,8,7,9,-8.0,-9.0,-3.0
-1,494300,ASH_COATED_OSMIUM,,,10013.0,3,BUY,9997.0,10013.0,10005.0,8.0,16.0,0.0,False,False,0,2,2,3,-7.0,-15.0,-10.0
-1,498900,ASH_COATED_OSMIUM,,,9992.0,8,SELL,9992.0,10011.0,10001.5,-9.5,0.0,-19.0,False,False,0,8,7,9,19.0,10.0,11.0
-1,500000,ASH_COATED_OSMIUM,,,9995.0,4,SELL,9995.0,10011.0,10003.0,-8.0,0.0,-16.0,False,False,0,5,4,6,8.0,9.0,3.5
-1,502100,ASH_COATED_OSMIUM,,,9995.0,4,SELL,9995.0,10011.0,10003.0,-8.0,0.0,-16.0,False,False,0,5,4,6,7.0,7.0,6.0
-1,502700,ASH_COATED_OSMIUM,,,10010.0,2,BUY,9992.0,10010.0,10001.0,9.0,18.0,0.0,False,False,0,2,2,3,0.0,-9.0,-8.0
-1,503100,ASH_COATED_OSMIUM,,,10000.0,3,BUY,9994.0,10000.0,9997.0,3.0,6.0,0.0,False,False,50,2,2,3,2.0,1.0,3.0
-1,511000,ASH_COATED_OSMIUM,,,9995.0,4,SELL,9995.0,10011.0,10003.0,-8.0,0.0,-16.0,False,False,0,5,4,6,9.0,11.0,10.0
-1,511700,ASH_COATED_OSMIUM,,,10011.0,6,BUY,9995.0,10011.0,10003.0,8.0,16.0,0.0,False,False,0,5,4,6,-7.0,-7.0,-7.0
-1,512500,ASH_COATED_OSMIUM,,,10012.0,4,BUY,,10012.0,10012.0,0.0,,0.0,False,False,0,5,4,6,-6.0,-9.0,-17.0
-1,512800,ASH_COATED_OSMIUM,,,9996.0,7,SELL,9996.0,10012.0,10004.0,-8.0,0.0,-16.0,False,False,0,8,7,9,9.5,0.0,0.0
-1,514300,ASH_COATED_OSMIUM,,,9996.0,5,SELL,9996.0,10012.0,10004.0,-8.0,0.0,-16.0,False,False,0,5,4,6,0.0,9.0,9.5
-1,516100,ASH_COATED_OSMIUM,,,10013.0,5,BUY,9997.0,10013.0,10005.0,8.0,16.0,0.0,False,False,0,5,4,6,-7.5,-9.5,-9.0
-1,517200,ASH_COATED_OSMIUM,,,10012.0,5,BUY,9996.0,10012.0,10004.0,8.0,16.0,0.0,False,False,0,5,4,6,-8.0,-16.0,-11.0
-1,521800,ASH_COATED_OSMIUM,,,9995.0,4,SELL,9995.0,10011.0,10003.0,-8.0,0.0,-16.0,False,False,0,5,4,6,8.0,13.0,6.5
-1,522500,ASH_COATED_OSMIUM,,,10011.0,5,BUY,9995.0,10011.0,10003.0,8.0,16.0,0.0,False,False,0,5,4,6,-7.0,-8.0,-8.0
-1,525700,ASH_COATED_OSMIUM,,,9994.0,4,SELL,9994.0,10013.0,10003.5,-9.5,0.0,-19.0,False,False,0,5,4,6,8.0,17.0,9.0
-1,532300,ASH_COATED_OSMIUM,,,9994.0,3,SELL,9994.0,10013.0,10003.5,-9.5,0.0,-19.0,False,False,50,2,2,3,3.5,18.0,-1.0
-1,536100,ASH_COATED_OSMIUM,,,9994.0,6,SELL,9994.0,10010.0,10002.0,-8.0,0.0,-16.0,False,False,0,5,4,6,3.5,7.0,5.5
-1,537200,ASH_COATED_OSMIUM,,,10012.0,3,BUY,9993.0,10012.0,10002.5,9.5,19.0,0.0,False,False,0,2,2,3,-20.0,-14.5,-13.0
-1,540100,ASH_COATED_OSMIUM,,,10007.0,2,BUY,9991.0,10007.0,9999.0,8.0,16.0,0.0,False,False,0,2,2,3,-7.5,-8.0,-8.0
-1,547300,ASH_COATED_OSMIUM,,,9987.0,9,SELL,9987.0,10005.0,9996.0,-9.0,0.0,-18.0,False,False,0,8,7,9,11.0,11.0,12.0
-1,552900,ASH_COATED_OSMIUM,,,9990.0,10,SELL,9990.0,10006.0,9998.0,-8.0,0.0,-16.0,False,False,0,10,10,10,8.5,9.0,7.5
-1,554400,ASH_COATED_OSMIUM,,,9990.0,10,SELL,9990.0,10008.0,9999.0,-9.0,0.0,-18.0,False,False,0,10,10,10,9.0,10.0,5.5
-1,556700,ASH_COATED_OSMIUM,,,9991.0,2,SELL,9991.0,10007.0,9999.0,-8.0,0.0,-16.0,False,False,0,2,2,3,7.0,8.0,7.5
-1,557700,ASH_COATED_OSMIUM,,,9990.0,8,SELL,9990.0,10006.0,9998.0,-8.0,0.0,-16.0,False,False,0,8,7,9,18.0,15.0,6.0
-1,560300,ASH_COATED_OSMIUM,,,10004.0,6,BUY,9986.0,10004.0,9995.0,9.0,18.0,0.0,False,False,0,5,4,6,-0.5,-8.0,-8.0
-1,566600,ASH_COATED_OSMIUM,,,10004.0,7,BUY,9988.0,10004.0,9996.0,8.0,16.0,0.0,False,False,0,8,7,9,-7.5,-5.0,-5.5
-1,567300,ASH_COATED_OSMIUM,,,9988.0,10,SELL,9988.0,10006.0,9997.0,-9.0,0.0,-18.0,False,False,0,10,10,10,9.0,13.0,11.0
-1,573200,ASH_COATED_OSMIUM,,,10001.0,2,BUY,,10001.0,10001.0,0.0,,0.0,False,False,0,2,2,3,-2.0,-1.0,-2.0
-1,574100,ASH_COATED_OSMIUM,,,10008.0,5,BUY,9992.0,10008.0,10000.0,8.0,16.0,0.0,False,False,0,5,4,6,-11.5,-8.0,-16.0
-1,574200,ASH_COATED_OSMIUM,,,9993.0,2,SELL,9993.0,10009.0,10001.0,-8.0,0.0,-16.0,False,False,0,2,2,3,7.0,7.0,7.0
-1,574500,ASH_COATED_OSMIUM,,,9992.0,3,SELL,9992.0,10008.0,10000.0,-8.0,0.0,-16.0,False,False,0,2,2,3,8.0,8.0,6.0
-1,581500,ASH_COATED_OSMIUM,,,10007.0,2,BUY,9991.0,10007.0,9999.0,8.0,16.0,0.0,False,False,0,2,2,3,-8.0,0.0,-7.0
-1,583900,ASH_COATED_OSMIUM,,,10008.0,7,BUY,9989.0,10008.0,9998.5,9.5,19.0,0.0,False,False,0,8,7,9,-7.5,-7.0,-7.0
-1,584000,ASH_COATED_OSMIUM,,,10007.0,8,BUY,9989.0,10007.0,9998.0,9.0,18.0,0.0,False,False,0,8,7,9,-7.0,-7.0,-12.0
-1,590300,ASH_COATED_OSMIUM,,,10002.0,3,BUY,9993.0,10002.0,9997.5,4.5,9.0,0.0,False,False,5,2,2,3,2.5,-3.5,-3.0
-1,595000,ASH_COATED_OSMIUM,,,10005.0,2,BUY,9989.0,10005.0,9997.0,8.0,16.0,0.0,False,False,0,2,2,3,-7.0,-7.0,-5.0
-1,600600,ASH_COATED_OSMIUM,,,9992.0,6,SELL,9992.0,10008.0,10000.0,-8.0,0.0,-16.0,False,False,0,5,4,6,7.0,7.0,8.0
-1,603100,ASH_COATED_OSMIUM,,,9991.0,3,SELL,9991.0,10007.0,9999.0,-8.0,0.0,-16.0,False,False,0,2,2,3,9.0,6.5,10.0
-1,607400,ASH_COATED_OSMIUM,,,9992.0,3,SELL,9992.0,10008.0,10000.0,-8.0,0.0,-16.0,False,False,0,2,2,3,8.0,9.0,14.0
-1,607800,ASH_COATED_OSMIUM,,,10008.0,5,BUY,9989.0,10008.0,9998.5,9.5,19.0,0.0,False,False,0,5,4,6,-6.5,-7.0,-2.0
-1,611600,ASH_COATED_OSMIUM,,,9994.0,6,SELL,9994.0,10012.0,10003.0,-9.0,0.0,-18.0,False,False,0,5,4,6,11.0,11.5,9.0
-1,611900,ASH_COATED_OSMIUM,,,9997.0,5,SELL,9997.0,10016.0,10006.5,-9.5,0.0,-19.0,False,False,0,5,4,6,9.0,17.0,5.0
-1,612000,ASH_COATED_OSMIUM,,,10007.0,2,BUY,9998.0,10007.0,10002.5,4.5,9.0,0.0,False,False,20,2,2,3,-1.0,5.0,-5.0
-1,615600,ASH_COATED_OSMIUM,,,10011.0,5,BUY,9995.0,10011.0,10003.0,8.0,16.0,0.0,False,False,0,5,4,6,-8.0,-9.0,-9.0
-1,620700,ASH_COATED_OSMIUM,,,10010.0,8,BUY,9994.0,10010.0,10002.0,8.0,16.0,0.0,False,False,0,8,7,9,-9.0,-7.0,-7.0
-1,622900,ASH_COATED_OSMIUM,,,10012.0,4,BUY,9993.0,10012.0,10002.5,9.5,19.0,0.0,False,False,0,5,4,6,-7.0,0.0,-11.5
-1,624500,ASH_COATED_OSMIUM,,,9996.0,6,SELL,9996.0,10012.0,10004.0,-8.0,0.0,-16.0,False,False,0,5,4,6,6.0,7.0,5.0
-1,628900,ASH_COATED_OSMIUM,,,10013.0,6,BUY,9994.0,10013.0,10003.5,9.5,19.0,0.0,False,False,0,5,4,6,-12.0,-13.0,-12.5
-1,632300,ASH_COATED_OSMIUM,,,10009.0,5,BUY,9990.0,10009.0,9999.5,9.5,19.0,0.0,False,False,50,5,4,6,-6.5,-8.0,3.0
-1,634200,ASH_COATED_OSMIUM,,,9994.0,2,SELL,9994.0,10012.0,10003.0,-9.0,0.0,-18.0,False,False,0,2,2,3,8.0,10.0,2.0
-1,639100,ASH_COATED_OSMIUM,,,10014.0,8,BUY,9995.0,10014.0,10004.5,9.5,19.0,0.0,False,False,0,8,7,9,-10.0,-8.0,-9.0
-1,640600,ASH_COATED_OSMIUM,,,10002.0,3,SELL,10002.0,10013.0,10007.5,-5.5,0.0,-11.0,False,False,0,2,2,3,4.0,3.0,2.0
-1,642000,ASH_COATED_OSMIUM,,,10016.0,5,BUY,9998.0,10016.0,10007.0,9.0,18.0,0.0,False,False,0,5,4,6,-11.0,-12.0,-10.0
-1,642900,ASH_COATED_OSMIUM,,,10012.0,6,BUY,,10012.0,10012.0,0.0,,0.0,False,False,0,5,4,6,-8.0,-6.5,-5.0
-1,644300,ASH_COATED_OSMIUM,,,10012.0,6,BUY,9994.0,10012.0,10003.0,9.0,18.0,0.0,False,False,0,5,4,6,-6.0,-6.0,-5.0
-1,645600,ASH_COATED_OSMIUM,,,9996.0,2,SELL,9996.0,10012.0,10004.0,-8.0,0.0,-16.0,False,False,0,2,2,3,9.0,11.0,12.5
-1,645700,ASH_COATED_OSMIUM,,,10012.0,8,BUY,9996.0,10012.0,10004.0,8.0,16.0,0.0,False,False,0,8,7,9,-7.0,-5.0,-5.0
-1,647500,ASH_COATED_OSMIUM,,,10015.0,5,BUY,9999.0,10015.0,10007.0,8.0,16.0,0.0,False,False,0,5,4,6,-8.5,-8.0,-5.5
-1,650600,ASH_COATED_OSMIUM,,,9999.0,4,SELL,9999.0,10018.0,10008.5,-9.5,0.0,-19.0,False,False,0,5,4,6,6.5,8.5,6.0
-1,653900,ASH_COATED_OSMIUM,,,10000.0,6,SELL,10000.0,10016.0,10008.0,-8.0,0.0,-16.0,False,False,0,5,4,6,7.0,14.0,9.0
-1,654800,ASH_COATED_OSMIUM,,,9998.0,6,SELL,9998.0,10014.0,10006.0,-8.0,0.0,-16.0,False,False,0,5,4,6,8.0,10.0,11.0
-1,656100,ASH_COATED_OSMIUM,,,9998.0,3,SELL,9998.0,10014.0,10006.0,-8.0,0.0,-16.0,False,False,0,2,2,3,9.0,9.0,12.5
-1,656900,ASH_COATED_OSMIUM,,,10000.0,10,SELL,10000.0,10018.0,10009.0,-9.0,0.0,-18.0,False,False,0,10,10,10,8.0,9.0,8.0
-1,658200,ASH_COATED_OSMIUM,,,10000.0,3,SELL,10000.0,10016.0,10008.0,-8.0,0.0,-16.0,False,False,0,2,2,3,8.5,9.0,8.0
-1,658400,ASH_COATED_OSMIUM,,,10016.0,9,BUY,10000.0,10016.0,10008.0,8.0,16.0,0.0,False,False,0,8,7,9,-7.0,-8.0,-9.0
-1,658500,ASH_COATED_OSMIUM,,,10019.0,2,BUY,9998.0,10019.0,10008.5,10.5,21.0,0.0,False,True,0,2,2,3,-10.0,-10.0,-12.0
-1,660400,ASH_COATED_OSMIUM,,,10017.0,4,BUY,9999.0,10017.0,10008.0,9.0,18.0,0.0,False,False,0,5,4,6,-16.0,-8.5,-8.0
-1,666600,ASH_COATED_OSMIUM,,,10001.0,4,SELL,10001.0,10020.0,10010.5,-9.5,0.0,-19.0,False,False,0,5,4,6,9.0,10.0,10.0
-1,667000,ASH_COATED_OSMIUM,,,10002.0,5,SELL,10002.0,10012.0,10007.0,-5.0,0.0,-10.0,False,False,0,5,4,6,8.0,7.5,10.5
-1,668200,ASH_COATED_OSMIUM,,,10018.0,2,BUY,10002.0,10018.0,10010.0,8.0,16.0,0.0,False,False,0,2,2,3,-7.0,-7.0,-8.0
-1,673600,ASH_COATED_OSMIUM,,,10001.0,10,SELL,10001.0,10017.0,10009.0,-8.0,0.0,-16.0,False,False,0,10,10,10,4.0,7.5,7.0
-1,677000,ASH_COATED_OSMIUM,,,10000.0,4,SELL,10000.0,10016.0,10008.0,-8.0,0.0,-16.0,False,False,0,5,4,6,7.0,8.0,8.0
-1,677300,ASH_COATED_OSMIUM,,,10000.0,2,SELL,10000.0,10016.0,10008.0,-8.0,0.0,-16.0,False,False,0,2,2,3,8.0,1.0,8.0
-1,679400,ASH_COATED_OSMIUM,,,10015.0,5,BUY,,10015.0,10015.0,0.0,,0.0,False,False,0,5,4,6,-9.0,-8.0,-7.0
-1,681200,ASH_COATED_OSMIUM,,,10016.0,9,BUY,10000.0,10016.0,10008.0,8.0,16.0,0.0,False,False,0,8,7,9,-9.0,-9.0,-10.0
-1,681900,ASH_COATED_OSMIUM,,,9999.0,9,SELL,9999.0,10015.0,10007.0,-8.0,0.0,-16.0,False,False,0,8,7,9,9.0,10.5,10.0
-1,683100,ASH_COATED_OSMIUM,,,10016.0,4,BUY,10000.0,10016.0,10008.0,8.0,16.0,0.0,False,False,0,5,4,6,-8.0,-8.0,-8.5
-1,685400,ASH_COATED_OSMIUM,,,10016.0,7,BUY,9998.0,10016.0,10007.0,9.0,18.0,0.0,False,False,0,8,7,9,-9.0,-8.0,-9.0
-1,689500,ASH_COATED_OSMIUM,,,10015.0,6,BUY,9999.0,10015.0,10007.0,8.0,16.0,0.0,False,False,0,5,4,6,-9.0,-10.5,-10.0
-1,690500,ASH_COATED_OSMIUM,,,9998.0,5,SELL,9998.0,10014.0,10006.0,-8.0,0.0,-16.0,False,False,0,5,4,6,9.0,10.5,0.0
-1,691000,ASH_COATED_OSMIUM,,,9998.0,4,SELL,9998.0,10016.0,10007.0,-9.0,0.0,-18.0,False,False,0,5,4,6,6.5,9.0,11.5
-1,699900,ASH_COATED_OSMIUM,,,10013.0,6,BUY,10002.0,10013.0,10007.5,5.5,11.0,0.0,False,False,0,5,4,6,-8.0,-8.0,-10.0
-1,699900,ASH_COATED_OSMIUM,,,10013.0,4,BUY,10002.0,10013.0,10007.5,5.5,11.0,0.0,False,False,0,5,4,6,-8.0,-8.0,-10.0
-1,700500,ASH_COATED_OSMIUM,,,10013.0,6,BUY,9997.0,10013.0,10005.0,8.0,16.0,0.0,False,False,0,5,4,6,-11.5,-17.0,-5.5
-1,700600,ASH_COATED_OSMIUM,,,9997.0,3,SELL,9997.0,10013.0,10005.0,-8.0,0.0,-16.0,False,False,0,2,2,3,6.0,7.0,8.0
-1,703300,ASH_COATED_OSMIUM,,,9993.0,4,SELL,9993.0,10012.0,10002.5,-9.5,0.0,-19.0,False,False,0,5,4,6,10.5,12.0,8.5
-1,704100,ASH_COATED_OSMIUM,,,9995.0,2,SELL,9995.0,10011.0,10003.0,-8.0,0.0,-16.0,False,False,0,2,2,3,9.5,9.0,7.0
-1,705400,ASH_COATED_OSMIUM,,,9996.0,7,SELL,9996.0,10012.0,10004.0,-8.0,0.0,-16.0,False,False,20,8,7,9,8.0,-3.0,5.0
-1,708000,ASH_COATED_OSMIUM,,,9995.0,5,SELL,9995.0,10011.0,10003.0,-8.0,0.0,-16.0,False,False,0,5,4,6,0.0,10.0,4.0
-1,708900,ASH_COATED_OSMIUM,,,9995.0,6,SELL,9995.0,10011.0,10003.0,-8.0,0.0,-16.0,False,False,0,5,4,6,8.0,7.0,6.0
-1,710200,ASH_COATED_OSMIUM,,,10008.0,8,BUY,9992.0,10008.0,10000.0,8.0,16.0,0.0,False,False,0,8,7,9,-8.0,-10.0,-7.0
-1,712300,ASH_COATED_OSMIUM,,,10006.0,5,BUY,9990.0,10006.0,9998.0,8.0,16.0,0.0,False,False,0,5,4,6,-7.0,-4.0,-4.0
-1,714900,ASH_COATED_OSMIUM,,,9999.0,5,BUY,9993.0,9999.0,9996.0,3.0,6.0,0.0,False,False,50,5,4,6,10.0,3.0,3.0
-1,720600,ASH_COATED_OSMIUM,,,10012.0,4,BUY,9994.0,10012.0,10003.0,9.0,18.0,0.0,False,False,0,5,4,6,-11.5,-13.0,-12.0
-1,723300,ASH_COATED_OSMIUM,,,9990.0,6,SELL,9990.0,10006.0,9998.0,-8.0,0.0,-16.0,False,False,0,5,4,6,8.0,10.5,8.5
-1,725700,ASH_COATED_OSMIUM,,,9992.0,8,SELL,9992.0,10008.0,10000.0,-8.0,0.0,-16.0,False,False,0,8,7,9,8.0,8.0,8.5
-1,726200,ASH_COATED_OSMIUM,,,9992.0,5,SELL,9992.0,10008.0,10000.0,-8.0,0.0,-16.0,False,False,0,5,4,6,10.0,10.5,8.0
-1,729100,ASH_COATED_OSMIUM,,,10008.0,8,BUY,9992.0,10008.0,10000.0,8.0,16.0,0.0,False,False,0,8,7,9,-9.0,-9.0,-11.5
-1,729500,ASH_COATED_OSMIUM,,,9991.0,5,SELL,9991.0,,9991.0,0.0,0.0,,False,False,0,5,4,6,7.0,5.0,7.0
-1,730400,ASH_COATED_OSMIUM,,,10006.0,6,BUY,9990.0,10006.0,9998.0,8.0,16.0,0.0,False,False,0,5,4,6,-7.0,-7.0,-9.0
-1,730700,ASH_COATED_OSMIUM,,,9995.0,2,SELL,9995.0,10006.0,10000.5,-5.5,0.0,-11.0,False,False,0,2,2,3,5.0,5.0,2.0
-1,731200,ASH_COATED_OSMIUM,,,10008.0,9,BUY,9992.0,10008.0,10000.0,8.0,16.0,0.0,False,False,0,8,7,9,-8.0,-8.5,-10.0
-1,734900,ASH_COATED_OSMIUM,,,9989.0,5,SELL,9989.0,10005.0,9997.0,-8.0,0.0,-16.0,False,False,0,5,4,6,8.0,8.0,8.0
-1,735000,ASH_COATED_OSMIUM,,,10005.0,5,BUY,9989.0,10005.0,9997.0,8.0,16.0,0.0,False,False,0,5,4,6,-7.0,-8.0,-16.0
-1,736700,ASH_COATED_OSMIUM,,,10008.0,5,BUY,9989.0,10008.0,9998.5,9.5,19.0,0.0,False,False,0,5,4,6,-12.0,-12.0,-11.0
-1,739400,ASH_COATED_OSMIUM,,,10007.0,6,BUY,9989.0,10007.0,9998.0,9.0,18.0,0.0,False,False,0,5,4,6,-10.0,-10.0,-14.0
-1,739500,ASH_COATED_OSMIUM,,,9987.0,10,SELL,9987.0,10005.0,9996.0,-9.0,0.0,-18.0,False,False,0,10,10,10,2.0,10.0,6.0
-1,742000,ASH_COATED_OSMIUM,,,10005.0,5,BUY,9989.0,10005.0,9997.0,8.0,16.0,0.0,False,False,0,5,4,6,-7.5,-12.0,-10.0
-1,743700,ASH_COATED_OSMIUM,,,9986.0,4,SELL,9986.0,10002.0,9994.0,-8.0,0.0,-16.0,False,False,0,5,4,6,8.0,7.0,11.5
-1,745400,ASH_COATED_OSMIUM,,,9984.0,6,SELL,9984.0,10000.0,9992.0,-8.0,0.0,-16.0,False,False,0,5,4,6,17.0,11.0,21.0
-1,746100,ASH_COATED_OSMIUM,,,10001.0,8,BUY,9982.0,10001.0,9991.5,9.5,19.0,0.0,False,False,0,8,7,9,-8.0,-8.0,-5.5
-1,750400,ASH_COATED_OSMIUM,,,10005.0,5,BUY,,10005.0,10005.0,0.0,,0.0,False,False,0,5,4,6,-11.0,-12.0,-14.0
-1,752100,ASH_COATED_OSMIUM,,,10001.0,4,BUY,9985.0,10001.0,9993.0,8.0,16.0,0.0,False,False,0,5,4,6,-8.0,-9.0,-8.0
-1,754200,ASH_COATED_OSMIUM,,,10000.0,5,BUY,9984.0,10000.0,9992.0,8.0,16.0,0.0,False,False,0,5,4,6,-19.0,-10.0,-9.5
-1,755700,ASH_COATED_OSMIUM,,,10000.0,4,BUY,9982.0,10000.0,9991.0,9.0,18.0,0.0,False,False,0,5,4,6,-10.0,-8.0,-7.5
-1,756400,ASH_COATED_OSMIUM,,,9991.0,3,SELL,9991.0,10002.0,9996.5,-5.5,0.0,-11.0,False,False,20,2,2,3,2.0,-0.5,0.0
-1,756600,ASH_COATED_OSMIUM,,,9986.0,9,SELL,9986.0,10002.0,9994.0,-8.0,0.0,-16.0,False,False,0,8,7,9,7.0,5.0,9.5
-1,756900,ASH_COATED_OSMIUM,,,9985.0,5,SELL,9985.0,10001.0,9993.0,-8.0,0.0,-16.0,False,False,0,5,4,6,12.5,15.0,12.0
-1,757200,ASH_COATED_OSMIUM,,,9985.0,9,SELL,9985.0,10001.0,9993.0,-8.0,0.0,-16.0,False,False,0,8,7,9,7.0,5.5,10.0
-1,758500,ASH_COATED_OSMIUM,,,9982.0,6,SELL,9982.0,,9982.0,0.0,0.0,,False,False,0,5,4,6,10.0,12.0,16.0
-1,763900,ASH_COATED_OSMIUM,,,9988.0,6,SELL,9988.0,10004.0,9996.0,-8.0,0.0,-16.0,False,False,0,5,4,6,3.0,9.0,13.5
-1,763900,ASH_COATED_OSMIUM,,,9988.0,8,SELL,9988.0,10004.0,9996.0,-8.0,0.0,-16.0,False,False,0,8,7,9,3.0,9.0,13.5
-1,767000,ASH_COATED_OSMIUM,,,10005.0,9,BUY,,10005.0,10005.0,0.0,,0.0,False,False,0,8,7,9,-7.0,-4.0,-3.0
-1,775000,ASH_COATED_OSMIUM,,,10000.0,4,BUY,9992.0,10000.0,9996.0,4.0,8.0,0.0,False,False,20,5,4,6,2.0,0.5,0.0
-1,777200,ASH_COATED_OSMIUM,,,10010.0,10,BUY,9994.0,10010.0,10002.0,8.0,16.0,0.0,False,False,0,10,10,10,-9.0,-7.5,-10.0
-1,780100,ASH_COATED_OSMIUM,,,10009.0,2,BUY,9993.0,10009.0,10001.0,8.0,16.0,0.0,False,False,0,2,2,3,-9.0,-8.0,-10.5
-1,782500,ASH_COATED_OSMIUM,,,10008.0,7,BUY,9992.0,10008.0,10000.0,8.0,16.0,0.0,False,False,0,8,7,9,-8.0,-8.0,-8.0
-1,788000,ASH_COATED_OSMIUM,,,10008.0,5,BUY,9992.0,10008.0,10000.0,8.0,16.0,0.0,False,False,0,5,4,6,-15.0,-11.0,-12.0
-1,789700,ASH_COATED_OSMIUM,,,9991.0,2,SELL,9991.0,10007.0,9999.0,-8.0,0.0,-16.0,False,False,0,2,2,3,7.0,7.0,4.0
-1,791900,ASH_COATED_OSMIUM,,,9990.0,5,SELL,9990.0,10006.0,9998.0,-8.0,0.0,-16.0,False,False,20,5,4,6,7.0,-9990.0,5.0
-1,792300,ASH_COATED_OSMIUM,,,10005.0,10,BUY,9989.0,10005.0,9997.0,8.0,16.0,0.0,False,False,0,10,10,10,-7.0,-9.0,-19.0
-1,793700,ASH_COATED_OSMIUM,,,10004.0,10,BUY,9988.0,10004.0,9996.0,8.0,16.0,0.0,False,False,0,10,10,10,-8.0,-7.0,-14.0
-1,796500,ASH_COATED_OSMIUM,,,9993.0,4,SELL,9993.0,10004.0,9998.5,-5.5,0.0,-11.0,False,False,0,5,4,6,2.0,2.0,2.0
-1,802000,ASH_COATED_OSMIUM,,,9996.0,5,BUY,9986.0,9996.0,9991.0,5.0,10.0,0.0,False,False,0,5,4,6,-2.0,-10.0,-2.0
-1,803100,ASH_COATED_OSMIUM,,,10001.0,5,BUY,9985.0,10001.0,9993.0,8.0,16.0,0.0,False,False,0,5,4,6,-7.0,-6.0,-10.5
-1,805200,ASH_COATED_OSMIUM,,,9992.0,6,BUY,9987.0,9992.0,9989.5,2.5,5.0,0.0,False,False,50,5,4,6,1.5,3.0,4.0
-1,806000,ASH_COATED_OSMIUM,,,9986.0,2,SELL,9986.0,10002.0,9994.0,-8.0,0.0,-16.0,False,False,0,2,2,3,9.0,8.5,9.5
-1,810700,ASH_COATED_OSMIUM,,,10003.0,2,BUY,9987.0,10003.0,9995.0,8.0,16.0,0.0,False,False,0,2,2,3,-8.0,-8.0,-7.0
-1,815600,ASH_COATED_OSMIUM,,,10004.0,4,BUY,9985.0,10004.0,9994.5,9.5,19.0,0.0,False,False,0,5,4,6,-8.0,-9.0,-7.0
-1,821100,ASH_COATED_OSMIUM,,,10009.0,8,BUY,9990.0,10009.0,9999.5,9.5,19.0,0.0,False,False,0,8,7,9,-14.0,-4.0,-15.0
-1,823400,ASH_COATED_OSMIUM,,,10006.0,6,BUY,9987.0,10006.0,9996.5,9.5,19.0,0.0,False,False,0,5,4,6,-12.0,-14.0,-14.0
-1,832900,ASH_COATED_OSMIUM,,,9984.0,5,SELL,9984.0,10000.0,9992.0,-8.0,0.0,-16.0,False,False,0,5,4,6,9.0,10.0,10.0
-1,835700,ASH_COATED_OSMIUM,,,10003.0,8,BUY,9987.0,10003.0,9995.0,8.0,16.0,0.0,False,False,5,8,7,9,3.0,-10.0,-6.0
-1,836800,ASH_COATED_OSMIUM,,,9986.0,7,SELL,9986.0,10002.0,9994.0,-8.0,0.0,-16.0,False,False,0,8,7,9,8.0,7.0,10.0
-1,839700,ASH_COATED_OSMIUM,,,10002.0,4,BUY,9986.0,10002.0,9994.0,8.0,16.0,0.0,False,False,50,5,4,6,-7.0,-5.5,3.0
-1,843000,ASH_COATED_OSMIUM,,,9998.0,5,BUY,9989.0,9998.0,9993.5,4.5,9.0,0.0,False,False,50,5,4,6,-1.0,-1.0,6.0
-1,843300,ASH_COATED_OSMIUM,,,9988.0,5,SELL,9988.0,10007.0,9997.5,-9.5,0.0,-19.0,False,False,0,5,4,6,7.5,9.5,8.0
-1,843400,ASH_COATED_OSMIUM,,,9989.0,4,SELL,9989.0,10007.0,9998.0,-9.0,0.0,-18.0,False,False,0,5,4,6,6.5,7.0,7.0
-1,845300,ASH_COATED_OSMIUM,,,10007.0,3,BUY,9988.0,10007.0,9997.5,9.5,19.0,0.0,False,False,0,2,2,3,-2.0,-11.0,-10.5
-1,845600,ASH_COATED_OSMIUM,,,9998.0,3,BUY,9988.0,9998.0,9993.0,5.0,10.0,0.0,False,False,5,2,2,3,4.0,-0.5,-1.0
-1,846900,ASH_COATED_OSMIUM,,,10007.0,2,BUY,9989.0,10007.0,9998.0,9.0,18.0,0.0,False,False,0,2,2,3,-2.0,-12.5,-10.0
-1,847500,ASH_COATED_OSMIUM,,,10004.0,5,BUY,9988.0,10004.0,9996.0,8.0,16.0,0.0,False,False,0,5,4,6,0.0,-7.0,-8.0
-1,847500,ASH_COATED_OSMIUM,,,10004.0,7,BUY,9988.0,10004.0,9996.0,8.0,16.0,0.0,False,False,0,8,7,9,0.0,-7.0,-8.0
-1,847800,ASH_COATED_OSMIUM,,,9988.0,7,SELL,9988.0,10004.0,9996.0,-8.0,0.0,-16.0,False,False,0,8,7,9,8.0,9.0,9.0
-1,848300,ASH_COATED_OSMIUM,,,9988.0,5,SELL,9988.0,10004.0,9996.0,-8.0,0.0,-16.0,False,False,0,5,4,6,8.0,8.5,9.0
-1,851800,ASH_COATED_OSMIUM,,,10005.0,6,BUY,9986.0,10005.0,9995.5,9.5,19.0,0.0,False,False,0,5,4,6,-7.5,-16.0,-7.0
-1,852300,ASH_COATED_OSMIUM,,,9988.0,3,SELL,9988.0,10007.0,9997.5,-9.5,0.0,-19.0,False,False,0,2,2,3,9.0,9.0,11.0
-1,852500,ASH_COATED_OSMIUM,,,9987.0,3,SELL,9987.0,10005.0,9996.0,-9.0,0.0,-18.0,False,False,0,2,2,3,9.5,8.5,12.0
-1,859700,ASH_COATED_OSMIUM,,,9990.0,4,SELL,9990.0,10008.0,9999.0,-9.0,0.0,-18.0,False,False,0,5,4,6,8.0,10.0,10.0
-1,861800,ASH_COATED_OSMIUM,,,10008.0,2,BUY,9992.0,10008.0,10000.0,8.0,16.0,0.0,False,False,0,2,2,3,-7.0,-9.0,-11.0
-1,864800,ASH_COATED_OSMIUM,,,10010.0,8,BUY,9991.0,10010.0,10000.5,9.5,19.0,0.0,False,False,0,8,7,9,-12.0,-13.0,-4.5
-1,865000,ASH_COATED_OSMIUM,,,9991.0,6,SELL,9991.0,10007.0,9999.0,-8.0,0.0,-16.0,False,False,0,5,4,6,5.0,6.5,11.0
-1,867800,ASH_COATED_OSMIUM,,,9991.0,3,SELL,9991.0,10009.0,10000.0,-9.0,0.0,-18.0,False,False,0,2,2,3,9.0,14.5,13.5
-1,870900,ASH_COATED_OSMIUM,,,10011.0,5,BUY,9995.0,10011.0,10003.0,8.0,16.0,0.0,False,False,0,5,4,6,-7.5,-10.0,-6.5
-1,871500,ASH_COATED_OSMIUM,,,9995.0,2,SELL,9995.0,10011.0,10003.0,-8.0,0.0,-16.0,False,False,0,2,2,3,6.0,5.0,5.0
-1,871700,ASH_COATED_OSMIUM,,,10010.0,2,BUY,9992.0,10010.0,10001.0,9.0,18.0,0.0,False,False,0,2,2,3,-8.0,-10.0,-9.0
-1,877900,ASH_COATED_OSMIUM,,,9994.0,7,SELL,9994.0,10010.0,10002.0,-8.0,0.0,-16.0,False,False,0,8,7,9,7.0,9.0,10.0
-1,878200,ASH_COATED_OSMIUM,,,10009.0,5,BUY,9993.0,10009.0,10001.0,8.0,16.0,0.0,False,False,0,5,4,6,-8.0,-14.0,-6.0
-1,880800,ASH_COATED_OSMIUM,,,9995.0,4,SELL,9995.0,10011.0,10003.0,-8.0,0.0,-16.0,False,False,0,5,4,6,7.0,7.5,7.0
-1,887700,ASH_COATED_OSMIUM,,,10010.0,6,BUY,9991.0,10010.0,10000.5,9.5,19.0,0.0,False,False,0,5,4,6,-8.0,-9.0,0.0
-1,892900,ASH_COATED_OSMIUM,,,10011.0,8,BUY,9995.0,10011.0,10003.0,8.0,16.0,0.0,False,False,0,8,7,9,-8.0,-5.0,-11.0
-1,893200,ASH_COATED_OSMIUM,,,9992.0,4,SELL,9992.0,10011.0,10001.5,-9.5,0.0,-19.0,False,False,0,5,4,6,13.0,9.0,14.0
-1,899200,ASH_COATED_OSMIUM,,,10008.0,5,BUY,9992.0,10008.0,10000.0,8.0,16.0,0.0,False,False,0,5,4,6,-8.0,-9.0,-7.0
-1,901900,ASH_COATED_OSMIUM,,,10000.0,3,SELL,10000.0,10009.0,10004.5,-4.5,0.0,-9.0,False,False,50,2,2,3,-1.0,-1.0,-1.0
-1,904700,ASH_COATED_OSMIUM,,,10005.0,3,BUY,9989.0,10005.0,9997.0,8.0,16.0,0.0,False,False,0,2,2,3,-7.0,-11.5,-6.0
-1,905000,ASH_COATED_OSMIUM,,,9990.0,10,SELL,9990.0,10009.0,9999.5,-9.5,0.0,-19.0,False,False,0,10,10,10,8.0,9.0,11.5
-1,905100,ASH_COATED_OSMIUM,,,9990.0,4,SELL,9990.0,10009.0,9999.5,-9.5,0.0,-19.0,False,False,0,5,4,6,8.0,7.5,13.5
-1,905900,ASH_COATED_OSMIUM,,,10007.0,5,BUY,9991.0,10007.0,9999.0,8.0,16.0,0.0,False,False,0,5,4,6,-7.0,-6.5,-8.0
-1,909400,ASH_COATED_OSMIUM,,,9988.0,4,SELL,9988.0,10006.0,9997.0,-9.0,0.0,-18.0,False,False,0,5,4,6,11.0,9.0,8.0
-1,909900,ASH_COATED_OSMIUM,,,10007.0,8,BUY,9991.0,10007.0,9999.0,8.0,16.0,0.0,False,False,0,8,7,9,-8.0,-10.0,-10.0
-1,911200,ASH_COATED_OSMIUM,,,10006.0,2,BUY,9990.0,10006.0,9998.0,8.0,16.0,0.0,False,False,0,2,2,3,-9.0,-11.0,-7.0
-1,912400,ASH_COATED_OSMIUM,,,10005.0,3,BUY,9986.0,10005.0,9995.5,9.5,19.0,0.0,False,False,0,2,2,3,-7.0,-9.0,-8.5
-1,917900,ASH_COATED_OSMIUM,,,10005.0,5,BUY,9989.0,10005.0,9997.0,8.0,16.0,0.0,False,False,50,5,4,6,-7.0,-8.0,1.0
-1,919000,ASH_COATED_OSMIUM,,,9989.0,3,SELL,9989.0,10008.0,9998.5,-9.5,0.0,-19.0,False,False,0,2,2,3,8.0,8.0,8.0
-1,920700,ASH_COATED_OSMIUM,,,10004.0,3,BUY,9988.0,10004.0,9996.0,8.0,16.0,0.0,False,False,0,2,2,3,-6.0,-6.0,-1.5
-1,921200,ASH_COATED_OSMIUM,,,10007.0,10,BUY,9989.0,10007.0,9998.0,9.0,18.0,0.0,False,False,0,10,10,10,-11.0,-9.0,-9.0
-1,923500,ASH_COATED_OSMIUM,,,9989.0,3,SELL,9989.0,10005.0,9997.0,-8.0,0.0,-16.0,False,False,0,2,2,3,8.0,8.0,8.0
-1,923800,ASH_COATED_OSMIUM,,,9999.0,4,SELL,9999.0,10006.0,10002.5,-3.5,0.0,-7.0,False,False,50,5,4,6,-2.0,0.5,-1.0
-1,928300,ASH_COATED_OSMIUM,,,9988.0,3,SELL,9988.0,10004.0,9996.0,-8.0,0.0,-16.0,False,False,0,2,2,3,10.0,9.0,10.0
-1,928900,ASH_COATED_OSMIUM,,,9989.0,4,SELL,9989.0,10005.0,9997.0,-8.0,0.0,-16.0,False,False,0,5,4,6,8.0,9.0,10.0
-1,929500,ASH_COATED_OSMIUM,,,10005.0,2,BUY,9989.0,10005.0,9997.0,8.0,16.0,0.0,False,False,0,2,2,3,-8.0,-7.0,-6.0
-1,930800,ASH_COATED_OSMIUM,,,9990.0,6,SELL,9990.0,10008.0,9999.0,-9.0,0.0,-18.0,False,False,0,5,4,6,0.0,16.0,9.0
-1,932600,ASH_COATED_OSMIUM,,,10006.0,10,BUY,9990.0,10006.0,9998.0,8.0,16.0,0.0,False,False,0,10,10,10,-8.0,-8.0,-8.0
-1,934100,ASH_COATED_OSMIUM,,,10005.0,3,BUY,9989.0,10005.0,9997.0,8.0,16.0,0.0,False,False,0,2,2,3,-7.0,-6.0,-8.0
-1,935900,ASH_COATED_OSMIUM,,,9989.0,8,SELL,9989.0,10005.0,9997.0,-8.0,0.0,-16.0,False,False,0,8,7,9,9.0,17.0,8.5
-1,938900,ASH_COATED_OSMIUM,,,10006.0,2,BUY,9990.0,10006.0,9998.0,8.0,16.0,0.0,False,False,0,2,2,3,-8.0,-8.5,-7.0
-1,939400,ASH_COATED_OSMIUM,,,10006.0,6,BUY,9990.0,10006.0,9998.0,8.0,16.0,0.0,False,False,0,5,4,6,0.0,-7.0,-13.0
-1,939500,ASH_COATED_OSMIUM,,,10006.0,9,BUY,9990.0,10006.0,9998.0,8.0,16.0,0.0,False,False,0,8,7,9,-2.5,-7.0,-5.0
-1,946100,ASH_COATED_OSMIUM,,,9994.0,10,SELL,9994.0,10013.0,10003.5,-9.5,0.0,-19.0,False,False,0,10,10,10,8.0,8.0,4.5
-1,948400,ASH_COATED_OSMIUM,,,10011.0,7,BUY,9993.0,10011.0,10002.0,9.0,18.0,0.0,False,False,0,8,7,9,-8.0,-5.0,-9.5
-1,949400,ASH_COATED_OSMIUM,,,10011.0,2,BUY,9993.0,10011.0,10002.0,9.0,18.0,0.0,False,False,0,2,2,3,-8.0,-8.5,-8.0
-1,956400,ASH_COATED_OSMIUM,,,9995.0,3,SELL,9995.0,10013.0,10004.0,-9.0,0.0,-18.0,False,False,0,2,2,3,8.0,9.0,11.0
-1,960200,ASH_COATED_OSMIUM,,,9997.0,4,SELL,9997.0,10013.0,10005.0,-8.0,0.0,-16.0,False,False,0,5,4,6,8.0,10.0,4.5
-1,964200,ASH_COATED_OSMIUM,,,10012.0,3,BUY,9996.0,10012.0,10004.0,8.0,16.0,0.0,False,False,0,2,2,3,-8.5,-7.0,-16.0
-1,971100,ASH_COATED_OSMIUM,,,10010.0,5,BUY,9992.0,10010.0,10001.0,9.0,18.0,0.0,False,False,0,5,4,6,-7.0,-8.0,-8.0
-1,974800,ASH_COATED_OSMIUM,,,10009.0,4,BUY,,10009.0,10009.0,0.0,,0.0,False,False,0,5,4,6,-6.0,-7.0,-5.0
-1,975300,ASH_COATED_OSMIUM,,,9994.0,2,SELL,9994.0,10012.0,10003.0,-9.0,0.0,-18.0,False,False,0,2,2,3,7.0,3.0,11.0
-1,975700,ASH_COATED_OSMIUM,,,10010.0,3,BUY,9994.0,10010.0,10002.0,8.0,16.0,0.0,False,False,0,2,2,3,-10010.0,-5.5,-6.0
-1,976500,ASH_COATED_OSMIUM,,,9991.0,6,SELL,9991.0,10010.0,10000.5,-9.5,0.0,-19.0,False,False,0,5,4,6,12.5,11.0,14.0
-1,978400,ASH_COATED_OSMIUM,,,9992.0,3,SELL,9992.0,10010.0,10001.0,-9.0,0.0,-18.0,False,False,0,2,2,3,10.0,11.0,12.0
-1,981000,ASH_COATED_OSMIUM,,,10012.0,5,BUY,9994.0,10012.0,10003.0,9.0,18.0,0.0,False,False,0,5,4,6,-7.0,-7.0,-8.0
-1,984300,ASH_COATED_OSMIUM,,,10012.0,4,BUY,9996.0,10012.0,10004.0,8.0,16.0,0.0,False,False,0,5,4,6,-7.0,-9.5,-10.0
-1,985500,ASH_COATED_OSMIUM,,,9996.0,3,SELL,9996.0,10012.0,10004.0,-8.0,0.0,-16.0,False,False,0,2,2,3,8.0,8.0,5.0
-1,986400,ASH_COATED_OSMIUM,,,10012.0,3,BUY,9996.0,10012.0,10004.0,8.0,16.0,0.0,False,False,0,2,2,3,-7.5,-9.0,-10.0
-1,986800,ASH_COATED_OSMIUM,,,9995.0,6,SELL,9995.0,10014.0,10004.5,-9.5,0.0,-19.0,False,False,0,5,4,6,8.0,16.0,7.0
-1,987300,ASH_COATED_OSMIUM,,,10011.0,6,BUY,9995.0,10011.0,10003.0,8.0,16.0,0.0,False,False,0,5,4,6,-8.0,-9.0,-11.0
-1,989100,ASH_COATED_OSMIUM,,,9994.0,2,SELL,9994.0,10010.0,10002.0,-8.0,0.0,-16.0,False,False,0,2,2,3,12.5,8.0,8.5
-1,991400,ASH_COATED_OSMIUM,,,9993.0,9,SELL,9993.0,10011.0,10002.0,-9.0,0.0,-18.0,False,False,0,8,7,9,8.0,7.5,8.0
-1,993300,ASH_COATED_OSMIUM,,,9994.0,5,SELL,9994.0,10012.0,10003.0,-9.0,0.0,-18.0,False,False,0,5,4,6,7.0,8.0,8.0
-1,995400,ASH_COATED_OSMIUM,,,10010.0,6,BUY,9994.0,10010.0,10002.0,8.0,16.0,0.0,False,False,0,5,4,6,-9.0,-12.0,
-1,997000,ASH_COATED_OSMIUM,,,9992.0,4,SELL,9992.0,10011.0,10001.5,-9.5,0.0,-19.0,False,False,0,5,4,6,9.0,10.0,
-1,4400,INTARIAN_PEPPER_ROOT,,,11010.0,5,BUY,10998.0,11010.0,11004.0,6.0,12.0,0.0,True,True,0,5,5,6,-5.0,-4.0,-2.0
-1,5000,INTARIAN_PEPPER_ROOT,,,10996.0,5,SELL,10996.0,11011.0,11003.5,-7.5,0.0,-15.0,True,False,0,5,5,6,8.5,11.0,12.5
-1,17400,INTARIAN_PEPPER_ROOT,,,11014.0,3,BUY,11011.0,11014.0,11012.5,1.5,3.0,0.0,False,True,50,3,3,4,4.0,6.5,9.5
-1,23000,INTARIAN_PEPPER_ROOT,,,11014.0,4,SELL,11014.0,11029.0,11021.5,-7.5,0.0,-15.0,False,False,0,3,3,4,8.5,11.0,14.0
-1,23100,INTARIAN_PEPPER_ROOT,,,11019.0,4,BUY,11014.0,11019.0,11016.5,2.5,5.0,0.0,False,True,50,3,3,4,5.0,7.5,10.5
-1,30400,INTARIAN_PEPPER_ROOT,,,11036.0,6,BUY,11024.0,11036.0,11030.0,6.0,12.0,0.0,False,True,0,5,5,6,-3.5,-10.0,-0.5
-1,33300,INTARIAN_PEPPER_ROOT,,,11036.0,7,SELL,11036.0,11039.0,11037.5,-1.5,0.0,-3.0,False,False,20,7,7,8,-8.0,-2.0,2.0
-1,34400,INTARIAN_PEPPER_ROOT,,,11043.0,3,BUY,11026.0,11043.0,11034.5,8.5,17.0,0.0,False,True,0,3,3,4,-8.0,-5.5,-4.0
-1,35700,INTARIAN_PEPPER_ROOT,,,11042.0,7,BUY,11039.0,11042.0,11040.5,1.5,3.0,0.0,False,False,0,7,7,8,-6.0,-3.0,0.0
-1,35700,INTARIAN_PEPPER_ROOT,,,11039.0,3,SELL,11039.0,11042.0,11040.5,-1.5,0.0,-3.0,False,False,5,3,3,4,-3.0,0.0,3.0
-1,35800,INTARIAN_PEPPER_ROOT,,,11032.0,7,BUY,11030.0,11032.0,11031.0,1.0,2.0,0.0,False,False,50,7,7,8,4.0,7.5,9.0
-1,42800,INTARIAN_PEPPER_ROOT,,,11052.0,5,BUY,11037.0,11052.0,11044.5,7.5,15.0,0.0,False,True,0,5,5,6,-7.5,-13.0,-4.0
-1,44700,INTARIAN_PEPPER_ROOT,,,11041.0,8,BUY,11039.0,11041.0,11040.0,1.0,2.0,0.0,False,False,50,7,7,8,-2.0,4.5,10.0
-1,51400,INTARIAN_PEPPER_ROOT,,,11045.0,4,SELL,11045.0,11057.0,11051.0,-6.0,0.0,-12.0,False,False,0,3,3,4,5.5,8.0,10.0
-1,57000,INTARIAN_PEPPER_ROOT,,,11063.0,4,BUY,11048.0,11063.0,11055.5,7.5,15.0,0.0,False,True,0,3,3,4,-5.5,-4.0,-1.0
-1,61700,INTARIAN_PEPPER_ROOT,,,11068.0,6,BUY,11056.0,11068.0,11062.0,6.0,12.0,0.0,False,True,0,5,5,6,-6.0,-4.0,-1.0
-1,64300,INTARIAN_PEPPER_ROOT,,,11060.0,3,BUY,11058.0,11060.0,11059.0,1.0,2.0,0.0,False,False,50,3,3,4,3.5,7.5,9.0
-1,67600,INTARIAN_PEPPER_ROOT,,,11070.0,4,SELL,11070.0,11074.0,11072.0,-2.0,0.0,-4.0,False,True,5,3,3,4,-3.5,0.0,1.5
-1,71500,INTARIAN_PEPPER_ROOT,,,11068.0,4,BUY,11065.0,11068.0,11066.5,1.5,3.0,0.0,False,False,50,3,3,4,4.0,5.5,7.5
-1,73700,INTARIAN_PEPPER_ROOT,,,11065.0,4,SELL,11065.0,11080.0,11072.5,-7.5,0.0,-15.0,False,False,0,3,3,4,9.0,12.5,14.0
-1,77200,INTARIAN_PEPPER_ROOT,,,11071.0,3,SELL,11071.0,11083.0,11077.0,-6.0,0.0,-12.0,False,True,0,3,3,4,7.0,14.0,11.0
-1,80200,INTARIAN_PEPPER_ROOT,,,11074.0,5,SELL,11074.0,11086.0,11080.0,-6.0,0.0,-12.0,False,True,0,5,5,6,4.5,8.0,11.0
-1,83000,INTARIAN_PEPPER_ROOT,,,11086.0,6,SELL,11086.0,11089.0,11087.5,-1.5,0.0,-3.0,False,True,20,5,5,6,-2.5,-1.0,3.5
-1,84400,INTARIAN_PEPPER_ROOT,,,11087.0,5,SELL,11087.0,11093.0,11090.0,-3.0,0.0,-6.0,False,True,20,5,5,6,-3.5,-1.0,3.5
-1,84600,INTARIAN_PEPPER_ROOT,,,11091.0,6,BUY,11079.0,11091.0,11085.0,6.0,12.0,0.0,False,True,0,5,5,6,-4.5,-3.0,-1.0
-1,84800,INTARIAN_PEPPER_ROOT,,,11088.0,5,SELL,11088.0,11091.0,11089.5,-1.5,0.0,-3.0,False,False,20,5,5,6,3.0,-1.0,3.5
-1,87400,INTARIAN_PEPPER_ROOT,,,11081.0,3,SELL,11081.0,11096.0,11088.5,-7.5,0.0,-15.0,False,False,0,3,3,4,5.5,9.5,5.0
-1,91700,INTARIAN_PEPPER_ROOT,,,11088.0,8,BUY,11086.0,11088.0,11087.0,1.0,2.0,0.0,False,False,50,7,7,8,5.5,6.0,9.0
-1,92500,INTARIAN_PEPPER_ROOT,,,11101.0,7,BUY,11086.0,11101.0,11093.5,7.5,15.0,0.0,False,True,0,7,7,8,-8.0,-6.5,-4.5
-1,95100,INTARIAN_PEPPER_ROOT,,,11091.0,8,BUY,11089.0,11091.0,11090.0,1.0,2.0,0.0,False,False,50,7,7,8,5.0,-3.0,7.5
-1,97200,INTARIAN_PEPPER_ROOT,,,11103.0,7,BUY,11091.0,11103.0,11097.0,6.0,12.0,0.0,False,True,0,7,7,8,-6.5,-10.0,-1.0
-1,107000,INTARIAN_PEPPER_ROOT,,,11113.0,7,BUY,11101.0,11113.0,11107.0,6.0,12.0,0.0,False,True,0,7,7,8,-4.5,-10.0,-1.0
-1,108800,INTARIAN_PEPPER_ROOT,,,11112.0,3,SELL,11112.0,11118.0,11115.0,-3.0,0.0,-6.0,False,False,20,3,3,4,-3.0,-2.5,2.0
-1,109800,INTARIAN_PEPPER_ROOT,,,11116.0,4,BUY,11104.0,11116.0,11110.0,6.0,12.0,0.0,False,True,0,3,3,4,-6.0,-4.0,-1.0
-1,117500,INTARIAN_PEPPER_ROOT,,,11111.0,6,SELL,11111.0,11124.0,11117.5,-6.5,0.0,-13.0,False,False,0,5,5,6,7.0,7.5,10.5
-1,122400,INTARIAN_PEPPER_ROOT,,,11128.0,7,BUY,11114.0,11128.0,11121.0,7.0,14.0,0.0,False,True,0,7,7,8,-10.0,-2.5,-1.0
-1,127800,INTARIAN_PEPPER_ROOT,,,11122.0,3,SELL,11122.0,11137.0,11129.5,-7.5,0.0,-15.0,False,False,0,3,3,4,6.0,8.0,12.5
-1,129500,INTARIAN_PEPPER_ROOT,,,11136.0,3,BUY,11123.0,11136.0,11129.5,6.5,13.0,0.0,False,True,0,3,3,4,-6.0,-4.5,-0.5
-1,131100,INTARIAN_PEPPER_ROOT,,,11137.0,4,BUY,11125.0,11137.0,11131.0,6.0,12.0,0.0,False,True,0,3,3,4,-5.0,-4.0,-1.0
-1,132300,INTARIAN_PEPPER_ROOT,,,11126.0,3,SELL,11126.0,11138.0,11132.0,-6.0,0.0,-12.0,False,False,0,3,3,4,8.5,8.0,11.0
-1,134400,INTARIAN_PEPPER_ROOT,,,11140.0,4,BUY,11126.0,11140.0,11133.0,7.0,14.0,0.0,False,True,0,3,3,4,-5.0,-5.0,-2.0
-1,138000,INTARIAN_PEPPER_ROOT,,,11129.0,4,SELL,11129.0,11144.0,11136.5,-7.5,0.0,-15.0,False,False,0,3,3,4,10.5,12.5,14.0
-1,141900,INTARIAN_PEPPER_ROOT,,,11136.0,4,SELL,11136.0,11148.0,11142.0,-6.0,0.0,-12.0,False,False,20,3,3,4,5.0,-11136.0,11.0
-1,148200,INTARIAN_PEPPER_ROOT,,,11142.0,7,SELL,11142.0,11154.0,11148.0,-6.0,0.0,-12.0,False,True,0,7,7,8,13.0,9.5,11.0
-1,164200,INTARIAN_PEPPER_ROOT,,,11160.0,7,BUY,11158.0,11160.0,11159.0,1.0,2.0,0.0,False,True,50,7,7,8,5.0,6.0,9.0
-1,177900,INTARIAN_PEPPER_ROOT,,,11172.0,5,SELL,11172.0,11184.0,11178.0,-6.0,0.0,-12.0,False,True,0,5,5,6,6.0,9.5,11.0
-1,185500,INTARIAN_PEPPER_ROOT,,,11188.0,5,SELL,11188.0,11192.0,11190.0,-2.0,0.0,-4.0,False,True,20,5,5,6,-2.0,-0.5,2.5
-1,189700,INTARIAN_PEPPER_ROOT,,,11186.0,6,BUY,11184.0,11186.0,11185.0,1.0,2.0,0.0,False,False,50,5,5,6,4.0,6.0,9.0
-1,191800,INTARIAN_PEPPER_ROOT,,,11186.0,4,SELL,11186.0,11198.0,11192.0,-6.0,0.0,-12.0,False,False,0,3,3,4,6.0,8.0,11.0
-1,194900,INTARIAN_PEPPER_ROOT,,,11191.0,6,BUY,11189.0,11191.0,11190.0,1.0,2.0,0.0,False,True,50,5,5,6,13.0,6.0,9.0
-1,198600,INTARIAN_PEPPER_ROOT,,,11193.0,5,SELL,11193.0,11205.0,11199.0,-6.0,0.0,-12.0,False,True,5,5,5,6,-11193.0,7.5,12.0
-1,199400,INTARIAN_PEPPER_ROOT,,,11205.0,5,BUY,11193.0,11205.0,11199.0,6.0,12.0,0.0,False,True,0,5,5,6,-5.0,-3.5,-0.5
-1,204000,INTARIAN_PEPPER_ROOT,,,11210.0,7,BUY,11198.0,11210.0,11204.0,6.0,12.0,0.0,False,True,20,7,7,8,-5.5,0.5,-1.0
-1,204600,INTARIAN_PEPPER_ROOT,,,11198.0,5,SELL,11198.0,11211.0,11204.5,-6.5,0.0,-13.0,False,False,0,5,5,6,7.0,8.5,11.5
-1,207500,INTARIAN_PEPPER_ROOT,,,11214.0,3,BUY,11201.0,11214.0,11207.5,6.5,13.0,0.0,False,True,0,3,3,4,-7.5,-4.5,-1.5
-1,211400,INTARIAN_PEPPER_ROOT,,,11208.0,7,BUY,11202.0,11208.0,11205.0,3.0,6.0,0.0,False,False,50,7,7,8,4.0,6.5,9.5
-1,212100,INTARIAN_PEPPER_ROOT,,,11215.0,4,SELL,11215.0,11218.0,11216.5,-1.5,0.0,-3.0,False,True,20,3,3,4,-2.5,-2.5,2.0
-1,212900,INTARIAN_PEPPER_ROOT,,,11209.0,5,BUY,11204.0,11209.0,11206.5,2.5,5.0,0.0,False,False,50,5,5,6,5.5,7.5,7.5
-1,215000,INTARIAN_PEPPER_ROOT,,,11221.0,7,BUY,11209.0,11221.0,11215.0,6.0,12.0,0.0,False,True,0,7,7,8,-5.5,-4.0,-3.0
-1,217000,INTARIAN_PEPPER_ROOT,,,11223.0,5,BUY,11211.0,11223.0,11217.0,6.0,12.0,0.0,False,True,50,5,5,6,-5.5,-4.0,5.0
-1,217500,INTARIAN_PEPPER_ROOT,,,11224.0,6,BUY,11211.0,11224.0,11217.5,6.5,13.0,0.0,False,True,0,5,5,6,-6.0,-5.5,-2.5
-1,220600,INTARIAN_PEPPER_ROOT,,,11217.0,4,BUY,11214.0,11217.0,11215.5,1.5,3.0,0.0,False,False,50,3,3,4,5.5,4.5,8.5
-1,224300,INTARIAN_PEPPER_ROOT,,,11230.0,3,BUY,11218.0,11230.0,11224.0,6.0,12.0,0.0,False,True,0,3,3,4,-5.0,-4.0,-2.5
-1,225000,INTARIAN_PEPPER_ROOT,,,11219.0,7,SELL,11219.0,11231.0,11225.0,-6.0,0.0,-12.0,False,False,0,7,7,8,6.5,8.0,11.0
-1,234600,INTARIAN_PEPPER_ROOT,,,11241.0,4,BUY,11228.0,11241.0,11234.5,6.5,13.0,0.0,False,True,0,3,3,4,-6.0,-4.5,-2.5
-1,237500,INTARIAN_PEPPER_ROOT,,,11244.0,4,BUY,11229.0,11244.0,11236.5,7.5,15.0,0.0,False,True,0,3,3,4,-6.0,-4.5,-0.5
-1,239700,INTARIAN_PEPPER_ROOT,,,11246.0,7,BUY,11234.0,11246.0,11240.0,6.0,12.0,0.0,False,True,50,7,7,8,-6.0,-4.0,5.0
-1,242000,INTARIAN_PEPPER_ROOT,,,11248.0,7,BUY,11233.0,11248.0,11240.5,7.5,15.0,0.0,False,True,0,7,7,8,-4.5,-4.0,-1.0
-1,248700,INTARIAN_PEPPER_ROOT,,,11243.0,4,SELL,11243.0,11255.0,11249.0,-6.0,0.0,-12.0,False,False,0,3,3,4,6.0,8.0,17.0
-1,260100,INTARIAN_PEPPER_ROOT,,,11266.0,5,BUY,11254.0,11266.0,11260.0,6.0,12.0,0.0,False,True,0,5,5,6,-5.5,-4.0,-6.0
-1,264100,INTARIAN_PEPPER_ROOT,,,11255.0,7,SELL,11255.0,11270.0,11262.5,-7.5,0.0,-15.0,False,False,0,7,7,8,9.5,11.0,14.0
-1,265100,INTARIAN_PEPPER_ROOT,,,11261.0,6,BUY,11259.0,11261.0,11260.0,1.0,2.0,0.0,False,False,50,5,5,6,4.5,6.0,9.0
-1,267500,INTARIAN_PEPPER_ROOT,,,11261.0,3,SELL,11261.0,11274.0,11267.5,-6.5,0.0,-13.0,False,False,0,3,3,4,7.0,15.0,18.0
-1,270700,INTARIAN_PEPPER_ROOT,,,11277.0,6,BUY,11268.0,11277.0,11272.5,4.5,9.0,0.0,False,True,0,5,5,6,-6.0,-8.0,-1.0
-1,294100,INTARIAN_PEPPER_ROOT,,,11303.0,3,BUY,11288.0,11303.0,11295.5,7.5,15.0,0.0,False,True,0,3,3,4,-9.5,-7.0,-5.5
-1,300000,INTARIAN_PEPPER_ROOT,,,11306.0,7,BUY,11294.0,11306.0,11300.0,6.0,12.0,0.0,False,True,0,7,7,8,-5.5,-4.0,-1.0
-1,301400,INTARIAN_PEPPER_ROOT,,,11308.0,7,BUY,11295.0,11308.0,11301.5,6.5,13.0,0.0,False,True,0,7,7,8,-4.5,-4.5,-0.5
-1,306000,INTARIAN_PEPPER_ROOT,,,11309.0,5,SELL,11309.0,11312.0,11310.5,-1.5,0.0,-3.0,False,True,20,5,5,6,-2.5,-1.0,2.0
-1,311200,INTARIAN_PEPPER_ROOT,,,11305.0,3,SELL,11305.0,11307.0,11306.0,-1.0,0.0,-2.0,False,False,0,3,3,4,11.5,8.0,11.0
-1,311700,INTARIAN_PEPPER_ROOT,,,11315.0,6,SELL,11315.0,11318.0,11316.5,-1.5,0.0,-3.0,False,True,50,5,5,6,-3.0,-1.0,-7.0
-1,314400,INTARIAN_PEPPER_ROOT,,,11323.0,6,BUY,11308.0,11323.0,11315.5,7.5,15.0,0.0,False,True,0,5,5,6,-6.5,-7.0,-5.0
-1,323200,INTARIAN_PEPPER_ROOT,,,11326.0,5,SELL,11326.0,11329.0,11327.5,-1.5,0.0,-3.0,False,True,20,5,5,6,-2.0,-1.0,3.5
-1,327400,INTARIAN_PEPPER_ROOT,,,11321.0,6,SELL,11321.0,11334.0,11327.5,-6.5,0.0,-13.0,False,False,0,5,5,6,5.5,8.5,11.5
-1,327600,INTARIAN_PEPPER_ROOT,,,11334.0,3,BUY,11330.0,11334.0,11332.0,2.0,4.0,0.0,False,True,50,3,3,4,-6.0,-3.0,3.5
-1,331500,INTARIAN_PEPPER_ROOT,,,11325.0,3,SELL,11325.0,11338.0,11331.5,-6.5,0.0,-13.0,False,False,0,3,3,4,13.0,2.0,11.5
-1,333200,INTARIAN_PEPPER_ROOT,,,11339.0,7,BUY,11327.0,11339.0,11333.0,6.0,12.0,0.0,False,True,0,7,7,8,-5.0,-2.5,-1.0
-1,334400,INTARIAN_PEPPER_ROOT,,,11341.0,3,BUY,11328.0,11341.0,11334.5,6.5,13.0,0.0,False,True,0,3,3,4,-6.0,-4.5,-1.5
-1,334700,INTARIAN_PEPPER_ROOT,,,11329.0,3,SELL,11329.0,11341.0,11335.0,-6.0,0.0,-12.0,False,False,0,3,3,4,7.5,8.0,11.0
-1,335300,INTARIAN_PEPPER_ROOT,,,11344.0,3,BUY,11329.0,11344.0,11336.5,7.5,15.0,0.0,False,True,0,3,3,4,-8.0,-7.0,-4.0
-1,335400,INTARIAN_PEPPER_ROOT,,,11338.0,6,SELL,11338.0,11342.0,11340.0,-2.0,0.0,-4.0,False,False,5,5,5,6,-2.0,6.0,1.0
-1,336500,INTARIAN_PEPPER_ROOT,,,11343.0,6,BUY,11330.0,11343.0,11336.5,6.5,13.0,0.0,False,False,0,5,5,6,-7.5,-6.0,-1.5
-1,344000,INTARIAN_PEPPER_ROOT,,,11340.0,3,BUY,11338.0,11340.0,11339.0,1.0,2.0,0.0,False,False,50,3,3,4,4.5,4.5,9.0
-1,350900,INTARIAN_PEPPER_ROOT,,,11360.0,4,BUY,11345.0,11360.0,11352.5,7.5,15.0,0.0,False,True,0,3,3,4,-8.5,-8.5,-4.0
-1,351900,INTARIAN_PEPPER_ROOT,,,11346.0,7,SELL,11346.0,11358.0,11352.0,-6.0,0.0,-12.0,False,False,0,7,7,8,6.5,8.0,11.0
-1,352500,INTARIAN_PEPPER_ROOT,,,11359.0,6,BUY,11346.0,11359.0,11352.5,6.5,13.0,0.0,False,False,0,5,5,6,-4.5,-4.5,-1.5
-1,354000,INTARIAN_PEPPER_ROOT,,,11360.0,6,BUY,11348.0,11360.0,11354.0,6.0,12.0,0.0,False,False,0,5,5,6,-5.5,-4.0,-4.5
-1,356800,INTARIAN_PEPPER_ROOT,,,11351.0,6,SELL,11351.0,11366.0,11358.5,-7.5,0.0,-15.0,False,False,0,5,5,6,7.5,14.0,12.5
-1,358000,INTARIAN_PEPPER_ROOT,,,11349.0,3,SELL,11349.0,,11349.0,0.0,0.0,,False,False,0,3,3,4,11.0,15.5,14.0
-1,358400,INTARIAN_PEPPER_ROOT,,,11361.0,5,SELL,11361.0,11365.0,11363.0,-2.0,0.0,-4.0,False,True,5,5,5,6,-2.0,6.0,2.5
-1,360000,INTARIAN_PEPPER_ROOT,,,11363.0,7,SELL,11363.0,11366.0,11364.5,-1.5,0.0,-3.0,False,True,20,7,7,8,-1.0,-1.0,8.0
-1,360800,INTARIAN_PEPPER_ROOT,,,11367.0,5,BUY,11355.0,11367.0,11361.0,6.0,12.0,0.0,False,True,0,5,5,6,-6.0,-4.0,-1.0
-1,361600,INTARIAN_PEPPER_ROOT,,,11358.0,5,BUY,11355.0,11358.0,11356.5,1.5,3.0,0.0,False,False,50,5,5,6,5.5,5.5,8.5
-1,365400,INTARIAN_PEPPER_ROOT,,,11361.0,7,BUY,11359.0,11361.0,11360.0,1.0,2.0,0.0,False,False,50,7,7,8,5.0,6.5,9.5
-1,367300,INTARIAN_PEPPER_ROOT,,,11361.0,5,SELL,11361.0,11373.0,11367.0,-6.0,0.0,-12.0,False,False,0,5,5,6,5.5,8.0,4.5
-1,370900,INTARIAN_PEPPER_ROOT,,,11377.0,4,BUY,11362.0,11377.0,11369.5,7.5,15.0,0.0,False,True,0,3,3,4,-4.5,-4.0,-10.0
-1,371200,INTARIAN_PEPPER_ROOT,,,11365.0,3,SELL,11365.0,11380.0,11372.5,-7.5,0.0,-15.0,False,False,0,3,3,4,7.0,8.0,11.0
-1,372300,INTARIAN_PEPPER_ROOT,,,11368.0,6,BUY,11363.0,11368.0,11365.5,2.5,5.0,0.0,False,False,20,5,5,6,3.5,6.0,0.0
-1,374600,INTARIAN_PEPPER_ROOT,,,11381.0,3,BUY,11368.0,11381.0,11374.5,6.5,13.0,0.0,False,True,0,3,3,4,-6.0,-5.5,-1.5
-1,376700,INTARIAN_PEPPER_ROOT,,,11373.0,7,BUY,11371.0,11373.0,11372.0,1.0,2.0,0.0,False,False,50,7,7,8,4.0,12.0,10.5
-1,380800,INTARIAN_PEPPER_ROOT,,,11387.0,3,BUY,11375.0,11387.0,11381.0,6.0,12.0,0.0,False,True,50,3,3,4,-6.0,-5.5,5.0
-1,399100,INTARIAN_PEPPER_ROOT,,,11393.0,3,SELL,11393.0,11405.0,11399.0,-6.0,0.0,-12.0,False,True,0,3,3,4,13.0,6.5,9.5
-1,401000,INTARIAN_PEPPER_ROOT,,,11397.0,8,BUY,11395.0,11397.0,11396.0,1.0,2.0,0.0,False,True,50,7,7,8,3.0,6.0,9.0
-1,415200,INTARIAN_PEPPER_ROOT,,,11421.0,6,BUY,11409.0,11421.0,11415.0,6.0,12.0,0.0,False,True,0,5,5,6,-4.0,-4.0,-1.0
-1,417100,INTARIAN_PEPPER_ROOT,,,11423.0,5,BUY,11411.0,11423.0,11417.0,6.0,12.0,0.0,False,True,50,5,5,6,-5.5,-4.0,0.5
-1,419000,INTARIAN_PEPPER_ROOT,,,11410.0,6,SELL,11410.0,11425.0,11417.5,-7.5,0.0,-15.0,False,False,50,5,5,6,9.5,12.5,-11410.0
-1,419200,INTARIAN_PEPPER_ROOT,,,11425.0,4,BUY,11413.0,11425.0,11419.0,6.0,12.0,0.0,False,True,20,3,3,4,-5.5,2.0,-1.0
-1,420300,INTARIAN_PEPPER_ROOT,,,11414.0,7,SELL,11414.0,11427.0,11420.5,-6.5,0.0,-13.0,False,False,0,7,7,8,7.0,8.5,14.0
-1,423300,INTARIAN_PEPPER_ROOT,,,11417.0,6,SELL,11417.0,11432.0,11424.5,-7.5,0.0,-15.0,False,False,0,5,5,6,5.5,11.0,5.0
-1,424900,INTARIAN_PEPPER_ROOT,,,11431.0,7,BUY,11419.0,11431.0,11425.0,6.0,12.0,0.0,False,True,0,7,7,8,-5.5,-4.0,-1.0
-1,427600,INTARIAN_PEPPER_ROOT,,,11421.0,7,SELL,11421.0,,11421.0,0.0,0.0,,False,False,0,7,7,8,7.0,7.5,11.5
-1,436100,INTARIAN_PEPPER_ROOT,,,11439.0,5,SELL,11439.0,11445.0,11442.0,-3.0,0.0,-6.0,False,True,20,5,5,6,-2.5,-1.0,2.0
-1,437600,INTARIAN_PEPPER_ROOT,,,11431.0,3,SELL,11431.0,11447.0,11439.0,-8.0,0.0,-16.0,False,False,0,3,3,4,7.0,8.5,11.5
-1,440800,INTARIAN_PEPPER_ROOT,,,11435.0,4,SELL,11435.0,11447.0,11441.0,-6.0,0.0,-12.0,False,False,0,3,3,4,8.5,8.0,12.5
-1,441300,INTARIAN_PEPPER_ROOT,,,11437.0,5,SELL,11439.0,11448.0,11443.5,-6.5,-2.0,-11.0,False,False,0,5,5,6,5.0,7.5,8.0
-1,447800,INTARIAN_PEPPER_ROOT,,,11457.0,5,BUY,11442.0,11457.0,11449.5,7.5,15.0,0.0,False,True,0,5,5,6,-2.0,-8.5,-5.5
-1,453000,INTARIAN_PEPPER_ROOT,,,11456.0,3,SELL,11456.0,11459.0,11457.5,-1.5,0.0,-3.0,False,False,20,3,3,4,-2.5,-1.0,0.5
-1,453800,INTARIAN_PEPPER_ROOT,,,11450.0,7,BUY,11448.0,11450.0,11449.0,1.0,2.0,0.0,False,False,50,7,7,8,4.5,6.0,9.0
-1,456100,INTARIAN_PEPPER_ROOT,,,11450.0,6,SELL,11450.0,11462.0,11456.0,-6.0,0.0,-12.0,False,False,0,5,5,6,6.5,9.5,11.0
-1,457000,INTARIAN_PEPPER_ROOT,,,11451.0,6,SELL,11451.0,11466.0,11458.5,-7.5,0.0,-15.0,False,False,0,5,5,6,6.5,8.0,11.0
-1,457300,INTARIAN_PEPPER_ROOT,,,11464.0,4,BUY,11451.0,11464.0,11457.5,6.5,13.0,0.0,False,True,0,3,3,4,-6.0,-3.5,-0.5
-1,459600,INTARIAN_PEPPER_ROOT,,,11451.0,6,SELL,11451.0,11466.0,11458.5,-7.5,0.0,-15.0,False,False,0,5,5,6,4.0,10.5,13.5
-1,461900,INTARIAN_PEPPER_ROOT,,,11471.0,5,BUY,11456.0,11471.0,11463.5,7.5,15.0,0.0,False,True,0,5,5,6,-10.0,-7.0,-4.0
-1,464300,INTARIAN_PEPPER_ROOT,,,11473.0,3,BUY,11458.0,11473.0,11465.5,7.5,15.0,0.0,False,True,0,3,3,4,-8.0,-6.5,-3.5
-1,466000,INTARIAN_PEPPER_ROOT,,,11462.0,3,BUY,11460.0,11462.0,11461.0,1.0,2.0,0.0,False,False,50,3,3,4,3.0,6.0,9.0
-1,467300,INTARIAN_PEPPER_ROOT,,,11461.0,3,SELL,11461.0,11474.0,11467.5,-6.5,0.0,-13.0,False,False,0,3,3,4,5.5,8.5,10.0
-1,469000,INTARIAN_PEPPER_ROOT,,,11463.0,6,SELL,11463.0,11475.0,11469.0,-6.0,0.0,-12.0,False,False,0,5,5,6,6.5,8.0,11.0
-1,473000,INTARIAN_PEPPER_ROOT,,,11476.0,4,SELL,11476.0,11482.0,11479.0,-3.0,0.0,-6.0,False,True,20,3,3,4,-2.5,-2.5,2.0
-1,473600,INTARIAN_PEPPER_ROOT,,,11464.0,5,SELL,11464.0,11480.0,11472.0,-8.0,0.0,-16.0,False,False,0,5,5,6,8.5,11.5,14.5
-1,477600,INTARIAN_PEPPER_ROOT,,,11487.0,5,BUY,11471.0,11487.0,11479.0,8.0,16.0,0.0,False,True,0,5,5,6,-9.0,-7.5,-4.5
-1,480500,INTARIAN_PEPPER_ROOT,,,11477.0,3,BUY,11474.0,11477.0,11475.5,1.5,3.0,0.0,False,False,50,3,3,4,4.0,5.5,8.5
-1,482100,INTARIAN_PEPPER_ROOT,,,11476.0,5,SELL,11476.0,11488.0,11482.0,-6.0,0.0,-12.0,False,False,0,5,5,6,6.5,8.0,11.0
-1,486700,INTARIAN_PEPPER_ROOT,,,11483.0,8,BUY,11478.0,11483.0,11480.5,2.5,5.0,0.0,False,False,50,7,7,8,4.0,5.5,10.0
-1,489400,INTARIAN_PEPPER_ROOT,,,11480.0,3,SELL,11480.0,11496.0,11488.0,-8.0,0.0,-16.0,False,False,0,3,3,4,10.0,11.5,13.0
-1,490300,INTARIAN_PEPPER_ROOT,,,11484.0,5,SELL,11484.0,11497.0,11490.5,-6.5,0.0,-13.0,False,False,0,5,5,6,7.0,6.0,11.5
-1,493800,INTARIAN_PEPPER_ROOT,,,11485.0,4,SELL,11485.0,11500.0,11492.5,-7.5,0.0,-15.0,False,False,0,3,3,4,14.0,9.5,12.5
-1,495800,INTARIAN_PEPPER_ROOT,,,11487.0,4,SELL,11487.0,11502.0,11494.5,-7.5,0.0,-15.0,False,False,0,3,3,4,10.5,11.0,20.0
-1,500000,INTARIAN_PEPPER_ROOT,,,11503.0,3,SELL,11503.0,11506.0,11504.5,-1.5,0.0,-3.0,False,True,20,3,3,4,-2.5,-2.5,2.0
-1,503300,INTARIAN_PEPPER_ROOT,,,11497.0,6,SELL,11497.0,11510.0,11503.5,-6.5,0.0,-13.0,False,False,0,5,5,6,7.0,9.5,11.5
-1,507800,INTARIAN_PEPPER_ROOT,,,11502.0,3,SELL,11502.0,11514.0,11508.0,-6.0,0.0,-12.0,False,False,0,3,3,4,6.5,8.0,12.5
-1,509700,INTARIAN_PEPPER_ROOT,,,11503.0,7,SELL,11503.0,11516.0,11509.5,-6.5,0.0,-13.0,False,False,0,7,7,8,7.0,8.5,11.5
-1,512800,INTARIAN_PEPPER_ROOT,,,11522.0,5,BUY,11507.0,11522.0,11514.5,7.5,15.0,0.0,False,True,0,5,5,6,-8.5,-7.0,-4.0
-1,519200,INTARIAN_PEPPER_ROOT,,,11525.0,7,BUY,11513.0,11525.0,11519.0,6.0,12.0,0.0,False,True,0,7,7,8,-5.5,-5.5,-1.0
-1,520700,INTARIAN_PEPPER_ROOT,,,11514.0,5,SELL,11514.0,11530.0,11522.0,-8.0,0.0,-16.0,False,False,0,5,5,6,5.5,7.5,13.5
-1,521600,INTARIAN_PEPPER_ROOT,,,11515.0,5,SELL,11515.0,11528.0,11521.5,-6.5,0.0,-13.0,False,False,0,5,5,6,7.0,8.5,11.5
-1,531600,INTARIAN_PEPPER_ROOT,,,11525.0,4,SELL,11525.0,11541.0,11533.0,-8.0,0.0,-16.0,False,False,0,3,3,4,7.0,8.5,13.0
-1,536700,INTARIAN_PEPPER_ROOT,,,11543.0,3,BUY,11530.0,11543.0,11536.5,6.5,13.0,0.0,False,True,0,3,3,4,-7.5,-4.5,-8.0
-1,539900,INTARIAN_PEPPER_ROOT,,,11534.0,6,SELL,11534.0,11546.0,11540.0,-6.0,0.0,-12.0,False,False,0,5,5,6,8.0,8.0,11.0
-1,545100,INTARIAN_PEPPER_ROOT,,,11551.0,7,BUY,11536.0,11551.0,11543.5,7.5,15.0,0.0,False,True,0,7,7,8,-5.5,-4.0,-2.5
-1,555700,INTARIAN_PEPPER_ROOT,,,11552.0,7,BUY,11549.0,11552.0,11550.5,1.5,3.0,0.0,False,True,50,7,7,8,4.0,5.5,8.5
-1,556000,INTARIAN_PEPPER_ROOT,,,11550.0,3,SELL,11550.0,11565.0,11557.5,-7.5,0.0,-15.0,False,False,0,3,3,4,6.5,6.5,11.0
-1,556700,INTARIAN_PEPPER_ROOT,,,11553.0,8,BUY,11550.0,11553.0,11551.5,1.5,3.0,0.0,False,True,50,7,7,8,-2.0,5.5,8.5
-1,556800,INTARIAN_PEPPER_ROOT,,,11566.0,3,BUY,11551.0,11566.0,11558.5,7.5,15.0,0.0,False,True,0,3,3,4,-8.5,-2.5,-4.0
-1,558800,INTARIAN_PEPPER_ROOT,,,11562.0,8,SELL,11562.0,11565.0,11563.5,-1.5,0.0,-3.0,False,False,20,7,7,8,-2.5,-1.0,2.0
-1,561300,INTARIAN_PEPPER_ROOT,,,11557.0,3,BUY,11555.0,11557.0,11556.0,1.0,2.0,0.0,False,False,50,3,3,4,5.0,5.0,14.0
-1,564900,INTARIAN_PEPPER_ROOT,,,11561.0,6,BUY,11559.0,11561.0,11560.0,1.0,2.0,0.0,False,False,50,5,5,6,4.5,6.0,9.0
-1,566100,INTARIAN_PEPPER_ROOT,,,11562.0,3,BUY,11560.0,11562.0,11561.0,1.0,2.0,0.0,False,False,50,3,3,4,4.5,4.5,7.5
-1,566700,INTARIAN_PEPPER_ROOT,,,11558.0,3,SELL,11558.0,11573.0,11565.5,-7.5,0.0,-15.0,False,False,0,3,3,4,10.5,10.5,12.5
-1,570000,INTARIAN_PEPPER_ROOT,,,11576.0,5,BUY,11564.0,11576.0,11570.0,6.0,12.0,0.0,False,True,0,5,5,6,-5.5,-2.5,-1.0
-1,573500,INTARIAN_PEPPER_ROOT,,,11570.0,5,BUY,11567.0,11570.0,11568.5,1.5,3.0,0.0,False,False,50,5,5,6,4.0,4.0,8.5
-1,576400,INTARIAN_PEPPER_ROOT,,,11586.0,5,BUY,11570.0,11586.0,11578.0,8.0,16.0,0.0,False,True,0,5,5,6,-9.0,-6.0,-4.5
-1,579400,INTARIAN_PEPPER_ROOT,,,11586.0,7,BUY,11573.0,11586.0,11579.5,6.5,13.0,0.0,False,False,0,7,7,8,-6.0,-4.5,-1.5
-1,579600,INTARIAN_PEPPER_ROOT,,,11586.0,7,BUY,11573.0,11586.0,11579.5,6.5,13.0,0.0,False,False,0,7,7,8,-7.5,-4.5,-1.5
-1,580100,INTARIAN_PEPPER_ROOT,,,11571.0,7,SELL,11571.0,11586.0,11578.5,-7.5,0.0,-15.0,False,False,0,7,7,8,9.5,9.0,14.0
-1,582100,INTARIAN_PEPPER_ROOT,,,11576.0,5,SELL,11576.0,11584.0,11580.0,-4.0,0.0,-8.0,False,False,0,5,5,6,6.5,8.0,12.5
-1,584200,INTARIAN_PEPPER_ROOT,,,11590.0,4,BUY,11578.0,11590.0,11584.0,6.0,12.0,0.0,False,True,0,3,3,4,-5.5,-4.0,-1.0
-1,585100,INTARIAN_PEPPER_ROOT,,,11579.0,5,SELL,11579.0,11591.0,11585.0,-6.0,0.0,-12.0,False,False,0,5,5,6,6.5,9.5,17.0
-1,589400,INTARIAN_PEPPER_ROOT,,,11585.0,3,BUY,11580.0,11585.0,11582.5,2.5,5.0,0.0,False,False,50,3,3,4,5.0,6.5,9.5
-1,590200,INTARIAN_PEPPER_ROOT,,,11599.0,3,BUY,11584.0,11599.0,11591.5,7.5,15.0,0.0,False,True,0,3,3,4,-8.5,-8.5,-4.0
-1,593600,INTARIAN_PEPPER_ROOT,,,11600.0,3,BUY,11587.0,11600.0,11593.5,6.5,13.0,0.0,False,True,0,3,3,4,-6.0,-4.5,-1.5
-1,600300,INTARIAN_PEPPER_ROOT,,,11594.0,6,SELL,11594.0,11607.0,11600.5,-6.5,0.0,-13.0,False,False,0,5,5,6,8.0,8.5,10.0
-1,605700,INTARIAN_PEPPER_ROOT,,,11599.0,3,SELL,11599.0,11615.0,11607.0,-8.0,0.0,-16.0,False,False,0,3,3,4,14.0,15.0,11.5
-1,610300,INTARIAN_PEPPER_ROOT,,,11604.0,5,SELL,11604.0,11617.0,11610.5,-6.5,0.0,-13.0,False,True,0,5,5,6,6.5,1.5,11.5
-1,612300,INTARIAN_PEPPER_ROOT,,,11608.0,8,BUY,11603.0,11608.0,11605.5,2.5,5.0,0.0,False,True,50,7,7,8,4.5,6.5,9.5
-1,619300,INTARIAN_PEPPER_ROOT,,,11626.0,7,BUY,11613.0,11626.0,11619.5,6.5,13.0,0.0,False,True,0,7,7,8,-6.5,-4.5,-1.5
-1,623200,INTARIAN_PEPPER_ROOT,,,11630.0,6,BUY,11614.0,11630.0,11622.0,8.0,16.0,0.0,False,True,0,5,5,6,-6.5,-6.0,-1.5
-1,629000,INTARIAN_PEPPER_ROOT,,,11623.0,4,SELL,11623.0,11635.0,11629.0,-6.0,0.0,-12.0,False,False,0,3,3,4,6.5,8.0,11.0
-1,630900,INTARIAN_PEPPER_ROOT,,,11625.0,6,SELL,11625.0,11637.0,11631.0,-6.0,0.0,-12.0,False,False,20,5,5,6,6.5,-1.0,11.0
-1,634300,INTARIAN_PEPPER_ROOT,,,11641.0,6,BUY,11628.0,11641.0,11634.5,6.5,13.0,0.0,False,True,0,5,5,6,-6.5,-4.5,-1.5
-1,634400,INTARIAN_PEPPER_ROOT,,,11637.0,5,SELL,11637.0,11641.0,11639.0,-2.0,0.0,-4.0,False,False,20,5,5,6,-2.0,-0.5,2.5
-1,636300,INTARIAN_PEPPER_ROOT,,,11630.0,5,SELL,11630.0,11643.0,11636.5,-6.5,0.0,-13.0,False,False,0,5,5,6,5.5,8.5,11.5
-1,636900,INTARIAN_PEPPER_ROOT,,,11643.0,6,BUY,11631.0,11643.0,11637.0,6.0,12.0,0.0,False,True,0,5,5,6,-4.0,-4.0,-2.5
-1,638800,INTARIAN_PEPPER_ROOT,,,11645.0,4,BUY,11632.0,11645.0,11638.5,6.5,13.0,0.0,False,True,0,3,3,4,-5.5,-4.5,0.0
-1,639100,INTARIAN_PEPPER_ROOT,,,11630.0,3,SELL,11630.0,11645.0,11637.5,-7.5,0.0,-15.0,False,False,0,3,3,4,9.5,11.0,14.0
-1,639800,INTARIAN_PEPPER_ROOT,,,11633.0,4,SELL,11633.0,,11633.0,0.0,0.0,,False,False,0,3,3,4,7.5,8.5,13.0
-1,640000,INTARIAN_PEPPER_ROOT,,,11646.0,6,BUY,11634.0,11646.0,11640.0,6.0,12.0,0.0,False,True,50,5,5,6,-4.0,-2.5,0.5
-1,642100,INTARIAN_PEPPER_ROOT,,,11648.0,4,BUY,11636.0,11648.0,11642.0,6.0,12.0,0.0,False,True,0,3,3,4,-12.0,-4.0,-1.0
-1,642900,INTARIAN_PEPPER_ROOT,,,11637.0,5,SELL,11637.0,11649.0,11643.0,-6.0,0.0,-12.0,False,False,0,5,5,6,6.5,6.5,11.0
-1,650200,INTARIAN_PEPPER_ROOT,,,11653.0,6,BUY,11641.0,11652.0,11646.5,6.5,12.0,1.0,False,True,50,5,5,6,-9.0,-0.5,9.0
-1,653000,INTARIAN_PEPPER_ROOT,,,11659.0,6,BUY,11644.0,11659.0,11651.5,7.5,15.0,0.0,False,True,0,5,5,6,-15.0,-4.0,-1.0
-1,656400,INTARIAN_PEPPER_ROOT,,,11663.0,6,BUY,11650.0,11663.0,11656.5,6.5,13.0,0.0,False,True,0,5,5,6,-6.0,-3.0,-1.5
-1,660400,INTARIAN_PEPPER_ROOT,,,11654.0,3,SELL,11654.0,11667.0,11660.5,-6.5,0.0,-13.0,False,False,0,3,3,4,7.0,7.0,10.0
-1,662600,INTARIAN_PEPPER_ROOT,,,11666.0,6,SELL,11666.0,11672.0,11669.0,-3.0,0.0,-6.0,False,True,20,5,5,6,-1.5,-1.5,1.5
-1,665900,INTARIAN_PEPPER_ROOT,,,11675.0,4,BUY,11660.0,11675.0,11667.5,7.5,15.0,0.0,False,True,0,3,3,4,-8.5,-8.5,-4.0
-1,668200,INTARIAN_PEPPER_ROOT,,,11675.0,4,BUY,11662.0,11675.0,11668.5,6.5,13.0,0.0,False,False,0,3,3,4,-8.0,-4.5,-0.5
-1,669800,INTARIAN_PEPPER_ROOT,,,11676.0,7,BUY,11663.0,11676.0,11669.5,6.5,13.0,0.0,False,True,0,7,7,8,-5.5,-4.5,-2.5
-1,672200,INTARIAN_PEPPER_ROOT,,,11666.0,3,SELL,11666.0,11679.0,11672.5,-6.5,0.0,-13.0,False,False,0,3,3,4,6.5,2.0,11.5
-1,673600,INTARIAN_PEPPER_ROOT,,,11677.0,6,SELL,11677.0,11680.0,11678.5,-1.5,0.0,-3.0,False,True,5,5,5,6,-1.5,2.0,3.5
-1,677500,INTARIAN_PEPPER_ROOT,,,11671.0,4,SELL,11671.0,,11671.0,0.0,0.0,,False,False,0,3,3,4,7.0,8.5,5.0
-1,677800,INTARIAN_PEPPER_ROOT,,,11671.0,3,SELL,11671.0,11687.0,11679.0,-8.0,0.0,-16.0,False,False,0,3,3,4,7.5,8.5,16.5
-1,681700,INTARIAN_PEPPER_ROOT,,,11688.0,7,BUY,11675.0,11688.0,11681.5,6.5,13.0,0.0,False,True,0,7,7,8,-5.5,-4.5,-1.5
-1,682900,INTARIAN_PEPPER_ROOT,,,11689.0,4,BUY,11674.0,11689.0,11681.5,7.5,15.0,0.0,False,True,0,3,3,4,-5.5,-2.5,-1.0
-1,687300,INTARIAN_PEPPER_ROOT,,,11681.0,4,SELL,11681.0,11694.0,11687.5,-6.5,0.0,-13.0,False,False,0,3,3,4,6.5,8.5,11.5
-1,688000,INTARIAN_PEPPER_ROOT,,,11694.0,3,BUY,11682.0,11694.0,11688.0,6.0,12.0,0.0,False,True,50,3,3,4,-11.0,-4.0,0.5
-1,689900,INTARIAN_PEPPER_ROOT,,,11696.0,6,BUY,11681.0,11696.0,11688.5,7.5,15.0,0.0,False,True,0,5,5,6,-5.5,-4.0,-1.0
-1,690200,INTARIAN_PEPPER_ROOT,,,11684.0,3,SELL,11684.0,11697.0,11690.5,-6.5,0.0,-13.0,False,False,0,3,3,4,8.0,8.5,11.5
-1,690300,INTARIAN_PEPPER_ROOT,,,11697.0,3,BUY,11681.0,11697.0,11689.0,8.0,16.0,0.0,False,True,0,3,3,4,-6.5,-4.5,-3.0
-1,690600,INTARIAN_PEPPER_ROOT,,,11694.0,5,SELL,11694.0,11697.0,11695.5,-1.5,0.0,-3.0,False,False,20,5,5,6,-3.0,-1.5,3.0
-1,691600,INTARIAN_PEPPER_ROOT,,,11685.0,7,SELL,11685.0,11701.0,11693.0,-8.0,0.0,-16.0,False,False,0,7,7,8,7.0,8.5,11.5
-1,692000,INTARIAN_PEPPER_ROOT,,,11686.0,4,SELL,11686.0,11701.0,11693.5,-7.5,0.0,-15.0,False,False,0,3,3,4,1.0,6.5,11.0
-1,701000,INTARIAN_PEPPER_ROOT,,,11697.0,4,BUY,11695.0,11697.0,11696.0,1.0,2.0,0.0,False,False,50,3,3,4,4.5,4.5,9.0
-1,701900,INTARIAN_PEPPER_ROOT,,,11708.0,7,BUY,11693.0,11708.0,11700.5,7.5,15.0,0.0,False,True,0,7,7,8,-5.5,-2.5,-1.0
-1,702800,INTARIAN_PEPPER_ROOT,,,11696.0,5,SELL,11696.0,11709.0,11702.5,-6.5,0.0,-13.0,False,False,0,5,5,6,6.0,8.5,11.5
-1,708600,INTARIAN_PEPPER_ROOT,,,11715.0,4,BUY,11702.0,11715.0,11708.5,6.5,13.0,0.0,False,True,0,3,3,4,-6.0,-4.5,0.0
-1,717200,INTARIAN_PEPPER_ROOT,,,11724.0,4,BUY,11711.0,11724.0,11717.5,6.5,13.0,0.0,False,True,0,3,3,4,-6.5,-11.0,-3.0
-1,724500,INTARIAN_PEPPER_ROOT,,,11731.0,4,BUY,11718.0,11731.0,11724.5,6.5,13.0,0.0,False,True,0,3,3,4,-6.0,-4.5,-1.5
-1,727200,INTARIAN_PEPPER_ROOT,,,11734.0,6,BUY,11721.0,11734.0,11727.5,6.5,13.0,0.0,False,True,0,5,5,6,-6.5,-4.5,-1.5
-1,727400,INTARIAN_PEPPER_ROOT,,,11734.0,3,BUY,11721.0,11734.0,11727.5,6.5,13.0,0.0,False,False,0,3,3,4,-6.0,-4.5,-1.5
-1,728400,INTARIAN_PEPPER_ROOT,,,11722.0,5,SELL,11722.0,11735.0,11728.5,-6.5,0.0,-13.0,False,False,0,5,5,6,5.5,8.5,13.0
-1,733500,INTARIAN_PEPPER_ROOT,,,11740.0,3,BUY,11727.0,11740.0,11733.5,6.5,13.0,0.0,False,True,0,3,3,4,-12.0,-4.5,-7.0
-1,737500,INTARIAN_PEPPER_ROOT,,,11741.0,3,SELL,11741.0,11744.0,11742.5,-1.5,0.0,-3.0,False,True,5,3,3,4,-3.0,0.0,1.5
-1,748300,INTARIAN_PEPPER_ROOT,,,11750.0,5,BUY,11739.0,11750.0,11744.5,5.5,11.0,0.0,False,True,50,5,5,6,-1.5,0.5,3.5
-1,752900,INTARIAN_PEPPER_ROOT,,,11759.0,7,BUY,11747.0,11759.0,11753.0,6.0,12.0,0.0,False,True,0,7,7,8,-4.0,-4.0,-1.0
-1,755500,INTARIAN_PEPPER_ROOT,,,11749.0,7,SELL,11749.0,11762.0,11755.5,-6.5,0.0,-13.0,False,False,0,7,7,8,2.0,18.0,13.0
-1,755700,INTARIAN_PEPPER_ROOT,,,11762.0,3,BUY,11746.0,11762.0,11754.0,8.0,16.0,0.0,False,True,0,3,3,4,-15.0,-3.0,-1.5
-1,761800,INTARIAN_PEPPER_ROOT,,,11758.0,7,BUY,11755.0,11758.0,11756.5,1.5,3.0,0.0,False,False,50,7,7,8,3.0,5.5,7.0
-1,763000,INTARIAN_PEPPER_ROOT,,,11769.0,4,BUY,11757.0,11769.0,11763.0,6.0,12.0,0.0,False,True,0,3,3,4,-7.0,-2.5,-1.0
-1,763600,INTARIAN_PEPPER_ROOT,,,11770.0,6,BUY,11757.0,11770.0,11763.5,6.5,13.0,0.0,False,True,0,5,5,6,-6.0,-4.5,-3.0
-1,764300,INTARIAN_PEPPER_ROOT,,,11755.0,5,SELL,11755.0,11771.0,11763.0,-8.0,0.0,-16.0,False,False,0,5,5,6,16.0,11.5,16.0
-1,766000,INTARIAN_PEPPER_ROOT,,,11769.0,4,SELL,11769.0,11772.0,11770.5,-1.5,0.0,-3.0,False,False,20,3,3,4,-1.0,-1.0,3.5
-1,770100,INTARIAN_PEPPER_ROOT,,,11764.0,4,SELL,11764.0,11776.0,11770.0,-6.0,0.0,-12.0,False,False,0,3,3,4,6.5,8.0,11.0
-1,771800,INTARIAN_PEPPER_ROOT,,,11775.0,6,SELL,11775.0,11778.0,11776.5,-1.5,0.0,-3.0,False,True,20,5,5,6,-2.5,-6.5,1.5
-1,775500,INTARIAN_PEPPER_ROOT,,,11779.0,7,SELL,11779.0,11782.0,11780.5,-1.5,0.0,-3.0,False,True,20,7,7,8,-1.5,-1.5,1.5
-1,776800,INTARIAN_PEPPER_ROOT,,,11770.0,6,SELL,11770.0,11783.0,11776.5,-6.5,0.0,-13.0,False,False,0,5,5,6,7.5,8.5,11.5
-1,777000,INTARIAN_PEPPER_ROOT,,,11771.0,5,SELL,11771.0,11786.0,11778.5,-7.5,0.0,-15.0,False,False,0,5,5,6,6.5,6.5,5.0
-1,781100,INTARIAN_PEPPER_ROOT,,,11784.0,7,SELL,11784.0,11787.0,11785.5,-1.5,0.0,-3.0,False,True,20,7,7,8,-1.0,-1.0,2.0
-1,781500,INTARIAN_PEPPER_ROOT,,,11777.0,7,BUY,11775.0,11777.0,11776.0,1.0,2.0,0.0,False,False,50,7,7,8,-1.0,5.0,9.5
-1,783300,INTARIAN_PEPPER_ROOT,,,11777.0,4,SELL,11777.0,11790.0,11783.5,-6.5,0.0,-13.0,False,False,0,3,3,4,6.5,8.5,10.0
-1,785100,INTARIAN_PEPPER_ROOT,,,11779.0,3,SELL,11779.0,11791.0,11785.0,-6.0,0.0,-12.0,False,False,0,3,3,4,6.5,9.5,11.0
-1,787000,INTARIAN_PEPPER_ROOT,,,11790.0,6,SELL,11790.0,11796.0,11793.0,-3.0,0.0,-6.0,False,True,50,5,5,6,-2.5,-7.0,-11790.0
-1,787300,INTARIAN_PEPPER_ROOT,,,11781.0,4,SELL,11781.0,11794.0,11787.5,-6.5,0.0,-13.0,False,False,0,3,3,4,6.5,8.5,11.5
-1,791700,INTARIAN_PEPPER_ROOT,,,11788.0,6,BUY,11785.0,11788.0,11786.5,1.5,3.0,0.0,False,False,50,5,5,6,4.5,5.5,8.5
-1,793700,INTARIAN_PEPPER_ROOT,,,11800.0,4,BUY,11787.0,11800.0,11793.5,6.5,13.0,0.0,False,True,0,3,3,4,-5.5,-4.5,-8.0
-1,796100,INTARIAN_PEPPER_ROOT,,,11799.0,5,SELL,11799.0,,11799.0,0.0,0.0,,False,False,20,5,5,6,2.5,-4.5,2.0
-1,796300,INTARIAN_PEPPER_ROOT,,,11790.0,5,SELL,11790.0,11803.0,11796.5,-6.5,0.0,-13.0,False,False,0,5,5,6,6.5,8.5,13.0
-1,796600,INTARIAN_PEPPER_ROOT,,,11800.0,7,SELL,11800.0,11803.0,11801.5,-1.5,0.0,-3.0,False,False,20,7,7,8,-3.0,-3.0,3.0
-1,798400,INTARIAN_PEPPER_ROOT,,,11805.0,5,BUY,11792.0,11805.0,11798.5,6.5,13.0,0.0,False,True,0,5,5,6,-1.5,-4.5,-4.0
-1,806100,INTARIAN_PEPPER_ROOT,,,11800.0,7,SELL,11800.0,,11800.0,0.0,0.0,,False,False,0,7,7,8,6.5,7.0,12.5
-1,806200,INTARIAN_PEPPER_ROOT,,,11808.0,3,BUY,11800.0,11808.0,11804.0,4.0,8.0,0.0,False,True,50,3,3,4,-3.0,10.0,2.0
-1,811700,INTARIAN_PEPPER_ROOT,,,11802.0,6,SELL,11802.0,11818.0,11810.0,-8.0,0.0,-16.0,False,False,0,5,5,6,10.5,11.5,14.5
-1,813000,INTARIAN_PEPPER_ROOT,,,11807.0,3,SELL,11807.0,11819.0,11813.0,-6.0,0.0,-12.0,False,False,0,3,3,4,1.0,6.5,11.0
-1,815900,INTARIAN_PEPPER_ROOT,,,11819.0,3,SELL,11819.0,11825.0,11822.0,-3.0,0.0,-6.0,False,True,20,3,3,4,-2.5,-2.5,0.5
-1,823500,INTARIAN_PEPPER_ROOT,,,11827.0,8,SELL,11827.0,11830.0,11828.5,-1.5,0.0,-3.0,False,True,20,7,7,8,-4.5,-1.5,3.0
-1,825200,INTARIAN_PEPPER_ROOT,,,11828.0,4,SELL,11828.0,11835.0,11831.5,-3.5,0.0,-7.0,False,True,0,3,3,4,2.5,9.0,2.5
-1,825700,INTARIAN_PEPPER_ROOT,,,11829.0,6,SELL,11829.0,11832.0,11830.5,-1.5,0.0,-3.0,False,True,20,5,5,6,-2.5,-3.0,1.5
-1,829600,INTARIAN_PEPPER_ROOT,,,11823.0,7,SELL,11823.0,11836.0,11829.5,-6.5,0.0,-13.0,False,False,0,7,7,8,14.0,8.5,10.0
-1,831300,INTARIAN_PEPPER_ROOT,,,11834.0,3,SELL,11834.0,11838.0,11836.0,-2.0,0.0,-4.0,False,True,20,3,3,4,-2.5,-0.5,2.5
-1,833100,INTARIAN_PEPPER_ROOT,,,11827.0,7,SELL,11827.0,11840.0,11833.5,-6.5,0.0,-13.0,False,False,0,7,7,8,0.0,8.5,10.0
-1,833200,INTARIAN_PEPPER_ROOT,,,11827.0,3,SELL,11827.0,11840.0,11833.5,-6.5,0.0,-13.0,False,False,0,3,3,4,11.5,7.0,11.5
-1,837100,INTARIAN_PEPPER_ROOT,,,11844.0,3,BUY,11831.0,11844.0,11837.5,6.5,13.0,0.0,False,True,0,3,3,4,-6.5,-4.5,-1.5
-1,839300,INTARIAN_PEPPER_ROOT,,,11846.0,6,BUY,11833.0,11846.0,11839.5,6.5,13.0,0.0,False,True,50,5,5,6,-6.5,-4.5,1.0
-1,842700,INTARIAN_PEPPER_ROOT,,,11836.0,3,SELL,11836.0,11852.0,11844.0,-8.0,0.0,-16.0,False,False,0,3,3,4,7.5,8.5,11.5
-1,844800,INTARIAN_PEPPER_ROOT,,,11841.0,5,BUY,11838.0,11841.0,11839.5,1.5,3.0,0.0,False,False,50,5,5,6,4.5,5.5,10.0
-1,845400,INTARIAN_PEPPER_ROOT,,,11841.0,7,BUY,11839.0,11841.0,11840.0,1.0,2.0,0.0,False,False,50,7,7,8,4.5,6.5,9.5
-1,846000,INTARIAN_PEPPER_ROOT,,,11840.0,4,SELL,11840.0,11852.0,11846.0,-6.0,0.0,-12.0,False,False,0,3,3,4,6.5,9.5,11.0
-1,846500,INTARIAN_PEPPER_ROOT,,,11853.0,6,BUY,11840.0,11853.0,11846.5,6.5,13.0,0.0,False,True,0,5,5,6,-6.0,-6.0,-1.5
-1,847000,INTARIAN_PEPPER_ROOT,,,11853.0,5,BUY,11841.0,11853.0,11847.0,6.0,12.0,0.0,False,False,50,5,5,6,-4.0,-4.0,5.0
-1,854100,INTARIAN_PEPPER_ROOT,,,11861.0,3,BUY,11848.0,11861.0,11854.5,6.5,13.0,0.0,False,True,0,3,3,4,-5.0,-4.5,-1.5
-1,857500,INTARIAN_PEPPER_ROOT,,,11848.0,4,SELL,11848.0,11864.0,11856.0,-8.0,0.0,-16.0,False,False,0,3,3,4,10.0,11.5,16.0
-1,858300,INTARIAN_PEPPER_ROOT,,,11852.0,6,SELL,11852.0,11865.0,11858.5,-6.5,0.0,-13.0,False,False,0,5,5,6,13.0,3.0,10.0
-1,861000,INTARIAN_PEPPER_ROOT,,,11857.0,4,BUY,,11857.0,11857.0,0.0,,0.0,False,False,50,3,3,4,6.0,6.0,9.0
-1,861700,INTARIAN_PEPPER_ROOT,,,11855.0,7,SELL,11855.0,11868.0,11861.5,-6.5,0.0,-13.0,False,False,0,7,7,8,1.0,10.0,13.0
-1,869800,INTARIAN_PEPPER_ROOT,,,11876.0,7,BUY,11863.0,11876.0,11869.5,6.5,13.0,0.0,False,True,0,7,7,8,-5.5,-4.5,-6.5
-1,875600,INTARIAN_PEPPER_ROOT,,,11869.0,3,SELL,11869.0,11882.0,11875.5,-6.5,0.0,-13.0,False,False,0,3,3,4,7.5,2.0,13.0
-1,877800,INTARIAN_PEPPER_ROOT,,,11884.0,6,BUY,11871.0,11884.0,11877.5,6.5,13.0,0.0,False,True,0,5,5,6,-5.5,-4.5,-1.5
-1,883500,INTARIAN_PEPPER_ROOT,,,11874.0,5,SELL,11874.0,11890.0,11882.0,-8.0,0.0,-16.0,False,False,0,5,5,6,8.5,11.5,14.5
-1,887000,INTARIAN_PEPPER_ROOT,,,11890.0,4,SELL,11890.0,11893.0,11891.5,-1.5,0.0,-3.0,False,True,20,3,3,4,-2.5,-1.0,2.0
-1,887700,INTARIAN_PEPPER_ROOT,,,11881.0,4,SELL,11881.0,11894.0,11887.5,-6.5,0.0,-13.0,False,False,0,3,3,4,7.5,7.0,10.0
-1,889100,INTARIAN_PEPPER_ROOT,,,11896.0,4,BUY,11883.0,11896.0,11889.5,6.5,13.0,0.0,False,True,0,3,3,4,-6.5,-4.5,-1.5
-1,891000,INTARIAN_PEPPER_ROOT,,,11897.0,7,BUY,11885.0,11897.0,11891.0,6.0,12.0,0.0,False,True,0,7,7,8,-5.5,-4.0,-1.0
-1,891400,INTARIAN_PEPPER_ROOT,,,11894.0,4,SELL,11894.0,11898.0,11896.0,-2.0,0.0,-4.0,False,False,20,3,3,4,7.0,-2.0,2.5
-1,898100,INTARIAN_PEPPER_ROOT,,,11894.0,8,BUY,11892.0,11894.0,11893.0,1.0,2.0,0.0,False,False,50,7,7,8,2.0,6.5,11.0
-1,899300,INTARIAN_PEPPER_ROOT,,,11906.0,6,BUY,11893.0,11906.0,11899.5,6.5,13.0,0.0,False,True,0,5,5,6,-6.5,-4.5,-1.5
-1,904900,INTARIAN_PEPPER_ROOT,,,11911.0,5,BUY,11898.0,11911.0,11904.5,6.5,13.0,0.0,False,True,0,5,5,6,-5.5,-4.5,-1.5
-1,907400,INTARIAN_PEPPER_ROOT,,,11914.0,6,BUY,11901.0,11914.0,11907.5,6.5,13.0,0.0,False,True,0,5,5,6,-6.5,-4.5,-1.5
-1,907500,INTARIAN_PEPPER_ROOT,,,11914.0,7,BUY,11901.0,11914.0,11907.5,6.5,13.0,0.0,False,False,0,7,7,8,-12.0,-4.5,-1.5
-1,910800,INTARIAN_PEPPER_ROOT,,,11901.0,5,SELL,11901.0,,11901.0,0.0,0.0,,False,False,0,5,5,6,10.5,10.0,14.5
-1,912400,INTARIAN_PEPPER_ROOT,,,11919.0,7,BUY,11906.0,11919.0,11912.5,6.5,13.0,0.0,False,True,0,7,7,8,-6.5,-4.5,-3.0
-1,914700,INTARIAN_PEPPER_ROOT,,,11921.0,5,BUY,11905.0,11921.0,11913.0,8.0,16.0,0.0,False,True,0,5,5,6,-5.5,-6.0,-1.5
-1,918400,INTARIAN_PEPPER_ROOT,,,11925.0,7,BUY,11912.0,11925.0,11918.5,6.5,13.0,0.0,False,True,20,7,7,8,-5.0,2.0,-1.5
-1,920300,INTARIAN_PEPPER_ROOT,,,11927.0,4,BUY,11914.0,11927.0,11920.5,6.5,13.0,0.0,False,True,0,3,3,4,-6.5,-6.0,-1.5
-1,920900,INTARIAN_PEPPER_ROOT,,,11927.0,5,BUY,11911.0,11927.0,11919.0,8.0,16.0,0.0,False,False,0,5,5,6,-7.0,-6.0,-1.5
-1,922500,INTARIAN_PEPPER_ROOT,,,11932.0,3,BUY,11916.0,11932.0,11924.0,8.0,16.0,0.0,False,True,0,3,3,4,-9.0,-9.0,-4.5
-1,922600,INTARIAN_PEPPER_ROOT,,,11916.0,7,SELL,11916.0,11929.0,11922.5,-6.5,0.0,-13.0,False,False,0,7,7,8,7.5,8.5,11.5
-1,927200,INTARIAN_PEPPER_ROOT,,,11930.0,3,SELL,11930.0,11934.0,11932.0,-2.0,0.0,-4.0,False,False,20,3,3,4,-2.5,-2.0,2.5
-1,929900,INTARIAN_PEPPER_ROOT,,,11933.0,7,SELL,11933.0,11939.0,11936.0,-3.0,0.0,-6.0,False,True,20,7,7,8,-2.5,-1.5,1.5
-1,933500,INTARIAN_PEPPER_ROOT,,,11940.0,6,BUY,11927.0,11940.0,11933.5,6.5,13.0,0.0,False,True,20,5,5,6,-6.0,2.0,-1.5
-1,936600,INTARIAN_PEPPER_ROOT,,,11933.0,8,BUY,11930.0,11933.0,11931.5,1.5,3.0,0.0,False,False,50,7,7,8,3.0,4.0,8.5
-1,937900,INTARIAN_PEPPER_ROOT,,,11931.0,6,SELL,11931.0,11944.0,11937.5,-6.5,0.0,-13.0,False,False,0,5,5,6,7.5,8.5,10.0
-1,942700,INTARIAN_PEPPER_ROOT,,,11939.0,3,BUY,11936.0,11939.0,11937.5,1.5,3.0,0.0,False,False,50,3,3,4,6.0,5.5,8.5
-1,947800,INTARIAN_PEPPER_ROOT,,,11941.0,6,SELL,11941.0,11954.0,11947.5,-6.5,0.0,-13.0,False,True,0,5,5,6,7.5,8.5,11.5
-1,948000,INTARIAN_PEPPER_ROOT,,,11954.0,6,BUY,11942.0,11954.0,11948.0,6.0,12.0,0.0,False,True,50,5,5,6,-5.5,-5.5,0.5
-1,949700,INTARIAN_PEPPER_ROOT,,,11959.0,4,BUY,11943.0,11959.0,11951.0,8.0,16.0,0.0,False,True,0,3,3,4,-8.5,-6.0,-6.0
-1,957400,INTARIAN_PEPPER_ROOT,,,11953.0,5,BUY,11951.0,11953.0,11952.0,1.0,2.0,0.0,False,False,50,5,5,6,4.5,6.5,9.5
-1,957900,INTARIAN_PEPPER_ROOT,,,11964.0,6,BUY,11951.0,11964.0,11957.5,6.5,13.0,0.0,False,True,0,5,5,6,-5.5,-4.5,-1.5
-1,959100,INTARIAN_PEPPER_ROOT,,,11962.0,3,SELL,11962.0,11966.0,11964.0,-2.0,0.0,-4.0,False,False,20,3,3,4,-2.5,-0.5,9.0
-1,964800,INTARIAN_PEPPER_ROOT,,,11958.0,7,SELL,11958.0,11974.0,11966.0,-8.0,0.0,-16.0,False,False,0,7,7,8,7.5,8.5,11.5
-1,965400,INTARIAN_PEPPER_ROOT,,,11959.0,5,SELL,11959.0,11972.0,11965.5,-6.5,0.0,-13.0,False,False,0,5,5,6,6.5,8.5,11.5
-1,970000,INTARIAN_PEPPER_ROOT,,,11966.0,8,BUY,11964.0,11966.0,11965.0,1.0,2.0,0.0,False,True,50,7,7,8,4.5,6.0,3.0
-1,973700,INTARIAN_PEPPER_ROOT,,,11980.0,5,BUY,11967.0,11980.0,11973.5,6.5,13.0,0.0,False,True,0,5,5,6,-5.5,-4.5,0.0
-1,974400,INTARIAN_PEPPER_ROOT,,,11965.0,7,SELL,11965.0,11981.0,11973.0,-8.0,0.0,-16.0,False,False,0,7,7,8,9.5,5.0,14.5
-1,976300,INTARIAN_PEPPER_ROOT,,,11983.0,5,BUY,,11983.0,11983.0,0.0,,0.0,False,True,0,5,5,6,-6.5,-3.0,0.0
-1,976700,INTARIAN_PEPPER_ROOT,,,11983.0,3,BUY,11970.0,11983.0,11976.5,6.5,13.0,0.0,False,False,0,3,3,4,-11.0,-3.0,-1.5
-1,977200,INTARIAN_PEPPER_ROOT,,,11973.0,5,BUY,11971.0,11973.0,11972.0,1.0,2.0,0.0,False,False,50,5,5,6,4.5,6.5,9.5
-1,978200,INTARIAN_PEPPER_ROOT,,,11985.0,6,BUY,11972.0,11985.0,11978.5,6.5,13.0,0.0,False,True,0,5,5,6,-5.0,-4.5,-3.0
-1,981200,INTARIAN_PEPPER_ROOT,,,11977.0,3,BUY,11975.0,11977.0,11976.0,1.0,2.0,0.0,False,False,50,3,3,4,4.5,5.0,19.0
-1,982800,INTARIAN_PEPPER_ROOT,,,11976.0,6,SELL,11976.0,11989.0,11982.5,-6.5,0.0,-13.0,False,False,0,5,5,6,7.5,7.0,11.5
-1,987400,INTARIAN_PEPPER_ROOT,,,11978.0,3,SELL,11978.0,11994.0,11986.0,-8.0,0.0,-16.0,False,False,0,3,3,4,8.0,11.5,14.5
-1,989700,INTARIAN_PEPPER_ROOT,,,11983.0,4,SELL,11983.0,11996.0,11989.5,-6.5,0.0,-13.0,False,False,0,3,3,4,1.0,8.5,13.0
-1,990900,INTARIAN_PEPPER_ROOT,,,11984.0,6,SELL,11984.0,11997.0,11990.5,-6.5,0.0,-13.0,False,False,0,5,5,6,9.5,8.5,11.5
-1,994200,INTARIAN_PEPPER_ROOT,,,11988.0,3,SELL,11988.0,12001.0,11994.5,-6.5,0.0,-13.0,False,True,0,3,3,4,8.0,8.5,10.0
-1,995100,INTARIAN_PEPPER_ROOT,,,11998.0,7,SELL,11998.0,12005.0,12001.5,-3.5,0.0,-7.0,False,True,20,7,7,8,-2.5,-0.5,
0,0,ASH_COATED_OSMIUM,,,9995.0,6,SELL,9995.0,10011.0,10003.0,-8.0,0.0,-16.0,True,True,0,5,4,6,7.0,5.0,5.0
0,3600,ASH_COATED_OSMIUM,,,10009.0,3,BUY,9993.0,10009.0,10001.0,8.0,16.0,0.0,False,True,0,2,2,3,-6.0,-9.0,-8.0
0,4200,ASH_COATED_OSMIUM,,,10011.0,2,BUY,9993.0,10011.0,10002.0,9.0,18.0,0.0,False,True,0,2,2,3,-10.0,-10.0,-11.0
0,9100,ASH_COATED_OSMIUM,,,9998.0,4,SELL,9998.0,10008.0,10003.0,-5.0,0.0,-10.0,False,False,0,5,4,6,3.0,5.0,5.0
0,9600,ASH_COATED_OSMIUM,,,9993.0,6,SELL,9993.0,10009.0,10001.0,-8.0,0.0,-16.0,True,False,0,5,4,6,9.0,9.0,9.0
0,10000,ASH_COATED_OSMIUM,,,9994.0,8,SELL,9994.0,10010.0,10002.0,-8.0,0.0,-16.0,False,False,0,8,7,9,8.5,8.0,5.0
0,12100,ASH_COATED_OSMIUM,,,9994.0,5,SELL,9994.0,10010.0,10002.0,-8.0,0.0,-16.0,False,False,0,5,4,6,9.0,9.0,7.0
0,14000,ASH_COATED_OSMIUM,,,10011.0,3,BUY,9995.0,10011.0,10003.0,8.0,16.0,0.0,False,False,0,2,2,3,-12.0,-10.0,-8.0
0,15100,ASH_COATED_OSMIUM,,,10010.0,2,BUY,9994.0,10010.0,10002.0,8.0,16.0,0.0,False,False,0,2,2,3,-8.0,-9.0,-9.0
0,15100,ASH_COATED_OSMIUM,,,10010.0,8,BUY,9994.0,10010.0,10002.0,8.0,16.0,0.0,False,False,0,8,7,9,-8.0,-9.0,-9.0
0,18500,ASH_COATED_OSMIUM,,,10010.0,6,BUY,9994.0,10010.0,10002.0,8.0,16.0,0.0,False,False,0,5,4,6,-7.0,-10.0,-9.0
0,23900,ASH_COATED_OSMIUM,,,9990.0,4,SELL,9990.0,10009.0,9999.5,-9.5,0.0,-19.0,True,False,0,5,4,6,5.0,11.0,11.0
0,24300,ASH_COATED_OSMIUM,,,9993.0,4,SELL,9993.0,10011.0,10002.0,-9.0,0.0,-18.0,False,False,0,5,4,6,8.0,8.0,8.0
0,24600,ASH_COATED_OSMIUM,,,9992.0,3,SELL,9992.0,10008.0,10000.0,-8.0,0.0,-16.0,False,False,0,2,2,3,9.0,18.0,10.0
0,30400,ASH_COATED_OSMIUM,,,10009.0,2,BUY,,10009.0,10009.0,0.0,,0.0,False,False,0,2,2,3,-8.0,-7.5,-8.5
0,32800,ASH_COATED_OSMIUM,,,9992.0,4,SELL,9992.0,9998.0,9995.0,-3.0,0.0,-6.0,False,False,0,5,4,6,16.0,9.0,14.0
0,34000,ASH_COATED_OSMIUM,,,10010.0,7,BUY,9994.0,10010.0,10002.0,8.0,16.0,0.0,False,False,0,8,7,9,-17.0,-9.0,-8.5
0,34500,ASH_COATED_OSMIUM,,,9993.0,8,SELL,9993.0,,9993.0,0.0,0.0,,False,False,0,8,7,9,8.0,8.0,16.0
0,36500,ASH_COATED_OSMIUM,,,10010.0,3,BUY,9992.0,10010.0,10001.0,9.0,18.0,0.0,False,False,0,2,2,3,-10.0,-9.0,-9.0
0,37900,ASH_COATED_OSMIUM,,,9990.0,4,SELL,9990.0,10008.0,9999.0,-9.0,0.0,-18.0,False,False,0,5,4,6,9.5,12.0,12.5
0,38400,ASH_COATED_OSMIUM,,,10009.0,3,BUY,9990.0,10009.0,9999.5,9.5,19.0,0.0,False,False,0,2,2,3,-8.5,-8.0,0.0
0,39100,ASH_COATED_OSMIUM,,,10009.0,6,BUY,,10009.0,10009.0,0.0,,0.0,False,False,0,5,4,6,-8.0,-9.5,-8.0
0,39900,ASH_COATED_OSMIUM,,,10010.0,7,BUY,9994.0,10010.0,10002.0,8.0,16.0,0.0,False,False,0,8,7,9,-9.0,-9.0,-10.5
0,41500,ASH_COATED_OSMIUM,,,10009.0,5,BUY,9993.0,10009.0,10001.0,8.0,16.0,0.0,False,False,0,5,4,6,-8.0,-8.0,-4.5
0,50900,ASH_COATED_OSMIUM,,,9990.0,5,SELL,9990.0,10009.0,9999.5,-9.5,0.0,-19.0,False,False,0,5,4,6,12.0,7.0,4.5
0,54600,ASH_COATED_OSMIUM,,,9988.0,6,SELL,9988.0,10004.0,9996.0,-8.0,0.0,-16.0,True,False,0,5,4,6,9.5,8.0,5.5
0,58400,ASH_COATED_OSMIUM,,,9987.0,3,SELL,9987.0,10003.0,9995.0,-8.0,0.0,-16.0,True,False,0,2,2,3,8.0,8.0,8.0
0,59500,ASH_COATED_OSMIUM,,,10002.0,2,BUY,9986.0,10002.0,9994.0,8.0,16.0,0.0,False,False,50,2,2,3,-7.0,3.0,2.0
0,62000,ASH_COATED_OSMIUM,,,10005.0,6,BUY,9989.0,10005.0,9997.0,8.0,16.0,0.0,False,False,0,5,4,6,-9.0,-7.5,-7.0
0,63700,ASH_COATED_OSMIUM,,,9989.0,2,SELL,9989.0,10005.0,9997.0,-8.0,0.0,-16.0,False,False,0,2,2,3,7.0,7.0,8.0
0,64900,ASH_COATED_OSMIUM,,,10004.0,4,BUY,9988.0,10004.0,9996.0,8.0,16.0,0.0,False,False,0,5,4,6,-8.0,-7.0,-7.0
0,65300,ASH_COATED_OSMIUM,,,9985.0,2,SELL,9985.0,10004.0,9994.5,-9.5,0.0,-19.0,True,False,0,2,2,3,12.0,11.0,13.5
0,68000,ASH_COATED_OSMIUM,,,10005.0,3,BUY,9989.0,10005.0,9997.0,8.0,16.0,0.0,False,False,0,2,2,3,-8.0,-7.5,-5.0
0,76300,ASH_COATED_OSMIUM,,,9993.0,6,SELL,9993.0,10009.0,10001.0,-8.0,0.0,-16.0,False,False,0,5,4,6,11.0,9.0,7.0
0,76500,ASH_COATED_OSMIUM,,,10012.0,8,BUY,9999.0,10012.0,10005.5,6.5,13.0,0.0,False,True,0,8,7,9,-10.0,-11.5,-12.0
0,83700,ASH_COATED_OSMIUM,,,10005.0,2,BUY,9986.0,10005.0,9995.5,9.5,19.0,0.0,False,False,0,2,2,3,-8.0,-13.0,-4.0
0,85500,ASH_COATED_OSMIUM,,,9988.0,7,SELL,9988.0,10004.0,9996.0,-8.0,0.0,-16.0,False,False,0,8,7,9,8.0,10.0,24.0
0,85700,ASH_COATED_OSMIUM,,,9995.0,3,BUY,9989.0,9995.0,9992.0,3.0,6.0,0.0,False,False,50,2,2,3,2.0,12.0,8.0
0,85900,ASH_COATED_OSMIUM,,,9986.0,5,SELL,9986.0,10005.0,9995.5,-9.5,0.0,-19.0,False,False,0,5,4,6,12.0,14.0,17.0
0,87900,ASH_COATED_OSMIUM,,,9992.0,5,SELL,9992.0,10008.0,10000.0,-8.0,0.0,-16.0,False,False,0,5,4,6,10.0,2.0,9.0
0,88300,ASH_COATED_OSMIUM,,,10011.0,2,BUY,9993.0,10011.0,10002.0,9.0,18.0,0.0,False,False,0,2,2,3,-10.0,-15.0,-9.0
0,90200,ASH_COATED_OSMIUM,,,10011.0,10,BUY,9995.0,10011.0,10003.0,8.0,16.0,0.0,False,False,0,10,10,10,-8.0,-9.0,-11.5
0,90700,ASH_COATED_OSMIUM,,,10011.0,2,BUY,9995.0,10011.0,10003.0,8.0,16.0,0.0,False,False,0,2,2,3,-7.5,-9.0,-10.0
0,90800,ASH_COATED_OSMIUM,,,9995.0,6,SELL,9995.0,10014.0,10004.5,-9.5,0.0,-19.0,False,False,0,5,4,6,7.0,6.0,6.5
0,95900,ASH_COATED_OSMIUM,,,10008.0,3,BUY,9992.0,10008.0,10000.0,8.0,16.0,0.0,False,False,0,2,2,3,-8.0,-6.0,-5.0
0,96900,ASH_COATED_OSMIUM,,,10007.0,6,BUY,9991.0,10007.0,9999.0,8.0,16.0,0.0,False,False,0,5,4,6,-8.0,-6.0,-3.0
0,96900,ASH_COATED_OSMIUM,,,10007.0,8,BUY,9991.0,10007.0,9999.0,8.0,16.0,0.0,False,False,0,8,7,9,-8.0,-6.0,-3.0
0,105900,ASH_COATED_OSMIUM,,,10013.0,5,BUY,9994.0,10013.0,10003.5,9.5,19.0,0.0,False,True,0,5,4,6,-3.0,-10.0,-12.0
0,107200,ASH_COATED_OSMIUM,,,9995.0,3,SELL,9995.0,10011.0,10003.0,-8.0,0.0,-16.0,False,False,0,2,2,3,8.0,8.0,7.0
0,111600,ASH_COATED_OSMIUM,,,9993.0,5,SELL,9993.0,10009.0,10001.0,-8.0,0.0,-16.0,False,False,0,5,4,6,7.5,9.0,11.0
0,114700,ASH_COATED_OSMIUM,,,9995.0,3,SELL,9995.0,10011.0,10003.0,-8.0,0.0,-16.0,False,False,0,2,2,3,7.0,8.0,9.0
0,116100,ASH_COATED_OSMIUM,,,9993.0,8,SELL,9993.0,10011.0,10002.0,-9.0,0.0,-18.0,False,False,0,8,7,9,11.0,10.0,7.0
0,122000,ASH_COATED_OSMIUM,,,10012.0,10,BUY,9993.0,10012.0,10002.5,9.5,19.0,0.0,False,False,0,10,10,10,-9.0,-9.0,-11.0
0,122300,ASH_COATED_OSMIUM,,,10012.0,5,BUY,9996.0,10012.0,10004.0,8.0,16.0,0.0,False,False,0,5,4,6,-11.0,-9.0,-11.5
0,124500,ASH_COATED_OSMIUM,,,9992.0,2,SELL,9992.0,10010.0,10001.0,-9.0,0.0,-18.0,False,False,0,2,2,3,11.0,9.0,11.5
0,126400,ASH_COATED_OSMIUM,,,9993.0,6,SELL,9993.0,10009.0,10001.0,-8.0,0.0,-16.0,False,False,0,5,4,6,8.0,8.0,8.0
0,126500,ASH_COATED_OSMIUM,,,9993.0,6,SELL,9993.0,10009.0,10001.0,-8.0,0.0,-16.0,False,False,0,5,4,6,8.0,9.0,7.5
0,127800,ASH_COATED_OSMIUM,,,10012.0,2,BUY,9993.0,10012.0,10002.5,9.5,19.0,0.0,False,False,0,2,2,3,-10.0,-12.0,-12.0
0,130300,ASH_COATED_OSMIUM,,,10011.0,2,BUY,9993.0,10011.0,10002.0,9.0,18.0,0.0,False,False,0,2,2,3,-11.5,-11.0,-11.0
0,131000,ASH_COATED_OSMIUM,,,10008.0,9,BUY,9992.0,10008.0,10000.0,8.0,16.0,0.0,False,False,0,8,7,9,-7.5,-9.5,-7.0
0,131400,ASH_COATED_OSMIUM,,,10009.0,2,BUY,9993.0,10009.0,10001.0,8.0,16.0,0.0,False,False,0,2,2,3,-7.0,-10.0,-8.5
0,137700,ASH_COATED_OSMIUM,,,10012.0,3,BUY,9993.0,10012.0,10002.5,9.5,19.0,0.0,False,False,0,2,2,3,-11.0,-7.5,-10.0
0,139400,ASH_COATED_OSMIUM,,,9995.0,6,SELL,9995.0,10014.0,10004.5,-9.5,0.0,-19.0,False,False,0,5,4,6,7.0,6.0,6.0
0,139400,ASH_COATED_OSMIUM,,,9995.0,5,SELL,9995.0,10014.0,10004.5,-9.5,0.0,-19.0,False,False,0,5,4,6,7.0,6.0,6.0
0,142000,ASH_COATED_OSMIUM,,,9994.0,2,SELL,9994.0,10010.0,10002.0,-8.0,0.0,-16.0,False,False,0,2,2,3,9.5,8.0,9.0
0,142200,ASH_COATED_OSMIUM,,,9994.0,6,SELL,9994.0,10010.0,10002.0,-8.0,0.0,-16.0,False,False,0,5,4,6,8.0,7.0,6.0
0,146700,ASH_COATED_OSMIUM,,,10010.0,6,BUY,9994.0,10010.0,10002.0,8.0,16.0,0.0,False,False,0,5,4,6,-10.0,-9.5,-9.0
0,149500,ASH_COATED_OSMIUM,,,10012.0,9,BUY,9999.0,10012.0,10005.5,6.5,13.0,0.0,False,False,0,8,7,9,-11.0,-10.0,-6.5
0,153200,ASH_COATED_OSMIUM,,,9996.0,5,SELL,9996.0,10012.0,10004.0,-8.0,0.0,-16.0,False,False,0,5,4,6,8.0,8.0,10.0
0,154600,ASH_COATED_OSMIUM,,,9995.0,2,SELL,9995.0,10013.0,10004.0,-9.0,0.0,-18.0,False,False,0,2,2,3,9.0,12.0,10.0
0,155300,ASH_COATED_OSMIUM,,,10012.0,10,BUY,9996.0,10012.0,10004.0,8.0,16.0,0.0,False,False,0,10,10,10,-10.5,-5.0,-7.0
0,155500,ASH_COATED_OSMIUM,,,10012.0,6,BUY,9996.0,10012.0,10004.0,8.0,16.0,0.0,False,False,0,5,4,6,-8.0,-5.0,-7.0
0,155700,ASH_COATED_OSMIUM,,,10015.0,7,BUY,9994.0,10015.0,10004.5,10.5,21.0,0.0,False,True,0,8,7,9,-8.0,-16.0,-10.0
0,155800,ASH_COATED_OSMIUM,,,9997.0,5,SELL,9997.0,10006.0,10001.5,-4.5,0.0,-9.0,False,False,0,5,4,6,9.0,10.0,9.0
0,158200,ASH_COATED_OSMIUM,,,9998.0,5,SELL,9998.0,10014.0,10006.0,-8.0,0.0,-16.0,False,False,20,5,4,6,6.0,-4.0,3.5
0,165300,ASH_COATED_OSMIUM,,,9998.0,5,SELL,9998.0,10014.0,10006.0,-8.0,0.0,-16.0,False,False,0,5,4,6,8.0,8.0,6.0
0,172700,ASH_COATED_OSMIUM,,,10015.0,4,BUY,9999.0,10015.0,10007.0,8.0,16.0,0.0,False,False,0,5,4,6,-8.0,-10.0,-9.0
0,173100,ASH_COATED_OSMIUM,,,10009.0,2,BUY,9999.0,10009.0,10004.0,5.0,10.0,0.0,False,False,0,2,2,3,-10.0,-4.0,-0.5
0,177700,ASH_COATED_OSMIUM,,,9998.0,10,SELL,9998.0,10014.0,10006.0,-8.0,0.0,-16.0,False,False,0,10,10,10,9.5,12.0,9.5
0,181600,ASH_COATED_OSMIUM,,,9999.0,2,SELL,9999.0,10017.0,10008.0,-9.0,0.0,-18.0,False,False,0,2,2,3,7.0,6.0,8.0
0,182700,ASH_COATED_OSMIUM,,,9998.0,5,SELL,9998.0,10017.0,10007.5,-9.5,0.0,-19.0,False,False,0,5,4,6,8.0,14.5,9.0
0,184700,ASH_COATED_OSMIUM,,,10008.0,5,SELL,10008.0,10017.0,10012.5,-4.5,0.0,-9.0,False,False,50,5,4,6,1.5,7.0,-8.5
0,184800,ASH_COATED_OSMIUM,,,9999.0,4,SELL,9999.0,,9999.0,0.0,0.0,,False,False,0,5,4,6,9.0,8.0,6.0
0,185900,ASH_COATED_OSMIUM,,,10000.0,10,SELL,10000.0,10016.0,10008.0,-8.0,0.0,-16.0,False,False,0,10,10,10,4.5,7.5,5.0
0,186800,ASH_COATED_OSMIUM,,,9999.0,4,SELL,9999.0,10015.0,10007.0,-8.0,0.0,-16.0,False,False,0,5,4,6,9.0,6.5,7.0
0,190400,ASH_COATED_OSMIUM,,,10012.0,3,BUY,9996.0,10012.0,10004.0,8.0,16.0,0.0,False,False,0,2,2,3,-7.0,-6.0,-2.5
0,192600,ASH_COATED_OSMIUM,,,9997.0,8,SELL,9997.0,10016.0,10006.5,-9.5,0.0,-19.0,False,False,0,8,7,9,8.5,8.0,8.0
0,192900,ASH_COATED_OSMIUM,,,10013.0,10,BUY,9997.0,10013.0,10005.0,8.0,16.0,0.0,False,False,0,10,10,10,-17.0,-7.0,-15.0
0,197300,ASH_COATED_OSMIUM,,,9997.0,9,SELL,9997.0,10013.0,10005.0,-8.0,0.0,-16.0,False,False,0,8,7,9,9.0,7.5,7.0
0,200100,ASH_COATED_OSMIUM,,,9997.0,6,SELL,9997.0,10016.0,10006.5,-9.5,0.0,-19.0,False,False,0,5,4,6,6.5,5.5,5.0
0,200300,ASH_COATED_OSMIUM,,,9998.0,10,SELL,9998.0,10014.0,10006.0,-8.0,0.0,-16.0,False,False,0,10,10,10,6.0,6.0,3.0
0,200400,ASH_COATED_OSMIUM,,,10014.0,2,BUY,9998.0,10014.0,10006.0,8.0,16.0,0.0,False,False,0,2,2,3,-10.0,-18.0,-12.0
0,200600,ASH_COATED_OSMIUM,,,10013.0,2,BUY,9994.0,10013.0,10003.5,9.5,19.0,0.0,False,False,0,2,2,3,-9.0,-10.0,-11.5
0,200700,ASH_COATED_OSMIUM,,,10012.0,8,BUY,9996.0,10012.0,10004.0,8.0,16.0,0.0,False,False,0,8,7,9,-8.0,-8.0,-10.0
0,201700,ASH_COATED_OSMIUM,,,9994.0,4,SELL,9994.0,10013.0,10003.5,-9.5,0.0,-19.0,False,False,0,5,4,6,11.5,0.0,11.5
0,205600,ASH_COATED_OSMIUM,,,9991.0,2,SELL,9991.0,10012.0,10001.5,-10.5,0.0,-21.0,False,False,0,2,2,3,10.0,9.0,7.0
0,206600,ASH_COATED_OSMIUM,,,9993.0,7,SELL,9993.0,10009.0,10001.0,-8.0,0.0,-16.0,False,False,0,8,7,9,10.0,5.0,5.0
0,208900,ASH_COATED_OSMIUM,,,9988.0,10,SELL,9988.0,10006.0,9997.0,-9.0,0.0,-18.0,False,False,0,10,10,10,10.0,2.0,10.0
0,210000,ASH_COATED_OSMIUM,,,9987.0,4,SELL,9987.0,10006.0,9996.5,-9.5,0.0,-19.0,False,False,0,5,4,6,11.0,11.0,5.0
0,212700,ASH_COATED_OSMIUM,,,9987.0,6,SELL,9987.0,9995.0,9991.0,-4.0,0.0,-8.0,False,False,0,5,4,6,11.0,11.5,12.5
0,222900,ASH_COATED_OSMIUM,,,10011.0,2,BUY,9993.0,10011.0,10002.0,9.0,18.0,0.0,False,False,0,2,2,3,-9.0,-11.0,-13.0
0,224800,ASH_COATED_OSMIUM,,,10008.0,5,BUY,9992.0,10008.0,10000.0,8.0,16.0,0.0,False,False,0,5,4,6,-8.0,-9.0,-7.5
0,224900,ASH_COATED_OSMIUM,,,10008.0,7,BUY,9992.0,10008.0,10000.0,8.0,16.0,0.0,False,False,0,8,7,9,-8.0,-10.5,-9.0
0,226200,ASH_COATED_OSMIUM,,,9989.0,6,SELL,9989.0,10007.0,9998.0,-9.0,0.0,-18.0,False,False,0,5,4,6,8.5,9.0,10.0
0,227600,ASH_COATED_OSMIUM,,,9990.0,5,SELL,9990.0,10009.0,9999.5,-9.5,0.0,-19.0,False,False,0,5,4,6,8.0,11.5,9.5
0,228000,ASH_COATED_OSMIUM,,,9990.0,5,SELL,9990.0,10006.0,9998.0,-8.0,0.0,-16.0,False,False,0,5,4,6,10.5,9.0,8.0
0,229200,ASH_COATED_OSMIUM,,,10001.0,2,BUY,9989.0,10001.0,9995.0,6.0,12.0,0.0,False,False,0,2,2,3,-1.0,-2.0,-4.0
0,229600,ASH_COATED_OSMIUM,,,10011.0,5,BUY,9992.0,10011.0,10001.5,9.5,19.0,0.0,False,False,0,5,4,6,-13.0,-14.5,-12.0
0,235600,ASH_COATED_OSMIUM,,,9989.0,8,SELL,9989.0,10008.0,9998.5,-9.5,0.0,-19.0,False,False,0,8,7,9,8.0,9.0,7.0
0,236100,ASH_COATED_OSMIUM,,,9989.0,4,SELL,9989.0,10005.0,9997.0,-8.0,0.0,-16.0,False,False,20,5,4,6,9.0,-2.0,6.5
0,236500,ASH_COATED_OSMIUM,,,9989.0,2,SELL,9989.0,10005.0,9997.0,-8.0,0.0,-16.0,False,False,0,2,2,3,8.0,8.0,7.0
0,236600,ASH_COATED_OSMIUM,,,9990.0,4,SELL,9990.0,10006.0,9998.0,-8.0,0.0,-16.0,False,False,0,5,4,6,7.5,7.0,6.0
0,237000,ASH_COATED_OSMIUM,,,10005.0,5,BUY,9989.0,10005.0,9997.0,8.0,16.0,0.0,False,False,0,5,4,6,-7.0,-1.0,-8.0
0,237100,ASH_COATED_OSMIUM,,,9987.0,3,SELL,9987.0,10008.0,9997.5,-10.5,0.0,-21.0,False,False,0,2,2,3,11.0,10.0,10.0
0,241700,ASH_COATED_OSMIUM,,,9988.0,7,SELL,9988.0,10006.0,9997.0,-9.0,0.0,-18.0,False,False,0,8,7,9,7.0,8.5,5.0
0,242800,ASH_COATED_OSMIUM,,,10003.0,5,BUY,9987.0,10003.0,9995.0,8.0,16.0,0.0,False,False,0,5,4,6,-7.0,-10.0,-16.0
0,243200,ASH_COATED_OSMIUM,,,10003.0,6,BUY,9987.0,10003.0,9995.0,8.0,16.0,0.0,False,False,0,5,4,6,-6.5,-10.0,-10.0
0,243700,ASH_COATED_OSMIUM,,,10006.0,6,BUY,9987.0,10006.0,9996.5,9.5,19.0,0.0,False,False,0,5,4,6,-14.0,-14.0,-5.0
0,246200,ASH_COATED_OSMIUM,,,9986.0,9,SELL,9986.0,10002.0,9994.0,-8.0,0.0,-16.0,False,False,0,8,7,9,7.0,7.0,1.0
0,247600,ASH_COATED_OSMIUM,,,9985.0,6,SELL,9985.0,10001.0,9993.0,-8.0,0.0,-16.0,False,False,0,5,4,6,6.5,8.0,8.5
0,251700,ASH_COATED_OSMIUM,,,9985.0,4,SELL,9985.0,10001.0,9993.0,-8.0,0.0,-16.0,False,False,0,5,4,6,8.0,9.0,11.0
0,252300,ASH_COATED_OSMIUM,,,10001.0,5,BUY,9986.0,10001.0,9993.5,7.5,15.0,0.0,False,False,0,5,4,6,-9.0,-7.5,-3.0
0,252400,ASH_COATED_OSMIUM,,,10004.0,7,BUY,9985.0,10004.0,9994.5,9.5,19.0,0.0,False,False,0,8,7,9,-20.0,-10.0,-8.0
0,258300,ASH_COATED_OSMIUM,,,10003.0,9,BUY,9987.0,10003.0,9995.0,8.0,16.0,0.0,False,False,0,8,7,9,-6.0,-4.0,-4.0
0,258400,ASH_COATED_OSMIUM,,,10004.0,4,BUY,9988.0,10004.0,9996.0,8.0,16.0,0.0,False,False,0,5,4,6,-8.0,-6.0,-5.0
0,259400,ASH_COATED_OSMIUM,,,9989.0,8,SELL,9989.0,10005.0,9997.0,-8.0,0.0,-16.0,False,False,0,8,7,9,9.0,9.0,0.0
0,260500,ASH_COATED_OSMIUM,,,10008.0,7,BUY,9990.0,10008.0,9999.0,9.0,18.0,0.0,False,False,0,8,7,9,0.0,-9.0,-6.5
0,260600,ASH_COATED_OSMIUM,,,10006.0,2,BUY,9990.0,10006.0,9998.0,8.0,16.0,0.0,False,False,0,2,2,3,-16.0,-7.0,-7.0
0,261300,ASH_COATED_OSMIUM,,,9988.0,2,SELL,9988.0,10006.0,9997.0,-9.0,0.0,-18.0,False,False,0,2,2,3,14.0,11.0,14.0
0,265000,ASH_COATED_OSMIUM,,,9991.0,8,SELL,9991.0,,9991.0,0.0,0.0,,False,False,0,8,7,9,10.5,10.0,9.0
0,267000,ASH_COATED_OSMIUM,,,9993.0,9,SELL,9993.0,10009.0,10001.0,-8.0,0.0,-16.0,False,False,0,8,7,9,7.0,7.5,11.0
0,268800,ASH_COATED_OSMIUM,,,10012.0,6,BUY,9993.0,10012.0,10002.5,9.5,19.0,0.0,False,False,0,5,4,6,-5.5,-9.0,-12.5
0,269400,ASH_COATED_OSMIUM,,,9993.0,4,SELL,9993.0,10011.0,10002.0,-9.0,0.0,-18.0,False,False,0,5,4,6,9.0,7.5,10.0
0,270400,ASH_COATED_OSMIUM,,,10011.0,2,BUY,9995.0,10011.0,10003.0,8.0,16.0,0.0,False,False,0,2,2,3,-9.0,-9.0,-9.5
0,271800,ASH_COATED_OSMIUM,,,10011.0,5,BUY,9995.0,10011.0,10003.0,8.0,16.0,0.0,False,False,0,5,4,6,-8.5,-11.5,-9.0
0,272800,ASH_COATED_OSMIUM,,,10012.0,6,BUY,9996.0,10012.0,10004.0,8.0,16.0,0.0,False,False,0,5,4,6,-8.0,-9.5,-11.0
0,275600,ASH_COATED_OSMIUM,,,10011.0,4,BUY,9992.0,10011.0,10001.5,9.5,19.0,0.0,False,False,0,5,4,6,-9.5,-10.0,-17.0
0,280900,ASH_COATED_OSMIUM,,,9994.0,2,SELL,9994.0,10010.0,10002.0,-8.0,0.0,-16.0,False,False,0,2,2,3,8.0,8.0,11.0
0,282500,ASH_COATED_OSMIUM,,,9994.0,4,SELL,9994.0,10010.0,10002.0,-8.0,0.0,-16.0,False,False,0,5,4,6,9.0,0.0,10.0
0,282700,ASH_COATED_OSMIUM,,,10004.0,3,BUY,9995.0,10004.0,9999.5,4.5,9.0,0.0,False,False,0,2,2,3,0.0,0.0,-2.0
0,291400,ASH_COATED_OSMIUM,,,9994.0,3,SELL,9994.0,10010.0,10002.0,-8.0,0.0,-16.0,False,False,0,2,2,3,7.0,8.0,8.0
0,295500,ASH_COATED_OSMIUM,,,10009.0,8,BUY,9993.0,10009.0,10001.0,8.0,16.0,0.0,False,False,0,8,7,9,-9.0,-3.5,-8.0
0,297000,ASH_COATED_OSMIUM,,,10010.0,9,BUY,9994.0,10010.0,10002.0,8.0,16.0,0.0,False,False,0,8,7,9,-4.5,-4.5,-9.0
0,297300,ASH_COATED_OSMIUM,,,10011.0,3,BUY,9992.0,10011.0,10001.5,9.5,19.0,0.0,False,False,0,2,2,3,-7.0,-8.5,-9.0
0,299500,ASH_COATED_OSMIUM,,,9993.0,2,SELL,9993.0,10014.0,10003.5,-10.5,0.0,-21.0,False,False,0,2,2,3,11.0,9.0,9.0
0,301600,ASH_COATED_OSMIUM,,,9994.0,9,SELL,9994.0,10010.0,10002.0,-8.0,0.0,-16.0,False,False,0,8,7,9,8.0,8.0,7.0
0,302800,ASH_COATED_OSMIUM,,,10003.0,2,SELL,10003.0,10010.0,10006.5,-3.5,0.0,-7.0,False,False,50,2,2,3,-2.0,-1.0,-1.0
0,306200,ASH_COATED_OSMIUM,,,9994.0,6,SELL,9994.0,10010.0,10002.0,-8.0,0.0,-16.0,False,False,0,5,4,6,0.0,7.5,7.0
0,306500,ASH_COATED_OSMIUM,,,10010.0,5,BUY,9994.0,10010.0,10002.0,8.0,16.0,0.0,False,False,0,5,4,6,-8.0,-9.0,-9.0
0,307600,ASH_COATED_OSMIUM,,,9994.0,5,SELL,9994.0,10010.0,10002.0,-8.0,0.0,-16.0,False,False,0,5,4,6,8.5,6.0,16.0
0,310000,ASH_COATED_OSMIUM,,,10008.0,9,BUY,9989.0,10008.0,9998.5,9.5,19.0,0.0,False,False,0,8,7,9,-8.0,-2.0,-5.0
0,310900,ASH_COATED_OSMIUM,,,10009.0,6,BUY,9993.0,10009.0,10001.0,8.0,16.0,0.0,False,False,0,5,4,6,0.0,-7.0,-7.0
0,313100,ASH_COATED_OSMIUM,,,9995.0,2,SELL,9995.0,10011.0,10003.0,-8.0,0.0,-16.0,False,False,0,2,2,3,9.0,0.0,8.0
0,313600,ASH_COATED_OSMIUM,,,10012.0,3,BUY,9996.0,10012.0,10004.0,8.0,16.0,0.0,False,False,0,2,2,3,-8.0,-14.5,-8.5
0,320900,ASH_COATED_OSMIUM,,,10016.0,6,BUY,9997.0,10016.0,10006.5,9.5,19.0,0.0,False,True,0,5,4,6,-12.0,-12.0,-22.0
0,323500,ASH_COATED_OSMIUM,,,9994.0,6,SELL,9994.0,10010.0,10002.0,-8.0,0.0,-16.0,False,False,0,5,4,6,8.0,5.5,5.5
0,324600,ASH_COATED_OSMIUM,,,9993.0,2,SELL,9993.0,10009.0,10001.0,-8.0,0.0,-16.0,False,False,5,2,2,3,-1.0,9.0,7.5
0,325000,ASH_COATED_OSMIUM,,,10009.0,5,BUY,9993.0,10009.0,10001.0,8.0,16.0,0.0,False,False,0,5,4,6,-9.5,-10.5,-8.0
0,329000,ASH_COATED_OSMIUM,,,9993.0,9,SELL,9993.0,10009.0,10001.0,-8.0,0.0,-16.0,False,False,0,8,7,9,9.0,9.0,10.0
0,330600,ASH_COATED_OSMIUM,,,9994.0,2,SELL,9994.0,10010.0,10002.0,-8.0,0.0,-16.0,False,False,0,2,2,3,6.5,0.0,8.0
0,331800,ASH_COATED_OSMIUM,,,10011.0,8,BUY,9993.0,10011.0,10002.0,9.0,18.0,0.0,False,False,0,8,7,9,-10.5,-16.0,-8.0
0,332800,ASH_COATED_OSMIUM,,,10010.0,5,BUY,9994.0,10010.0,10002.0,8.0,16.0,0.0,False,False,0,5,4,6,-8.0,-7.0,-7.0
0,335800,ASH_COATED_OSMIUM,,,9994.0,6,SELL,9994.0,10010.0,10002.0,-8.0,0.0,-16.0,False,False,0,5,4,6,10.0,9.0,6.5
0,336000,ASH_COATED_OSMIUM,,,9995.0,6,SELL,9995.0,10011.0,10003.0,-8.0,0.0,-16.0,False,False,0,5,4,6,8.0,8.0,5.0
0,336400,ASH_COATED_OSMIUM,,,10012.0,9,BUY,9996.0,10012.0,10004.0,8.0,16.0,0.0,False,False,0,8,7,9,-9.0,-10.0,-10.0
0,336800,ASH_COATED_OSMIUM,,,9994.0,4,SELL,9994.0,10012.0,10003.0,-9.0,0.0,-18.0,False,False,50,5,4,6,9.0,0.0,-9994.0
0,337200,ASH_COATED_OSMIUM,,,9993.0,6,SELL,9993.0,10011.0,10002.0,-9.0,0.0,-18.0,False,False,0,5,4,6,9.0,8.0,8.5
0,337300,ASH_COATED_OSMIUM,,,9995.0,7,SELL,9995.0,10011.0,10003.0,-8.0,0.0,-16.0,False,False,0,8,7,9,8.0,6.0,8.0
0,340700,ASH_COATED_OSMIUM,,,10009.0,2,BUY,9993.0,10009.0,10001.0,8.0,16.0,0.0,False,False,0,2,2,3,-6.0,-14.0,-5.0
0,341200,ASH_COATED_OSMIUM,,,9994.0,2,SELL,9994.0,10012.0,10003.0,-9.0,0.0,-18.0,False,False,0,2,2,3,8.0,3.5,9.0
0,344200,ASH_COATED_OSMIUM,,,9996.0,4,SELL,9996.0,10012.0,10004.0,-8.0,0.0,-16.0,False,False,0,5,4,6,7.0,7.0,9.0
0,345800,ASH_COATED_OSMIUM,,,9996.0,3,SELL,9996.0,10012.0,10004.0,-8.0,0.0,-16.0,False,False,0,2,2,3,10.0,16.0,4.0
0,346200,ASH_COATED_OSMIUM,,,9995.0,4,SELL,9995.0,10011.0,10003.0,-8.0,0.0,-16.0,False,False,0,5,4,6,8.0,10.0,6.0
0,349400,ASH_COATED_OSMIUM,,,10009.0,4,BUY,9993.0,10009.0,10001.0,8.0,16.0,0.0,False,False,0,5,4,6,-8.0,-8.0,-8.5
0,350400,ASH_COATED_OSMIUM,,,10008.0,5,BUY,9992.0,10008.0,10000.0,8.0,16.0,0.0,False,False,0,5,4,6,-7.0,-6.0,-5.0
0,351800,ASH_COATED_OSMIUM,,,10010.0,5,BUY,9994.0,10010.0,10002.0,8.0,16.0,0.0,False,False,0,5,4,6,-7.0,-9.0,-7.0
0,353000,ASH_COATED_OSMIUM,,,9993.0,5,SELL,9993.0,10009.0,10001.0,-8.0,0.0,-16.0,False,False,0,5,4,6,16.0,9.0,7.0
0,356700,ASH_COATED_OSMIUM,,,10011.0,9,BUY,9995.0,10011.0,10003.0,8.0,16.0,0.0,False,False,0,8,7,9,-7.0,-11.0,-8.5
0,357500,ASH_COATED_OSMIUM,,,9996.0,3,SELL,9996.0,10012.0,10004.0,-8.0,0.0,-16.0,False,False,0,2,2,3,4.0,7.0,7.0
0,358400,ASH_COATED_OSMIUM,,,10011.0,3,BUY,9995.0,10011.0,10003.0,8.0,16.0,0.0,False,False,0,2,2,3,-7.0,0.0,-9.0
0,359300,ASH_COATED_OSMIUM,,,9995.0,4,SELL,9995.0,10014.0,10004.5,-9.5,0.0,-19.0,False,False,0,5,4,6,8.0,7.0,7.0
0,361400,ASH_COATED_OSMIUM,,,9994.0,6,SELL,9994.0,,9994.0,0.0,0.0,,False,False,0,5,4,6,8.0,8.0,0.0
0,363200,ASH_COATED_OSMIUM,,,10010.0,2,BUY,10004.0,10010.0,10007.0,3.0,6.0,0.0,False,False,0,2,2,3,-6.0,-8.5,-7.5
0,365300,ASH_COATED_OSMIUM,,,9994.0,3,SELL,9994.0,10010.0,10002.0,-8.0,0.0,-16.0,False,False,0,2,2,3,9.5,8.0,8.0
0,375300,ASH_COATED_OSMIUM,,,9995.0,4,SELL,9995.0,10011.0,10003.0,-8.0,0.0,-16.0,False,False,0,5,4,6,8.0,7.0,6.0
0,375400,ASH_COATED_OSMIUM,,,10010.0,3,BUY,9994.0,10010.0,10002.0,8.0,16.0,0.0,False,False,0,2,2,3,-7.0,-8.0,-16.0
0,377400,ASH_COATED_OSMIUM,,,9994.0,4,SELL,9994.0,10010.0,10002.0,-8.0,0.0,-16.0,False,False,0,5,4,6,9.0,9.0,7.0
0,380900,ASH_COATED_OSMIUM,,,9995.0,8,SELL,9995.0,10011.0,10003.0,-8.0,0.0,-16.0,False,False,0,8,7,9,8.0,6.0,2.0
0,381000,ASH_COATED_OSMIUM,,,10010.0,2,BUY,9994.0,10010.0,10002.0,8.0,16.0,0.0,False,False,0,2,2,3,-7.0,-9.0,-9.0
0,383000,ASH_COATED_OSMIUM,,,10009.0,6,BUY,9993.0,10009.0,10001.0,8.0,16.0,0.0,False,False,0,5,4,6,-7.0,-8.0,-8.0
0,384000,ASH_COATED_OSMIUM,,,9990.0,4,SELL,9990.0,10009.0,9999.5,-9.5,0.0,-19.0,False,False,0,5,4,6,12.0,11.0,3.0
0,389800,ASH_COATED_OSMIUM,,,10009.0,10,BUY,9993.0,10009.0,10001.0,8.0,16.0,0.0,False,False,0,10,10,10,-8.0,-7.0,-8.5
0,389900,ASH_COATED_OSMIUM,,,9990.0,7,SELL,9990.0,10009.0,9999.5,-9.5,0.0,-19.0,False,False,0,8,7,9,11.0,11.0,16.5
0,390400,ASH_COATED_OSMIUM,,,9993.0,9,SELL,9993.0,10009.0,10001.0,-8.0,0.0,-16.0,False,False,0,8,7,9,6.0,10.0,8.5
0,391100,ASH_COATED_OSMIUM,,,9992.0,4,SELL,9992.0,10008.0,10000.0,-8.0,0.0,-16.0,False,False,0,5,4,6,9.0,11.0,9.0
0,392300,ASH_COATED_OSMIUM,,,10010.0,5,BUY,9994.0,10010.0,10002.0,8.0,16.0,0.0,False,False,0,5,4,6,-7.0,-8.0,-8.0
0,401700,ASH_COATED_OSMIUM,,,10012.0,9,BUY,9996.0,10012.0,10004.0,8.0,16.0,0.0,False,False,0,8,7,9,-11.0,-8.0,-10.0
0,402400,ASH_COATED_OSMIUM,,,9994.0,5,SELL,9994.0,10010.0,10002.0,-8.0,0.0,-16.0,False,False,0,5,4,6,9.0,9.0,8.0
0,405200,ASH_COATED_OSMIUM,,,9992.0,2,SELL,9992.0,10008.0,10000.0,-8.0,0.0,-16.0,False,False,0,2,2,3,1.0,11.0,11.0
0,407400,ASH_COATED_OSMIUM,,,10010.0,8,BUY,9994.0,10010.0,10002.0,8.0,16.0,0.0,False,False,0,8,7,9,-8.0,-8.0,-10.0
0,412600,ASH_COATED_OSMIUM,,,9992.0,4,SELL,9992.0,10008.0,10000.0,-8.0,0.0,-16.0,False,False,0,5,4,6,10.0,8.5,11.0
0,414000,ASH_COATED_OSMIUM,,,10010.0,6,BUY,9999.0,10010.0,10004.5,5.5,11.0,0.0,False,False,0,5,4,6,-8.0,-9.5,-7.0
0,415800,ASH_COATED_OSMIUM,,,9994.0,6,SELL,9994.0,10010.0,10002.0,-8.0,0.0,-16.0,False,False,0,5,4,6,8.0,20.0,9.0
0,416100,ASH_COATED_OSMIUM,,,9994.0,2,SELL,9994.0,10010.0,10002.0,-8.0,0.0,-16.0,False,False,0,2,2,3,8.0,19.0,8.0
0,424700,ASH_COATED_OSMIUM,,,9990.0,6,SELL,9990.0,10006.0,9998.0,-8.0,0.0,-16.0,False,False,0,5,4,6,8.0,10.0,7.0
0,425200,ASH_COATED_OSMIUM,,,10006.0,6,BUY,9990.0,10006.0,9998.0,8.0,16.0,0.0,False,False,0,5,4,6,-8.0,-7.0,-7.0
0,425800,ASH_COATED_OSMIUM,,,9990.0,7,SELL,9990.0,10009.0,9999.5,-9.5,0.0,-19.0,False,False,0,8,7,9,7.0,4.0,8.0
0,430100,ASH_COATED_OSMIUM,,,10007.0,4,BUY,9991.0,10007.0,9999.0,8.0,16.0,0.0,False,False,0,5,4,6,-9.0,-9.0,-10.0
0,432800,ASH_COATED_OSMIUM,,,9991.0,6,SELL,9991.0,10007.0,9999.0,-8.0,0.0,-16.0,False,False,0,5,4,6,11.5,5.5,6.5
0,433700,ASH_COATED_OSMIUM,,,9990.0,6,SELL,9990.0,10006.0,9998.0,-8.0,0.0,-16.0,False,False,0,5,4,6,7.0,9.0,10.0
0,435400,ASH_COATED_OSMIUM,,,9989.0,3,SELL,9989.0,10005.0,9997.0,-8.0,0.0,-16.0,False,False,0,2,2,3,8.5,7.5,11.0
0,439100,ASH_COATED_OSMIUM,,,10008.0,5,BUY,9992.0,10008.0,10000.0,8.0,16.0,0.0,False,False,0,5,4,6,-9.5,-8.5,-5.5
0,439800,ASH_COATED_OSMIUM,,,10011.0,7,BUY,9992.0,10011.0,10001.5,9.5,19.0,0.0,False,False,0,8,7,9,-11.0,-2.0,-10.0
0,440300,ASH_COATED_OSMIUM,,,10008.0,3,BUY,9992.0,10008.0,10000.0,8.0,16.0,0.0,False,False,50,2,2,3,-7.0,-7.0,4.0
0,440700,ASH_COATED_OSMIUM,,,9991.0,2,SELL,9991.0,10007.0,9999.0,-8.0,0.0,-16.0,False,False,0,2,2,3,10.0,11.0,12.0
0,442100,ASH_COATED_OSMIUM,,,10003.0,4,BUY,9991.0,10003.0,9997.0,6.0,12.0,0.0,False,False,0,5,4,6,-2.5,-0.5,-1.5
0,442700,ASH_COATED_OSMIUM,,,10010.0,6,BUY,9994.0,10010.0,10002.0,8.0,16.0,0.0,False,False,0,5,4,6,-10.0,-8.0,-7.0
0,443000,ASH_COATED_OSMIUM,,,10010.0,4,BUY,9994.0,10010.0,10002.0,8.0,16.0,0.0,False,False,0,5,4,6,-9.0,-8.0,-12.0
0,444200,ASH_COATED_OSMIUM,,,10010.0,10,BUY,9994.0,10010.0,10002.0,8.0,16.0,0.0,False,False,0,10,10,10,-8.0,-7.0,-7.0
0,445000,ASH_COATED_OSMIUM,,,10010.0,8,BUY,9994.0,10010.0,10002.0,8.0,16.0,0.0,False,False,20,8,7,9,-8.0,3.0,-7.0
0,449100,ASH_COATED_OSMIUM,,,9995.0,8,SELL,9995.0,10011.0,10003.0,-8.0,0.0,-16.0,False,False,0,8,7,9,8.0,9.5,13.0
0,450800,ASH_COATED_OSMIUM,,,10001.0,3,SELL,10001.0,10012.0,10006.5,-5.5,0.0,-11.0,False,False,50,2,2,3,3.0,-6.0,-1.0
0,451800,ASH_COATED_OSMIUM,,,9996.0,5,SELL,9996.0,10012.0,10004.0,-8.0,0.0,-16.0,False,False,0,5,4,6,6.5,10.0,11.5
0,452300,ASH_COATED_OSMIUM,,,10012.0,7,BUY,9993.0,10012.0,10002.5,9.5,19.0,0.0,False,False,0,8,7,9,-17.0,-5.0,-5.0
0,453400,ASH_COATED_OSMIUM,,,9998.0,6,SELL,9998.0,10014.0,10006.0,-8.0,0.0,-16.0,False,False,0,5,4,6,1.0,9.0,8.0
0,453700,ASH_COATED_OSMIUM,,,10008.0,3,SELL,10008.0,10015.0,10011.5,-3.5,0.0,-7.0,False,False,50,2,2,3,0.0,-2.0,-1.0
0,456000,ASH_COATED_OSMIUM,,,10015.0,4,BUY,9997.0,10015.0,10006.0,9.0,18.0,0.0,False,False,0,5,4,6,-16.0,-9.0,-17.0
0,458400,ASH_COATED_OSMIUM,,,10014.0,6,BUY,9998.0,10014.0,10006.0,8.0,16.0,0.0,False,False,0,5,4,6,-8.0,-8.0,-9.0
0,463900,ASH_COATED_OSMIUM,,,10013.0,6,BUY,9997.0,10013.0,10005.0,8.0,16.0,0.0,False,False,0,5,4,6,-8.0,-4.0,-8.5
0,465500,ASH_COATED_OSMIUM,,,10013.0,6,BUY,9997.0,10013.0,10005.0,8.0,16.0,0.0,False,False,0,5,4,6,-7.5,-7.0,-4.5
0,467800,ASH_COATED_OSMIUM,,,10007.0,2,SELL,10007.0,10014.0,10010.5,-3.5,0.0,-7.0,False,False,50,2,2,3,-6.5,-3.0,-3.0
0,467800,ASH_COATED_OSMIUM,,,10014.0,5,BUY,10007.0,10014.0,10010.5,3.5,7.0,0.0,False,False,0,5,4,6,-13.5,-10.0,-10.0
0,468100,ASH_COATED_OSMIUM,,,9995.0,8,SELL,9995.0,10016.0,10005.5,-10.5,0.0,-21.0,False,False,0,8,7,9,10.0,12.0,7.5
0,471900,ASH_COATED_OSMIUM,,,10014.0,6,BUY,9998.0,10014.0,10006.0,8.0,16.0,0.0,False,False,0,5,4,6,-17.0,-10.0,-13.5
0,472200,ASH_COATED_OSMIUM,,,9997.0,3,SELL,9997.0,10013.0,10005.0,-8.0,0.0,-16.0,False,False,0,2,2,3,5.5,5.5,2.0
0,476400,ASH_COATED_OSMIUM,,,10008.0,5,BUY,9992.0,10008.0,10000.0,8.0,16.0,0.0,False,False,0,5,4,6,-7.5,-8.0,-7.5
0,477200,ASH_COATED_OSMIUM,,,9991.0,6,SELL,9991.0,10007.0,9999.0,-8.0,0.0,-16.0,False,False,0,5,4,6,9.0,6.0,7.0
0,478500,ASH_COATED_OSMIUM,,,9991.0,3,SELL,9991.0,10007.0,9999.0,-8.0,0.0,-16.0,False,False,0,2,2,3,6.0,10.0,3.0
0,478600,ASH_COATED_OSMIUM,,,9991.0,6,SELL,9991.0,10007.0,9999.0,-8.0,0.0,-16.0,False,False,0,5,4,6,7.0,10.0,5.5
0,479600,ASH_COATED_OSMIUM,,,9991.0,2,SELL,9991.0,10010.0,10000.5,-9.5,0.0,-19.0,False,False,0,2,2,3,4.0,8.0,7.0
0,482600,ASH_COATED_OSMIUM,,,9989.0,5,SELL,9989.0,10005.0,9997.0,-8.0,0.0,-16.0,False,False,0,5,4,6,8.0,9.0,12.0
0,482700,ASH_COATED_OSMIUM,,,9989.0,5,SELL,9989.0,10008.0,9998.5,-9.5,0.0,-19.0,False,False,0,5,4,6,8.0,12.5,10.0
0,487200,ASH_COATED_OSMIUM,,,10008.0,3,BUY,9992.0,10008.0,10000.0,8.0,16.0,0.0,False,False,0,2,2,3,-9.0,-12.0,-5.0
0,487500,ASH_COATED_OSMIUM,,,9990.0,4,SELL,9990.0,10011.0,10000.5,-10.5,0.0,-21.0,False,False,0,5,4,6,11.0,12.0,12.0
0,487700,ASH_COATED_OSMIUM,,,9990.0,5,SELL,9990.0,10008.0,9999.0,-9.0,0.0,-18.0,False,False,0,5,4,6,11.0,13.5,11.5
0,489700,ASH_COATED_OSMIUM,,,10013.0,7,BUY,9994.0,10013.0,10003.5,9.5,19.0,0.0,False,False,0,8,7,9,-12.0,-13.0,-9.0
0,494300,ASH_COATED_OSMIUM,,,10010.0,3,BUY,9994.0,10010.0,10002.0,8.0,16.0,0.0,False,False,0,2,2,3,-8.0,-7.0,-10.0
0,498900,ASH_COATED_OSMIUM,,,9992.0,8,SELL,9992.0,10011.0,10001.5,-9.5,0.0,-19.0,False,False,0,8,7,9,8.5,8.0,8.0
0,500000,ASH_COATED_OSMIUM,,,9990.0,4,SELL,9990.0,10009.0,9999.5,-9.5,0.0,-19.0,False,False,0,5,4,6,8.5,8.0,10.0
0,502100,ASH_COATED_OSMIUM,,,9991.0,4,SELL,9991.0,10007.0,9999.0,-8.0,0.0,-16.0,False,False,0,5,4,6,7.0,9.0,11.0
0,502700,ASH_COATED_OSMIUM,,,10007.0,2,BUY,9991.0,10007.0,9999.0,8.0,16.0,0.0,False,False,0,2,2,3,-8.0,-6.0,-6.0
0,503100,ASH_COATED_OSMIUM,,,9996.0,3,BUY,9991.0,9996.0,9993.5,2.5,5.0,0.0,False,False,50,2,2,3,4.0,5.0,6.0
0,511000,ASH_COATED_OSMIUM,,,9997.0,4,SELL,9997.0,10015.0,10006.0,-9.0,0.0,-18.0,False,False,0,5,4,6,9.0,9.0,7.0
0,511700,ASH_COATED_OSMIUM,,,10014.0,6,BUY,9998.0,10014.0,10006.0,8.0,16.0,0.0,False,False,0,5,4,6,-9.5,-8.0,-7.5
0,512500,ASH_COATED_OSMIUM,,,10014.0,4,BUY,9995.0,10014.0,10004.5,9.5,19.0,0.0,False,False,0,5,4,6,-8.0,-9.0,-7.5
0,512800,ASH_COATED_OSMIUM,,,9996.0,7,SELL,9996.0,,9996.0,0.0,0.0,,False,False,0,8,7,9,11.0,9.0,10.0
0,514300,ASH_COATED_OSMIUM,,,9995.0,5,SELL,9995.0,10013.0,10004.0,-9.0,0.0,-18.0,False,False,0,5,4,6,10.0,21.0,12.0
0,516100,ASH_COATED_OSMIUM,,,10013.0,5,BUY,9997.0,10013.0,10005.0,8.0,16.0,0.0,False,False,0,5,4,6,-8.0,-7.0,-6.5
0,517200,ASH_COATED_OSMIUM,,,10012.0,5,BUY,9994.0,10012.0,10003.0,9.0,18.0,0.0,False,False,0,5,4,6,-7.0,-4.0,-11.5
0,520100,ASH_COATED_OSMIUM,,,10015.0,6,BUY,9999.0,10015.0,10007.0,8.0,16.0,0.0,False,False,0,5,4,6,-7.0,-9.0,-10.0
0,521800,ASH_COATED_OSMIUM,,,9996.0,4,SELL,9996.0,10014.0,10005.0,-9.0,0.0,-18.0,False,False,0,5,4,6,10.0,9.0,16.0
0,522500,ASH_COATED_OSMIUM,,,10008.0,5,BUY,9998.0,10008.0,10003.0,5.0,10.0,0.0,False,False,0,5,4,6,-3.0,-3.0,-2.0
0,525700,ASH_COATED_OSMIUM,,,9997.0,4,SELL,9997.0,10013.0,10005.0,-8.0,0.0,-16.0,False,False,0,5,4,6,9.0,8.0,5.0
0,532300,ASH_COATED_OSMIUM,,,9998.0,3,SELL,9998.0,10014.0,10006.0,-8.0,0.0,-16.0,False,False,0,2,2,3,3.5,11.0,13.0
0,536100,ASH_COATED_OSMIUM,,,10003.0,6,SELL,10003.0,10019.0,10011.0,-8.0,0.0,-16.0,False,False,0,5,4,6,4.5,8.0,6.5
0,537200,ASH_COATED_OSMIUM,,,10019.0,3,BUY,10003.0,10019.0,10011.0,8.0,16.0,0.0,False,True,0,2,2,3,-8.5,-15.0,-6.0
0,540100,ASH_COATED_OSMIUM,,,10020.0,2,BUY,10004.0,10020.0,10012.0,8.0,16.0,0.0,False,True,0,2,2,3,-7.0,-7.0,-6.0
0,547300,ASH_COATED_OSMIUM,,,10005.0,9,SELL,10005.0,10023.0,10014.0,-9.0,0.0,-18.0,False,False,0,8,7,9,10.0,8.0,8.0
0,552900,ASH_COATED_OSMIUM,,,10005.0,10,SELL,10005.0,10021.0,10013.0,-8.0,0.0,-16.0,False,False,0,10,10,10,6.0,6.0,6.0
0,554400,ASH_COATED_OSMIUM,,,10004.0,10,SELL,10004.0,10020.0,10012.0,-8.0,0.0,-16.0,False,False,0,10,10,10,7.0,9.0,14.0
0,556700,ASH_COATED_OSMIUM,,,10005.0,2,SELL,10005.0,10021.0,10013.0,-8.0,0.0,-16.0,False,False,0,2,2,3,6.0,5.0,4.0
0,557700,ASH_COATED_OSMIUM,,,10003.0,8,SELL,10003.0,10019.0,10011.0,-8.0,0.0,-16.0,False,False,0,8,7,9,8.0,7.0,5.0
0,560300,ASH_COATED_OSMIUM,,,10019.0,6,BUY,10003.0,10019.0,10011.0,8.0,16.0,0.0,False,False,0,5,4,6,-4.5,-8.5,-10.0
0,563700,ASH_COATED_OSMIUM,,,10016.0,3,BUY,10000.0,10016.0,10008.0,8.0,16.0,0.0,False,False,0,2,2,3,-8.0,-7.0,-6.0
0,566600,ASH_COATED_OSMIUM,,,10018.0,7,BUY,10002.0,10018.0,10010.0,8.0,16.0,0.0,False,False,0,8,7,9,-7.0,-8.0,-10.0
0,567300,ASH_COATED_OSMIUM,,,10002.0,10,SELL,10002.0,10018.0,10010.0,-8.0,0.0,-16.0,False,False,0,10,10,10,7.5,8.0,4.0
0,573000,ASH_COATED_OSMIUM,,,10016.0,3,BUY,10000.0,10016.0,10008.0,8.0,16.0,0.0,False,False,0,2,2,3,-8.0,-6.0,-9.0
0,574000,ASH_COATED_OSMIUM,,,10001.0,2,SELL,10001.0,10017.0,10009.0,-8.0,0.0,-16.0,False,False,0,2,2,3,6.5,8.0,1.0
0,574100,ASH_COATED_OSMIUM,,,10017.0,5,BUY,10001.0,10017.0,10009.0,8.0,16.0,0.0,False,False,0,5,4,6,-16.0,-7.5,-9.0
0,574300,ASH_COATED_OSMIUM,,,10001.0,3,SELL,10001.0,10019.0,10010.0,-9.0,0.0,-18.0,False,False,0,2,2,3,9.0,7.0,6.5
0,583900,ASH_COATED_OSMIUM,,,10014.0,7,BUY,9998.0,10014.0,10006.0,8.0,16.0,0.0,False,False,0,8,7,9,-11.0,-10.0,-10.0
0,584000,ASH_COATED_OSMIUM,,,10013.0,8,BUY,9997.0,10013.0,10005.0,8.0,16.0,0.0,False,False,0,8,7,9,-1.0,-7.0,-13.5
0,590100,ASH_COATED_OSMIUM,,,10012.0,3,BUY,9994.0,10012.0,10003.0,9.0,18.0,0.0,False,False,0,2,2,3,-7.0,-9.0,-7.0
0,594800,ASH_COATED_OSMIUM,,,10013.0,2,BUY,9997.0,10013.0,10005.0,8.0,16.0,0.0,False,False,20,2,2,3,-9.0,1.0,-12.0
0,600600,ASH_COATED_OSMIUM,,,9993.0,6,SELL,9993.0,10009.0,10001.0,-8.0,0.0,-16.0,False,False,0,5,4,6,10.0,10.0,11.0
0,602900,ASH_COATED_OSMIUM,,,10002.0,2,SELL,10002.0,10012.0,10007.0,-5.0,0.0,-10.0,False,False,0,2,2,3,4.0,2.0,1.0
0,607200,ASH_COATED_OSMIUM,,,9996.0,3,SELL,9996.0,10012.0,10004.0,-8.0,0.0,-16.0,False,False,0,2,2,3,9.5,5.0,3.0
0,607600,ASH_COATED_OSMIUM,,,10012.0,5,BUY,9996.0,10012.0,10004.0,8.0,16.0,0.0,False,False,0,5,4,6,-8.0,-11.0,-13.0
0,611400,ASH_COATED_OSMIUM,,,9993.0,6,SELL,9993.0,10009.0,10001.0,-8.0,0.0,-16.0,False,False,0,5,4,6,6.0,6.0,7.0
0,611700,ASH_COATED_OSMIUM,,,9993.0,5,SELL,9993.0,10009.0,10001.0,-8.0,0.0,-16.0,False,False,0,5,4,6,6.0,6.0,6.0
0,612000,ASH_COATED_OSMIUM,,,10001.0,2,BUY,9989.0,10001.0,9995.0,6.0,12.0,0.0,False,False,20,2,2,3,-3.5,6.0,-1.0
0,615600,ASH_COATED_OSMIUM,,,10009.0,5,BUY,9993.0,10009.0,10001.0,8.0,16.0,0.0,False,False,0,5,4,6,-10.0,-10.0,-7.5
0,620700,ASH_COATED_OSMIUM,,,10011.0,8,BUY,,10011.0,10011.0,0.0,,0.0,False,False,0,8,7,9,-7.0,-5.5,-12.0
0,622700,ASH_COATED_OSMIUM,,,10016.0,4,BUY,9995.0,10016.0,10005.5,10.5,21.0,0.0,False,False,0,5,4,6,-12.0,-14.0,-16.0
0,624500,ASH_COATED_OSMIUM,,,9995.0,6,SELL,9995.0,10013.0,10004.0,-9.0,0.0,-18.0,False,False,0,5,4,6,6.0,5.0,6.0
0,628900,ASH_COATED_OSMIUM,,,10008.0,6,BUY,9992.0,10008.0,10000.0,8.0,16.0,0.0,False,False,0,5,4,6,-7.0,-7.0,-6.0
0,632100,ASH_COATED_OSMIUM,,,10009.0,5,BUY,9993.0,10009.0,10001.0,8.0,16.0,0.0,False,False,0,5,4,6,-11.0,-6.0,-7.0
0,634000,ASH_COATED_OSMIUM,,,9995.0,2,SELL,9995.0,10011.0,10003.0,-8.0,0.0,-16.0,False,False,0,2,2,3,8.0,8.0,9.0
0,639100,ASH_COATED_OSMIUM,,,10012.0,8,BUY,9996.0,10012.0,10004.0,8.0,16.0,0.0,False,False,0,8,7,9,-8.0,-7.0,-1.0
0,640400,ASH_COATED_OSMIUM,,,9996.0,4,SELL,9996.0,10012.0,10004.0,-8.0,0.0,-16.0,False,False,50,5,4,6,9.5,20.0,-1.0
0,641800,ASH_COATED_OSMIUM,,,10012.0,5,BUY,9996.0,10012.0,10004.0,8.0,16.0,0.0,False,False,0,5,4,6,-7.0,-7.5,-8.0
0,642700,ASH_COATED_OSMIUM,,,10015.0,6,BUY,9994.0,10015.0,10004.5,10.5,21.0,0.0,False,False,0,5,4,6,-14.5,-11.5,-11.5
0,644100,ASH_COATED_OSMIUM,,,10011.0,6,BUY,,10011.0,10011.0,0.0,,0.0,False,False,0,5,4,6,-8.0,-9.0,-9.0
0,645400,ASH_COATED_OSMIUM,,,9995.0,2,SELL,9995.0,,9995.0,0.0,0.0,,False,False,0,2,2,3,8.5,8.0,6.0
0,645700,ASH_COATED_OSMIUM,,,10011.0,8,BUY,,10011.0,10011.0,0.0,,0.0,False,False,0,8,7,9,-8.5,-7.5,-10.0
0,647300,ASH_COATED_OSMIUM,,,10014.0,5,BUY,9996.0,10014.0,10005.0,9.0,18.0,0.0,False,False,0,5,4,6,-10.0,-13.0,-14.0
0,650400,ASH_COATED_OSMIUM,,,9993.0,4,SELL,9993.0,10009.0,10001.0,-8.0,0.0,-16.0,False,False,0,5,4,6,7.0,8.0,6.0
0,653900,ASH_COATED_OSMIUM,,,9991.0,6,SELL,9991.0,10009.0,10000.0,-9.0,0.0,-18.0,False,False,0,5,4,6,6.5,8.0,6.5
0,654800,ASH_COATED_OSMIUM,,,9991.0,6,SELL,9991.0,10007.0,9999.0,-8.0,0.0,-16.0,False,False,0,5,4,6,7.0,8.0,4.0
0,655900,ASH_COATED_OSMIUM,,,9991.0,3,SELL,9991.0,10007.0,9999.0,-8.0,0.0,-16.0,False,False,0,2,2,3,7.0,8.0,3.0
0,656900,ASH_COATED_OSMIUM,,,9990.0,10,SELL,9990.0,10006.0,9998.0,-8.0,0.0,-16.0,False,False,50,10,10,10,6.5,7.5,-7.0
0,658000,ASH_COATED_OSMIUM,,,9991.0,3,SELL,9991.0,10009.0,10000.0,-9.0,0.0,-18.0,False,False,0,2,2,3,6.0,5.5,2.0
0,658300,ASH_COATED_OSMIUM,,,10006.0,2,BUY,,10006.0,10006.0,0.0,,0.0,False,False,0,2,2,3,-8.0,-11.0,-14.0
0,658400,ASH_COATED_OSMIUM,,,10006.0,9,BUY,9990.0,10006.0,9998.0,8.0,16.0,0.0,False,False,0,8,7,9,-8.5,-11.0,-13.0
0,660200,ASH_COATED_OSMIUM,,,10003.0,4,BUY,9987.0,10003.0,9995.0,8.0,16.0,0.0,False,False,0,5,4,6,-8.0,-9.0,-12.0
0,666400,ASH_COATED_OSMIUM,,,9982.0,4,SELL,9982.0,10000.0,9991.0,-9.0,0.0,-18.0,True,False,0,5,4,6,8.0,10.0,14.0
0,666800,ASH_COATED_OSMIUM,,,9981.0,5,SELL,9981.0,9997.0,9989.0,-8.0,0.0,-16.0,True,False,0,5,4,6,11.0,14.0,15.0
0,668000,ASH_COATED_OSMIUM,,,10000.0,2,BUY,9984.0,10000.0,9992.0,8.0,16.0,0.0,False,False,0,2,2,3,-6.0,-5.0,-3.0
0,673600,ASH_COATED_OSMIUM,,,9990.0,10,SELL,9990.0,10006.0,9998.0,-8.0,0.0,-16.0,False,False,0,10,10,10,5.0,6.0,12.0
0,676800,ASH_COATED_OSMIUM,,,9987.0,4,SELL,9987.0,10003.0,9995.0,-8.0,0.0,-16.0,False,False,0,5,4,6,7.5,7.0,7.0
0,677100,ASH_COATED_OSMIUM,,,9985.0,2,SELL,9985.0,,9985.0,0.0,0.0,,False,False,0,2,2,3,11.0,10.5,9.0
0,679200,ASH_COATED_OSMIUM,,,10002.0,5,BUY,9984.0,10002.0,9993.0,9.0,18.0,0.0,False,False,0,5,4,6,-11.0,-8.0,-7.0
0,681200,ASH_COATED_OSMIUM,,,10002.0,9,BUY,9986.0,10002.0,9994.0,8.0,16.0,0.0,False,False,0,8,7,9,-16.0,-7.0,-7.0
0,681900,ASH_COATED_OSMIUM,,,9992.0,3,SELL,9992.0,10002.0,9997.0,-5.0,0.0,-10.0,False,False,20,2,2,3,11.0,-5.0,3.0
0,682900,ASH_COATED_OSMIUM,,,10003.0,4,BUY,9987.0,10003.0,9995.0,8.0,16.0,0.0,False,False,0,5,4,6,-7.0,-10.0,-9.0
0,685400,ASH_COATED_OSMIUM,,,10001.0,7,BUY,9983.0,10001.0,9992.0,9.0,18.0,0.0,False,False,0,8,7,9,-6.0,-8.0,-11.0
0,689500,ASH_COATED_OSMIUM,,,10002.0,6,BUY,9986.0,10002.0,9994.0,8.0,16.0,0.0,False,False,0,5,4,6,-9.0,-12.0,-10.0
0,690300,ASH_COATED_OSMIUM,,,9984.0,5,SELL,9984.0,10000.0,9992.0,-8.0,0.0,-16.0,False,False,0,5,4,6,8.0,8.0,5.0
0,690800,ASH_COATED_OSMIUM,,,9983.0,4,SELL,9983.0,10001.0,9992.0,-9.0,0.0,-18.0,False,False,0,5,4,6,0.0,7.0,10.0
0,699700,ASH_COATED_OSMIUM,,,9990.0,4,BUY,9981.0,9990.0,9985.5,4.5,9.0,0.0,False,False,50,5,4,6,-1.0,-1.0,2.0
0,699900,ASH_COATED_OSMIUM,,,9997.0,6,BUY,9986.0,9997.0,9991.5,5.5,11.0,0.0,False,False,0,5,4,6,-6.5,-7.5,-5.0
0,700300,ASH_COATED_OSMIUM,,,9997.0,6,BUY,9981.0,9997.0,9989.0,8.0,16.0,0.0,False,False,0,5,4,6,-11.0,-7.0,-6.5
0,700400,ASH_COATED_OSMIUM,,,9981.0,3,SELL,9981.0,10000.0,9990.5,-9.5,0.0,-19.0,False,False,0,2,2,3,8.0,9.0,11.0
0,703100,ASH_COATED_OSMIUM,,,9983.0,4,SELL,9983.0,9999.0,9991.0,-8.0,0.0,-16.0,False,False,0,5,4,6,1.0,9.0,8.5
0,703900,ASH_COATED_OSMIUM,,,9984.0,2,SELL,9984.0,9989.0,9986.5,-2.5,0.0,-5.0,False,False,0,2,2,3,5.0,8.0,7.0
0,705400,ASH_COATED_OSMIUM,,,9984.0,7,SELL,9984.0,10000.0,9992.0,-8.0,0.0,-16.0,False,False,0,8,7,9,8.0,6.0,7.0
0,707800,ASH_COATED_OSMIUM,,,9982.0,5,SELL,9982.0,,9982.0,0.0,0.0,,False,False,0,5,4,6,8.0,11.5,5.5
0,708700,ASH_COATED_OSMIUM,,,9982.0,6,SELL,9982.0,9998.0,9990.0,-8.0,0.0,-16.0,False,False,0,5,4,6,6.0,8.0,1.0
0,710200,ASH_COATED_OSMIUM,,,10000.0,8,BUY,9979.0,10000.0,9989.5,10.5,21.0,0.0,False,False,0,8,7,9,-10.0,-12.5,-11.0
0,712100,ASH_COATED_OSMIUM,,,9997.0,5,BUY,9981.0,9997.0,9989.0,8.0,16.0,0.0,False,False,0,5,4,6,-8.0,-9.0,-9.0
0,714900,ASH_COATED_OSMIUM,,,9985.0,5,BUY,9980.0,9985.0,9982.5,2.5,5.0,0.0,False,False,50,5,4,6,3.0,1.0,2.0
0,720400,ASH_COATED_OSMIUM,,,9996.0,4,BUY,9980.0,9996.0,9988.0,8.0,16.0,0.0,False,False,0,5,4,6,-8.0,0.0,-8.0
0,723100,ASH_COATED_OSMIUM,,,9979.0,6,SELL,9979.0,9995.0,9987.0,-8.0,0.0,-16.0,True,False,0,5,4,6,7.0,9.5,12.5
0,725700,ASH_COATED_OSMIUM,,,9980.0,8,SELL,9980.0,9996.0,9988.0,-8.0,0.0,-16.0,False,False,0,8,7,9,9.0,11.5,14.5
0,726200,ASH_COATED_OSMIUM,,,9981.0,5,SELL,9981.0,9997.0,9989.0,-8.0,0.0,-16.0,False,False,0,5,4,6,12.0,13.5,10.0
0,729100,ASH_COATED_OSMIUM,,,9999.0,8,BUY,9981.0,9999.0,9990.0,9.0,18.0,0.0,False,False,0,8,7,9,-7.0,-7.0,-7.0
0,729300,ASH_COATED_OSMIUM,,,9984.0,5,SELL,9984.0,10000.0,9992.0,-8.0,0.0,-16.0,False,False,0,5,4,6,9.0,6.5,16.0
0,730400,ASH_COATED_OSMIUM,,,9999.0,6,BUY,9983.0,9999.0,9991.0,8.0,16.0,0.0,False,False,50,5,4,6,-9.0,-5.5,1.0
0,730500,ASH_COATED_OSMIUM,,,9980.0,5,SELL,9980.0,9999.0,9989.5,-9.5,0.0,-19.0,False,False,0,5,4,6,16.5,13.0,12.0
0,731200,ASH_COATED_OSMIUM,,,9999.0,9,BUY,9983.0,9999.0,9991.0,8.0,16.0,0.0,False,False,0,8,7,9,-7.0,-6.0,-8.0
0,734800,ASH_COATED_OSMIUM,,,10001.0,5,BUY,9985.0,10001.0,9993.0,8.0,16.0,0.0,False,False,0,5,4,6,-9.0,-10.5,-7.0
0,734900,ASH_COATED_OSMIUM,,,9985.0,5,SELL,9985.0,10003.0,9994.0,-9.0,0.0,-18.0,False,False,0,5,4,6,15.0,14.0,7.5
0,736500,ASH_COATED_OSMIUM,,,9999.0,5,BUY,9983.0,9999.0,9991.0,8.0,16.0,0.0,False,False,0,5,4,6,-9.0,-8.5,-7.5
0,739200,ASH_COATED_OSMIUM,,,9999.0,6,BUY,9983.0,9999.0,9991.0,8.0,16.0,0.0,False,False,0,5,4,6,-8.0,-6.5,-5.0
0,739500,ASH_COATED_OSMIUM,,,9981.0,10,SELL,9981.0,9999.0,9990.0,-9.0,0.0,-18.0,False,False,0,10,10,10,11.0,10.5,12.0
0,742000,ASH_COATED_OSMIUM,,,10000.0,5,BUY,9984.0,10000.0,9992.0,8.0,16.0,0.0,False,False,0,5,4,6,-8.0,-7.0,-6.0
0,743500,ASH_COATED_OSMIUM,,,9984.0,4,SELL,9984.0,10000.0,9992.0,-8.0,0.0,-16.0,False,False,0,5,4,6,9.0,9.5,12.0
0,745200,ASH_COATED_OSMIUM,,,9985.0,6,SELL,9985.0,10001.0,9993.0,-8.0,0.0,-16.0,False,False,0,5,4,6,9.0,10.0,10.0
0,745700,ASH_COATED_OSMIUM,,,9985.0,4,SELL,9985.0,10003.0,9994.0,-9.0,0.0,-18.0,False,False,0,5,4,6,17.0,11.0,13.0
0,746100,ASH_COATED_OSMIUM,,,10001.0,8,BUY,9985.0,10001.0,9993.0,8.0,16.0,0.0,False,False,0,8,7,9,-6.0,-6.5,-3.0
0,750200,ASH_COATED_OSMIUM,,,9995.0,4,BUY,,9995.0,9995.0,0.0,,0.0,False,False,50,5,4,6,3.0,3.5,2.0
0,751900,ASH_COATED_OSMIUM,,,10005.0,4,BUY,,10005.0,10005.0,0.0,,0.0,False,False,0,5,4,6,-6.5,-7.5,-7.0
0,753700,ASH_COATED_OSMIUM,,,9998.0,3,BUY,9988.0,9998.0,9993.0,5.0,10.0,0.0,False,False,0,2,2,3,-9.0,-1.0,0.0
0,754000,ASH_COATED_OSMIUM,,,10005.0,5,BUY,9986.0,10005.0,9995.5,9.5,19.0,0.0,False,False,0,5,4,6,-8.0,-9.0,-7.0
0,755500,ASH_COATED_OSMIUM,,,10005.0,4,BUY,9986.0,10005.0,9995.5,9.5,19.0,0.0,False,False,0,5,4,6,-9.0,-7.0,-8.0
0,756200,ASH_COATED_OSMIUM,,,9989.0,6,SELL,9989.0,10005.0,9997.0,-8.0,0.0,-16.0,False,False,0,5,4,6,9.0,9.0,10.0
0,756600,ASH_COATED_OSMIUM,,,9990.0,9,SELL,9990.0,10006.0,9998.0,-8.0,0.0,-16.0,False,False,0,8,7,9,8.0,19.0,9.0
0,756900,ASH_COATED_OSMIUM,,,9990.0,5,SELL,9990.0,10006.0,9998.0,-8.0,0.0,-16.0,False,False,0,5,4,6,10.5,9.0,10.5
0,757200,ASH_COATED_OSMIUM,,,9990.0,9,SELL,9990.0,10006.0,9998.0,-8.0,0.0,-16.0,False,False,0,8,7,9,9.0,8.0,8.0
0,758300,ASH_COATED_OSMIUM,,,9988.0,6,SELL,9988.0,10006.0,9997.0,-9.0,0.0,-18.0,False,False,0,5,4,6,9.5,9.0,11.0
0,763700,ASH_COATED_OSMIUM,,,9987.0,6,SELL,9987.0,10005.0,9996.0,-9.0,0.0,-18.0,False,False,0,5,4,6,10.0,10.0,10.0
0,763900,ASH_COATED_OSMIUM,,,9989.0,8,SELL,9989.0,10008.0,9998.5,-9.5,0.0,-19.0,False,False,0,8,7,9,8.0,19.0,9.5
0,767000,ASH_COATED_OSMIUM,,,10006.0,9,BUY,9990.0,10006.0,9998.0,8.0,16.0,0.0,False,False,0,8,7,9,-9.5,-7.5,-5.0
0,775000,ASH_COATED_OSMIUM,,,9996.0,4,BUY,9991.0,9996.0,9993.5,2.5,5.0,0.0,False,False,50,5,4,6,4.0,2.5,1.0
0,777200,ASH_COATED_OSMIUM,,,10007.0,10,BUY,9991.0,10007.0,9999.0,8.0,16.0,0.0,False,False,0,10,10,10,-8.0,-11.0,-9.0
0,779900,ASH_COATED_OSMIUM,,,10005.0,2,BUY,9989.0,10005.0,9997.0,8.0,16.0,0.0,False,False,0,2,2,3,-9.0,-7.0,-9.0
0,782500,ASH_COATED_OSMIUM,,,10008.0,7,BUY,9989.0,10008.0,9998.5,9.5,19.0,0.0,False,False,0,8,7,9,-11.0,-12.0,-10.0
0,788000,ASH_COATED_OSMIUM,,,10008.0,5,BUY,9987.0,10008.0,9997.5,10.5,21.0,0.0,False,False,0,5,4,6,-9.0,-11.0,-11.0
0,789500,ASH_COATED_OSMIUM,,,9989.0,2,SELL,9989.0,10005.0,9997.0,-8.0,0.0,-16.0,False,False,0,2,2,3,8.0,8.0,8.0
0,791700,ASH_COATED_OSMIUM,,,9989.0,5,SELL,9989.0,10007.0,9998.0,-9.0,0.0,-18.0,False,False,0,5,4,6,8.0,16.0,9.0
0,792300,ASH_COATED_OSMIUM,,,10005.0,10,BUY,9989.0,10005.0,9997.0,8.0,16.0,0.0,False,False,0,10,10,10,-9.0,-8.0,-9.0
0,793700,ASH_COATED_OSMIUM,,,10005.0,10,BUY,,10005.0,10005.0,0.0,,0.0,False,False,0,10,10,10,-8.0,-8.5,-9.0
0,796300,ASH_COATED_OSMIUM,,,9987.0,4,SELL,9987.0,10006.0,9996.5,-9.5,0.0,-19.0,False,False,0,5,4,6,10.0,9.0,9.0
0,802000,ASH_COATED_OSMIUM,,,9997.0,5,BUY,9988.0,9997.0,9992.5,4.5,9.0,0.0,False,False,50,5,4,6,8.0,1.0,3.0
0,802400,ASH_COATED_OSMIUM,,,9994.0,3,BUY,9986.0,9994.0,9990.0,4.0,8.0,0.0,False,False,50,2,2,3,4.0,4.0,6.0
0,803100,ASH_COATED_OSMIUM,,,10006.0,5,BUY,9990.0,10006.0,9998.0,8.0,16.0,0.0,False,False,0,5,4,6,-8.0,-8.0,-9.0
0,805000,ASH_COATED_OSMIUM,,,10006.0,6,BUY,9990.0,10006.0,9998.0,8.0,16.0,0.0,False,False,0,5,4,6,-8.0,-6.0,-3.0
0,805800,ASH_COATED_OSMIUM,,,9991.0,2,SELL,9991.0,10007.0,9999.0,-8.0,0.0,-16.0,False,False,0,2,2,3,16.0,9.0,11.0
0,810500,ASH_COATED_OSMIUM,,,10014.0,2,BUY,9995.0,10014.0,10004.5,9.5,19.0,0.0,False,False,0,2,2,3,-13.0,-12.0,-12.0
0,815400,ASH_COATED_OSMIUM,,,10010.0,4,BUY,9991.0,10010.0,10000.5,9.5,19.0,0.0,False,False,50,5,4,6,-11.0,-8.0,1.0
0,821100,ASH_COATED_OSMIUM,,,10011.0,8,BUY,9995.0,10011.0,10003.0,8.0,16.0,0.0,False,False,0,8,7,9,-9.5,-10.0,-8.0
0,823200,ASH_COATED_OSMIUM,,,10004.0,5,BUY,9994.0,10004.0,9999.0,5.0,10.0,0.0,False,False,0,5,4,6,-1.5,-1.0,0.0
0,832700,ASH_COATED_OSMIUM,,,9997.0,5,SELL,9997.0,10016.0,10006.5,-9.5,0.0,-19.0,False,False,0,5,4,6,10.5,11.5,9.0
0,835700,ASH_COATED_OSMIUM,,,10016.0,8,BUY,10000.0,10016.0,10008.0,8.0,16.0,0.0,False,False,0,8,7,9,-9.0,-10.0,-11.0
0,836800,ASH_COATED_OSMIUM,,,9999.0,7,SELL,9999.0,,9999.0,0.0,0.0,,False,False,0,8,7,9,7.0,7.0,6.0
0,839500,ASH_COATED_OSMIUM,,,10015.0,4,BUY,9997.0,10015.0,10006.0,9.0,18.0,0.0,False,False,0,5,4,6,-10.0,-11.0,-10.0
0,841500,ASH_COATED_OSMIUM,,,9996.0,6,SELL,9996.0,10012.0,10004.0,-8.0,0.0,-16.0,False,False,0,5,4,6,8.5,9.0,8.0
0,842800,ASH_COATED_OSMIUM,,,10013.0,5,BUY,9997.0,10013.0,10005.0,8.0,16.0,0.0,False,False,0,5,4,6,-10.0,-8.0,-7.0
0,843100,ASH_COATED_OSMIUM,,,9997.0,5,SELL,9997.0,10013.0,10005.0,-8.0,0.0,-16.0,False,False,0,5,4,6,8.0,6.5,9.0
0,843200,ASH_COATED_OSMIUM,,,9997.0,4,SELL,9997.0,10013.0,10005.0,-8.0,0.0,-16.0,False,False,0,5,4,6,9.5,8.0,9.0
0,845100,ASH_COATED_OSMIUM,,,10013.0,3,BUY,9994.0,10013.0,10003.5,9.5,19.0,0.0,False,False,0,2,2,3,-11.5,-8.5,-6.0
0,845400,ASH_COATED_OSMIUM,,,10013.0,3,BUY,9997.0,10013.0,10005.0,8.0,16.0,0.0,False,False,0,2,2,3,-8.0,-8.0,-7.0
0,846700,ASH_COATED_OSMIUM,,,10016.0,2,BUY,,10016.0,10016.0,0.0,,0.0,False,False,0,2,2,3,-11.0,-11.0,-9.0
0,847500,ASH_COATED_OSMIUM,,,10014.0,8,BUY,9998.0,10014.0,10006.0,8.0,16.0,0.0,False,False,0,8,7,9,-6.5,-9.0,-8.0
0,847800,ASH_COATED_OSMIUM,,,9998.0,7,SELL,9998.0,10014.0,10006.0,-8.0,0.0,-16.0,False,False,0,8,7,9,6.0,8.0,7.0
0,848300,ASH_COATED_OSMIUM,,,9995.0,5,SELL,9995.0,10013.0,10004.0,-9.0,0.0,-18.0,False,False,0,5,4,6,10.0,16.0,9.0
0,852100,ASH_COATED_OSMIUM,,,9999.0,3,SELL,9999.0,10018.0,10008.5,-9.5,0.0,-19.0,False,False,0,2,2,3,7.0,6.0,2.0
0,852300,ASH_COATED_OSMIUM,,,9998.0,3,SELL,9998.0,10014.0,10006.0,-8.0,0.0,-16.0,False,False,0,2,2,3,7.0,7.0,0.0
0,859500,ASH_COATED_OSMIUM,,,9992.0,4,SELL,9992.0,10008.0,10000.0,-8.0,0.0,-16.0,False,False,0,5,4,6,8.0,10.5,7.0
0,861600,ASH_COATED_OSMIUM,,,9999.0,2,BUY,9991.0,9999.0,9995.0,4.0,8.0,0.0,False,False,5,2,2,3,1.0,-6.5,-0.5
0,864800,ASH_COATED_OSMIUM,,,10006.0,8,BUY,9990.0,10006.0,9998.0,8.0,16.0,0.0,False,False,0,8,7,9,-7.0,-7.0,-4.0
0,865000,ASH_COATED_OSMIUM,,,9990.0,6,SELL,9990.0,10006.0,9998.0,-8.0,0.0,-16.0,False,False,0,5,4,6,10.5,9.0,9.0
0,867600,ASH_COATED_OSMIUM,,,9991.0,3,SELL,9991.0,10007.0,9999.0,-8.0,0.0,-16.0,False,False,0,2,2,3,13.0,8.0,16.0
0,870700,ASH_COATED_OSMIUM,,,10007.0,5,BUY,9996.0,10007.0,10001.5,5.5,11.0,0.0,False,False,0,5,4,6,-1.0,-8.0,-7.5
0,871300,ASH_COATED_OSMIUM,,,9990.0,2,SELL,9990.0,10006.0,9998.0,-8.0,0.0,-16.0,False,False,0,2,2,3,8.5,10.0,9.0
0,871500,ASH_COATED_OSMIUM,,,10007.0,2,BUY,9991.0,10007.0,9999.0,8.0,16.0,0.0,False,False,0,2,2,3,-8.0,-5.5,-17.0
0,874000,ASH_COATED_OSMIUM,,,9992.0,5,SELL,9992.0,10008.0,10000.0,-8.0,0.0,-16.0,False,False,0,5,4,6,7.0,6.0,7.0
0,875400,ASH_COATED_OSMIUM,,,9990.0,5,SELL,9990.0,10006.0,9998.0,-8.0,0.0,-16.0,False,False,0,5,4,6,12.5,9.0,9.0
0,877900,ASH_COATED_OSMIUM,,,9991.0,7,SELL,9991.0,10007.0,9999.0,-8.0,0.0,-16.0,False,False,0,8,7,9,7.0,10.0,7.0
0,878000,ASH_COATED_OSMIUM,,,10007.0,5,BUY,9991.0,10007.0,9999.0,8.0,16.0,0.0,False,False,0,5,4,6,-11.0,-7.0,-10.5
0,880600,ASH_COATED_OSMIUM,,,9992.0,4,SELL,9992.0,10008.0,10000.0,-8.0,0.0,-16.0,False,False,0,5,4,6,8.0,7.5,2.5
0,887700,ASH_COATED_OSMIUM,,,10005.0,6,BUY,9989.0,10005.0,9997.0,8.0,16.0,0.0,False,False,0,5,4,6,-10.0,-8.0,-7.0
0,892900,ASH_COATED_OSMIUM,,,10006.0,8,BUY,9990.0,10006.0,9998.0,8.0,16.0,0.0,False,False,0,8,7,9,-8.0,-2.0,-7.0
0,893000,ASH_COATED_OSMIUM,,,9987.0,4,SELL,9987.0,10006.0,9996.5,-9.5,0.0,-19.0,False,False,0,5,4,6,11.0,12.0,12.0
0,899200,ASH_COATED_OSMIUM,,,10011.0,5,BUY,9993.0,10011.0,10002.0,9.0,18.0,0.0,False,False,0,5,4,6,-12.5,-11.0,-7.0
0,901500,ASH_COATED_OSMIUM,,,10008.0,8,BUY,10002.0,10008.0,10005.0,3.0,6.0,0.0,False,False,0,8,7,9,-8.0,-5.0,-3.0
0,904500,ASH_COATED_OSMIUM,,,10011.0,3,BUY,9995.0,10011.0,10003.0,8.0,16.0,0.0,False,False,0,2,2,3,-7.0,-6.0,-1.0
0,904900,ASH_COATED_OSMIUM,,,9992.0,4,SELL,9992.0,10010.0,10001.0,-9.0,0.0,-18.0,False,False,0,5,4,6,11.0,14.0,15.0
0,905000,ASH_COATED_OSMIUM,,,9995.0,10,SELL,9995.0,10013.0,10004.0,-9.0,0.0,-18.0,False,False,0,10,10,10,8.0,11.0,16.0
0,905700,ASH_COATED_OSMIUM,,,10014.0,5,BUY,9996.0,10014.0,10005.0,9.0,18.0,0.0,False,False,0,5,4,6,-11.0,-7.0,-6.0
0,909200,ASH_COATED_OSMIUM,,,9998.0,4,SELL,9998.0,10016.0,10007.0,-9.0,0.0,-18.0,False,False,0,5,4,6,9.5,8.5,13.0
0,909900,ASH_COATED_OSMIUM,,,10016.0,8,BUY,9998.0,10016.0,10007.0,9.0,18.0,0.0,False,False,0,8,7,9,-6.5,-7.0,-5.0
0,911000,ASH_COATED_OSMIUM,,,10016.0,2,BUY,,10016.0,10016.0,0.0,,0.0,False,False,0,2,2,3,-10.0,-5.0,-3.0
0,912200,ASH_COATED_OSMIUM,,,10017.0,3,BUY,10001.0,10017.0,10009.0,8.0,16.0,0.0,False,False,0,2,2,3,-7.0,-6.0,-4.0
0,917900,ASH_COATED_OSMIUM,,,10018.0,5,BUY,10002.0,10018.0,10010.0,8.0,16.0,0.0,False,False,0,5,4,6,-7.5,-16.0,-9.0
0,918800,ASH_COATED_OSMIUM,,,9999.0,3,SELL,9999.0,10007.0,10003.0,-4.0,0.0,-8.0,False,False,0,2,2,3,11.0,12.0,15.0
0,920500,ASH_COATED_OSMIUM,,,10019.0,3,BUY,10003.0,10019.0,10011.0,8.0,16.0,0.0,False,False,0,2,2,3,-8.0,-10.0,-3.0
0,921200,ASH_COATED_OSMIUM,,,10020.0,10,BUY,10002.0,10020.0,10011.0,9.0,18.0,0.0,False,False,0,10,10,10,-12.5,-12.0,-12.0
0,923300,ASH_COATED_OSMIUM,,,10001.0,3,SELL,10001.0,10020.0,10010.5,-9.5,0.0,-19.0,False,False,0,2,2,3,13.0,7.0,5.0
0,923800,ASH_COATED_OSMIUM,,,10011.0,4,SELL,10011.0,10017.0,10014.0,-3.0,0.0,-6.0,False,False,50,5,4,6,-11.0,-3.0,-5.0
0,928100,ASH_COATED_OSMIUM,,,9998.0,3,SELL,9998.0,10014.0,10006.0,-8.0,0.0,-16.0,False,False,0,2,2,3,9.0,8.0,9.0
0,928700,ASH_COATED_OSMIUM,,,9999.0,4,SELL,9999.0,10017.0,10008.0,-9.0,0.0,-18.0,False,False,0,5,4,6,6.0,5.5,8.0
0,929300,ASH_COATED_OSMIUM,,,10014.0,2,BUY,9998.0,10014.0,10006.0,8.0,16.0,0.0,False,False,0,2,2,3,-9.0,-9.0,-7.0
0,930600,ASH_COATED_OSMIUM,,,9998.0,6,SELL,9998.0,10014.0,10006.0,-8.0,0.0,-16.0,False,False,0,5,4,6,8.0,9.0,10.0
0,932600,ASH_COATED_OSMIUM,,,10016.0,10,BUY,9998.0,10016.0,10007.0,9.0,18.0,0.0,False,False,0,10,10,10,-9.0,-8.0,-11.0
0,933900,ASH_COATED_OSMIUM,,,10015.0,3,BUY,9999.0,10015.0,10007.0,8.0,16.0,0.0,False,False,0,2,2,3,-3.0,-8.0,-20.0
0,935900,ASH_COATED_OSMIUM,,,9999.0,8,SELL,9999.0,10015.0,10007.0,-8.0,0.0,-16.0,False,False,0,8,7,9,6.5,6.5,7.0
0,938700,ASH_COATED_OSMIUM,,,10014.0,2,BUY,,10014.0,10014.0,0.0,,0.0,False,False,0,2,2,3,-8.0,-1.0,-8.0
0,939200,ASH_COATED_OSMIUM,,,10014.0,6,BUY,9998.0,10014.0,10006.0,8.0,16.0,0.0,False,False,0,5,4,6,-11.0,-7.5,-15.0
0,939500,ASH_COATED_OSMIUM,,,10015.0,9,BUY,9997.0,10015.0,10006.0,9.0,18.0,0.0,False,False,0,8,7,9,-6.0,-9.0,0.0
0,946100,ASH_COATED_OSMIUM,,,9995.0,10,SELL,9995.0,10014.0,10004.5,-9.5,0.0,-19.0,False,False,0,10,10,10,12.0,12.0,9.0
0,948400,ASH_COATED_OSMIUM,,,10015.0,7,BUY,9999.0,10015.0,10007.0,8.0,16.0,0.0,False,False,20,8,7,9,-9.0,1.0,-6.0
0,949200,ASH_COATED_OSMIUM,,,10015.0,2,BUY,9997.0,10015.0,10006.0,9.0,18.0,0.0,False,False,0,2,2,3,-8.0,-13.0,-5.0
0,956200,ASH_COATED_OSMIUM,,,10003.0,3,SELL,10003.0,10019.0,10011.0,-8.0,0.0,-16.0,False,False,0,2,2,3,6.5,8.0,18.0
0,960000,ASH_COATED_OSMIUM,,,10002.0,4,SELL,10002.0,10020.0,10011.0,-9.0,0.0,-18.0,False,False,0,5,4,6,11.0,10.5,10.0
0,964000,ASH_COATED_OSMIUM,,,10019.0,3,BUY,10003.0,10019.0,10011.0,8.0,16.0,0.0,False,False,0,2,2,3,-6.5,-9.5,-13.5
0,970900,ASH_COATED_OSMIUM,,,10018.0,5,BUY,10002.0,10018.0,10010.0,8.0,16.0,0.0,False,False,0,5,4,6,-16.0,-8.0,-10.0
0,974600,ASH_COATED_OSMIUM,,,10017.0,4,BUY,10001.0,10017.0,10009.0,8.0,16.0,0.0,False,False,0,5,4,6,-9.0,-9.0,-8.0
0,975100,ASH_COATED_OSMIUM,,,10000.0,2,SELL,10000.0,10016.0,10008.0,-8.0,0.0,-16.0,False,False,0,2,2,3,8.0,8.0,8.0
0,975500,ASH_COATED_OSMIUM,,,10016.0,3,BUY,10000.0,10016.0,10008.0,8.0,16.0,0.0,False,False,0,2,2,3,-9.5,-3.0,-7.0
0,976500,ASH_COATED_OSMIUM,,,10000.0,6,SELL,10000.0,10016.0,10008.0,-8.0,0.0,-16.0,False,False,0,5,4,6,8.0,8.0,8.0
0,980800,ASH_COATED_OSMIUM,,,10017.0,5,BUY,10001.0,10017.0,10009.0,8.0,16.0,0.0,False,False,0,5,4,6,-9.0,-9.0,-8.0
0,984100,ASH_COATED_OSMIUM,,,10018.0,4,BUY,10002.0,10018.0,10010.0,8.0,16.0,0.0,False,False,0,5,4,6,-9.0,-11.0,-11.0
0,985300,ASH_COATED_OSMIUM,,,9998.0,3,SELL,9998.0,10016.0,10007.0,-9.0,0.0,-18.0,False,False,0,2,2,3,11.0,10.0,10.0
0,986200,ASH_COATED_OSMIUM,,,10017.0,3,BUY,10001.0,10017.0,10009.0,8.0,16.0,0.0,False,False,0,2,2,3,-9.5,-10.0,-7.0
0,986800,ASH_COATED_OSMIUM,,,9999.0,6,SELL,9999.0,10015.0,10007.0,-8.0,0.0,-16.0,False,False,0,5,4,6,9.0,7.0,11.0
0,987100,ASH_COATED_OSMIUM,,,10016.0,6,BUY,10000.0,10016.0,10008.0,8.0,16.0,0.0,False,False,0,5,4,6,-9.0,-9.0,-6.0
0,988900,ASH_COATED_OSMIUM,,,9998.0,2,SELL,9998.0,10017.0,10007.5,-9.5,0.0,-19.0,False,False,0,2,2,3,9.0,11.0,10.0
0,991400,ASH_COATED_OSMIUM,,,10002.0,9,SELL,10002.0,10018.0,10010.0,-8.0,0.0,-16.0,False,False,0,8,7,9,7.0,6.5,5.0
0,993300,ASH_COATED_OSMIUM,,,10001.0,5,SELL,10001.0,10017.0,10009.0,-8.0,0.0,-16.0,False,False,0,5,4,6,7.0,7.0,7.5
0,995200,ASH_COATED_OSMIUM,,,10016.0,6,BUY,10000.0,10016.0,10008.0,8.0,16.0,0.0,False,False,0,5,4,6,-8.0,-9.0,
0,4400,INTARIAN_PEPPER_ROOT,,,12011.0,5,BUY,11995.0,12011.0,12003.0,8.0,16.0,0.0,True,True,0,5,5,6,-6.5,-4.5,-1.5
0,4800,INTARIAN_PEPPER_ROOT,,,12008.0,3,BUY,11998.0,12007.0,12002.5,5.5,10.0,1.0,True,False,50,3,3,4,-2.5,-8.0,1.5
0,5000,INTARIAN_PEPPER_ROOT,,,11998.0,5,SELL,11998.0,12015.0,12006.5,-8.5,0.0,-17.0,True,False,0,5,5,6,7.5,7.5,12.0
0,17400,INTARIAN_PEPPER_ROOT,,,12013.0,3,SELL,12014.0,12024.0,12019.0,-6.0,-1.0,-11.0,False,True,0,3,3,4,4.5,6.5,9.5
0,23000,INTARIAN_PEPPER_ROOT,,,12016.0,4,SELL,12016.0,12030.0,12023.0,-7.0,0.0,-14.0,False,True,0,3,3,4,14.0,9.0,10.5
0,23100,INTARIAN_PEPPER_ROOT,,,12019.0,4,BUY,12017.0,12019.0,12018.0,1.0,2.0,0.0,False,True,50,3,3,4,4.5,6.5,9.5
0,30400,INTARIAN_PEPPER_ROOT,,,12037.0,6,BUY,12024.0,12037.0,12030.5,6.5,13.0,0.0,False,True,0,5,5,6,-8.0,-4.5,-1.5
0,34400,INTARIAN_PEPPER_ROOT,,,12041.0,3,BUY,12028.0,12041.0,12034.5,6.5,13.0,0.0,False,True,0,3,3,4,-6.5,-4.5,-8.0
0,35700,INTARIAN_PEPPER_ROOT,,,12045.0,7,BUY,12039.0,12045.0,12042.0,3.0,6.0,0.0,False,True,0,7,7,8,-8.5,-6.0,-4.5
0,35700,INTARIAN_PEPPER_ROOT,,,12039.0,3,SELL,12039.0,12045.0,12042.0,-3.0,0.0,-6.0,False,False,5,3,3,4,-2.5,0.0,1.5
0,35800,INTARIAN_PEPPER_ROOT,,,12032.0,7,BUY,,12032.0,12032.0,0.0,,0.0,False,False,50,7,7,8,-2.0,5.5,8.5
0,38500,INTARIAN_PEPPER_ROOT,,,12032.0,5,SELL,12032.0,12045.0,12038.5,-6.5,0.0,-13.0,False,False,0,5,5,6,0.0,2.0,11.5
0,42800,INTARIAN_PEPPER_ROOT,,,12049.0,5,BUY,12036.0,12049.0,12042.5,6.5,13.0,0.0,False,True,5,5,5,6,1.0,-4.5,-1.5
0,44700,INTARIAN_PEPPER_ROOT,,,12041.0,8,BUY,12035.0,12041.0,12038.0,3.0,6.0,0.0,False,False,50,7,7,8,-2.0,5.5,8.5
0,51400,INTARIAN_PEPPER_ROOT,,,12045.0,4,SELL,12045.0,,12045.0,0.0,0.0,,False,False,0,3,3,4,5.0,10.0,11.5
0,52600,INTARIAN_PEPPER_ROOT,,,12056.0,8,SELL,12056.0,12059.0,12057.5,-1.5,0.0,-3.0,False,True,50,7,7,8,-2.5,-1.5,-5.0
0,57000,INTARIAN_PEPPER_ROOT,,,12067.0,4,BUY,12047.0,12067.0,12057.0,10.0,20.0,0.0,False,True,0,3,3,4,-7.5,-1.0,-6.5
0,64300,INTARIAN_PEPPER_ROOT,,,12060.0,3,BUY,12058.0,12060.0,12059.0,1.0,2.0,0.0,False,False,50,3,3,4,11.0,6.5,9.5
0,67600,INTARIAN_PEPPER_ROOT,,,12071.0,4,SELL,12071.0,12074.0,12072.5,-1.5,0.0,-3.0,False,True,20,3,3,4,-1.0,-1.5,1.5
0,70400,INTARIAN_PEPPER_ROOT,,,12074.0,5,SELL,12074.0,12077.0,12075.5,-1.5,0.0,-3.0,False,True,20,5,5,6,-5.0,-1.5,0.0
0,71500,INTARIAN_PEPPER_ROOT,,,12067.0,4,BUY,12065.0,12067.0,12066.0,1.0,2.0,0.0,False,False,50,3,3,4,5.0,6.5,9.5
0,73700,INTARIAN_PEPPER_ROOT,,,12067.0,4,SELL,12067.0,12080.0,12073.5,-6.5,0.0,-13.0,False,False,0,3,3,4,9.0,8.5,11.5
0,77200,INTARIAN_PEPPER_ROOT,,,12071.0,3,SELL,12071.0,12084.0,12077.5,-6.5,0.0,-13.0,False,False,0,3,3,4,8.0,15.0,11.5
0,80200,INTARIAN_PEPPER_ROOT,,,12074.0,5,SELL,12074.0,12087.0,12080.5,-6.5,0.0,-13.0,False,False,0,5,5,6,6.5,8.5,11.5
0,84400,INTARIAN_PEPPER_ROOT,,,12088.0,5,SELL,12088.0,12091.0,12089.5,-1.5,0.0,-3.0,False,True,20,5,5,6,-3.5,-1.5,1.5
0,84600,INTARIAN_PEPPER_ROOT,,,12091.0,6,BUY,12078.0,12091.0,12084.5,6.5,13.0,0.0,False,True,0,5,5,6,-5.5,-4.5,-1.5
0,84800,INTARIAN_PEPPER_ROOT,,,12088.0,5,SELL,12088.0,12091.0,12089.5,-1.5,0.0,-3.0,False,False,20,5,5,6,-2.5,-3.0,1.5
0,87400,INTARIAN_PEPPER_ROOT,,,12081.0,3,SELL,12081.0,12097.0,12089.0,-8.0,0.0,-16.0,False,False,0,3,3,4,6.5,8.5,10.0
0,91700,INTARIAN_PEPPER_ROOT,,,12088.0,8,BUY,12085.0,12088.0,12086.5,1.5,3.0,0.0,False,False,50,7,7,8,4.5,7.0,10.0
0,92500,INTARIAN_PEPPER_ROOT,,,12099.0,7,BUY,12086.0,12099.0,12092.5,6.5,13.0,0.0,False,True,0,7,7,8,-6.0,-4.5,-1.5
0,97200,INTARIAN_PEPPER_ROOT,,,12104.0,7,BUY,12100.0,12104.0,12102.0,2.0,4.0,0.0,False,True,0,7,7,8,-8.0,-3.0,-3.0
0,107000,INTARIAN_PEPPER_ROOT,,,12114.0,7,BUY,12100.0,12114.0,12107.0,7.0,14.0,0.0,False,True,0,7,7,8,-6.5,-3.5,-2.0
0,108800,INTARIAN_PEPPER_ROOT,,,12112.0,3,SELL,12112.0,12115.0,12113.5,-1.5,0.0,-3.0,False,False,20,3,3,4,-2.5,-1.5,1.5
0,109800,INTARIAN_PEPPER_ROOT,,,12116.0,4,BUY,12113.0,12116.0,12114.5,1.5,3.0,0.0,False,True,0,3,3,4,-5.5,-6.0,-1.5
0,109800,INTARIAN_PEPPER_ROOT,,,12113.0,3,SELL,12113.0,12116.0,12114.5,-1.5,0.0,-3.0,False,False,20,3,3,4,-2.5,-3.0,1.5
0,117500,INTARIAN_PEPPER_ROOT,,,12111.0,6,SELL,12111.0,,12111.0,0.0,0.0,,False,False,0,5,5,6,7.0,10.0,11.5
0,120100,INTARIAN_PEPPER_ROOT,,,12127.0,4,BUY,12114.0,12127.0,12120.5,6.5,13.0,0.0,False,True,0,3,3,4,-6.5,-4.5,0.0
0,122400,INTARIAN_PEPPER_ROOT,,,12129.0,7,BUY,12116.0,12129.0,12122.5,6.5,13.0,0.0,False,True,0,7,7,8,-6.5,-4.5,-3.0
0,127800,INTARIAN_PEPPER_ROOT,,,12121.0,3,SELL,12121.0,12134.0,12127.5,-6.5,0.0,-13.0,False,False,0,3,3,4,7.5,8.5,11.5
0,129500,INTARIAN_PEPPER_ROOT,,,12136.0,3,BUY,12120.0,12136.0,12128.0,8.0,16.0,0.0,False,True,0,3,3,4,-13.0,-4.5,-1.5
0,131100,INTARIAN_PEPPER_ROOT,,,12138.0,4,BUY,12125.0,12138.0,12131.5,6.5,13.0,0.0,False,True,0,3,3,4,-6.5,-4.5,-1.5
0,132300,INTARIAN_PEPPER_ROOT,,,12126.0,3,SELL,12126.0,12142.0,12134.0,-8.0,0.0,-16.0,False,False,0,3,3,4,6.5,8.5,11.5
0,138000,INTARIAN_PEPPER_ROOT,,,12131.0,4,SELL,12131.0,12145.0,12138.0,-7.0,0.0,-14.0,False,False,0,3,3,4,7.5,9.0,12.0
0,138700,INTARIAN_PEPPER_ROOT,,,12142.0,3,SELL,12142.0,12148.0,12145.0,-3.0,0.0,-6.0,False,True,20,3,3,4,-4.0,-1.5,1.5
0,141900,INTARIAN_PEPPER_ROOT,,,12135.0,4,SELL,12135.0,12148.0,12141.5,-6.5,0.0,-13.0,False,False,0,3,3,4,7.5,2.0,11.5
0,142300,INTARIAN_PEPPER_ROOT,,,12145.0,6,SELL,12145.0,12149.0,12147.0,-2.0,0.0,-4.0,False,True,5,5,5,6,-2.5,5.5,2.5
0,148200,INTARIAN_PEPPER_ROOT,,,12142.0,7,SELL,12142.0,12155.0,12148.5,-6.5,0.0,-13.0,False,False,0,7,7,8,6.5,10.0,11.5
0,164100,INTARIAN_PEPPER_ROOT,,,12167.0,5,SELL,12167.0,12171.0,12169.0,-2.0,0.0,-4.0,False,True,20,5,5,6,-2.5,-0.5,2.5
0,164200,INTARIAN_PEPPER_ROOT,,,12160.0,7,BUY,12155.0,12160.0,12157.5,2.5,5.0,0.0,False,False,50,7,7,8,4.5,6.5,9.5
0,170300,INTARIAN_PEPPER_ROOT,,,12177.0,7,BUY,12161.0,12177.0,12169.0,8.0,16.0,0.0,False,True,0,7,7,8,-6.5,-4.5,-1.5
0,170500,INTARIAN_PEPPER_ROOT,,,12174.0,7,SELL,12174.0,12177.0,12175.5,-1.5,0.0,-3.0,False,False,20,7,7,8,-3.0,-1.5,1.5
0,177900,INTARIAN_PEPPER_ROOT,,,12171.0,5,SELL,12171.0,12188.0,12179.5,-8.5,0.0,-17.0,False,False,0,5,5,6,7.5,8.5,2.0
0,185500,INTARIAN_PEPPER_ROOT,,,12189.0,5,SELL,12189.0,12192.0,12190.5,-1.5,0.0,-3.0,False,True,20,5,5,6,-3.0,-3.0,1.5
0,191800,INTARIAN_PEPPER_ROOT,,,12182.0,4,SELL,12182.0,12198.0,12190.0,-8.0,0.0,-16.0,False,False,0,3,3,4,12.0,11.5,14.5
0,194900,INTARIAN_PEPPER_ROOT,,,12191.0,6,BUY,12188.0,12191.0,12189.5,1.5,3.0,0.0,False,True,50,5,5,6,4.5,5.5,8.5
0,198600,INTARIAN_PEPPER_ROOT,,,12192.0,5,SELL,12192.0,12205.0,12198.5,-6.5,0.0,-13.0,False,True,0,5,5,6,7.5,8.5,5.0
0,199400,INTARIAN_PEPPER_ROOT,,,12206.0,5,BUY,12193.0,12206.0,12199.5,6.5,13.0,0.0,False,True,0,5,5,6,-6.5,-11.0,-1.5
0,204000,INTARIAN_PEPPER_ROOT,,,12211.0,7,BUY,12197.0,12211.0,12204.0,7.0,14.0,0.0,False,True,20,7,7,8,-6.5,1.5,-2.0
0,204600,INTARIAN_PEPPER_ROOT,,,12198.0,5,SELL,12198.0,12211.0,12204.5,-6.5,0.0,-13.0,False,False,0,5,5,6,7.0,8.5,11.5
0,207500,INTARIAN_PEPPER_ROOT,,,12214.0,3,BUY,12201.0,12214.0,12207.5,6.5,13.0,0.0,False,True,0,3,3,4,-7.5,-4.5,-1.5
0,212100,INTARIAN_PEPPER_ROOT,,,12215.0,4,SELL,12215.0,12219.0,12217.0,-2.0,0.0,-4.0,False,True,5,3,3,4,-2.5,6.0,2.0
0,215000,INTARIAN_PEPPER_ROOT,,,12225.0,7,BUY,12208.0,12225.0,12216.5,8.5,17.0,0.0,False,True,0,7,7,8,-9.5,-9.5,-3.0
0,217000,INTARIAN_PEPPER_ROOT,,,12224.0,5,BUY,12207.0,12224.0,12215.5,8.5,17.0,0.0,False,False,0,5,5,6,-13.0,-5.0,-3.5
0,220600,INTARIAN_PEPPER_ROOT,,,12216.0,4,BUY,12214.0,12216.0,12215.0,1.0,2.0,0.0,False,False,50,3,3,4,5.0,6.5,11.0
0,224300,INTARIAN_PEPPER_ROOT,,,12231.0,3,BUY,12215.0,12231.0,12223.0,8.0,16.0,0.0,False,True,0,3,3,4,-6.5,-4.5,-1.5
0,225000,INTARIAN_PEPPER_ROOT,,,12218.0,7,SELL,12218.0,12232.0,12225.0,-7.0,0.0,-14.0,False,False,0,7,7,8,14.0,9.0,12.0
0,234600,INTARIAN_PEPPER_ROOT,,,12241.0,4,BUY,12228.0,12241.0,12234.5,6.5,13.0,0.0,False,True,0,3,3,4,-13.0,-4.5,-1.5
0,237500,INTARIAN_PEPPER_ROOT,,,12244.0,4,BUY,12231.0,12244.0,12237.5,6.5,13.0,0.0,False,True,0,3,3,4,-6.0,-6.0,0.0
0,239700,INTARIAN_PEPPER_ROOT,,,12246.0,7,BUY,12233.0,12246.0,12239.5,6.5,13.0,0.0,False,True,50,7,7,8,-5.5,-4.5,5.0
0,242000,INTARIAN_PEPPER_ROOT,,,12249.0,7,BUY,12235.0,12249.0,12242.0,7.0,14.0,0.0,False,True,0,7,7,8,-5.0,-5.0,-2.0
0,243500,INTARIAN_PEPPER_ROOT,,,12247.0,4,SELL,12247.0,12250.0,12248.5,-1.5,0.0,-3.0,False,False,20,3,3,4,-3.0,-1.5,1.5
0,248700,INTARIAN_PEPPER_ROOT,,,12242.0,4,SELL,12242.0,12255.0,12248.5,-6.5,0.0,-13.0,False,False,0,3,3,4,14.0,15.0,11.5
0,260100,INTARIAN_PEPPER_ROOT,,,12267.0,5,BUY,12253.0,12267.0,12260.0,7.0,14.0,0.0,False,True,0,5,5,6,-8.0,-3.5,-2.0
0,264100,INTARIAN_PEPPER_ROOT,,,12254.0,7,SELL,12254.0,,12254.0,0.0,0.0,,False,False,0,7,7,8,10.5,12.0,15.0
0,267500,INTARIAN_PEPPER_ROOT,,,12261.0,3,SELL,12261.0,12277.0,12269.0,-8.0,0.0,-16.0,False,False,0,3,3,4,7.0,8.5,11.5
0,270700,INTARIAN_PEPPER_ROOT,,,12277.0,6,BUY,12268.0,12277.0,12272.5,4.5,9.0,0.0,False,True,0,5,5,6,-4.0,-9.5,-1.5
0,271100,INTARIAN_PEPPER_ROOT,,,12267.0,3,SELL,12268.0,12278.0,12273.0,-6.0,-1.0,-11.0,False,False,0,3,3,4,4.5,4.5,9.0
0,274100,INTARIAN_PEPPER_ROOT,,,12270.0,6,BUY,12267.0,12270.0,12268.5,1.5,3.0,0.0,False,False,50,5,5,6,-1.0,6.0,9.0
0,282600,INTARIAN_PEPPER_ROOT,,,12286.0,6,SELL,12286.0,12292.0,12289.0,-3.0,0.0,-6.0,False,True,20,5,5,6,-3.0,-1.5,1.5
0,300000,INTARIAN_PEPPER_ROOT,,,12307.0,7,BUY,12293.0,12307.0,12300.0,7.0,14.0,0.0,False,True,0,7,7,8,-6.5,-12.0,-2.0
0,301400,INTARIAN_PEPPER_ROOT,,,12311.0,7,BUY,12295.0,12311.0,12303.0,8.0,16.0,0.0,False,True,0,7,7,8,-9.0,-6.0,-4.5
0,306000,INTARIAN_PEPPER_ROOT,,,12309.0,5,SELL,12309.0,12313.0,12311.0,-2.0,0.0,-4.0,False,False,20,5,5,6,-2.5,-1.0,2.0
0,311200,INTARIAN_PEPPER_ROOT,,,12301.0,3,SELL,12301.0,12307.0,12304.0,-3.0,0.0,-6.0,False,False,0,3,3,4,10.5,12.5,13.5
0,314400,INTARIAN_PEPPER_ROOT,,,12321.0,6,BUY,12305.0,12321.0,12313.0,8.0,16.0,0.0,False,True,0,5,5,6,-7.5,-4.5,-1.5
0,327400,INTARIAN_PEPPER_ROOT,,,12321.0,6,SELL,12321.0,12334.0,12327.5,-6.5,0.0,-13.0,False,False,0,5,5,6,7.0,8.5,10.0
0,327600,INTARIAN_PEPPER_ROOT,,,12334.0,3,BUY,12331.0,12334.0,12332.5,1.5,3.0,0.0,False,True,50,3,3,4,-6.0,-4.5,3.5
0,331500,INTARIAN_PEPPER_ROOT,,,12325.0,3,SELL,12325.0,12338.0,12331.5,-6.5,0.0,-13.0,False,False,0,3,3,4,7.0,8.5,11.5
0,333200,INTARIAN_PEPPER_ROOT,,,12343.0,7,BUY,12327.0,12343.0,12335.0,8.0,16.0,0.0,False,True,0,7,7,8,-8.0,-6.0,-4.5
0,334400,INTARIAN_PEPPER_ROOT,,,12341.0,3,BUY,12328.0,12341.0,12334.5,6.5,13.0,0.0,False,False,0,3,3,4,-7.5,-4.5,-1.5
0,334700,INTARIAN_PEPPER_ROOT,,,12328.0,3,SELL,12328.0,12341.0,12334.5,-6.5,0.0,-13.0,False,False,0,3,3,4,9.0,10.0,11.5
0,335300,INTARIAN_PEPPER_ROOT,,,12342.0,3,BUY,12326.0,12342.0,12334.0,8.0,16.0,0.0,False,False,0,3,3,4,-6.5,-6.0,-1.5
0,335400,INTARIAN_PEPPER_ROOT,,,12339.0,6,SELL,12339.0,12342.0,12340.5,-1.5,0.0,-3.0,False,False,20,5,5,6,-3.0,-3.0,1.5
0,336500,INTARIAN_PEPPER_ROOT,,,12343.0,6,BUY,12330.0,12343.0,12336.5,6.5,13.0,0.0,False,False,0,5,5,6,-7.5,-4.5,0.0
0,336800,INTARIAN_PEPPER_ROOT,,,12333.0,5,BUY,12330.0,12333.0,12331.5,1.5,3.0,0.0,False,False,50,5,5,6,3.0,5.5,8.5
0,337400,INTARIAN_PEPPER_ROOT,,,12328.0,7,SELL,12328.0,12344.0,12336.0,-8.0,0.0,-16.0,False,False,0,7,7,8,10.0,11.5,13.0
0,344000,INTARIAN_PEPPER_ROOT,,,12340.0,3,BUY,12337.0,12340.0,12338.5,1.5,3.0,0.0,False,False,50,3,3,4,4.5,6.0,7.5
0,350900,INTARIAN_PEPPER_ROOT,,,12358.0,4,BUY,12344.0,12358.0,12351.0,7.0,14.0,0.0,False,True,50,3,3,4,-5.0,-5.0,5.0
0,351900,INTARIAN_PEPPER_ROOT,,,12345.0,7,SELL,12345.0,12362.0,12353.5,-8.5,0.0,-17.0,False,False,0,7,7,8,7.5,9.0,12.0
0,352300,INTARIAN_PEPPER_ROOT,,,12356.0,8,SELL,12356.0,12359.0,12357.5,-1.5,0.0,-3.0,False,False,20,7,7,8,-5.0,-8.0,1.5
0,352500,INTARIAN_PEPPER_ROOT,,,12359.0,6,BUY,12346.0,12359.0,12352.5,6.5,13.0,0.0,False,True,0,5,5,6,-6.0,-4.5,0.0
0,354000,INTARIAN_PEPPER_ROOT,,,12361.0,6,BUY,12344.0,12361.0,12352.5,8.5,17.0,0.0,False,True,0,5,5,6,-6.5,-5.0,-6.0
0,356800,INTARIAN_PEPPER_ROOT,,,12350.0,6,SELL,12350.0,12363.0,12356.5,-6.5,0.0,-13.0,False,False,0,5,5,6,7.5,8.5,11.5
0,358000,INTARIAN_PEPPER_ROOT,,,12351.0,3,SELL,12351.0,12365.0,12358.0,-7.0,0.0,-14.0,False,False,0,3,3,4,7.5,10.5,12.0
0,360800,INTARIAN_PEPPER_ROOT,,,12367.0,5,BUY,12351.0,12367.0,12359.0,8.0,16.0,0.0,False,True,50,5,5,6,-0.5,-4.5,0.5
0,361600,INTARIAN_PEPPER_ROOT,,,12357.0,5,BUY,12355.0,12357.0,12356.0,1.0,2.0,0.0,False,False,50,5,5,6,6.5,5.0,9.5
0,365400,INTARIAN_PEPPER_ROOT,,,12361.0,7,BUY,12359.0,12361.0,12360.0,1.0,2.0,0.0,False,False,50,7,7,8,5.0,16.0,9.5
0,367300,INTARIAN_PEPPER_ROOT,,,12361.0,5,SELL,12361.0,12374.0,12367.5,-6.5,0.0,-13.0,False,False,0,5,5,6,6.5,10.0,6.0
0,370900,INTARIAN_PEPPER_ROOT,,,12378.0,4,BUY,12364.0,12378.0,12371.0,7.0,14.0,0.0,False,True,0,3,3,4,-6.5,-5.0,-0.5
0,371200,INTARIAN_PEPPER_ROOT,,,12365.0,3,SELL,12365.0,12378.0,12371.5,-6.5,0.0,-13.0,False,False,0,3,3,4,6.5,6.5,11.5
0,372300,INTARIAN_PEPPER_ROOT,,,12368.0,6,BUY,12366.0,12368.0,12367.0,1.0,2.0,0.0,False,False,50,5,5,6,6.5,6.5,16.0
0,374600,INTARIAN_PEPPER_ROOT,,,12381.0,3,BUY,12365.0,12381.0,12373.0,8.0,16.0,0.0,False,True,0,3,3,4,-6.0,-4.5,-1.5
0,376700,INTARIAN_PEPPER_ROOT,,,12372.0,7,BUY,12367.0,12372.0,12369.5,2.5,5.0,0.0,False,False,50,7,7,8,5.5,6.5,3.0
0,380800,INTARIAN_PEPPER_ROOT,,,12387.0,3,BUY,12374.0,12387.0,12380.5,6.5,13.0,0.0,False,True,0,3,3,4,-4.0,-4.5,-1.5
0,399100,INTARIAN_PEPPER_ROOT,,,12392.0,3,SELL,12392.0,12406.0,12399.0,-7.0,0.0,-14.0,False,True,0,3,3,4,7.5,2.0,12.0
0,401000,INTARIAN_PEPPER_ROOT,,,12397.0,8,BUY,12394.0,12397.0,12395.5,1.5,3.0,0.0,False,True,50,7,7,8,9.5,6.0,2.0
0,415200,INTARIAN_PEPPER_ROOT,,,12425.0,6,BUY,12408.0,12425.0,12416.5,8.5,17.0,0.0,False,True,0,5,5,6,-9.5,-6.5,-6.5
0,419000,INTARIAN_PEPPER_ROOT,,,12412.0,6,SELL,12412.0,12426.0,12419.0,-7.0,0.0,-14.0,False,False,0,5,5,6,7.5,9.0,12.0
0,419200,INTARIAN_PEPPER_ROOT,,,12426.0,4,BUY,12412.0,12426.0,12419.0,7.0,14.0,0.0,False,True,0,3,3,4,-6.5,-6.5,-2.0
0,420300,INTARIAN_PEPPER_ROOT,,,12414.0,7,SELL,12414.0,12427.0,12420.5,-6.5,0.0,-13.0,False,False,0,7,7,8,5.5,8.5,18.0
0,423300,INTARIAN_PEPPER_ROOT,,,12417.0,6,SELL,12417.0,12430.0,12423.5,-6.5,0.0,-13.0,False,False,0,5,5,6,8.5,15.0,9.5
0,424900,INTARIAN_PEPPER_ROOT,,,12432.0,7,BUY,12418.0,12432.0,12425.0,7.0,14.0,0.0,False,True,0,7,7,8,-6.5,-3.5,-2.0
0,427600,INTARIAN_PEPPER_ROOT,,,12421.0,7,SELL,12421.0,12434.0,12427.5,-6.5,0.0,-13.0,False,False,0,7,7,8,7.0,8.5,10.0
0,432100,INTARIAN_PEPPER_ROOT,,,12428.0,8,SELL,12429.0,12439.0,12434.0,-6.0,-1.0,-11.0,False,False,0,7,7,8,3.0,6.0,16.0
0,436100,INTARIAN_PEPPER_ROOT,,,12439.0,5,SELL,12439.0,12443.0,12441.0,-2.0,0.0,-4.0,False,True,5,5,5,6,-2.5,0.5,2.0
0,437600,INTARIAN_PEPPER_ROOT,,,12428.0,3,SELL,12428.0,12444.0,12436.0,-8.0,0.0,-16.0,False,False,0,3,3,4,11.5,11.5,13.0
0,440800,INTARIAN_PEPPER_ROOT,,,12434.0,4,SELL,12434.0,,12434.0,0.0,0.0,,False,False,0,3,3,4,9.0,7.5,12.0
0,447800,INTARIAN_PEPPER_ROOT,,,12455.0,5,BUY,12441.0,12455.0,12448.0,7.0,14.0,0.0,False,True,0,5,5,6,-5.0,-5.0,-2.0
0,453000,INTARIAN_PEPPER_ROOT,,,12456.0,3,SELL,12456.0,12463.0,12459.5,-3.5,0.0,-7.0,False,True,20,3,3,4,-2.5,-1.0,2.0
0,453800,INTARIAN_PEPPER_ROOT,,,12450.0,7,BUY,12444.0,12450.0,12447.0,3.0,6.0,0.0,False,False,50,7,7,8,-2.0,6.0,9.0
0,456100,INTARIAN_PEPPER_ROOT,,,12446.0,6,SELL,12446.0,12466.0,12456.0,-10.0,0.0,-20.0,False,False,0,5,5,6,10.5,12.0,15.0
0,457000,INTARIAN_PEPPER_ROOT,,,12447.0,6,SELL,12447.0,12467.0,12457.0,-10.0,0.0,-20.0,False,False,0,5,5,6,10.5,12.0,15.0
0,457600,INTARIAN_PEPPER_ROOT,,,12461.0,3,SELL,12461.0,12464.0,12462.5,-1.5,0.0,-3.0,False,True,20,3,3,4,-3.0,-1.5,5.0
0,458700,INTARIAN_PEPPER_ROOT,,,12469.0,7,BUY,,12469.0,12469.0,0.0,,0.0,False,True,0,7,7,8,-10.0,-10.0,-5.5
0,459600,INTARIAN_PEPPER_ROOT,,,12453.0,6,SELL,12453.0,12466.0,12459.5,-6.5,0.0,-13.0,False,False,0,5,5,6,7.0,7.0,11.5
0,461900,INTARIAN_PEPPER_ROOT,,,12469.0,5,BUY,12455.0,12469.0,12462.0,7.0,14.0,0.0,False,False,0,5,5,6,-6.5,-6.5,-2.0
0,464300,INTARIAN_PEPPER_ROOT,,,12471.0,3,BUY,12454.0,12471.0,12462.5,8.5,17.0,0.0,False,True,0,3,3,4,-6.0,-5.0,-3.5
0,466000,INTARIAN_PEPPER_ROOT,,,12462.0,3,BUY,12459.0,12462.0,12460.5,1.5,3.0,0.0,False,False,50,3,3,4,3.0,6.0,7.5
0,467300,INTARIAN_PEPPER_ROOT,,,12461.0,3,SELL,12461.0,12474.0,12467.5,-6.5,0.0,-13.0,False,False,0,3,3,4,5.5,6.5,11.5
0,469000,INTARIAN_PEPPER_ROOT,,,12462.0,6,SELL,12462.0,12476.0,12469.0,-7.0,0.0,-14.0,False,False,0,5,5,6,9.0,7.5,17.0
0,473000,INTARIAN_PEPPER_ROOT,,,12476.0,4,SELL,12476.0,12480.0,12478.0,-2.0,0.0,-4.0,False,True,5,3,3,4,-2.5,0.5,2.0
0,473600,INTARIAN_PEPPER_ROOT,,,12467.0,5,SELL,12467.0,12480.0,12473.5,-6.5,0.0,-13.0,False,False,0,5,5,6,8.5,8.5,11.5
0,474000,INTARIAN_PEPPER_ROOT,,,12477.0,5,SELL,12477.0,12481.0,12479.0,-2.0,0.0,-4.0,False,True,20,5,5,6,-4.0,-1.0,3.5
0,477600,INTARIAN_PEPPER_ROOT,,,12484.0,5,BUY,12471.0,12484.0,12477.5,6.5,13.0,0.0,False,True,0,5,5,6,-6.0,-6.0,-1.5
0,482100,INTARIAN_PEPPER_ROOT,,,12475.0,5,SELL,12475.0,12492.0,12483.5,-8.5,0.0,-17.0,False,False,0,5,5,6,7.5,9.0,10.5
0,489400,INTARIAN_PEPPER_ROOT,,,12483.0,3,SELL,12483.0,12496.0,12489.5,-6.5,0.0,-13.0,False,False,0,3,3,4,8.5,8.5,11.5
0,490300,INTARIAN_PEPPER_ROOT,,,12484.0,5,SELL,12484.0,12500.0,12492.0,-8.0,0.0,-16.0,False,False,0,5,5,6,7.0,6.0,13.0
0,493800,INTARIAN_PEPPER_ROOT,,,12487.0,4,SELL,12487.0,12504.0,12495.5,-8.5,0.0,-17.0,False,True,0,3,3,4,7.5,9.0,12.0
0,495800,INTARIAN_PEPPER_ROOT,,,12489.0,4,SELL,12489.0,12503.0,12496.0,-7.0,0.0,-14.0,False,True,0,3,3,4,7.5,9.0,12.0
0,500000,INTARIAN_PEPPER_ROOT,,,12503.0,3,SELL,12503.0,12507.0,12505.0,-2.0,0.0,-4.0,False,True,20,3,3,4,-2.5,-1.0,2.0
0,501300,INTARIAN_PEPPER_ROOT,,,12505.0,7,SELL,12505.0,12508.0,12506.5,-1.5,0.0,-3.0,False,True,20,7,7,8,-3.0,-1.5,1.5
0,503300,INTARIAN_PEPPER_ROOT,,,12497.0,6,SELL,12497.0,12510.0,12503.5,-6.5,0.0,-13.0,False,False,0,5,5,6,5.5,10.0,11.5
0,507800,INTARIAN_PEPPER_ROOT,,,12501.0,3,SELL,12501.0,12515.0,12508.0,-7.0,0.0,-14.0,False,False,0,3,3,4,7.5,9.0,12.0
0,509700,INTARIAN_PEPPER_ROOT,,,12503.0,7,SELL,12503.0,12520.0,12511.5,-8.5,0.0,-17.0,False,False,0,7,7,8,7.0,15.0,11.5
0,512800,INTARIAN_PEPPER_ROOT,,,12520.0,5,BUY,12506.0,12520.0,12513.0,7.0,14.0,0.0,False,True,0,5,5,6,-6.5,-5.0,-3.5
0,519200,INTARIAN_PEPPER_ROOT,,,12526.0,7,BUY,12509.0,12526.0,12517.5,8.5,17.0,0.0,False,True,0,7,7,8,-6.0,-3.5,-3.5
0,520700,INTARIAN_PEPPER_ROOT,,,12514.0,5,SELL,12514.0,12531.0,12522.5,-8.5,0.0,-17.0,False,False,0,5,5,6,8.5,8.5,15.5
0,521600,INTARIAN_PEPPER_ROOT,,,12515.0,5,SELL,12515.0,12528.0,12521.5,-6.5,0.0,-13.0,False,False,0,5,5,6,5.5,7.0,11.5
0,531600,INTARIAN_PEPPER_ROOT,,,12525.0,4,SELL,12525.0,12538.0,12531.5,-6.5,0.0,-13.0,False,False,0,3,3,4,7.0,8.5,11.5
0,536700,INTARIAN_PEPPER_ROOT,,,12543.0,3,BUY,12527.0,12543.0,12535.0,8.0,16.0,0.0,False,True,20,3,3,4,-6.0,0.5,-1.5
0,539900,INTARIAN_PEPPER_ROOT,,,12533.0,6,SELL,12533.0,12547.0,12540.0,-7.0,0.0,-14.0,False,False,0,5,5,6,5.5,2.0,5.0
0,544700,INTARIAN_PEPPER_ROOT,,,12548.0,8,SELL,12548.0,12551.0,12549.5,-1.5,0.0,-3.0,False,True,20,7,7,8,-3.0,-3.0,1.5
0,545100,INTARIAN_PEPPER_ROOT,,,12552.0,7,BUY,12538.0,12552.0,12545.0,7.0,14.0,0.0,False,True,0,7,7,8,-6.5,-6.5,-2.0
0,555700,INTARIAN_PEPPER_ROOT,,,12551.0,7,BUY,12549.0,12551.0,12550.0,1.0,2.0,0.0,False,False,50,7,7,8,5.0,5.0,8.0
0,556000,INTARIAN_PEPPER_ROOT,,,12549.0,3,SELL,12549.0,12563.0,12556.0,-7.0,0.0,-14.0,False,False,0,3,3,4,7.5,10.5,12.0
0,556700,INTARIAN_PEPPER_ROOT,,,12552.0,8,BUY,12550.0,12552.0,12551.0,1.0,2.0,0.0,False,False,50,7,7,8,5.0,8.5,9.5
0,556800,INTARIAN_PEPPER_ROOT,,,12564.0,3,BUY,12550.0,12564.0,12557.0,7.0,14.0,0.0,False,True,0,3,3,4,-7.0,0.0,-0.5
0,561300,INTARIAN_PEPPER_ROOT,,,12557.0,3,BUY,12555.0,12557.0,12556.0,1.0,2.0,0.0,False,False,50,3,3,4,6.5,6.5,9.5
0,564900,INTARIAN_PEPPER_ROOT,,,12561.0,6,BUY,12555.0,12561.0,12558.0,3.0,6.0,0.0,False,False,50,5,5,6,4.5,6.0,9.0
0,566100,INTARIAN_PEPPER_ROOT,,,12562.0,3,BUY,12559.0,12562.0,12560.5,1.5,3.0,0.0,False,False,50,3,3,4,3.0,6.0,9.0
0,566700,INTARIAN_PEPPER_ROOT,,,12560.0,3,SELL,12560.0,12573.0,12566.5,-6.5,0.0,-13.0,False,False,0,3,3,4,7.0,8.5,11.5
0,570000,INTARIAN_PEPPER_ROOT,,,12577.0,5,BUY,12563.0,12577.0,12570.0,7.0,14.0,0.0,False,True,0,5,5,6,-6.5,-5.0,-2.0
0,573500,INTARIAN_PEPPER_ROOT,,,12569.0,5,BUY,12567.0,12569.0,12568.0,1.0,2.0,0.0,False,False,50,5,5,6,6.5,5.0,8.0
0,579600,INTARIAN_PEPPER_ROOT,,,12590.0,7,BUY,12573.0,12590.0,12581.5,8.5,17.0,0.0,False,True,0,7,7,8,-10.0,-8.5,-7.0
0,579800,INTARIAN_PEPPER_ROOT,,,12587.0,7,BUY,12573.0,12587.0,12580.0,7.0,14.0,0.0,False,False,0,7,7,8,-13.0,-5.0,-2.0
0,580300,INTARIAN_PEPPER_ROOT,,,12574.0,7,SELL,12574.0,,12574.0,0.0,0.0,,False,False,0,7,7,8,7.0,8.5,11.5
0,582300,INTARIAN_PEPPER_ROOT,,,12576.0,5,SELL,12576.0,12589.0,12582.5,-6.5,0.0,-13.0,False,False,0,5,5,6,7.0,15.0,11.5
0,584400,INTARIAN_PEPPER_ROOT,,,12591.0,4,BUY,12578.0,12591.0,12584.5,6.5,13.0,0.0,False,True,0,3,3,4,-6.0,-6.5,-1.5
0,585300,INTARIAN_PEPPER_ROOT,,,12579.0,5,SELL,12579.0,12592.0,12585.5,-6.5,0.0,-13.0,False,False,0,5,5,6,7.0,8.5,11.5
0,590400,INTARIAN_PEPPER_ROOT,,,12600.0,3,BUY,12584.0,12600.0,12592.0,8.0,16.0,0.0,False,True,0,3,3,4,-7.5,-7.5,-4.5
0,593800,INTARIAN_PEPPER_ROOT,,,12601.0,3,BUY,12584.0,12601.0,12592.5,8.5,17.0,0.0,False,True,0,3,3,4,-8.5,-5.0,-2.0
0,600500,INTARIAN_PEPPER_ROOT,,,12594.0,6,SELL,12594.0,12607.0,12600.5,-6.5,0.0,-13.0,False,False,0,5,5,6,7.0,8.5,11.5
0,605900,INTARIAN_PEPPER_ROOT,,,12599.0,3,SELL,12599.0,12616.0,12607.5,-8.5,0.0,-17.0,False,False,0,3,3,4,7.5,9.0,12.0
0,610500,INTARIAN_PEPPER_ROOT,,,12604.0,5,SELL,12604.0,12617.0,12610.5,-6.5,0.0,-13.0,False,True,0,5,5,6,7.0,10.0,11.5
0,612300,INTARIAN_PEPPER_ROOT,,,12608.0,8,BUY,12605.0,12608.0,12606.5,1.5,3.0,0.0,False,True,50,7,7,8,5.0,6.0,9.0
0,619500,INTARIAN_PEPPER_ROOT,,,12626.0,7,BUY,12613.0,12626.0,12619.5,6.5,13.0,0.0,False,True,0,7,7,8,-6.0,-4.5,-1.5
0,623400,INTARIAN_PEPPER_ROOT,,,12633.0,6,BUY,12613.0,12633.0,12623.0,10.0,20.0,0.0,False,True,0,5,5,6,-9.0,-7.5,-4.5
0,629200,INTARIAN_PEPPER_ROOT,,,12622.0,4,SELL,12622.0,,12622.0,0.0,0.0,,False,False,0,3,3,4,6.5,7.5,19.0
0,631100,INTARIAN_PEPPER_ROOT,,,12624.0,6,SELL,12624.0,12641.0,12632.5,-8.5,0.0,-17.0,False,False,0,5,5,6,7.5,9.0,10.5
0,634400,INTARIAN_PEPPER_ROOT,,,12638.0,5,SELL,12638.0,12641.0,12639.5,-1.5,0.0,-3.0,False,True,20,5,5,6,-1.5,-3.5,3.0
0,634500,INTARIAN_PEPPER_ROOT,,,12644.0,6,BUY,,12644.0,12644.0,0.0,,0.0,False,True,0,5,5,6,-9.0,-7.5,-6.0
0,636500,INTARIAN_PEPPER_ROOT,,,12630.0,5,SELL,12630.0,12643.0,12636.5,-6.5,0.0,-13.0,False,False,0,5,5,6,5.5,10.0,16.5
0,637100,INTARIAN_PEPPER_ROOT,,,12647.0,6,BUY,12630.0,12647.0,12638.5,8.5,17.0,0.0,False,True,0,5,5,6,-9.5,-9.5,-5.0
0,639000,INTARIAN_PEPPER_ROOT,,,12646.0,4,BUY,12632.0,12646.0,12639.0,7.0,14.0,0.0,False,False,0,3,3,4,-8.0,-6.5,-2.0
0,639300,INTARIAN_PEPPER_ROOT,,,12632.0,3,SELL,12632.0,12646.0,12639.0,-7.0,0.0,-14.0,False,False,0,3,3,4,6.5,9.0,12.0
0,640000,INTARIAN_PEPPER_ROOT,,,12633.0,4,SELL,12633.0,12647.0,12640.0,-7.0,0.0,-14.0,False,False,0,3,3,4,7.5,9.0,14.0
0,640200,INTARIAN_PEPPER_ROOT,,,12647.0,6,BUY,12633.0,12647.0,12640.0,7.0,14.0,0.0,False,False,0,5,5,6,-6.0,-3.5,-2.0
0,641500,INTARIAN_PEPPER_ROOT,,,12645.0,5,SELL,12645.0,12648.0,12646.5,-1.5,0.0,-3.0,False,False,20,5,5,6,-3.0,-1.5,1.5
0,642300,INTARIAN_PEPPER_ROOT,,,12652.0,4,BUY,12635.0,12652.0,12643.5,8.5,17.0,0.0,False,True,0,3,3,4,-9.0,-8.0,-5.0
0,643100,INTARIAN_PEPPER_ROOT,,,12636.0,5,SELL,12636.0,12650.0,12643.0,-7.0,0.0,-14.0,False,False,0,5,5,6,6.0,9.0,12.0
0,646000,INTARIAN_PEPPER_ROOT,,,12653.0,4,BUY,12636.0,12653.0,12644.5,8.5,17.0,0.0,False,True,0,3,3,4,-6.5,-5.0,-2.0
0,650200,INTARIAN_PEPPER_ROOT,,,12653.0,6,BUY,12643.0,12652.0,12647.5,5.5,10.0,1.0,False,False,50,5,5,6,-0.5,-1.0,2.0
0,653200,INTARIAN_PEPPER_ROOT,,,12663.0,6,BUY,12646.0,12663.0,12654.5,8.5,17.0,0.0,False,True,0,5,5,6,-9.0,-8.0,-5.0
0,656600,INTARIAN_PEPPER_ROOT,,,12663.0,6,BUY,12650.0,12663.0,12656.5,6.5,13.0,0.0,False,False,5,5,5,6,1.0,-4.5,-1.5
0,660600,INTARIAN_PEPPER_ROOT,,,12654.0,3,SELL,12654.0,12667.0,12660.5,-6.5,0.0,-13.0,False,False,0,3,3,4,0.0,8.5,5.0
0,666100,INTARIAN_PEPPER_ROOT,,,12676.0,4,BUY,12656.0,12676.0,12666.0,10.0,20.0,0.0,False,True,0,3,3,4,-9.5,-9.5,-5.0
0,668400,INTARIAN_PEPPER_ROOT,,,12675.0,4,BUY,12662.0,12675.0,12668.5,6.5,13.0,0.0,False,False,0,3,3,4,-6.0,-3.0,-1.5
0,670000,INTARIAN_PEPPER_ROOT,,,12677.0,7,BUY,12663.0,12677.0,12670.0,7.0,14.0,0.0,False,True,0,7,7,8,-8.5,-5.0,-0.5
0,672400,INTARIAN_PEPPER_ROOT,,,12662.0,3,SELL,12662.0,12679.0,12670.5,-8.5,0.0,-17.0,False,False,0,3,3,4,11.0,12.5,15.5
0,673600,INTARIAN_PEPPER_ROOT,,,12677.0,6,SELL,12677.0,12680.0,12678.5,-1.5,0.0,-3.0,False,False,5,5,5,6,-3.0,5.5,3.5
0,677700,INTARIAN_PEPPER_ROOT,,,12671.0,4,SELL,12671.0,12688.0,12679.5,-8.5,0.0,-17.0,False,False,0,3,3,4,8.5,7.5,12.0
0,678000,INTARIAN_PEPPER_ROOT,,,12671.0,3,SELL,12671.0,12688.0,12679.5,-8.5,0.0,-17.0,False,False,0,3,3,4,9.5,9.0,12.0
0,681900,INTARIAN_PEPPER_ROOT,,,12689.0,7,BUY,12675.0,12689.0,12682.0,7.0,14.0,0.0,False,True,20,7,7,8,-6.5,1.5,-9.0
0,683100,INTARIAN_PEPPER_ROOT,,,12690.0,4,BUY,12676.0,12690.0,12683.0,7.0,14.0,0.0,False,True,0,3,3,4,-8.0,-6.5,-0.5
0,687500,INTARIAN_PEPPER_ROOT,,,12681.0,4,SELL,12681.0,12694.0,12687.5,-6.5,0.0,-13.0,False,False,0,3,3,4,8.5,8.5,7.0
0,687700,INTARIAN_PEPPER_ROOT,,,12683.0,7,BUY,,12683.0,12683.0,0.0,,0.0,False,False,50,7,7,8,6.5,7.0,10.0
0,688200,INTARIAN_PEPPER_ROOT,,,12698.0,3,BUY,12681.0,12698.0,12689.5,8.5,17.0,0.0,False,True,0,3,3,4,-9.0,-8.0,-5.0
0,690100,INTARIAN_PEPPER_ROOT,,,12700.0,6,BUY,12683.0,12700.0,12691.5,8.5,17.0,0.0,False,True,0,5,5,6,-4.5,-3.0,-3.5
0,690400,INTARIAN_PEPPER_ROOT,,,12680.0,3,SELL,12680.0,12697.0,12688.5,-8.5,0.0,-17.0,False,False,0,3,3,4,11.0,10.5,15.0
0,690500,INTARIAN_PEPPER_ROOT,,,12697.0,3,BUY,12684.0,12697.0,12690.5,6.5,13.0,0.0,False,False,0,3,3,4,-4.5,-9.0,-3.5
0,690600,INTARIAN_PEPPER_ROOT,,,12694.0,5,SELL,12694.0,12697.0,12695.5,-1.5,0.0,-3.0,False,False,5,5,5,6,-3.0,5.0,1.5
0,691800,INTARIAN_PEPPER_ROOT,,,12685.0,7,SELL,12685.0,12702.0,12693.5,-8.5,0.0,-17.0,False,False,0,7,7,8,7.0,7.5,12.0
0,692200,INTARIAN_PEPPER_ROOT,,,12682.0,4,SELL,12682.0,12699.0,12690.5,-8.5,0.0,-17.0,False,False,0,3,3,4,11.0,12.0,16.5
0,701000,INTARIAN_PEPPER_ROOT,,,12697.0,4,BUY,12694.0,12697.0,12695.5,1.5,3.0,0.0,False,False,50,3,3,4,4.5,6.0,9.0
0,702100,INTARIAN_PEPPER_ROOT,,,12709.0,7,BUY,12705.0,12709.0,12707.0,2.0,4.0,0.0,False,True,0,7,7,8,-6.5,-5.0,-2.0
0,703000,INTARIAN_PEPPER_ROOT,,,12696.0,5,SELL,12696.0,12710.0,12703.0,-7.0,0.0,-14.0,False,False,0,5,5,6,9.5,19.0,19.0
0,708800,INTARIAN_PEPPER_ROOT,,,12716.0,4,BUY,,12716.0,12716.0,0.0,,0.0,False,True,0,3,3,4,-5.5,-5.0,-3.5
0,717400,INTARIAN_PEPPER_ROOT,,,12724.0,4,BUY,12707.0,12724.0,12715.5,8.5,17.0,0.0,False,True,0,3,3,4,-4.0,-4.5,-1.5
0,722300,INTARIAN_PEPPER_ROOT,,,12726.0,4,SELL,12726.0,12732.0,12729.0,-3.0,0.0,-6.0,False,True,50,3,3,4,-3.0,-2.0,-0.5
0,724700,INTARIAN_PEPPER_ROOT,,,12732.0,4,BUY,12715.0,12732.0,12723.5,8.5,17.0,0.0,False,True,50,3,3,4,-7.0,-5.0,5.0
0,727400,INTARIAN_PEPPER_ROOT,,,12734.0,6,BUY,12721.0,12734.0,12727.5,6.5,13.0,0.0,False,True,0,5,5,6,-6.0,-4.5,-1.5
0,727600,INTARIAN_PEPPER_ROOT,,,12734.0,3,BUY,12721.0,12734.0,12727.5,6.5,13.0,0.0,False,False,0,3,3,4,-6.0,-4.5,-1.5
0,728600,INTARIAN_PEPPER_ROOT,,,12722.0,5,SELL,12722.0,,12722.0,0.0,0.0,,False,False,0,5,5,6,7.0,8.5,11.5
0,733700,INTARIAN_PEPPER_ROOT,,,12744.0,3,BUY,12727.0,12744.0,12735.5,8.5,17.0,0.0,False,True,0,3,3,4,-11.5,-8.0,-6.5
0,737500,INTARIAN_PEPPER_ROOT,,,12741.0,3,SELL,12741.0,12744.0,12742.5,-1.5,0.0,-3.0,False,False,50,3,3,4,-3.0,-3.5,-0.5
0,742000,INTARIAN_PEPPER_ROOT,,,12738.0,8,BUY,12735.0,12738.0,12736.5,1.5,3.0,0.0,False,False,50,7,7,8,2.5,13.0,9.0
0,753100,INTARIAN_PEPPER_ROOT,,,12760.0,7,BUY,12746.0,12760.0,12753.0,7.0,14.0,0.0,False,True,0,7,7,8,-6.5,-5.0,-4.5
0,755700,INTARIAN_PEPPER_ROOT,,,12749.0,7,SELL,12749.0,12763.0,12756.0,-7.0,0.0,-14.0,False,False,0,7,7,8,0.0,9.0,12.0
0,755900,INTARIAN_PEPPER_ROOT,,,12766.0,3,BUY,12749.0,12766.0,12757.5,8.5,17.0,0.0,False,True,0,3,3,4,-8.0,-6.5,-5.0
0,761800,INTARIAN_PEPPER_ROOT,,,12757.0,7,BUY,12752.0,12757.0,12754.5,2.5,5.0,0.0,False,False,50,7,7,8,3.5,7.0,10.0
0,763200,INTARIAN_PEPPER_ROOT,,,12770.0,4,BUY,12756.0,12770.0,12763.0,7.0,14.0,0.0,False,True,0,3,3,4,-6.0,-6.5,-0.5
0,763800,INTARIAN_PEPPER_ROOT,,,12771.0,6,BUY,12757.0,12771.0,12764.0,7.0,14.0,0.0,False,True,0,5,5,6,-8.5,-5.0,-2.0
0,764500,INTARIAN_PEPPER_ROOT,,,12758.0,5,SELL,12758.0,12771.0,12764.5,-6.5,0.0,-13.0,False,False,0,5,5,6,7.0,10.5,11.5
0,766000,INTARIAN_PEPPER_ROOT,,,12769.0,4,SELL,12769.0,12776.0,12772.5,-3.5,0.0,-7.0,False,False,20,3,3,4,-0.5,-1.0,4.0
0,770300,INTARIAN_PEPPER_ROOT,,,12763.0,4,SELL,12763.0,12777.0,12770.0,-7.0,0.0,-14.0,False,False,0,3,3,4,8.0,9.0,12.0
0,775500,INTARIAN_PEPPER_ROOT,,,12779.0,7,SELL,12779.0,12782.0,12780.5,-1.5,0.0,-3.0,False,True,20,7,7,8,-1.0,-1.5,1.5
0,777000,INTARIAN_PEPPER_ROOT,,,12770.0,6,SELL,12770.0,12784.0,12777.0,-7.0,0.0,-14.0,False,False,0,5,5,6,7.5,10.5,12.0
0,777200,INTARIAN_PEPPER_ROOT,,,12767.0,5,SELL,12767.0,12784.0,12775.5,-8.5,0.0,-17.0,False,False,0,5,5,6,18.0,12.0,15.0
0,785300,INTARIAN_PEPPER_ROOT,,,12775.0,3,SELL,12775.0,12795.0,12785.0,-10.0,0.0,-20.0,False,False,0,3,3,4,11.0,12.0,16.5
0,787000,INTARIAN_PEPPER_ROOT,,,12790.0,6,SELL,12790.0,12794.0,12792.0,-2.0,0.0,-4.0,False,True,20,5,5,6,-13.0,-1.0,2.0
0,787500,INTARIAN_PEPPER_ROOT,,,12777.0,4,SELL,12777.0,,12777.0,0.0,0.0,,False,False,0,3,3,4,11.0,12.5,15.5
0,793900,INTARIAN_PEPPER_ROOT,,,12801.0,4,BUY,12787.0,12801.0,12794.0,7.0,14.0,0.0,False,True,0,3,3,4,-6.5,-5.0,-2.0
0,796100,INTARIAN_PEPPER_ROOT,,,12799.0,5,SELL,12799.0,12803.0,12801.0,-2.0,0.0,-4.0,False,False,20,5,5,6,4.5,-3.5,4.0
0,796500,INTARIAN_PEPPER_ROOT,,,12790.0,5,SELL,12790.0,12803.0,12796.5,-6.5,0.0,-13.0,False,False,0,5,5,6,7.0,6.5,13.5
0,796600,INTARIAN_PEPPER_ROOT,,,12800.0,7,SELL,12800.0,12807.0,12803.5,-3.5,0.0,-7.0,False,False,20,7,7,8,-3.0,-1.5,1.5
0,798600,INTARIAN_PEPPER_ROOT,,,12805.0,5,BUY,12792.0,12805.0,12798.5,6.5,13.0,0.0,False,True,20,5,5,6,-6.0,2.0,-8.0
0,806300,INTARIAN_PEPPER_ROOT,,,12799.0,7,SELL,12799.0,12816.0,12807.5,-8.5,0.0,-17.0,False,False,0,7,7,8,8.0,7.5,12.0
0,806400,INTARIAN_PEPPER_ROOT,,,12817.0,3,BUY,12796.0,12817.0,12806.5,10.5,21.0,0.0,False,True,0,3,3,4,-10.0,-7.0,-6.0
0,811900,INTARIAN_PEPPER_ROOT,,,12802.0,6,SELL,12802.0,12819.0,12810.5,-8.5,0.0,-17.0,False,False,0,5,5,6,10.0,12.0,16.5
0,813200,INTARIAN_PEPPER_ROOT,,,12803.0,3,SELL,12803.0,12820.0,12811.5,-8.5,0.0,-17.0,False,False,0,3,3,4,11.0,12.0,15.0
0,815900,INTARIAN_PEPPER_ROOT,,,12819.0,3,SELL,12819.0,12823.0,12821.0,-2.0,0.0,-4.0,False,True,20,3,3,4,-3.0,-1.0,2.0
0,823500,INTARIAN_PEPPER_ROOT,,,12827.0,8,SELL,12827.0,12830.0,12828.5,-1.5,0.0,-3.0,False,True,20,7,7,8,-4.5,-1.5,1.5
0,825200,INTARIAN_PEPPER_ROOT,,,12829.0,4,SELL,12829.0,12832.0,12830.5,-1.5,0.0,-3.0,False,True,50,3,3,4,2.0,-2.0,-9.0
0,825700,INTARIAN_PEPPER_ROOT,,,12829.0,6,SELL,12829.0,12833.0,12831.0,-2.0,0.0,-4.0,False,False,20,5,5,6,-4.5,-1.0,9.0
0,829800,INTARIAN_PEPPER_ROOT,,,12820.0,7,SELL,12820.0,12837.0,12828.5,-8.5,0.0,-17.0,False,False,0,7,7,8,10.0,5.0,15.0
0,833300,INTARIAN_PEPPER_ROOT,,,12823.0,7,SELL,12823.0,12840.0,12831.5,-8.5,0.0,-17.0,False,False,0,7,7,8,12.5,12.0,13.5
0,833400,INTARIAN_PEPPER_ROOT,,,12823.0,3,SELL,12823.0,12840.0,12831.5,-8.5,0.0,-17.0,False,False,0,3,3,4,11.0,12.0,15.0
0,837300,INTARIAN_PEPPER_ROOT,,,12844.0,3,BUY,,12844.0,12844.0,0.0,,0.0,False,True,0,3,3,4,-7.5,-5.0,-0.5
0,839500,INTARIAN_PEPPER_ROOT,,,12846.0,6,BUY,12833.0,12846.0,12839.5,6.5,13.0,0.0,False,True,20,5,5,6,-6.0,2.0,-1.5
0,840900,INTARIAN_PEPPER_ROOT,,,12837.0,8,BUY,12831.0,12837.0,12834.0,3.0,6.0,0.0,False,False,50,7,7,8,4.0,6.0,9.0
0,842900,INTARIAN_PEPPER_ROOT,,,12836.0,3,SELL,12836.0,12850.0,12843.0,-7.0,0.0,-14.0,False,False,0,3,3,4,7.0,9.0,10.5
0,844300,INTARIAN_PEPPER_ROOT,,,12848.0,7,SELL,12848.0,12851.0,12849.5,-1.5,0.0,-3.0,False,True,20,7,7,8,-9.0,-2.0,1.0
0,844800,INTARIAN_PEPPER_ROOT,,,12840.0,5,BUY,12838.0,12840.0,12839.0,1.0,2.0,0.0,False,False,50,5,5,6,5.0,7.0,10.0
0,845400,INTARIAN_PEPPER_ROOT,,,12841.0,7,BUY,12838.0,12841.0,12839.5,1.5,3.0,0.0,False,False,50,7,7,8,5.0,8.0,9.0
0,846200,INTARIAN_PEPPER_ROOT,,,12839.0,4,SELL,12839.0,12853.0,12846.0,-7.0,0.0,-14.0,False,False,0,3,3,4,9.5,7.5,19.0
0,846700,INTARIAN_PEPPER_ROOT,,,12857.0,6,BUY,12840.0,12857.0,12848.5,8.5,17.0,0.0,False,True,0,5,5,6,-10.0,-8.0,-5.0
0,847200,INTARIAN_PEPPER_ROOT,,,12854.0,5,BUY,12840.0,12854.0,12847.0,7.0,14.0,0.0,False,False,0,5,5,6,-7.5,-5.0,-2.0
0,854300,INTARIAN_PEPPER_ROOT,,,12861.0,3,BUY,12847.0,12861.0,12854.0,7.0,14.0,0.0,False,True,0,3,3,4,-6.0,-5.0,-3.5
0,857700,INTARIAN_PEPPER_ROOT,,,12851.0,4,SELL,12851.0,12865.0,12858.0,-7.0,0.0,-14.0,False,False,0,3,3,4,8.5,7.5,12.0
0,858500,INTARIAN_PEPPER_ROOT,,,12852.0,6,SELL,12852.0,12865.0,12858.5,-6.5,0.0,-13.0,False,False,0,5,5,6,7.0,8.5,9.5
0,861000,INTARIAN_PEPPER_ROOT,,,12857.0,4,BUY,12854.0,12857.0,12855.5,1.5,3.0,0.0,False,False,50,3,3,4,4.5,6.0,9.0
0,861900,INTARIAN_PEPPER_ROOT,,,12855.0,7,SELL,12855.0,12869.0,12862.0,-7.0,0.0,-14.0,False,False,0,7,7,8,5.5,9.0,13.5
0,870000,INTARIAN_PEPPER_ROOT,,,12880.0,7,BUY,12860.0,12880.0,12870.0,10.0,20.0,0.0,False,True,0,7,7,8,-7.5,-9.5,-5.0
0,875800,INTARIAN_PEPPER_ROOT,,,12869.0,3,SELL,12869.0,12883.0,12876.0,-7.0,0.0,-14.0,False,False,0,3,3,4,8.5,10.5,12.0
0,878000,INTARIAN_PEPPER_ROOT,,,12874.0,4,BUY,12871.0,12874.0,12872.5,1.5,3.0,0.0,False,False,50,3,3,4,4.5,6.0,3.5
0,881200,INTARIAN_PEPPER_ROOT,,,12885.0,4,SELL,12885.0,12888.0,12886.5,-1.5,0.0,-3.0,False,True,50,3,3,4,-3.0,-3.5,-0.5
0,883700,INTARIAN_PEPPER_ROOT,,,12877.0,5,SELL,12877.0,12891.0,12884.0,-7.0,0.0,-14.0,False,False,0,5,5,6,7.0,9.0,13.5
0,886000,INTARIAN_PEPPER_ROOT,,,12889.0,3,SELL,12889.0,12896.0,12892.5,-3.5,0.0,-7.0,False,True,20,3,3,4,-2.5,-1.0,2.0
0,887000,INTARIAN_PEPPER_ROOT,,,12890.0,4,SELL,12890.0,12894.0,12892.0,-2.0,0.0,-4.0,False,True,20,3,3,4,-2.5,-1.0,2.0
0,887900,INTARIAN_PEPPER_ROOT,,,12878.0,4,SELL,12878.0,,12878.0,0.0,0.0,,False,False,0,3,3,4,8.5,12.0,21.5
0,889300,INTARIAN_PEPPER_ROOT,,,12896.0,4,BUY,12882.0,12896.0,12889.0,7.0,14.0,0.0,False,True,0,3,3,4,-6.0,-5.0,-2.0
0,891200,INTARIAN_PEPPER_ROOT,,,12901.0,7,BUY,12884.0,12901.0,12892.5,8.5,17.0,0.0,False,True,0,7,7,8,-9.0,-8.0,-6.5
0,891400,INTARIAN_PEPPER_ROOT,,,12895.0,4,SELL,12895.0,12898.0,12896.5,-1.5,0.0,-3.0,False,False,50,3,3,4,-4.5,-2.0,-0.5
0,898100,INTARIAN_PEPPER_ROOT,,,12894.0,8,BUY,12888.0,12894.0,12891.0,3.0,6.0,0.0,False,False,50,7,7,8,2.5,6.0,9.0
0,899500,INTARIAN_PEPPER_ROOT,,,12906.0,6,BUY,12893.0,12906.0,12899.5,6.5,13.0,0.0,False,True,0,5,5,6,-7.5,-4.5,-1.5
0,905100,INTARIAN_PEPPER_ROOT,,,12912.0,5,BUY,12895.0,12912.0,12903.5,8.5,17.0,0.0,False,True,0,5,5,6,-6.0,-5.0,-2.0
0,907600,INTARIAN_PEPPER_ROOT,,,12915.0,6,BUY,12901.0,12915.0,12908.0,7.0,14.0,0.0,False,True,0,5,5,6,-7.0,-5.0,-2.0
0,907700,INTARIAN_PEPPER_ROOT,,,12915.0,7,BUY,12901.0,12915.0,12908.0,7.0,14.0,0.0,False,False,0,7,7,8,-7.0,-5.0,-0.5
0,911000,INTARIAN_PEPPER_ROOT,,,12904.0,5,SELL,12904.0,12918.0,12911.0,-7.0,0.0,-14.0,False,False,0,5,5,6,5.5,10.5,12.0
0,912600,INTARIAN_PEPPER_ROOT,,,12920.0,7,BUY,12906.0,12920.0,12913.0,7.0,14.0,0.0,False,True,0,7,7,8,-7.0,0.0,-0.5
0,914900,INTARIAN_PEPPER_ROOT,,,12922.0,5,BUY,12908.0,12922.0,12915.0,7.0,14.0,0.0,False,True,0,5,5,6,-12.5,-3.5,-2.0
0,918600,INTARIAN_PEPPER_ROOT,,,12926.0,7,BUY,12912.0,12926.0,12919.0,7.0,14.0,0.0,False,True,0,7,7,8,-5.5,-12.0,-0.5
0,920500,INTARIAN_PEPPER_ROOT,,,12927.0,4,BUY,12914.0,12927.0,12920.5,6.5,13.0,0.0,False,True,0,3,3,4,-6.0,-11.0,-1.5
0,921100,INTARIAN_PEPPER_ROOT,,,12928.0,5,BUY,12914.0,12928.0,12921.0,7.0,14.0,0.0,False,True,0,5,5,6,-8.0,-5.0,-0.5
0,922700,INTARIAN_PEPPER_ROOT,,,12930.0,3,BUY,12916.0,12930.0,12923.0,7.0,14.0,0.0,False,True,0,3,3,4,0.0,-5.0,-2.0
0,922800,INTARIAN_PEPPER_ROOT,,,12916.0,7,SELL,12916.0,12933.0,12924.5,-8.5,0.0,-17.0,False,False,0,7,7,8,7.0,7.5,12.0
0,927200,INTARIAN_PEPPER_ROOT,,,12931.0,3,SELL,12931.0,12934.0,12932.5,-1.5,0.0,-3.0,False,True,20,3,3,4,-3.0,-2.0,2.5
0,933700,INTARIAN_PEPPER_ROOT,,,12941.0,6,BUY,12927.0,12941.0,12934.0,7.0,14.0,0.0,False,True,0,5,5,6,-5.5,-7.0,-2.0
0,936600,INTARIAN_PEPPER_ROOT,,,12932.0,8,BUY,12930.0,12932.0,12931.0,1.0,2.0,0.0,False,False,50,7,7,8,5.0,7.0,8.0
0,938100,INTARIAN_PEPPER_ROOT,,,12931.0,6,SELL,12931.0,12945.0,12938.0,-7.0,0.0,-14.0,False,False,0,5,5,6,8.0,10.5,5.0
0,942700,INTARIAN_PEPPER_ROOT,,,12938.0,3,BUY,12936.0,12938.0,12937.0,1.0,2.0,0.0,False,False,50,3,3,4,7.0,7.0,10.0
0,947900,INTARIAN_PEPPER_ROOT,,,12944.0,5,BUY,12941.0,12944.0,12942.5,1.5,3.0,0.0,False,True,50,5,5,6,11.0,4.5,9.0
0,948000,INTARIAN_PEPPER_ROOT,,,12941.0,6,SELL,12941.0,12955.0,12948.0,-7.0,0.0,-14.0,False,False,0,5,5,6,7.5,16.0,13.5
0,948200,INTARIAN_PEPPER_ROOT,,,12958.0,6,BUY,12941.0,12958.0,12949.5,8.5,17.0,0.0,False,True,0,5,5,6,-9.0,-6.5,-3.5
0,949900,INTARIAN_PEPPER_ROOT,,,12957.0,4,BUY,12940.0,12957.0,12948.5,8.5,17.0,0.0,False,False,0,3,3,4,-8.5,-6.5,-12.0
0,957400,INTARIAN_PEPPER_ROOT,,,12953.0,5,BUY,12950.0,12953.0,12951.5,1.5,3.0,0.0,False,False,50,5,5,6,5.0,6.0,9.0
0,958100,INTARIAN_PEPPER_ROOT,,,12965.0,6,BUY,12951.0,12965.0,12958.0,7.0,14.0,0.0,False,True,0,5,5,6,-6.0,-5.0,-3.5
0,959100,INTARIAN_PEPPER_ROOT,,,12962.0,3,SELL,12962.0,12966.0,12964.0,-2.0,0.0,-4.0,False,False,5,3,3,4,-0.5,6.0,3.5
0,965000,INTARIAN_PEPPER_ROOT,,,12955.0,7,SELL,12955.0,12972.0,12963.5,-8.5,0.0,-17.0,False,False,0,7,7,8,10.5,12.0,9.5
0,965600,INTARIAN_PEPPER_ROOT,,,12959.0,5,SELL,12959.0,12976.0,12967.5,-8.5,0.0,-17.0,False,False,0,5,5,6,7.0,7.0,5.0
0,966200,INTARIAN_PEPPER_ROOT,,,12959.0,5,SELL,12959.0,12973.0,12966.0,-7.0,0.0,-14.0,False,False,0,5,5,6,8.0,9.0,13.5
0,970000,INTARIAN_PEPPER_ROOT,,,12966.0,8,BUY,12963.0,12966.0,12964.5,1.5,3.0,0.0,False,True,50,7,7,8,4.5,-1.0,10.5
0,973900,INTARIAN_PEPPER_ROOT,,,12984.0,5,BUY,12964.0,12984.0,12974.0,10.0,20.0,0.0,False,True,0,5,5,6,-10.0,-8.0,-5.0
0,974600,INTARIAN_PEPPER_ROOT,,,12968.0,7,SELL,12968.0,12982.0,12975.0,-7.0,0.0,-14.0,False,False,0,7,7,8,7.0,9.0,12.0
0,976500,INTARIAN_PEPPER_ROOT,,,12983.0,5,BUY,12970.0,12983.0,12976.5,6.5,13.0,0.0,False,False,0,5,5,6,-6.0,-11.0,-1.5
0,976900,INTARIAN_PEPPER_ROOT,,,12984.0,3,BUY,12967.0,12984.0,12975.5,8.5,17.0,0.0,False,False,0,3,3,4,-7.0,-5.0,-0.5
0,977200,INTARIAN_PEPPER_ROOT,,,12973.0,5,BUY,12970.0,12973.0,12971.5,1.5,3.0,0.0,False,False,50,5,5,6,6.5,6.0,9.0
0,978400,INTARIAN_PEPPER_ROOT,,,12985.0,6,BUY,12982.0,12985.0,12983.5,1.5,3.0,0.0,False,True,0,5,5,6,-6.0,-6.5,-2.0
0,983000,INTARIAN_PEPPER_ROOT,,,12976.0,6,SELL,12976.0,12990.0,12983.0,-7.0,0.0,-14.0,False,False,0,5,5,6,7.5,2.0,12.0
0,987600,INTARIAN_PEPPER_ROOT,,,12981.0,3,SELL,12981.0,12995.0,12988.0,-7.0,0.0,-14.0,False,False,0,3,3,4,7.0,9.0,19.0
0,989900,INTARIAN_PEPPER_ROOT,,,12983.0,4,SELL,12983.0,12997.0,12990.0,-7.0,0.0,-14.0,False,False,0,3,3,4,7.0,16.0,12.0
0,991100,INTARIAN_PEPPER_ROOT,,,12984.0,6,SELL,12984.0,12998.0,12991.0,-7.0,0.0,-14.0,False,False,0,5,5,6,8.0,7.5,12.0
0,994400,INTARIAN_PEPPER_ROOT,,,12987.0,3,SELL,12987.0,13001.0,12994.0,-7.0,0.0,-14.0,False,True,20,3,3,4,8.0,-1.0,12.5
1,0,ASH_COATED_OSMIUM,,,10000.0,6,SELL,10000.0,10016.0,10008.0,-8.0,0.0,-16.0,True,True,0,5,4,6,8.5,10.0,9.0
1,3600,ASH_COATED_OSMIUM,,,10017.0,3,BUY,10001.0,10017.0,10009.0,8.0,16.0,0.0,False,True,0,2,2,3,-6.0,-8.0,-8.0
1,4200,ASH_COATED_OSMIUM,,,10017.0,2,BUY,10001.0,10017.0,10009.0,8.0,16.0,0.0,False,False,0,2,2,3,-8.0,-8.0,-10.0
1,9100,ASH_COATED_OSMIUM,,,10006.0,4,SELL,10006.0,10016.0,10011.0,-5.0,0.0,-10.0,False,False,50,5,4,6,1.0,0.0,-0.5
1,9600,ASH_COATED_OSMIUM,,,9999.0,6,SELL,9999.0,10015.0,10007.0,-8.0,0.0,-16.0,True,False,0,5,4,6,8.0,6.0,5.0
1,10000,ASH_COATED_OSMIUM,,,9999.0,8,SELL,9999.0,10015.0,10007.0,-8.0,0.0,-16.0,False,False,0,8,7,9,8.0,6.0,1.0
1,12100,ASH_COATED_OSMIUM,,,9998.0,5,SELL,9998.0,,9998.0,0.0,0.0,,True,False,0,5,4,6,7.0,7.5,8.0
1,14000,ASH_COATED_OSMIUM,,,10012.0,3,BUY,,10012.0,10012.0,0.0,,0.0,False,False,0,2,2,3,-11.0,-6.5,-8.5
1,15100,ASH_COATED_OSMIUM,,,10013.0,2,BUY,9994.0,10013.0,10003.5,9.5,19.0,0.0,False,False,50,2,2,3,-7.0,-7.0,1.0
1,15100,ASH_COATED_OSMIUM,,,10013.0,8,BUY,9994.0,10013.0,10003.5,9.5,19.0,0.0,False,False,50,8,7,9,-7.0,-7.0,1.0
1,18500,ASH_COATED_OSMIUM,,,10016.0,6,BUY,9997.0,10016.0,10006.5,9.5,19.0,0.0,False,False,0,5,4,6,-12.5,-13.0,-12.0
1,23900,ASH_COATED_OSMIUM,,,9996.0,4,SELL,9996.0,10015.0,10005.5,-9.5,0.0,-19.0,True,False,0,5,4,6,8.5,5.0,3.0
1,24300,ASH_COATED_OSMIUM,,,9995.0,4,SELL,9995.0,10011.0,10003.0,-8.0,0.0,-16.0,True,False,0,5,4,6,6.5,9.0,4.0
1,24600,ASH_COATED_OSMIUM,,,9995.0,3,SELL,9995.0,10011.0,10003.0,-8.0,0.0,-16.0,False,False,20,2,2,3,13.5,-5.0,4.0
1,30400,ASH_COATED_OSMIUM,,,10008.0,2,BUY,9992.0,10008.0,10000.0,8.0,16.0,0.0,False,False,50,2,2,3,-6.5,-7.0,3.0
1,32800,ASH_COATED_OSMIUM,,,9992.0,4,SELL,9992.0,9998.0,9995.0,-3.0,0.0,-6.0,True,False,0,5,4,6,10.5,10.0,14.5
1,34000,ASH_COATED_OSMIUM,,,10010.0,7,BUY,9994.0,10010.0,10002.0,8.0,16.0,0.0,False,False,0,8,7,9,-7.0,-7.5,-8.5
1,34500,ASH_COATED_OSMIUM,,,9994.0,8,SELL,9994.0,10012.0,10003.0,-9.0,0.0,-18.0,False,False,0,8,7,9,7.0,8.0,5.0
1,36500,ASH_COATED_OSMIUM,,,10010.0,3,BUY,9994.0,10010.0,10002.0,8.0,16.0,0.0,False,False,0,2,2,3,-6.0,-10.0,-9.0
1,37900,ASH_COATED_OSMIUM,,,9992.0,4,SELL,9992.0,10008.0,10000.0,-8.0,0.0,-16.0,False,False,0,5,4,6,8.0,8.0,10.5
1,38400,ASH_COATED_OSMIUM,,,10008.0,3,BUY,9992.0,10008.0,10000.0,8.0,16.0,0.0,False,False,0,2,2,3,-8.0,-9.0,-7.0
1,39100,ASH_COATED_OSMIUM,,,10008.0,6,BUY,9992.0,10008.0,10000.0,8.0,16.0,0.0,False,False,0,5,4,6,-8.0,-7.0,-7.0
1,39900,ASH_COATED_OSMIUM,,,10008.0,7,BUY,9992.0,10008.0,10000.0,8.0,16.0,0.0,False,False,0,8,7,9,-9.0,-7.0,-6.0
1,41500,ASH_COATED_OSMIUM,,,10009.0,5,BUY,9993.0,10009.0,10001.0,8.0,16.0,0.0,False,False,0,5,4,6,-8.0,-9.0,-2.0
1,50900,ASH_COATED_OSMIUM,,,9995.0,5,SELL,9995.0,10011.0,10003.0,-8.0,0.0,-16.0,False,False,0,5,4,6,6.0,8.0,9.0
1,54600,ASH_COATED_OSMIUM,,,9992.0,6,SELL,9992.0,10011.0,10001.5,-9.5,0.0,-19.0,False,False,0,5,4,6,12.0,6.0,16.0
1,58400,ASH_COATED_OSMIUM,,,9997.0,3,SELL,9997.0,10013.0,10005.0,-8.0,0.0,-16.0,False,False,0,2,2,3,8.0,9.0,11.0
1,59500,ASH_COATED_OSMIUM,,,10017.0,2,BUY,9996.0,10017.0,10006.5,10.5,21.0,0.0,False,False,0,2,2,3,-10.0,-18.0,-12.0
1,62000,ASH_COATED_OSMIUM,,,10014.0,6,BUY,9998.0,10014.0,10006.0,8.0,16.0,0.0,False,False,0,5,4,6,-8.0,-8.0,-7.0
1,63700,ASH_COATED_OSMIUM,,,9998.0,2,SELL,9998.0,10014.0,10006.0,-8.0,0.0,-16.0,False,False,0,2,2,3,7.0,8.0,9.0
1,64900,ASH_COATED_OSMIUM,,,10013.0,4,BUY,,10013.0,10013.0,0.0,,0.0,False,False,0,5,4,6,-6.5,-6.0,-7.0
1,65300,ASH_COATED_OSMIUM,,,9997.0,2,SELL,9997.0,10013.0,10005.0,-8.0,0.0,-16.0,False,False,0,2,2,3,8.5,10.0,9.0
1,68000,ASH_COATED_OSMIUM,,,10018.0,3,BUY,10000.0,10018.0,10009.0,9.0,18.0,0.0,False,True,0,2,2,3,-11.0,-19.0,-12.0
1,76300,ASH_COATED_OSMIUM,,,9997.0,6,SELL,9997.0,10013.0,10005.0,-8.0,0.0,-16.0,False,False,0,5,4,6,7.0,9.0,2.0
1,76500,ASH_COATED_OSMIUM,,,10016.0,8,BUY,10003.0,10016.0,10009.5,6.5,13.0,0.0,False,False,0,8,7,9,-10.0,-9.0,-9.0
1,83700,ASH_COATED_OSMIUM,,,10015.0,2,BUY,9999.0,10015.0,10007.0,8.0,16.0,0.0,False,False,0,2,2,3,-10.0,-17.0,-12.0
1,85500,ASH_COATED_OSMIUM,,,9996.0,7,SELL,9996.0,,9996.0,0.0,0.0,,False,False,0,8,7,9,7.0,6.0,5.0
1,85700,ASH_COATED_OSMIUM,,,10001.0,3,BUY,9995.0,10001.0,9998.0,3.0,6.0,0.0,False,False,20,2,2,3,2.0,1.0,-10001.0
1,85900,ASH_COATED_OSMIUM,,,9995.0,5,SELL,9995.0,10011.0,10003.0,-8.0,0.0,-16.0,False,False,5,5,4,6,-3.0,6.0,6.0
1,87900,ASH_COATED_OSMIUM,,,9993.0,5,SELL,9993.0,10009.0,10001.0,-8.0,0.0,-16.0,False,False,0,5,4,6,8.0,9.0,8.0
1,88300,ASH_COATED_OSMIUM,,,10012.0,2,BUY,9994.0,10012.0,10003.0,9.0,18.0,0.0,False,False,0,2,2,3,-9.0,-8.5,-11.0
1,90200,ASH_COATED_OSMIUM,,,10010.0,10,BUY,9994.0,10010.0,10002.0,8.0,16.0,0.0,False,False,0,10,10,10,-10010.0,-9.5,-8.0
1,90800,ASH_COATED_OSMIUM,,,9993.0,6,SELL,9993.0,10009.0,10001.0,-8.0,0.0,-16.0,False,False,0,5,4,6,6.5,7.0,9.0
1,96100,ASH_COATED_OSMIUM,,,10009.0,3,BUY,,10009.0,10009.0,0.0,,0.0,False,False,0,2,2,3,-9.0,-7.0,-6.0
1,96900,ASH_COATED_OSMIUM,,,10010.0,8,BUY,9991.0,10010.0,10000.5,9.5,19.0,0.0,False,False,0,8,7,9,-8.0,-8.0,-6.0
1,97100,ASH_COATED_OSMIUM,,,10010.0,6,BUY,9994.0,10010.0,10002.0,8.0,16.0,0.0,False,False,0,5,4,6,-9.0,-12.5,-7.0
1,106100,ASH_COATED_OSMIUM,,,10012.0,5,BUY,9996.0,10012.0,10004.0,8.0,16.0,0.0,False,False,0,5,4,6,-10.5,-8.0,-8.0
1,111800,ASH_COATED_OSMIUM,,,9994.0,5,SELL,9994.0,10010.0,10002.0,-8.0,0.0,-16.0,False,False,0,5,4,6,4.5,15.0,7.0
1,114900,ASH_COATED_OSMIUM,,,9992.0,3,SELL,9992.0,10010.0,10001.0,-9.0,0.0,-18.0,False,False,0,2,2,3,10.0,9.0,8.5
1,116100,ASH_COATED_OSMIUM,,,9993.0,8,SELL,9993.0,10009.0,10001.0,-8.0,0.0,-16.0,False,False,0,8,7,9,8.0,0.0,15.0
1,122000,ASH_COATED_OSMIUM,,,10008.0,10,BUY,9992.0,10008.0,10000.0,8.0,16.0,0.0,False,False,0,10,10,10,-7.0,-9.0,-7.0
1,122500,ASH_COATED_OSMIUM,,,10009.0,5,BUY,9993.0,10009.0,10001.0,8.0,16.0,0.0,False,False,0,5,4,6,-10.0,-11.0,-16.0
1,124700,ASH_COATED_OSMIUM,,,9991.0,2,SELL,9991.0,10007.0,9999.0,-8.0,0.0,-16.0,True,False,0,2,2,3,9.0,9.0,8.0
1,126600,ASH_COATED_OSMIUM,,,9992.0,6,SELL,9992.0,10008.0,10000.0,-8.0,0.0,-16.0,False,False,0,5,4,6,9.5,8.0,8.5
1,126700,ASH_COATED_OSMIUM,,,9992.0,6,SELL,9992.0,10008.0,10000.0,-8.0,0.0,-16.0,False,False,0,5,4,6,8.0,7.0,7.0
1,128000,ASH_COATED_OSMIUM,,,10007.0,2,BUY,9991.0,10007.0,9999.0,8.0,16.0,0.0,False,False,0,2,2,3,-8.0,-16.0,-6.0
1,130500,ASH_COATED_OSMIUM,,,10007.0,2,BUY,9991.0,10007.0,9999.0,8.0,16.0,0.0,False,False,0,2,2,3,-7.0,-6.0,-5.0
1,131000,ASH_COATED_OSMIUM,,,10008.0,9,BUY,9992.0,10008.0,10000.0,8.0,16.0,0.0,False,False,0,8,7,9,-8.0,-7.0,-6.0
1,131600,ASH_COATED_OSMIUM,,,10011.0,2,BUY,9990.0,10011.0,10000.5,10.5,21.0,0.0,False,False,0,2,2,3,-10.0,-18.0,-8.0
1,137900,ASH_COATED_OSMIUM,,,10012.0,3,BUY,9996.0,10012.0,10004.0,8.0,16.0,0.0,False,False,0,2,2,3,-7.0,-9.5,-9.5
1,139400,ASH_COATED_OSMIUM,,,9997.0,5,SELL,9997.0,10013.0,10005.0,-8.0,0.0,-16.0,False,False,0,5,4,6,5.5,8.0,10.0
1,139600,ASH_COATED_OSMIUM,,,9997.0,6,SELL,9997.0,10013.0,10005.0,-8.0,0.0,-16.0,False,False,0,5,4,6,5.5,9.5,9.0
1,142200,ASH_COATED_OSMIUM,,,9997.0,2,SELL,9997.0,10013.0,10005.0,-8.0,0.0,-16.0,False,False,0,2,2,3,8.5,9.0,0.0
1,142200,ASH_COATED_OSMIUM,,,9997.0,6,SELL,9997.0,10013.0,10005.0,-8.0,0.0,-16.0,False,False,0,5,4,6,8.5,9.0,0.0
1,146900,ASH_COATED_OSMIUM,,,10014.0,6,BUY,9998.0,10014.0,10006.0,8.0,16.0,0.0,False,False,0,5,4,6,-8.0,-17.0,-8.5
1,149500,ASH_COATED_OSMIUM,,,10015.0,9,BUY,10002.0,10015.0,10008.5,6.5,13.0,0.0,False,False,0,8,7,9,-12.5,-8.0,-8.5
1,153400,ASH_COATED_OSMIUM,,,9999.0,5,SELL,9999.0,10015.0,10007.0,-8.0,0.0,-16.0,False,False,0,5,4,6,9.5,9.0,5.0
1,154800,ASH_COATED_OSMIUM,,,10000.0,2,SELL,10000.0,10016.0,10008.0,-8.0,0.0,-16.0,False,False,0,2,2,3,8.0,5.0,2.0
1,155300,ASH_COATED_OSMIUM,,,10016.0,10,BUY,10000.0,10016.0,10008.0,8.0,16.0,0.0,False,False,0,10,10,10,-7.0,-12.0,-12.0
1,155500,ASH_COATED_OSMIUM,,,10016.0,6,BUY,9997.0,10016.0,10006.5,9.5,19.0,0.0,False,False,0,5,4,6,-9.0,-12.0,-11.0
1,155700,ASH_COATED_OSMIUM,,,10018.0,7,BUY,10000.0,10018.0,10009.0,9.0,18.0,0.0,False,False,0,8,7,9,-10.0,-14.0,-12.0
1,158400,ASH_COATED_OSMIUM,,,9996.0,5,SELL,9996.0,10012.0,10004.0,-8.0,0.0,-16.0,False,False,0,5,4,6,10.5,8.0,9.0
1,165500,ASH_COATED_OSMIUM,,,10009.0,4,SELL,10009.0,10016.0,10012.5,-3.5,0.0,-7.0,False,False,50,5,4,6,-2.0,-2.0,-2.0
1,172900,ASH_COATED_OSMIUM,,,10015.0,4,BUY,9999.0,10015.0,10007.0,8.0,16.0,0.0,False,False,0,5,4,6,-8.0,-5.5,-6.0
1,173300,ASH_COATED_OSMIUM,,,10015.0,4,BUY,9996.0,10015.0,10005.5,9.5,19.0,0.0,False,False,0,5,4,6,-7.0,-5.0,-4.0
1,177700,ASH_COATED_OSMIUM,,,10000.0,10,SELL,10000.0,10019.0,10009.5,-9.5,0.0,-19.0,False,False,0,10,10,10,10.0,13.0,8.0
1,181800,ASH_COATED_OSMIUM,,,10002.0,2,SELL,10002.0,10018.0,10010.0,-8.0,0.0,-16.0,False,False,0,2,2,3,8.0,8.0,8.0
1,182900,ASH_COATED_OSMIUM,,,10001.0,5,SELL,10001.0,10020.0,10010.5,-9.5,0.0,-19.0,False,False,20,5,4,6,8.0,-1.0,8.0
1,184700,ASH_COATED_OSMIUM,,,10011.0,5,SELL,10011.0,10017.0,10014.0,-3.0,0.0,-6.0,False,False,50,5,4,6,-1.0,-1.0,-4.0
1,185000,ASH_COATED_OSMIUM,,,10001.0,4,SELL,10001.0,10006.0,10003.5,-2.5,0.0,-5.0,False,False,0,5,4,6,16.0,10.0,10.0
1,185900,ASH_COATED_OSMIUM,,,10001.0,10,SELL,10001.0,10017.0,10009.0,-8.0,0.0,-16.0,False,False,0,10,10,10,5.5,8.0,9.0
1,187000,ASH_COATED_OSMIUM,,,10002.0,4,SELL,10002.0,10020.0,10011.0,-9.0,0.0,-18.0,False,False,0,5,4,6,7.0,9.0,6.0
1,190600,ASH_COATED_OSMIUM,,,10018.0,3,BUY,10002.0,10018.0,10010.0,8.0,16.0,0.0,False,False,0,2,2,3,-9.0,-10.5,-6.0
1,192600,ASH_COATED_OSMIUM,,,9997.0,8,SELL,9997.0,10018.0,10007.5,-10.5,0.0,-21.0,False,False,0,8,7,9,9.5,7.5,8.5
1,192900,ASH_COATED_OSMIUM,,,10015.0,10,BUY,9999.0,10015.0,10007.0,8.0,16.0,0.0,False,False,0,10,10,10,-9.0,-10.0,-10.0
1,197300,ASH_COATED_OSMIUM,,,9996.0,9,SELL,9996.0,10015.0,10005.5,-9.5,0.0,-19.0,False,False,0,8,7,9,9.0,8.0,4.0
1,200300,ASH_COATED_OSMIUM,,,9992.0,6,SELL,9992.0,10011.0,10001.5,-9.5,0.0,-19.0,False,False,0,5,4,6,11.0,8.0,10.0
1,200300,ASH_COATED_OSMIUM,,,9992.0,10,SELL,9992.0,10011.0,10001.5,-9.5,0.0,-19.0,False,False,0,10,10,10,11.0,8.0,10.0
1,200600,ASH_COATED_OSMIUM,,,10011.0,2,BUY,9993.0,10011.0,10002.0,9.0,18.0,0.0,False,False,0,2,2,3,-9.0,-10.0,-10.0
1,200700,ASH_COATED_OSMIUM,,,10011.0,8,BUY,9995.0,10011.0,10003.0,8.0,16.0,0.0,False,False,0,8,7,9,-9.0,-10.0,-9.0
1,200800,ASH_COATED_OSMIUM,,,10011.0,2,BUY,9995.0,10011.0,10003.0,8.0,16.0,0.0,False,False,0,2,2,3,-10.5,-10.0,-10.0
1,201900,ASH_COATED_OSMIUM,,,9992.0,4,SELL,9992.0,10011.0,10001.5,-9.5,0.0,-19.0,False,False,0,5,4,6,5.5,8.0,9.0
1,205800,ASH_COATED_OSMIUM,,,9993.0,2,SELL,9993.0,10009.0,10001.0,-8.0,0.0,-16.0,False,False,0,2,2,3,3.0,8.0,11.0
1,206600,ASH_COATED_OSMIUM,,,9991.0,7,SELL,9991.0,10009.0,10000.0,-9.0,0.0,-18.0,False,False,0,8,7,9,13.0,11.0,13.0
1,208900,ASH_COATED_OSMIUM,,,9992.0,10,SELL,9992.0,10010.0,10001.0,-9.0,0.0,-18.0,False,False,0,10,10,10,10.0,15.5,9.0
1,210200,ASH_COATED_OSMIUM,,,9993.0,4,SELL,9993.0,10012.0,10002.5,-9.5,0.0,-19.0,False,False,5,5,4,6,-9993.0,11.0,13.0
1,212900,ASH_COATED_OSMIUM,,,9993.0,6,SELL,9993.0,10012.0,10002.5,-9.5,0.0,-19.0,False,False,0,5,4,6,11.0,11.0,20.0
1,223100,ASH_COATED_OSMIUM,,,10010.0,2,BUY,9997.0,10010.0,10003.5,6.5,13.0,0.0,False,False,0,2,2,3,-10.0,-10.0,-13.0
1,224900,ASH_COATED_OSMIUM,,,10008.0,7,BUY,9989.0,10008.0,9998.5,9.5,19.0,0.0,False,False,0,8,7,9,-9.0,-9.0,-8.0
1,225000,ASH_COATED_OSMIUM,,,10008.0,5,BUY,9992.0,10008.0,10000.0,8.0,16.0,0.0,False,False,0,5,4,6,-8.5,-9.0,-7.5
1,226200,ASH_COATED_OSMIUM,,,9991.0,6,SELL,9991.0,10007.0,9999.0,-8.0,0.0,-16.0,False,False,0,5,4,6,9.5,6.0,7.0
1,227800,ASH_COATED_OSMIUM,,,9990.0,5,SELL,9990.0,10006.0,9998.0,-8.0,0.0,-16.0,True,False,0,5,4,6,12.0,7.5,6.0
1,228000,ASH_COATED_OSMIUM,,,9990.0,5,SELL,9990.0,,9990.0,0.0,0.0,,False,False,0,5,4,6,7.0,10.5,6.0
1,229400,ASH_COATED_OSMIUM,,,10007.0,2,BUY,9991.0,10007.0,9999.0,8.0,16.0,0.0,False,False,0,2,2,3,-7.0,-10.0,-9.5
1,229800,ASH_COATED_OSMIUM,,,10007.0,5,BUY,9988.0,10007.0,9997.5,9.5,19.0,0.0,False,False,0,5,4,6,-9.0,-10.0,-10.0
1,235600,ASH_COATED_OSMIUM,,,9986.0,8,SELL,9986.0,10004.0,9995.0,-9.0,0.0,-18.0,True,False,0,8,7,9,11.0,8.5,9.0
1,236300,ASH_COATED_OSMIUM,,,9989.0,4,SELL,9989.0,10005.0,9997.0,-8.0,0.0,-16.0,False,False,0,5,4,6,8.0,6.0,8.0
1,236700,ASH_COATED_OSMIUM,,,9988.0,2,SELL,9988.0,10004.0,9996.0,-8.0,0.0,-16.0,False,False,0,2,2,3,8.0,7.0,8.0
1,236800,ASH_COATED_OSMIUM,,,9988.0,4,SELL,9988.0,10006.0,9997.0,-9.0,0.0,-18.0,False,False,5,5,4,6,-1.0,8.0,10.0
1,237200,ASH_COATED_OSMIUM,,,10004.0,5,BUY,9988.0,10004.0,9996.0,8.0,16.0,0.0,False,False,0,5,4,6,-9.0,-3.5,-7.0
1,237300,ASH_COATED_OSMIUM,,,9987.0,3,SELL,9987.0,,9987.0,0.0,0.0,,False,False,0,2,2,3,8.0,9.0,9.0
1,241700,ASH_COATED_OSMIUM,,,9988.0,7,SELL,9988.0,10004.0,9996.0,-8.0,0.0,-16.0,False,False,0,8,7,9,9.0,9.0,5.5
1,243000,ASH_COATED_OSMIUM,,,10005.0,5,BUY,9989.0,10005.0,9997.0,8.0,16.0,0.0,False,False,0,5,4,6,-8.0,-8.0,-9.0
1,243400,ASH_COATED_OSMIUM,,,10008.0,6,BUY,9987.0,10008.0,9997.5,10.5,21.0,0.0,False,False,0,5,4,6,-19.0,-13.0,-13.0
1,243700,ASH_COATED_OSMIUM,,,10005.0,6,BUY,9989.0,10005.0,9997.0,8.0,16.0,0.0,False,False,0,5,4,6,-11.0,-8.5,-8.0
1,246200,ASH_COATED_OSMIUM,,,9985.0,9,SELL,9985.0,10003.0,9994.0,-9.0,0.0,-18.0,True,False,0,8,7,9,8.5,11.0,6.0
1,247800,ASH_COATED_OSMIUM,,,9987.0,6,SELL,9987.0,9993.0,9990.0,-3.0,0.0,-6.0,False,False,0,5,4,6,9.0,11.0,10.0
1,251900,ASH_COATED_OSMIUM,,,9989.0,4,SELL,9989.0,10007.0,9998.0,-9.0,0.0,-18.0,False,False,0,5,4,6,7.5,9.0,10.0
1,252400,ASH_COATED_OSMIUM,,,10004.0,7,BUY,9989.0,10004.0,9996.5,7.5,15.0,0.0,False,False,0,8,7,9,-7.0,-5.0,-5.5
1,258300,ASH_COATED_OSMIUM,,,10008.0,9,BUY,9992.0,10008.0,10000.0,8.0,16.0,0.0,False,False,0,8,7,9,-9.0,-11.0,-9.0
1,258600,ASH_COATED_OSMIUM,,,10008.0,4,BUY,9989.0,10008.0,9998.5,9.5,19.0,0.0,False,False,0,5,4,6,-8.0,-10.5,-5.5
1,259400,ASH_COATED_OSMIUM,,,9990.0,8,SELL,9990.0,10006.0,9998.0,-8.0,0.0,-16.0,False,False,0,8,7,9,8.0,9.5,8.5
1,260500,ASH_COATED_OSMIUM,,,10005.0,7,BUY,9989.0,10005.0,9997.0,8.0,16.0,0.0,False,False,0,8,7,9,-8.0,-13.0,-5.0
1,260800,ASH_COATED_OSMIUM,,,10005.0,2,BUY,9989.0,10005.0,9997.0,8.0,16.0,0.0,False,False,0,2,2,3,-7.0,-5.0,-5.0
1,261500,ASH_COATED_OSMIUM,,,9990.0,2,SELL,9990.0,10006.0,9998.0,-8.0,0.0,-16.0,False,False,0,2,2,3,15.0,10.5,10.0
1,265000,ASH_COATED_OSMIUM,,,9993.0,8,SELL,9993.0,10009.0,10001.0,-8.0,0.0,-16.0,False,False,0,8,7,9,7.0,5.0,5.0
1,267000,ASH_COATED_OSMIUM,,,9989.0,9,SELL,9989.0,10007.0,9998.0,-9.0,0.0,-18.0,False,False,0,8,7,9,10.0,8.5,8.5
1,269000,ASH_COATED_OSMIUM,,,10005.0,6,BUY,9990.0,10005.0,9997.5,7.5,15.0,0.0,False,False,0,5,4,6,-8.0,-4.5,-5.5
1,269600,ASH_COATED_OSMIUM,,,9989.0,4,SELL,9989.0,10008.0,9998.5,-9.5,0.0,-19.0,False,False,0,5,4,6,8.0,8.0,8.0
1,270600,ASH_COATED_OSMIUM,,,10005.0,2,BUY,9989.0,10005.0,9997.0,8.0,16.0,0.0,False,False,0,2,2,3,-3.0,-8.0,-8.0
1,272000,ASH_COATED_OSMIUM,,,10008.0,5,BUY,9987.0,10008.0,9997.5,10.5,21.0,0.0,False,False,0,5,4,6,-11.0,-8.5,-9.5
1,273000,ASH_COATED_OSMIUM,,,10005.0,6,BUY,9986.0,10005.0,9995.5,9.5,19.0,0.0,False,False,0,5,4,6,-8.0,-8.0,-6.0
1,275800,ASH_COATED_OSMIUM,,,10006.0,4,BUY,9987.0,10006.0,9996.5,9.5,19.0,0.0,False,False,0,5,4,6,-9.0,-6.5,-8.0
1,281100,ASH_COATED_OSMIUM,,,9990.0,2,SELL,9990.0,10006.0,9998.0,-8.0,0.0,-16.0,False,False,50,2,2,3,7.0,7.0,-3.0
1,282700,ASH_COATED_OSMIUM,,,9988.0,4,SELL,9988.0,10004.0,9996.0,-8.0,0.0,-16.0,False,False,0,5,4,6,8.0,8.0,8.0
1,282700,ASH_COATED_OSMIUM,,,10004.0,6,BUY,9988.0,10004.0,9996.0,8.0,16.0,0.0,False,False,0,5,4,6,-8.0,-8.0,-8.0
1,291600,ASH_COATED_OSMIUM,,,9988.0,3,SELL,9988.0,10007.0,9997.5,-9.5,0.0,-19.0,False,False,0,2,2,3,7.5,8.0,9.0
1,295500,ASH_COATED_OSMIUM,,,10004.0,8,BUY,9988.0,10004.0,9996.0,8.0,16.0,0.0,False,False,0,8,7,9,-8.0,-6.0,-11.0
1,297000,ASH_COATED_OSMIUM,,,10003.0,9,BUY,9987.0,10003.0,9995.0,8.0,16.0,0.0,False,False,0,8,7,9,-5.0,-6.0,-4.0
1,297500,ASH_COATED_OSMIUM,,,10003.0,3,BUY,9993.0,10003.0,9998.0,5.0,10.0,0.0,False,False,0,2,2,3,-7.0,-6.0,-4.5
1,299700,ASH_COATED_OSMIUM,,,9986.0,2,SELL,9986.0,10004.0,9995.0,-9.0,0.0,-18.0,False,False,0,2,2,3,10.5,12.0,10.0
1,301600,ASH_COATED_OSMIUM,,,9990.0,9,SELL,9990.0,10006.0,9998.0,-8.0,0.0,-16.0,False,False,0,8,7,9,7.0,4.0,6.5
1,306200,ASH_COATED_OSMIUM,,,9986.0,6,SELL,9986.0,10005.0,9995.5,-9.5,0.0,-19.0,False,False,0,5,4,6,11.5,11.5,13.0
1,306500,ASH_COATED_OSMIUM,,,10008.0,5,BUY,9990.0,10008.0,9999.0,9.0,18.0,0.0,False,False,0,5,4,6,-9.5,-9.0,-9.0
1,307600,ASH_COATED_OSMIUM,,,9990.0,5,SELL,9990.0,10009.0,9999.5,-9.5,0.0,-19.0,False,False,0,5,4,6,9.0,8.0,11.0
1,310000,ASH_COATED_OSMIUM,,,10009.0,9,BUY,9990.0,10009.0,9999.5,9.5,19.0,0.0,False,False,0,8,7,9,-10.0,-5.0,-7.0
1,311100,ASH_COATED_OSMIUM,,,10007.0,6,BUY,9991.0,10007.0,9999.0,8.0,16.0,0.0,False,False,0,5,4,6,-6.5,-8.0,-7.0
1,313300,ASH_COATED_OSMIUM,,,9992.0,2,SELL,9992.0,9998.0,9995.0,-3.0,0.0,-6.0,False,False,0,2,2,3,1.0,9.0,10.0
1,321100,ASH_COATED_OSMIUM,,,10012.0,6,BUY,9993.0,10012.0,10002.5,9.5,19.0,0.0,False,False,0,5,4,6,-8.0,-7.5,-9.0
1,323500,ASH_COATED_OSMIUM,,,9995.0,6,SELL,9995.0,10013.0,10004.0,-9.0,0.0,-18.0,False,False,0,5,4,6,7.0,7.0,9.0
1,324800,ASH_COATED_OSMIUM,,,9993.0,2,SELL,9993.0,10009.0,10001.0,-8.0,0.0,-16.0,False,False,0,2,2,3,1.0,9.5,11.0
1,325200,ASH_COATED_OSMIUM,,,10012.0,5,BUY,9994.0,10012.0,10003.0,9.0,18.0,0.0,False,False,0,5,4,6,-10.0,-5.5,-9.0
1,329000,ASH_COATED_OSMIUM,,,9996.0,9,SELL,9996.0,10012.0,10004.0,-8.0,0.0,-16.0,False,False,0,8,7,9,8.0,7.0,6.0
1,330000,ASH_COATED_OSMIUM,,,10012.0,4,BUY,9996.0,10012.0,10004.0,8.0,16.0,0.0,False,False,0,5,4,6,-10.5,-12.0,-11.0
1,330800,ASH_COATED_OSMIUM,,,9994.0,2,SELL,9994.0,10010.0,10002.0,-8.0,0.0,-16.0,False,False,0,2,2,3,7.0,4.5,7.0
1,331800,ASH_COATED_OSMIUM,,,10011.0,8,BUY,9992.0,10011.0,10001.5,9.5,19.0,0.0,False,False,0,8,7,9,-11.0,-10.5,-10.0
1,332800,ASH_COATED_OSMIUM,,,10008.0,5,BUY,9989.0,10008.0,9998.5,9.5,19.0,0.0,False,False,0,5,4,6,-7.0,-6.0,-10.0
1,335800,ASH_COATED_OSMIUM,,,9993.0,6,SELL,9993.0,10009.0,10001.0,-8.0,0.0,-16.0,False,False,0,5,4,6,9.5,5.0,18.0
1,336200,ASH_COATED_OSMIUM,,,9993.0,6,SELL,9993.0,10009.0,10001.0,-8.0,0.0,-16.0,False,False,0,5,4,6,7.0,8.0,9.0
1,336400,ASH_COATED_OSMIUM,,,10010.0,9,BUY,9994.0,10010.0,10002.0,8.0,16.0,0.0,False,False,0,8,7,9,-9.0,-9.5,-6.0
1,337000,ASH_COATED_OSMIUM,,,9993.0,4,SELL,9993.0,10009.0,10001.0,-8.0,0.0,-16.0,False,False,0,5,4,6,7.0,7.5,11.0
1,337300,ASH_COATED_OSMIUM,,,9994.0,7,SELL,9994.0,10010.0,10002.0,-8.0,0.0,-16.0,False,False,0,8,7,9,4.0,15.0,11.5
1,340900,ASH_COATED_OSMIUM,,,10011.0,2,BUY,9993.0,10011.0,10002.0,9.0,18.0,0.0,False,False,0,2,2,3,-7.0,-5.0,-9.0
1,341400,ASH_COATED_OSMIUM,,,9996.0,2,SELL,9996.0,10012.0,10004.0,-8.0,0.0,-16.0,False,False,0,2,2,3,9.0,8.0,10.0
1,342400,ASH_COATED_OSMIUM,,,9996.0,5,SELL,9996.0,10012.0,10004.0,-8.0,0.0,-16.0,False,False,0,5,4,6,10.0,8.5,7.0
1,344400,ASH_COATED_OSMIUM,,,9995.0,4,SELL,9995.0,10014.0,10004.5,-9.5,0.0,-19.0,False,False,0,5,4,6,8.0,11.0,5.0
1,346000,ASH_COATED_OSMIUM,,,9995.0,3,SELL,9995.0,10011.0,10003.0,-8.0,0.0,-16.0,False,False,0,2,2,3,16.0,9.0,7.0
1,346400,ASH_COATED_OSMIUM,,,10001.0,4,SELL,10001.0,10011.0,10006.0,-5.0,0.0,-10.0,False,False,0,5,4,6,3.0,2.0,1.0
1,349600,ASH_COATED_OSMIUM,,,10011.0,4,BUY,9992.0,10011.0,10001.5,9.5,19.0,0.0,False,False,0,5,4,6,-9.5,-11.0,-1.0
1,350600,ASH_COATED_OSMIUM,,,10010.0,5,BUY,9994.0,10010.0,10002.0,8.0,16.0,0.0,False,False,0,5,4,6,-8.0,-10.0,-8.0
1,352000,ASH_COATED_OSMIUM,,,10008.0,5,BUY,9992.0,10008.0,10000.0,8.0,16.0,0.0,False,False,0,5,4,6,-8.0,-7.0,-6.0
1,353000,ASH_COATED_OSMIUM,,,9992.0,5,SELL,9992.0,10008.0,10000.0,-8.0,0.0,-16.0,False,False,5,5,4,6,-9992.0,10.0,7.0
1,356700,ASH_COATED_OSMIUM,,,10010.0,9,BUY,9994.0,10010.0,10002.0,8.0,16.0,0.0,False,False,0,8,7,9,-9.5,-8.0,-5.0
1,357700,ASH_COATED_OSMIUM,,,9994.0,3,SELL,9994.0,10010.0,10002.0,-8.0,0.0,-16.0,False,False,0,2,2,3,6.0,9.5,10.0
1,358600,ASH_COATED_OSMIUM,,,10010.0,3,BUY,9994.0,10010.0,10002.0,8.0,16.0,0.0,False,False,0,2,2,3,-9.0,-7.0,-6.0
1,361400,ASH_COATED_OSMIUM,,,9995.0,6,SELL,9995.0,10011.0,10003.0,-8.0,0.0,-16.0,False,False,0,5,4,6,9.0,9.0,11.0
1,363400,ASH_COATED_OSMIUM,,,10012.0,2,BUY,9996.0,10012.0,10004.0,8.0,16.0,0.0,False,False,0,2,2,3,-8.0,-6.0,-5.5
1,365500,ASH_COATED_OSMIUM,,,9998.0,3,SELL,9998.0,10014.0,10006.0,-8.0,0.0,-16.0,False,False,0,2,2,3,7.0,8.0,15.0
1,375500,ASH_COATED_OSMIUM,,,9998.0,4,SELL,9998.0,10014.0,10006.0,-8.0,0.0,-16.0,False,False,0,5,4,6,8.0,5.0,5.0
1,375600,ASH_COATED_OSMIUM,,,10013.0,3,BUY,9997.0,10013.0,10005.0,8.0,16.0,0.0,False,False,0,2,2,3,-8.0,-11.0,-6.0
1,377600,ASH_COATED_OSMIUM,,,9993.0,4,SELL,9993.0,10011.0,10002.0,-9.0,0.0,-18.0,False,False,0,5,4,6,13.5,16.5,13.0
1,380900,ASH_COATED_OSMIUM,,,9996.0,8,SELL,9996.0,10014.0,10005.0,-9.0,0.0,-18.0,False,False,0,8,7,9,18.0,10.0,7.0
1,381200,ASH_COATED_OSMIUM,,,10015.0,2,BUY,9999.0,10015.0,10007.0,8.0,16.0,0.0,False,False,0,2,2,3,-3.5,-11.5,-11.0
1,383000,ASH_COATED_OSMIUM,,,10014.0,6,BUY,9998.0,10014.0,10006.0,8.0,16.0,0.0,False,False,0,5,4,6,-7.0,-11.0,-10.0
1,384200,ASH_COATED_OSMIUM,,,9996.0,4,SELL,9996.0,10012.0,10004.0,-8.0,0.0,-16.0,False,False,0,5,4,6,8.0,8.0,1.0
1,389800,ASH_COATED_OSMIUM,,,10013.0,10,BUY,9997.0,10013.0,10005.0,8.0,16.0,0.0,False,False,0,10,10,10,-7.0,-6.0,-9.0
1,389900,ASH_COATED_OSMIUM,,,9995.0,7,SELL,9995.0,10013.0,10004.0,-9.0,0.0,-18.0,False,False,0,8,7,9,10.0,10.0,12.0
1,390400,ASH_COATED_OSMIUM,,,9997.0,9,SELL,9997.0,10013.0,10005.0,-8.0,0.0,-16.0,False,False,0,8,7,9,9.5,8.0,7.0
1,391300,ASH_COATED_OSMIUM,,,9997.0,4,SELL,9997.0,10013.0,10005.0,-8.0,0.0,-16.0,False,False,0,5,4,6,10.0,6.0,7.5
1,392500,ASH_COATED_OSMIUM,,,10013.0,5,BUY,9997.0,10013.0,10005.0,8.0,16.0,0.0,False,False,0,5,4,6,-9.0,-9.0,-9.0
1,401700,ASH_COATED_OSMIUM,,,10012.0,9,BUY,9996.0,10012.0,10004.0,8.0,16.0,0.0,False,False,0,8,7,9,-10.5,-5.5,-9.0
1,402600,ASH_COATED_OSMIUM,,,9995.0,5,SELL,9995.0,10011.0,10003.0,-8.0,0.0,-16.0,False,False,0,5,4,6,8.0,17.0,6.5
1,405400,ASH_COATED_OSMIUM,,,9995.0,2,SELL,9995.0,,9995.0,0.0,0.0,,False,False,0,2,2,3,8.0,7.0,5.0
1,407400,ASH_COATED_OSMIUM,,,10010.0,8,BUY,9994.0,10010.0,10002.0,8.0,16.0,0.0,False,False,0,8,7,9,-6.5,-8.0,-9.0
1,412800,ASH_COATED_OSMIUM,,,9990.0,4,SELL,9990.0,10008.0,9999.0,-9.0,0.0,-18.0,False,False,0,5,4,6,10.0,9.0,9.0
1,414200,ASH_COATED_OSMIUM,,,10008.0,6,BUY,9992.0,10008.0,10000.0,8.0,16.0,0.0,False,False,0,5,4,6,-8.0,-11.5,-8.0
1,416000,ASH_COATED_OSMIUM,,,9990.0,6,SELL,9990.0,10006.0,9998.0,-8.0,0.0,-16.0,False,False,0,5,4,6,8.0,10.5,10.0
1,416300,ASH_COATED_OSMIUM,,,9990.0,2,SELL,9990.0,10006.0,9998.0,-8.0,0.0,-16.0,False,False,0,2,2,3,10.0,18.0,10.0
1,424900,ASH_COATED_OSMIUM,,,9992.0,6,SELL,9992.0,10011.0,10001.5,-9.5,0.0,-19.0,False,False,0,5,4,6,11.0,12.0,11.0
1,425200,ASH_COATED_OSMIUM,,,10011.0,6,BUY,9995.0,10011.0,10003.0,8.0,16.0,0.0,False,False,0,5,4,6,-7.0,-7.0,-7.0
1,425800,ASH_COATED_OSMIUM,,,9996.0,7,SELL,9996.0,10012.0,10004.0,-8.0,0.0,-16.0,False,False,0,8,7,9,8.0,4.5,9.0
1,430300,ASH_COATED_OSMIUM,,,10012.0,4,BUY,9996.0,10012.0,10004.0,8.0,16.0,0.0,False,False,0,5,4,6,-7.0,-8.0,-8.0
1,433000,ASH_COATED_OSMIUM,,,9996.0,6,SELL,9996.0,10012.0,10004.0,-8.0,0.0,-16.0,False,False,50,5,4,6,10.0,8.0,-9996.0
1,433700,ASH_COATED_OSMIUM,,,9997.0,6,SELL,9997.0,10013.0,10005.0,-8.0,0.0,-16.0,False,False,0,5,4,6,9.5,7.0,1.0
1,435600,ASH_COATED_OSMIUM,,,9993.0,3,SELL,9993.0,,9993.0,0.0,0.0,,False,False,0,2,2,3,10.5,9.0,6.0
1,439100,ASH_COATED_OSMIUM,,,10010.0,5,BUY,9991.0,10010.0,10000.5,9.5,19.0,0.0,False,False,0,5,4,6,-11.5,-10.0,0.0
1,439800,ASH_COATED_OSMIUM,,,10007.0,7,BUY,9991.0,10007.0,9999.0,8.0,16.0,0.0,False,False,0,8,7,9,-7.0,-5.0,0.0
1,440500,ASH_COATED_OSMIUM,,,10008.0,3,BUY,9990.0,10008.0,9999.0,9.0,18.0,0.0,False,False,0,2,2,3,-10.5,-7.0,-6.5
1,440900,ASH_COATED_OSMIUM,,,9993.0,2,SELL,9993.0,10009.0,10001.0,-8.0,0.0,-16.0,False,False,0,2,2,3,7.0,5.5,9.0
1,442300,ASH_COATED_OSMIUM,,,10009.0,6,BUY,9993.0,10009.0,10001.0,8.0,16.0,0.0,False,False,0,5,4,6,-9.0,-6.0,-8.0
1,442700,ASH_COATED_OSMIUM,,,10009.0,6,BUY,9993.0,10009.0,10001.0,8.0,16.0,0.0,False,False,0,5,4,6,0.0,-7.0,-15.0
1,443200,ASH_COATED_OSMIUM,,,10009.0,4,BUY,,10009.0,10009.0,0.0,,0.0,False,False,0,5,4,6,-6.0,-7.0,-5.0
1,444200,ASH_COATED_OSMIUM,,,10011.0,10,BUY,9995.0,10011.0,10003.0,8.0,16.0,0.0,False,False,0,10,10,10,-9.0,-7.0,-10011.0
1,445000,ASH_COATED_OSMIUM,,,10010.0,8,BUY,9992.0,10010.0,10001.0,9.0,18.0,0.0,False,False,0,8,7,9,-8.5,-8.0,-8.0
1,449100,ASH_COATED_OSMIUM,,,9996.0,8,SELL,9996.0,10012.0,10004.0,-8.0,0.0,-16.0,False,False,50,8,7,9,8.5,4.0,-5.0
1,451000,ASH_COATED_OSMIUM,,,9992.0,5,SELL,9992.0,10008.0,10000.0,-8.0,0.0,-16.0,False,False,0,5,4,6,8.0,1.0,6.0
1,452000,ASH_COATED_OSMIUM,,,9991.0,5,SELL,9991.0,10007.0,9999.0,-8.0,0.0,-16.0,False,False,0,5,4,6,8.0,3.0,8.5
1,452300,ASH_COATED_OSMIUM,,,10007.0,7,BUY,,10007.0,10007.0,0.0,,0.0,False,False,0,8,7,9,-16.0,-9.0,-9.0
1,453400,ASH_COATED_OSMIUM,,,9991.0,6,SELL,9991.0,10010.0,10000.5,-9.5,0.0,-19.0,False,False,0,5,4,6,9.0,6.0,8.0
1,453700,ASH_COATED_OSMIUM,,,10000.0,3,SELL,10000.0,10007.0,10003.5,-3.5,0.0,-7.0,False,False,50,2,2,3,-2.0,-2.0,-2.0
1,456200,ASH_COATED_OSMIUM,,,10006.0,4,BUY,9990.0,10006.0,9998.0,8.0,16.0,0.0,False,False,50,5,4,6,-7.0,-8.5,1.0
1,458600,ASH_COATED_OSMIUM,,,10006.0,6,BUY,9990.0,10006.0,9998.0,8.0,16.0,0.0,False,False,0,5,4,6,-8.0,-8.0,-6.0
1,464100,ASH_COATED_OSMIUM,,,10007.0,6,BUY,9991.0,10007.0,9999.0,8.0,16.0,0.0,False,False,0,5,4,6,-7.0,-7.5,-15.0
1,465700,ASH_COATED_OSMIUM,,,10011.0,6,BUY,9992.0,10011.0,10001.5,9.5,19.0,0.0,False,False,0,5,4,6,-9.0,-17.5,-9.0
1,467800,ASH_COATED_OSMIUM,,,10000.0,2,SELL,10000.0,10007.0,10003.5,-3.5,0.0,-7.0,False,False,50,2,2,3,-6.0,-1.0,-2.0
1,467800,ASH_COATED_OSMIUM,,,10007.0,5,BUY,10000.0,10007.0,10003.5,3.5,7.0,0.0,False,False,0,5,4,6,-13.0,-8.0,-9.0
1,468100,ASH_COATED_OSMIUM,,,9991.0,8,SELL,9991.0,10007.0,9999.0,-8.0,0.0,-16.0,False,False,0,8,7,9,9.0,9.0,8.0
1,471900,ASH_COATED_OSMIUM,,,10008.0,6,BUY,9992.0,10008.0,10000.0,8.0,16.0,0.0,False,False,0,5,4,6,-8.0,-7.5,-11.0
1,472400,ASH_COATED_OSMIUM,,,9992.0,3,SELL,9992.0,10008.0,10000.0,-8.0,0.0,-16.0,False,False,0,2,2,3,7.0,7.0,5.0
1,476600,ASH_COATED_OSMIUM,,,10006.0,5,BUY,9990.0,10006.0,9998.0,8.0,16.0,0.0,False,False,0,5,4,6,-14.0,-1.0,-10.0
1,477200,ASH_COATED_OSMIUM,,,9989.0,6,SELL,9989.0,10005.0,9997.0,-8.0,0.0,-16.0,False,False,0,5,4,6,9.5,7.5,6.0
1,478700,ASH_COATED_OSMIUM,,,9987.0,3,SELL,9987.0,10005.0,9996.0,-9.0,0.0,-18.0,False,False,0,2,2,3,9.5,16.0,16.0
1,478800,ASH_COATED_OSMIUM,,,9990.0,6,SELL,9990.0,10005.0,9997.5,-7.5,0.0,-15.0,False,False,0,5,4,6,6.0,6.5,5.0
1,479800,ASH_COATED_OSMIUM,,,9987.0,2,SELL,9987.0,10003.0,9995.0,-8.0,0.0,-16.0,False,False,0,2,2,3,6.5,7.5,8.0
1,482800,ASH_COATED_OSMIUM,,,9985.0,5,SELL,9985.0,10006.0,9995.5,-10.5,0.0,-21.0,False,False,0,5,4,6,10.0,10.0,8.0
1,482900,ASH_COATED_OSMIUM,,,9987.0,5,SELL,9987.0,10003.0,9995.0,-8.0,0.0,-16.0,False,False,0,5,4,6,1.0,8.0,6.0
1,487400,ASH_COATED_OSMIUM,,,10001.0,3,BUY,9985.0,10001.0,9993.0,8.0,16.0,0.0,False,False,0,2,2,3,-8.0,-6.0,-7.5
1,487700,ASH_COATED_OSMIUM,,,9983.0,4,SELL,9983.0,10001.0,9992.0,-9.0,0.0,-18.0,True,False,0,5,4,6,12.0,11.0,12.0
1,487900,ASH_COATED_OSMIUM,,,9985.0,5,SELL,9985.0,10001.0,9993.0,-8.0,0.0,-16.0,False,False,0,5,4,6,5.0,10.0,11.0
1,489700,ASH_COATED_OSMIUM,,,10002.0,7,BUY,9986.0,10002.0,9994.0,8.0,16.0,0.0,False,False,0,8,7,9,-7.0,-7.0,-10.0
1,494500,ASH_COATED_OSMIUM,,,10003.0,3,BUY,9987.0,10003.0,9995.0,8.0,16.0,0.0,False,False,0,2,2,3,-9.0,-8.0,-8.0
1,498900,ASH_COATED_OSMIUM,,,9987.0,8,SELL,9987.0,10006.0,9996.5,-9.5,0.0,-19.0,False,False,0,8,7,9,7.5,8.0,10.0
1,500200,ASH_COATED_OSMIUM,,,9987.0,4,SELL,9987.0,10003.0,9995.0,-8.0,0.0,-16.0,False,False,0,5,4,6,8.0,8.5,11.0
1,502300,ASH_COATED_OSMIUM,,,9989.0,4,SELL,9989.0,10005.0,9997.0,-8.0,0.0,-16.0,False,False,0,5,4,6,8.0,16.0,12.5
1,502900,ASH_COATED_OSMIUM,,,10005.0,2,BUY,9989.0,10005.0,9997.0,8.0,16.0,0.0,False,False,0,2,2,3,-18.0,-8.0,-4.0
1,503300,ASH_COATED_OSMIUM,,,10005.0,3,BUY,9989.0,10005.0,9997.0,8.0,16.0,0.0,False,False,0,2,2,3,-16.0,-7.0,-5.5
1,511200,ASH_COATED_OSMIUM,,,9992.0,4,SELL,9992.0,10008.0,10000.0,-8.0,0.0,-16.0,False,False,0,5,4,6,8.0,10.0,12.0
1,511700,ASH_COATED_OSMIUM,,,10008.0,6,BUY,9992.0,10008.0,10000.0,8.0,16.0,0.0,False,False,0,5,4,6,-8.0,-5.0,-5.0
1,512700,ASH_COATED_OSMIUM,,,10009.0,4,BUY,9993.0,10009.0,10001.0,8.0,16.0,0.0,False,False,20,5,4,6,-7.0,1.0,-6.0
1,512800,ASH_COATED_OSMIUM,,,9993.0,7,SELL,9993.0,10009.0,10001.0,-8.0,0.0,-16.0,False,False,0,8,7,9,9.0,8.5,10.0
1,514500,ASH_COATED_OSMIUM,,,9994.0,5,SELL,9994.0,10010.0,10002.0,-8.0,0.0,-16.0,False,False,0,5,4,6,10.0,1.0,8.0
1,516300,ASH_COATED_OSMIUM,,,10012.0,5,BUY,9996.0,10012.0,10004.0,8.0,16.0,0.0,False,False,0,5,4,6,-10.5,-9.0,-11.5
1,517400,ASH_COATED_OSMIUM,,,10011.0,5,BUY,9993.0,10011.0,10002.0,9.0,18.0,0.0,False,False,0,5,4,6,-8.0,-1.0,-7.0
1,522000,ASH_COATED_OSMIUM,,,9996.0,4,SELL,9996.0,10012.0,10004.0,-8.0,0.0,-16.0,False,False,0,5,4,6,4.0,6.0,7.5
1,522700,ASH_COATED_OSMIUM,,,10011.0,5,BUY,9995.0,10011.0,10003.0,8.0,16.0,0.0,False,False,0,5,4,6,-7.0,-9.0,-8.0
1,525900,ASH_COATED_OSMIUM,,,9993.0,4,SELL,9993.0,10001.0,9997.0,-4.0,0.0,-8.0,False,False,0,5,4,6,11.5,10.0,7.0
1,532500,ASH_COATED_OSMIUM,,,9988.0,3,SELL,9988.0,10007.0,9997.5,-9.5,0.0,-19.0,False,False,0,2,2,3,11.0,8.0,6.0
1,536300,ASH_COATED_OSMIUM,,,9985.0,6,SELL,9985.0,10003.0,9994.0,-9.0,0.0,-18.0,False,False,20,5,4,6,9.0,-2.0,10.0
1,537400,ASH_COATED_OSMIUM,,,10002.0,3,BUY,9986.0,10002.0,9994.0,8.0,16.0,0.0,False,False,0,2,2,3,-9.0,-7.0,-6.0
1,540300,ASH_COATED_OSMIUM,,,10003.0,2,BUY,9987.0,10003.0,9995.0,8.0,16.0,0.0,False,False,0,2,2,3,-8.0,-7.0,-7.0
1,547300,ASH_COATED_OSMIUM,,,9990.0,9,SELL,9990.0,10006.0,9998.0,-8.0,0.0,-16.0,False,False,5,8,7,9,-3.0,6.0,7.0
1,552900,ASH_COATED_OSMIUM,,,9988.0,10,SELL,9988.0,10004.0,9996.0,-8.0,0.0,-16.0,False,False,0,10,10,10,9.0,6.0,9.0
1,554400,ASH_COATED_OSMIUM,,,9988.0,10,SELL,9988.0,10004.0,9996.0,-8.0,0.0,-16.0,False,False,0,10,10,10,6.0,8.0,9.0
1,556900,ASH_COATED_OSMIUM,,,9986.0,2,SELL,9986.0,10004.0,9995.0,-9.0,0.0,-18.0,False,False,0,2,2,3,15.0,11.0,16.5
1,557700,ASH_COATED_OSMIUM,,,9989.0,8,SELL,9989.0,10005.0,9997.0,-8.0,0.0,-16.0,False,False,0,8,7,9,8.0,9.5,11.0
1,560300,ASH_COATED_OSMIUM,,,10006.0,6,BUY,9990.0,10006.0,9998.0,8.0,16.0,0.0,False,False,0,5,4,6,-1.5,-6.0,-7.0
1,563900,ASH_COATED_OSMIUM,,,10007.0,3,BUY,9991.0,10007.0,9999.0,8.0,16.0,0.0,False,False,0,2,2,3,-8.0,-8.0,-11.0
1,566600,ASH_COATED_OSMIUM,,,10007.0,7,BUY,9991.0,10007.0,9999.0,8.0,16.0,0.0,False,False,0,8,7,9,-7.0,-9.0,-6.0
1,567300,ASH_COATED_OSMIUM,,,9989.0,10,SELL,9989.0,10008.0,9998.5,-9.5,0.0,-19.0,False,False,0,10,10,10,7.5,8.0,10.5
1,573200,ASH_COATED_OSMIUM,,,10007.0,3,BUY,9989.0,10007.0,9998.0,9.0,18.0,0.0,False,False,0,2,2,3,-7.0,-6.0,-5.0
1,574100,ASH_COATED_OSMIUM,,,10008.0,5,BUY,9992.0,10008.0,10000.0,8.0,16.0,0.0,False,False,0,5,4,6,-10.0,-5.5,-8.0
1,574200,ASH_COATED_OSMIUM,,,9992.0,2,SELL,9992.0,10011.0,10001.5,-9.5,0.0,-19.0,False,False,0,2,2,3,10.5,11.0,9.0
1,574500,ASH_COATED_OSMIUM,,,9993.0,3,SELL,9993.0,10009.0,10001.0,-8.0,0.0,-16.0,False,False,0,2,2,3,8.0,8.0,8.0
1,581500,ASH_COATED_OSMIUM,,,10012.0,2,BUY,9993.0,10012.0,10002.5,9.5,19.0,0.0,False,False,0,2,2,3,-13.0,-13.0,-20.0
1,583900,ASH_COATED_OSMIUM,,,10007.0,7,BUY,9991.0,10007.0,9999.0,8.0,16.0,0.0,False,False,0,8,7,9,-7.0,-8.0,-7.0
1,584000,ASH_COATED_OSMIUM,,,10010.0,8,BUY,,10010.0,10010.0,0.0,,0.0,False,False,0,8,7,9,-11.0,-11.0,-16.0
1,590300,ASH_COATED_OSMIUM,,,10002.0,3,BUY,9990.0,10002.0,9996.0,6.0,12.0,0.0,False,False,0,2,2,3,-1.5,-2.0,-2.0
1,595000,ASH_COATED_OSMIUM,,,10008.0,2,BUY,9992.0,10008.0,10000.0,8.0,16.0,0.0,False,False,50,2,2,3,-7.0,-9.0,1.0
1,600600,ASH_COATED_OSMIUM,,,9993.0,6,SELL,9993.0,10009.0,10001.0,-8.0,0.0,-16.0,False,False,0,5,4,6,8.0,10.5,11.0
1,603100,ASH_COATED_OSMIUM,,,9992.0,3,SELL,9992.0,,9992.0,0.0,0.0,,False,False,0,2,2,3,18.0,11.0,8.5
1,607400,ASH_COATED_OSMIUM,,,9992.0,3,SELL,9992.0,10010.0,10001.0,-9.0,0.0,-18.0,False,False,0,2,2,3,8.5,8.0,9.5
1,607800,ASH_COATED_OSMIUM,,,10010.0,5,BUY,9994.0,10010.0,10002.0,8.0,16.0,0.0,False,False,0,5,4,6,-5.0,-9.0,-8.5
1,611600,ASH_COATED_OSMIUM,,,9993.0,6,SELL,9993.0,10009.0,10001.0,-8.0,0.0,-16.0,False,False,0,5,4,6,7.5,7.0,6.0
1,611900,ASH_COATED_OSMIUM,,,9989.0,5,SELL,9989.0,10008.0,9998.5,-9.5,0.0,-19.0,False,False,0,5,4,6,12.5,9.0,11.0
1,612000,ASH_COATED_OSMIUM,,,10002.0,2,BUY,9992.0,10002.0,9997.0,5.0,10.0,0.0,False,False,0,2,2,3,-2.0,-3.0,-3.0
1,615600,ASH_COATED_OSMIUM,,,10009.0,5,BUY,9993.0,10009.0,10001.0,8.0,16.0,0.0,False,False,0,5,4,6,-8.0,-8.0,-8.0
1,620700,ASH_COATED_OSMIUM,,,10009.0,8,BUY,9993.0,10009.0,10001.0,8.0,16.0,0.0,False,False,0,8,7,9,-8.5,-15.0,-8.0
1,622900,ASH_COATED_OSMIUM,,,10013.0,4,BUY,9995.0,10013.0,10004.0,9.0,18.0,0.0,False,False,0,5,4,6,-11.0,-4.0,-14.0
1,624500,ASH_COATED_OSMIUM,,,9994.0,6,SELL,9994.0,10010.0,10002.0,-8.0,0.0,-16.0,False,False,0,5,4,6,8.0,6.0,3.0
1,628900,ASH_COATED_OSMIUM,,,10006.0,6,BUY,9990.0,10006.0,9998.0,8.0,16.0,0.0,False,False,0,5,4,6,-9.0,-10.5,-9.5
1,632300,ASH_COATED_OSMIUM,,,10005.0,5,BUY,9989.0,10005.0,9997.0,8.0,16.0,0.0,False,False,0,5,4,6,-16.0,-8.0,-9.0
1,634200,ASH_COATED_OSMIUM,,,9986.0,2,SELL,9986.0,10004.0,9995.0,-9.0,0.0,-18.0,False,False,0,2,2,3,13.0,10.0,2.5
1,639100,ASH_COATED_OSMIUM,,,10002.0,8,BUY,9986.0,10002.0,9994.0,8.0,16.0,0.0,False,False,0,8,7,9,-9.0,-7.0,-11.0
1,640600,ASH_COATED_OSMIUM,,,9991.0,3,SELL,9991.0,10001.0,9996.0,-5.0,0.0,-10.0,False,False,0,2,2,3,4.0,2.0,0.0
1,643100,ASH_COATED_OSMIUM,,,10003.0,6,BUY,9985.0,10003.0,9994.0,9.0,18.0,0.0,False,False,0,5,4,6,-12.0,-10.5,-10.0
1,644500,ASH_COATED_OSMIUM,,,9999.0,6,BUY,9988.0,9999.0,9993.5,5.5,11.0,0.0,False,False,0,5,4,6,-7.0,-7.0,-14.0
1,645700,ASH_COATED_OSMIUM,,,9999.0,8,BUY,9983.0,9999.0,9991.0,8.0,16.0,0.0,False,False,0,8,7,9,-8.0,-6.0,-2.0
1,645800,ASH_COATED_OSMIUM,,,9980.0,2,SELL,9980.0,,9980.0,0.0,0.0,,True,False,0,2,2,3,12.0,13.0,20.5
1,647700,ASH_COATED_OSMIUM,,,10001.0,5,BUY,9985.0,10001.0,9993.0,8.0,16.0,0.0,False,False,0,5,4,6,-9.5,-13.0,-3.0
1,650800,ASH_COATED_OSMIUM,,,9994.0,4,SELL,9994.0,10007.0,10000.5,-6.5,0.0,-13.0,False,False,0,5,4,6,3.5,3.5,6.0
1,653900,ASH_COATED_OSMIUM,,,9990.0,6,SELL,9990.0,10006.0,9998.0,-8.0,0.0,-16.0,False,False,0,5,4,6,8.0,9.0,10.0
1,654800,ASH_COATED_OSMIUM,,,9991.0,6,SELL,9991.0,10009.0,10000.0,-9.0,0.0,-18.0,False,False,0,5,4,6,9.0,7.5,8.0
1,656300,ASH_COATED_OSMIUM,,,9991.0,3,SELL,9991.0,10007.0,9999.0,-8.0,0.0,-16.0,False,False,0,2,2,3,7.5,7.0,9.5
1,656900,ASH_COATED_OSMIUM,,,9990.0,10,SELL,9990.0,10006.0,9998.0,-8.0,0.0,-16.0,False,False,0,10,10,10,9.0,10.0,8.5
1,658400,ASH_COATED_OSMIUM,,,10001.0,3,SELL,10001.0,10007.0,10004.0,-3.0,0.0,-6.0,False,False,5,2,2,3,-1.0,0.0,1.5
1,658400,ASH_COATED_OSMIUM,,,10007.0,9,BUY,10001.0,10007.0,10004.0,3.0,6.0,0.0,False,False,0,8,7,9,-7.0,-6.0,-4.5
1,660600,ASH_COATED_OSMIUM,,,10009.0,4,BUY,9991.0,10009.0,10000.0,9.0,18.0,0.0,False,False,0,5,4,6,-9.0,-10.5,-11.0
1,666800,ASH_COATED_OSMIUM,,,9991.0,4,SELL,9991.0,10007.0,9999.0,-8.0,0.0,-16.0,False,False,0,5,4,6,6.5,6.0,4.5
1,667200,ASH_COATED_OSMIUM,,,9991.0,5,SELL,9991.0,10007.0,9999.0,-8.0,0.0,-16.0,False,False,50,5,4,6,8.0,5.0,-1.0
1,668400,ASH_COATED_OSMIUM,,,10005.0,2,BUY,9989.0,10005.0,9997.0,8.0,16.0,0.0,False,False,0,2,2,3,-8.0,-9.0,-9.0
1,673600,ASH_COATED_OSMIUM,,,9983.0,10,SELL,9983.0,10001.0,9992.0,-9.0,0.0,-18.0,False,False,0,10,10,10,5.5,9.0,9.0
1,677200,ASH_COATED_OSMIUM,,,9981.0,4,SELL,9981.0,9999.0,9990.0,-9.0,0.0,-18.0,False,False,0,5,4,6,9.0,11.0,14.0
1,677500,ASH_COATED_OSMIUM,,,9983.0,2,SELL,9983.0,9999.0,9991.0,-8.0,0.0,-16.0,False,False,0,2,2,3,8.0,8.5,10.0
1,679600,ASH_COATED_OSMIUM,,,10001.0,5,BUY,9983.0,10001.0,9992.0,9.0,18.0,0.0,False,False,0,5,4,6,-9.0,-8.0,-5.0
1,681200,ASH_COATED_OSMIUM,,,10000.0,9,BUY,9984.0,10000.0,9992.0,8.0,16.0,0.0,False,False,0,8,7,9,-8.5,-5.0,-5.0
1,681900,ASH_COATED_OSMIUM,,,9991.0,3,SELL,9991.0,10001.0,9996.0,-5.0,0.0,-10.0,False,False,0,2,2,3,3.0,3.0,4.0
1,683300,ASH_COATED_OSMIUM,,,10005.0,4,BUY,9987.0,10005.0,9996.0,9.0,18.0,0.0,False,False,0,5,4,6,-11.0,-10.0,-10.0
1,685400,ASH_COATED_OSMIUM,,,10006.0,7,BUY,9987.0,10006.0,9996.5,9.5,19.0,0.0,False,False,0,8,7,9,-10.0,-11.0,-10.0
1,689500,ASH_COATED_OSMIUM,,,10004.0,6,BUY,9985.0,10004.0,9994.5,9.5,19.0,0.0,False,False,0,5,4,6,-6.5,-7.0,-3.5
1,690700,ASH_COATED_OSMIUM,,,9986.0,5,SELL,9986.0,10005.0,9995.5,-9.5,0.0,-19.0,False,False,0,5,4,6,10.0,13.0,14.0
1,691200,ASH_COATED_OSMIUM,,,9988.0,4,SELL,9988.0,10004.0,9996.0,-8.0,0.0,-16.0,False,False,0,5,4,6,1.0,11.0,12.0
1,699900,ASH_COATED_OSMIUM,,,10010.0,6,BUY,9999.0,10010.0,10004.5,5.5,11.0,0.0,False,False,0,5,4,6,-16.0,-14.0,-6.0
1,700100,ASH_COATED_OSMIUM,,,10010.0,6,BUY,9994.0,10010.0,10002.0,8.0,16.0,0.0,False,False,0,5,4,6,-8.0,-7.0,-6.0
1,700700,ASH_COATED_OSMIUM,,,10013.0,6,BUY,9995.0,10013.0,10004.0,9.0,18.0,0.0,False,False,0,5,4,6,-10.0,-7.5,-9.0
1,700800,ASH_COATED_OSMIUM,,,9995.0,3,SELL,9995.0,10004.0,9999.5,-4.5,0.0,-9.0,False,False,0,2,2,3,8.0,2.0,9.0
1,703500,ASH_COATED_OSMIUM,,,9997.0,4,SELL,9997.0,,9997.0,0.0,0.0,,False,False,0,5,4,6,10.0,7.5,8.0
1,704300,ASH_COATED_OSMIUM,,,9997.0,2,SELL,9997.0,,9997.0,0.0,0.0,,False,False,0,2,2,3,7.0,7.0,9.0
1,705400,ASH_COATED_OSMIUM,,,9996.0,7,SELL,9996.0,10012.0,10004.0,-8.0,0.0,-16.0,False,False,0,8,7,9,6.0,9.0,10.5
1,708200,ASH_COATED_OSMIUM,,,9996.0,5,SELL,9996.0,10012.0,10004.0,-8.0,0.0,-16.0,False,False,0,5,4,6,11.0,9.0,9.0
1,709100,ASH_COATED_OSMIUM,,,9998.0,6,SELL,9998.0,10014.0,10006.0,-8.0,0.0,-16.0,False,False,0,5,4,6,8.0,6.0,7.0
1,710200,ASH_COATED_OSMIUM,,,10013.0,8,BUY,9997.0,10013.0,10005.0,8.0,16.0,0.0,False,False,0,8,7,9,-9.0,-7.0,-8.5
1,712500,ASH_COATED_OSMIUM,,,10013.0,5,BUY,9997.0,10013.0,10005.0,8.0,16.0,0.0,False,False,0,5,4,6,-8.0,-7.0,-10.0
1,714900,ASH_COATED_OSMIUM,,,10003.0,5,BUY,9997.0,10003.0,10000.0,3.0,6.0,0.0,False,False,5,5,4,6,3.0,0.0,-0.5
1,720800,ASH_COATED_OSMIUM,,,10014.0,4,BUY,,10014.0,10014.0,0.0,,0.0,False,False,0,5,4,6,-11.0,-3.5,-8.5
1,723500,ASH_COATED_OSMIUM,,,9995.0,6,SELL,9995.0,10011.0,10003.0,-8.0,0.0,-16.0,False,False,5,5,4,6,-9995.0,18.0,10.0
1,725700,ASH_COATED_OSMIUM,,,9993.0,8,SELL,9993.0,10014.0,10003.5,-10.5,0.0,-21.0,False,False,0,8,7,9,10.0,19.0,0.0
1,726200,ASH_COATED_OSMIUM,,,9994.0,5,SELL,9994.0,10012.0,10003.0,-9.0,0.0,-18.0,False,False,0,5,4,6,12.5,13.5,10.0
1,729100,ASH_COATED_OSMIUM,,,10012.0,8,BUY,9996.0,10012.0,10004.0,8.0,16.0,0.0,False,False,0,8,7,9,-7.0,-9.5,-9.0
1,729700,ASH_COATED_OSMIUM,,,9996.0,5,SELL,9996.0,10012.0,10004.0,-8.0,0.0,-16.0,False,False,0,5,4,6,9.0,9.0,9.5
1,730400,ASH_COATED_OSMIUM,,,10013.0,6,BUY,9997.0,10013.0,10005.0,8.0,16.0,0.0,False,False,0,5,4,6,-11.0,-9.0,-7.0
1,730900,ASH_COATED_OSMIUM,,,9993.0,5,SELL,9993.0,10011.0,10002.0,-9.0,0.0,-18.0,False,False,0,5,4,6,9.5,9.5,12.0
1,731200,ASH_COATED_OSMIUM,,,10012.0,9,BUY,9996.0,10012.0,10004.0,8.0,16.0,0.0,False,False,0,8,7,9,-7.0,-8.0,-8.0
1,734900,ASH_COATED_OSMIUM,,,9996.0,5,SELL,9996.0,10012.0,10004.0,-8.0,0.0,-16.0,False,False,0,5,4,6,10.0,9.0,17.0
1,735200,ASH_COATED_OSMIUM,,,10015.0,5,BUY,9994.0,10015.0,10004.5,10.5,21.0,0.0,False,False,0,5,4,6,-11.0,-10.0,-2.0
1,736900,ASH_COATED_OSMIUM,,,10013.0,5,BUY,9997.0,10013.0,10005.0,8.0,16.0,0.0,False,False,0,5,4,6,-8.0,-8.0,-15.0
1,739500,ASH_COATED_OSMIUM,,,9997.0,10,SELL,9997.0,,9997.0,0.0,0.0,,False,False,0,10,10,10,8.5,9.0,1.0
1,739600,ASH_COATED_OSMIUM,,,10013.0,6,BUY,9997.0,10013.0,10005.0,8.0,16.0,0.0,False,False,0,5,4,6,-8.0,-5.5,-7.0
1,742000,ASH_COATED_OSMIUM,,,10017.0,5,BUY,9998.0,10017.0,10007.5,9.5,19.0,0.0,False,False,0,5,4,6,-7.0,-12.0,-11.0
1,743900,ASH_COATED_OSMIUM,,,9998.0,4,SELL,9998.0,10016.0,10007.0,-9.0,0.0,-18.0,False,False,0,5,4,6,7.0,16.0,6.0
1,745600,ASH_COATED_OSMIUM,,,9998.0,6,SELL,9998.0,10014.0,10006.0,-8.0,0.0,-16.0,False,False,50,5,4,6,9.0,8.5,-2.0
1,746100,ASH_COATED_OSMIUM,,,9998.0,4,SELL,9998.0,10016.0,10007.0,-9.0,0.0,-18.0,False,False,0,5,4,6,8.0,8.5,4.0
1,746100,ASH_COATED_OSMIUM,,,10016.0,8,BUY,9998.0,10016.0,10007.0,9.0,18.0,0.0,False,False,0,8,7,9,-10.0,-9.5,-14.0
1,750600,ASH_COATED_OSMIUM,,,9999.0,5,BUY,9993.0,9999.0,9996.0,3.0,6.0,0.0,False,False,50,5,4,6,3.0,2.0,2.0
1,752300,ASH_COATED_OSMIUM,,,10009.0,4,BUY,9993.0,10009.0,10001.0,8.0,16.0,0.0,False,False,0,5,4,6,-8.0,-8.0,-13.0
1,754100,ASH_COATED_OSMIUM,,,10009.0,4,BUY,9993.0,10009.0,10001.0,8.0,16.0,0.0,False,False,0,5,4,6,-8.0,-9.0,-9.5
1,754400,ASH_COATED_OSMIUM,,,10009.0,5,BUY,9993.0,10009.0,10001.0,8.0,16.0,0.0,False,False,0,5,4,6,-6.5,-18.0,-12.0
1,755900,ASH_COATED_OSMIUM,,,10007.0,4,BUY,9991.0,10007.0,9999.0,8.0,16.0,0.0,False,False,0,5,4,6,-16.0,-7.0,-11.5
1,756600,ASH_COATED_OSMIUM,,,9992.0,6,SELL,9992.0,10008.0,10000.0,-8.0,0.0,-16.0,False,False,0,5,4,6,7.0,8.0,11.0
1,756600,ASH_COATED_OSMIUM,,,9992.0,5,SELL,9992.0,10008.0,10000.0,-8.0,0.0,-16.0,False,False,0,5,4,6,7.0,8.0,11.0
1,756900,ASH_COATED_OSMIUM,,,9991.0,5,SELL,9991.0,10007.0,9999.0,-8.0,0.0,-16.0,False,False,0,5,4,6,10.5,8.0,7.5
1,757200,ASH_COATED_OSMIUM,,,9991.0,9,SELL,9991.0,10010.0,10000.5,-9.5,0.0,-19.0,False,False,0,8,7,9,8.0,7.0,5.0
1,758700,ASH_COATED_OSMIUM,,,9991.0,6,SELL,9991.0,10007.0,9999.0,-8.0,0.0,-16.0,False,False,0,5,4,6,7.0,6.0,4.0
1,763900,ASH_COATED_OSMIUM,,,9988.0,8,SELL,9988.0,10006.0,9997.0,-9.0,0.0,-18.0,False,False,0,8,7,9,16.0,8.0,5.0
1,764100,ASH_COATED_OSMIUM,,,9988.0,6,SELL,9988.0,10004.0,9996.0,-8.0,0.0,-16.0,False,False,0,5,4,6,8.0,8.0,6.0
1,775000,ASH_COATED_OSMIUM,,,9989.0,4,BUY,9984.0,9989.0,9986.5,2.5,5.0,0.0,False,False,50,5,4,6,3.0,2.0,3.0
1,777200,ASH_COATED_OSMIUM,,,9999.0,10,BUY,9983.0,9999.0,9991.0,8.0,16.0,0.0,False,False,5,10,10,10,3.0,-9.5,-6.5
1,780300,ASH_COATED_OSMIUM,,,10000.0,2,BUY,9984.0,10000.0,9992.0,8.0,16.0,0.0,False,False,0,2,2,3,-7.0,-15.0,-10000.0
1,782500,ASH_COATED_OSMIUM,,,9999.0,7,BUY,9983.0,9999.0,9991.0,8.0,16.0,0.0,False,False,0,8,7,9,-4.0,-11.0,-5.0
1,788000,ASH_COATED_OSMIUM,,,10002.0,5,BUY,9986.0,10002.0,9994.0,8.0,16.0,0.0,False,False,0,5,4,6,-8.0,-9.0,-10.0
1,789900,ASH_COATED_OSMIUM,,,9984.0,2,SELL,9984.0,10003.0,9993.5,-9.5,0.0,-19.0,False,False,0,2,2,3,9.0,9.0,8.5
1,792100,ASH_COATED_OSMIUM,,,9985.0,5,SELL,9985.0,9994.0,9989.5,-4.5,0.0,-9.0,False,False,0,5,4,6,7.0,16.0,8.0
1,793700,ASH_COATED_OSMIUM,,,10000.0,10,BUY,9984.0,10000.0,9992.0,8.0,16.0,0.0,False,False,0,10,10,10,0.0,-7.0,-9.5
1,796700,ASH_COATED_OSMIUM,,,9983.0,4,SELL,9983.0,10002.0,9992.5,-9.5,0.0,-19.0,False,False,0,5,4,6,10.0,7.5,11.0
1,802000,ASH_COATED_OSMIUM,,,9995.0,5,BUY,9986.0,9995.0,9990.5,4.5,9.0,0.0,False,False,50,5,4,6,7.0,1.0,1.0
1,802400,ASH_COATED_OSMIUM,,,9992.0,3,BUY,9987.0,9992.0,9989.5,2.5,5.0,0.0,False,False,50,2,2,3,4.0,4.0,5.0
1,803100,ASH_COATED_OSMIUM,,,10002.0,5,BUY,9986.0,10002.0,9994.0,8.0,16.0,0.0,False,False,0,5,4,6,-7.0,-5.0,-8.5
1,805400,ASH_COATED_OSMIUM,,,9995.0,4,BUY,9989.0,9995.0,9992.0,3.0,6.0,0.0,False,False,50,5,4,6,0.0,2.0,10.0
1,806200,ASH_COATED_OSMIUM,,,9986.0,2,SELL,9986.0,10005.0,9995.5,-9.5,0.0,-19.0,False,False,0,2,2,3,10.0,11.0,13.0
1,809500,ASH_COATED_OSMIUM,,,9994.0,4,BUY,9988.0,9994.0,9991.0,3.0,6.0,0.0,False,False,50,5,4,6,11.0,5.5,6.0
1,810900,ASH_COATED_OSMIUM,,,10009.0,2,BUY,9990.0,10009.0,9999.5,9.5,19.0,0.0,False,False,0,2,2,3,-10.0,-10.5,-8.0
1,815800,ASH_COATED_OSMIUM,,,10009.0,4,BUY,9991.0,10009.0,10000.0,9.0,18.0,0.0,False,False,0,5,4,6,0.0,-9.0,-13.0
1,821100,ASH_COATED_OSMIUM,,,10004.0,8,BUY,9988.0,10004.0,9996.0,8.0,16.0,0.0,False,False,0,8,7,9,-8.0,-7.0,-6.0
1,823600,ASH_COATED_OSMIUM,,,10004.0,6,BUY,9988.0,10004.0,9996.0,8.0,16.0,0.0,False,False,0,5,4,6,-11.5,-7.0,-5.0
1,833100,ASH_COATED_OSMIUM,,,9993.0,5,SELL,9993.0,10012.0,10002.5,-9.5,0.0,-19.0,False,False,0,5,4,6,8.5,7.0,7.0
1,835700,ASH_COATED_OSMIUM,,,10011.0,8,BUY,9992.0,10011.0,10001.5,9.5,19.0,0.0,False,False,0,8,7,9,-10.0,-11.0,-10.0
1,836800,ASH_COATED_OSMIUM,,,9992.0,7,SELL,9992.0,10011.0,10001.5,-9.5,0.0,-19.0,False,False,0,8,7,9,9.0,10.0,9.0
1,839900,ASH_COATED_OSMIUM,,,10010.0,4,BUY,9994.0,10010.0,10002.0,8.0,16.0,0.0,False,False,0,5,4,6,-7.5,-9.0,-9.5
1,841500,ASH_COATED_OSMIUM,,,9993.0,6,SELL,9993.0,10009.0,10001.0,-8.0,0.0,-16.0,False,False,50,5,4,6,8.0,6.0,-3.0
1,843200,ASH_COATED_OSMIUM,,,10007.0,5,BUY,9989.0,10007.0,9998.0,9.0,18.0,0.0,False,False,0,5,4,6,-8.0,-9.0,-9.0
1,843500,ASH_COATED_OSMIUM,,,9991.0,5,SELL,9991.0,10007.0,9999.0,-8.0,0.0,-16.0,False,False,5,5,4,6,-1.0,8.0,6.0
1,845500,ASH_COATED_OSMIUM,,,10007.0,3,BUY,9991.0,10007.0,9999.0,8.0,16.0,0.0,False,False,0,2,2,3,-9.0,-8.0,-7.0
1,845800,ASH_COATED_OSMIUM,,,10007.0,3,BUY,9991.0,10007.0,9999.0,8.0,16.0,0.0,False,False,0,2,2,3,-14.5,-9.0,-5.0
1,847100,ASH_COATED_OSMIUM,,,10006.0,2,BUY,9990.0,10006.0,9998.0,8.0,16.0,0.0,False,False,0,2,2,3,-8.0,-8.0,-6.0
1,847500,ASH_COATED_OSMIUM,,,10007.0,8,BUY,9991.0,10007.0,9999.0,8.0,16.0,0.0,False,False,0,8,7,9,-10.0,-8.0,-3.5
1,847700,ASH_COATED_OSMIUM,,,10007.0,5,BUY,,10007.0,10007.0,0.0,,0.0,False,False,0,5,4,6,-9.0,-8.0,-5.0
1,847800,ASH_COATED_OSMIUM,,,9990.0,7,SELL,9990.0,10006.0,9998.0,-8.0,0.0,-16.0,False,False,0,8,7,9,8.0,10.0,11.0
1,848300,ASH_COATED_OSMIUM,,,9990.0,5,SELL,9990.0,10006.0,9998.0,-8.0,0.0,-16.0,False,False,0,5,4,6,9.5,14.5,12.0
1,852000,ASH_COATED_OSMIUM,,,10008.0,6,BUY,9992.0,10008.0,10000.0,8.0,16.0,0.0,False,False,0,5,4,6,-4.5,-8.0,-11.0
1,852500,ASH_COATED_OSMIUM,,,9994.0,3,SELL,9994.0,10013.0,10003.5,-9.5,0.0,-19.0,False,False,0,2,2,3,8.0,5.0,1.5
1,852700,ASH_COATED_OSMIUM,,,9994.0,3,SELL,9994.0,10010.0,10002.0,-8.0,0.0,-16.0,False,False,0,2,2,3,7.0,6.0,3.0
1,859900,ASH_COATED_OSMIUM,,,9990.0,4,SELL,9990.0,10006.0,9998.0,-8.0,0.0,-16.0,False,False,0,5,4,6,7.5,11.0,8.0
1,862000,ASH_COATED_OSMIUM,,,10004.0,2,BUY,9988.0,10004.0,9996.0,8.0,16.0,0.0,False,False,0,2,2,3,-7.0,-4.5,-6.0
1,864800,ASH_COATED_OSMIUM,,,10006.0,8,BUY,9990.0,10006.0,9998.0,8.0,16.0,0.0,False,False,0,8,7,9,0.0,0.0,-7.5
1,865000,ASH_COATED_OSMIUM,,,9990.0,6,SELL,9990.0,10006.0,9998.0,-8.0,0.0,-16.0,False,False,0,5,4,6,7.5,8.0,6.0
1,868000,ASH_COATED_OSMIUM,,,9988.0,3,SELL,9988.0,10004.0,9996.0,-8.0,0.0,-16.0,False,False,0,2,2,3,8.0,8.0,9.0
1,871100,ASH_COATED_OSMIUM,,,10005.0,5,BUY,9986.0,10005.0,9995.5,9.5,19.0,0.0,False,False,0,5,4,6,-7.0,-9.0,-7.0
1,871700,ASH_COATED_OSMIUM,,,9989.0,2,SELL,9989.0,10005.0,9997.0,-8.0,0.0,-16.0,False,False,0,2,2,3,9.0,7.0,8.0
1,871900,ASH_COATED_OSMIUM,,,10005.0,2,BUY,9989.0,10005.0,9997.0,8.0,16.0,0.0,False,False,0,2,2,3,-7.0,-9.0,-8.0
1,874400,ASH_COATED_OSMIUM,,,9990.0,5,SELL,9990.0,10006.0,9998.0,-8.0,0.0,-16.0,False,False,0,5,4,6,9.0,8.0,4.0
1,875400,ASH_COATED_OSMIUM,,,9990.0,5,SELL,9990.0,10006.0,9998.0,-8.0,0.0,-16.0,False,False,0,5,4,6,12.0,7.0,5.0
1,877900,ASH_COATED_OSMIUM,,,9989.0,7,SELL,9989.0,10005.0,9997.0,-8.0,0.0,-16.0,False,False,0,8,7,9,7.0,4.5,5.0
1,878400,ASH_COATED_OSMIUM,,,10004.0,5,BUY,9988.0,10004.0,9996.0,8.0,16.0,0.0,False,False,0,5,4,6,-8.0,-9.0,-10.0
1,881000,ASH_COATED_OSMIUM,,,9983.0,4,SELL,9983.0,10002.0,9992.5,-9.5,0.0,-19.0,False,False,0,5,4,6,10.0,11.0,12.0
1,887700,ASH_COATED_OSMIUM,,,10004.0,6,BUY,9988.0,10004.0,9996.0,8.0,16.0,0.0,False,False,0,5,4,6,-8.0,-8.0,-6.0
1,892900,ASH_COATED_OSMIUM,,,10006.0,8,BUY,9990.0,10006.0,9998.0,8.0,16.0,0.0,False,False,0,8,7,9,-8.0,-1.5,-7.5
1,893400,ASH_COATED_OSMIUM,,,9990.0,4,SELL,9990.0,10006.0,9998.0,-8.0,0.0,-16.0,False,False,0,5,4,6,9.0,7.0,10.5
1,899200,ASH_COATED_OSMIUM,,,10009.0,5,BUY,9993.0,10009.0,10001.0,8.0,16.0,0.0,False,False,0,5,4,6,-14.0,-7.0,-12.0
1,901500,ASH_COATED_OSMIUM,,,10009.0,8,BUY,10003.0,10009.0,10006.0,3.0,6.0,0.0,False,False,0,8,7,9,-9.0,-11.5,-11.5
1,902100,ASH_COATED_OSMIUM,,,9992.0,3,SELL,9992.0,10010.0,10001.0,-9.0,0.0,-18.0,False,False,0,2,2,3,8.0,7.0,8.0
1,904900,ASH_COATED_OSMIUM,,,10007.0,3,BUY,9991.0,10007.0,9999.0,8.0,16.0,0.0,False,False,0,2,2,3,-8.0,-7.0,-7.0
1,905000,ASH_COATED_OSMIUM,,,9988.0,10,SELL,9988.0,10007.0,9997.5,-9.5,0.0,-19.0,False,False,0,10,10,10,11.0,11.0,14.0
1,905300,ASH_COATED_OSMIUM,,,9991.0,4,SELL,9991.0,10009.0,10000.0,-9.0,0.0,-18.0,False,False,0,5,4,6,6.0,9.0,7.0
1,909600,ASH_COATED_OSMIUM,,,9991.0,4,SELL,9991.0,10009.0,10000.0,-9.0,0.0,-18.0,False,False,0,5,4,6,14.5,10.0,9.0
1,909900,ASH_COATED_OSMIUM,,,10008.0,8,BUY,9992.0,10008.0,10000.0,8.0,16.0,0.0,False,False,0,8,7,9,-9.5,-7.0,-9.0
1,911400,ASH_COATED_OSMIUM,,,10008.0,2,BUY,9992.0,10008.0,10000.0,8.0,16.0,0.0,False,False,0,2,2,3,-7.0,-7.0,-5.0
1,912600,ASH_COATED_OSMIUM,,,10011.0,3,BUY,9992.0,10011.0,10001.5,9.5,19.0,0.0,False,False,0,2,2,3,-6.5,-11.0,-8.0
1,917900,ASH_COATED_OSMIUM,,,10010.0,5,BUY,9994.0,10010.0,10002.0,8.0,16.0,0.0,False,False,0,5,4,6,-8.0,-8.0,-15.0
1,919200,ASH_COATED_OSMIUM,,,9995.0,3,SELL,9995.0,10011.0,10003.0,-8.0,0.0,-16.0,False,False,0,2,2,3,7.0,7.0,8.0
1,920900,ASH_COATED_OSMIUM,,,10011.0,3,BUY,9995.0,10011.0,10003.0,8.0,16.0,0.0,False,False,0,2,2,3,-9.0,-16.0,-7.0
1,921200,ASH_COATED_OSMIUM,,,10010.0,10,BUY,9994.0,10010.0,10002.0,8.0,16.0,0.0,False,False,0,10,10,10,-7.0,-5.5,-7.0
1,923700,ASH_COATED_OSMIUM,,,9995.0,3,SELL,9995.0,10011.0,10003.0,-8.0,0.0,-16.0,False,False,0,2,2,3,8.0,13.0,8.5
1,923800,ASH_COATED_OSMIUM,,,10005.0,4,SELL,10005.0,10012.0,10008.5,-3.5,0.0,-7.0,False,False,50,5,4,6,-2.0,-2.5,-8.0
1,928500,ASH_COATED_OSMIUM,,,9996.0,3,SELL,9996.0,10012.0,10004.0,-8.0,0.0,-16.0,False,False,0,2,2,3,9.0,7.0,7.0
1,929100,ASH_COATED_OSMIUM,,,9995.0,4,SELL,9995.0,10011.0,10003.0,-8.0,0.0,-16.0,False,False,0,5,4,6,9.0,8.0,9.0
1,929700,ASH_COATED_OSMIUM,,,10012.0,2,BUY,9996.0,10012.0,10004.0,8.0,16.0,0.0,False,False,0,2,2,3,-8.5,-9.0,-9.0
1,931000,ASH_COATED_OSMIUM,,,10001.0,5,SELL,10001.0,10011.0,10006.0,-5.0,0.0,-10.0,False,False,0,5,4,6,3.5,2.0,2.0
1,932600,ASH_COATED_OSMIUM,,,10014.0,10,BUY,9996.0,10014.0,10005.0,9.0,18.0,0.0,False,False,0,10,10,10,-10.0,-21.0,-11.0
1,934300,ASH_COATED_OSMIUM,,,10012.0,3,BUY,9996.0,10012.0,10004.0,8.0,16.0,0.0,False,False,0,2,2,3,-7.5,-9.0,-7.5
1,935900,ASH_COATED_OSMIUM,,,9995.0,8,SELL,9995.0,10011.0,10003.0,-8.0,0.0,-16.0,False,False,0,8,7,9,8.0,16.0,9.0
1,939100,ASH_COATED_OSMIUM,,,10011.0,2,BUY,9993.0,10011.0,10002.0,9.0,18.0,0.0,False,False,20,2,2,3,-8.0,1.0,-9.0
1,939500,ASH_COATED_OSMIUM,,,10011.0,9,BUY,9995.0,10011.0,10003.0,8.0,16.0,0.0,False,False,0,8,7,9,-2.0,-7.0,-8.0
1,939600,ASH_COATED_OSMIUM,,,10011.0,6,BUY,9995.0,10011.0,10003.0,8.0,16.0,0.0,False,False,0,5,4,6,-7.0,-6.0,-9.0
1,946100,ASH_COATED_OSMIUM,,,9995.0,10,SELL,9995.0,10011.0,10003.0,-8.0,0.0,-16.0,False,False,5,10,10,10,-1.0,7.0,1.0
1,948400,ASH_COATED_OSMIUM,,,10013.0,7,BUY,9995.0,10013.0,10004.0,9.0,18.0,0.0,False,False,0,8,7,9,-10.0,-8.5,-13.0
1,949600,ASH_COATED_OSMIUM,,,10011.0,2,BUY,9995.0,10011.0,10003.0,8.0,16.0,0.0,False,False,0,2,2,3,-9.0,-11.0,-12.5
1,956600,ASH_COATED_OSMIUM,,,9990.0,3,SELL,9990.0,10006.0,9998.0,-8.0,0.0,-16.0,False,False,0,2,2,3,6.0,7.5,8.5
1,960400,ASH_COATED_OSMIUM,,,9989.0,4,SELL,9989.0,10005.0,9997.0,-8.0,0.0,-16.0,False,False,0,5,4,6,8.0,8.0,3.0
1,964400,ASH_COATED_OSMIUM,,,10005.0,3,BUY,9984.0,10005.0,9994.5,10.5,21.0,0.0,False,False,0,2,2,3,-11.0,-10.0,-13.0
1,971300,ASH_COATED_OSMIUM,,,10000.0,5,BUY,9982.0,10000.0,9991.0,9.0,18.0,0.0,False,False,0,5,4,6,-9.0,-9.5,-9.0
1,975000,ASH_COATED_OSMIUM,,,10003.0,4,BUY,9982.0,10003.0,9992.5,10.5,21.0,0.0,False,False,0,5,4,6,-10.0,-11.0,-10.0
1,975500,ASH_COATED_OSMIUM,,,9985.0,2,SELL,9985.0,10001.0,9993.0,-8.0,0.0,-16.0,False,False,0,2,2,3,9.5,14.5,8.0
1,975900,ASH_COATED_OSMIUM,,,10001.0,3,BUY,9983.0,10001.0,9992.0,9.0,18.0,0.0,False,False,0,2,2,3,-8.0,-9.0,-8.0
1,976500,ASH_COATED_OSMIUM,,,9985.0,6,SELL,9985.0,10003.0,9994.0,-9.0,0.0,-18.0,False,False,0,5,4,6,7.0,1.0,16.0
1,978600,ASH_COATED_OSMIUM,,,9986.0,3,SELL,9986.0,10002.0,9994.0,-8.0,0.0,-16.0,False,False,0,2,2,3,7.0,9.0,7.0
1,981200,ASH_COATED_OSMIUM,,,10001.0,5,BUY,9985.0,10001.0,9993.0,8.0,16.0,0.0,False,False,0,5,4,6,-8.0,-9.0,-8.0
1,984500,ASH_COATED_OSMIUM,,,9990.0,4,BUY,9985.0,9990.0,9987.5,2.5,5.0,0.0,False,False,50,5,4,6,3.0,5.5,2.0
1,985700,ASH_COATED_OSMIUM,,,9995.0,3,SELL,9995.0,10002.0,9998.5,-3.5,0.0,-7.0,False,False,50,2,2,3,-2.0,9.0,-4.0
1,986600,ASH_COATED_OSMIUM,,,10002.0,3,BUY,9986.0,10002.0,9994.0,8.0,16.0,0.0,False,False,0,2,2,3,-6.5,-8.0,-10.0
1,986800,ASH_COATED_OSMIUM,,,9987.0,6,SELL,9987.0,10003.0,9995.0,-8.0,0.0,-16.0,False,False,0,5,4,6,7.0,8.0,6.0
1,987500,ASH_COATED_OSMIUM,,,10002.0,6,BUY,9983.0,10002.0,9992.5,9.5,19.0,0.0,False,False,0,5,4,6,-6.5,-10.0,-10.0
1,989300,ASH_COATED_OSMIUM,,,9985.0,2,SELL,9985.0,10001.0,9993.0,-8.0,0.0,-16.0,False,False,0,2,2,3,15.0,5.0,7.0
1,991400,ASH_COATED_OSMIUM,,,9983.0,9,SELL,9983.0,9999.0,9991.0,-8.0,0.0,-16.0,False,False,0,8,7,9,7.0,8.0,10.5
1,993300,ASH_COATED_OSMIUM,,,9984.0,5,SELL,9984.0,10000.0,9992.0,-8.0,0.0,-16.0,False,False,0,5,4,6,7.0,2.0,18.0
1,995600,ASH_COATED_OSMIUM,,,10001.0,6,BUY,9985.0,10001.0,9993.0,8.0,16.0,0.0,False,False,0,5,4,6,-5.0,-9.5,
1,997200,ASH_COATED_OSMIUM,,,9985.0,4,SELL,9985.0,10001.0,9993.0,-8.0,0.0,-16.0,False,False,0,5,4,6,8.0,9.0,
1,4400,INTARIAN_PEPPER_ROOT,,,13011.0,5,BUY,12997.0,13011.0,13004.0,7.0,14.0,0.0,True,True,0,5,5,6,-6.0,-6.5,0.0
1,4800,INTARIAN_PEPPER_ROOT,,,13008.0,3,BUY,12998.0,13007.0,13002.5,5.5,10.0,1.0,True,False,50,3,3,4,-3.0,-1.0,2.0
1,5000,INTARIAN_PEPPER_ROOT,,,12998.0,5,SELL,12998.0,,12998.0,0.0,0.0,,True,False,0,5,5,6,9.0,9.0,12.0
1,17400,INTARIAN_PEPPER_ROOT,,,13013.0,3,BUY,13010.0,13013.0,13011.5,1.5,3.0,0.0,False,True,50,3,3,4,5.0,13.0,9.0
1,23000,INTARIAN_PEPPER_ROOT,,,13016.0,4,SELL,13016.0,13030.0,13023.0,-7.0,0.0,-14.0,False,True,0,3,3,4,7.5,9.0,12.0
1,23100,INTARIAN_PEPPER_ROOT,,,13019.0,4,BUY,13016.0,13019.0,13017.5,1.5,3.0,0.0,False,True,50,3,3,4,5.0,6.0,10.5
1,30400,INTARIAN_PEPPER_ROOT,,,13037.0,6,BUY,13023.0,13037.0,13030.0,7.0,14.0,0.0,False,True,0,5,5,6,-6.0,-5.0,-2.0
1,33300,INTARIAN_PEPPER_ROOT,,,13037.0,7,SELL,13037.0,13040.0,13038.5,-1.5,0.0,-3.0,False,False,50,7,7,8,-3.0,-2.0,-6.0
1,34400,INTARIAN_PEPPER_ROOT,,,13041.0,3,BUY,13027.0,13041.0,13034.0,7.0,14.0,0.0,False,True,0,3,3,4,-4.5,-5.0,0.0
1,35700,INTARIAN_PEPPER_ROOT,,,13043.0,7,BUY,13039.0,13043.0,13041.0,2.0,4.0,0.0,False,True,0,7,7,8,-7.0,-7.0,-2.0
1,35700,INTARIAN_PEPPER_ROOT,,,13039.0,3,SELL,13039.0,13043.0,13041.0,-2.0,0.0,-4.0,False,False,20,3,3,4,-3.0,-3.0,2.0
1,35800,INTARIAN_PEPPER_ROOT,,,13031.0,7,BUY,13026.0,13031.0,13028.5,2.5,5.0,0.0,False,False,50,7,7,8,16.0,14.0,10.0
1,38500,INTARIAN_PEPPER_ROOT,,,13028.0,5,SELL,13028.0,13046.0,13037.0,-9.0,0.0,-18.0,False,False,0,5,5,6,9.5,12.5,15.5
1,42800,INTARIAN_PEPPER_ROOT,,,13050.0,5,BUY,13033.0,13050.0,13041.5,8.5,17.0,0.0,False,True,0,5,5,6,-14.0,-5.0,-2.0
1,44700,INTARIAN_PEPPER_ROOT,,,13040.0,8,BUY,13038.0,13040.0,13039.0,1.0,2.0,0.0,False,False,50,7,7,8,3.5,7.0,8.0
1,51400,INTARIAN_PEPPER_ROOT,,,13041.0,4,SELL,13041.0,13058.0,13049.5,-8.5,0.0,-17.0,False,False,0,3,3,4,11.0,10.5,15.0
1,52600,INTARIAN_PEPPER_ROOT,,,13056.0,8,SELL,13056.0,13063.0,13059.5,-3.5,0.0,-7.0,False,True,20,7,7,8,-3.0,-1.0,2.0
1,57000,INTARIAN_PEPPER_ROOT,,,13064.0,4,BUY,13047.0,13064.0,13055.5,8.5,17.0,0.0,False,True,0,3,3,4,-6.5,-5.0,-2.0
1,61700,INTARIAN_PEPPER_ROOT,,,13069.0,6,BUY,13055.0,13069.0,13062.0,7.0,14.0,0.0,False,True,0,5,5,6,-7.0,-7.0,-2.0
1,64300,INTARIAN_PEPPER_ROOT,,,13060.0,3,BUY,13057.0,13060.0,13058.5,1.5,3.0,0.0,False,False,50,3,3,4,6.5,6.0,9.0
1,70400,INTARIAN_PEPPER_ROOT,,,13074.0,5,SELL,13074.0,13077.0,13075.5,-1.5,0.0,-3.0,False,True,50,5,5,6,-3.0,-2.0,-0.5
1,71500,INTARIAN_PEPPER_ROOT,,,13067.0,4,BUY,13064.0,13067.0,13065.5,1.5,3.0,0.0,False,False,50,3,3,4,5.0,-1.0,9.5
1,73700,INTARIAN_PEPPER_ROOT,,,13067.0,4,SELL,13067.0,13081.0,13074.0,-7.0,0.0,-14.0,False,False,0,3,3,4,7.0,9.0,12.0
1,77200,INTARIAN_PEPPER_ROOT,,,13070.0,3,SELL,13070.0,13088.0,13079.0,-9.0,0.0,-18.0,False,False,0,3,3,4,6.0,9.0,10.5
1,80200,INTARIAN_PEPPER_ROOT,,,13073.0,5,SELL,13073.0,13087.0,13080.0,-7.0,0.0,-14.0,False,False,0,5,5,6,3.5,7.5,12.0
1,83000,INTARIAN_PEPPER_ROOT,,,13086.0,6,SELL,13086.0,13090.0,13088.0,-2.0,0.0,-4.0,False,True,20,5,5,6,-4.0,-2.5,0.5
1,84400,INTARIAN_PEPPER_ROOT,,,13088.0,5,SELL,13088.0,13091.0,13089.5,-1.5,0.0,-3.0,False,True,20,5,5,6,-1.5,-2.0,1.0
1,84600,INTARIAN_PEPPER_ROOT,,,13092.0,6,BUY,13078.0,13092.0,13085.0,7.0,14.0,0.0,False,True,0,5,5,6,-5.5,-5.5,-2.0
1,84800,INTARIAN_PEPPER_ROOT,,,13088.0,5,SELL,13088.0,13095.0,13091.5,-3.5,0.0,-7.0,False,False,20,5,5,6,-1.0,-1.0,2.0
1,91700,INTARIAN_PEPPER_ROOT,,,13087.0,8,BUY,13085.0,13087.0,13086.0,1.0,2.0,0.0,False,False,50,7,7,8,5.0,5.0,10.0
1,92500,INTARIAN_PEPPER_ROOT,,,13100.0,7,BUY,13085.0,13100.0,13092.5,7.5,15.0,0.0,False,True,0,7,7,8,-17.0,-4.0,-2.5
1,95100,INTARIAN_PEPPER_ROOT,,,13091.0,8,BUY,13088.0,13091.0,13089.5,1.5,3.0,0.0,False,False,50,7,7,8,-2.0,6.0,9.0
1,107000,INTARIAN_PEPPER_ROOT,,,13114.0,7,BUY,13100.0,13114.0,13107.0,7.0,14.0,0.0,False,True,0,7,7,8,-5.0,-3.5,-9.0
1,109800,INTARIAN_PEPPER_ROOT,,,13117.0,4,BUY,13113.0,13117.0,13115.0,2.0,4.0,0.0,False,True,0,3,3,4,-5.0,-5.0,-2.0
1,109800,INTARIAN_PEPPER_ROOT,,,13113.0,3,SELL,13113.0,13117.0,13115.0,-2.0,0.0,-4.0,False,False,20,3,3,4,-1.0,-1.0,2.0
1,110500,INTARIAN_PEPPER_ROOT,,,13114.0,8,SELL,13114.0,13121.0,13117.5,-3.5,0.0,-7.0,False,False,20,7,7,8,-3.0,-1.5,1.5
1,117500,INTARIAN_PEPPER_ROOT,,,13110.0,6,SELL,13110.0,13125.0,13117.5,-7.5,0.0,-15.0,False,False,0,5,5,6,8.0,9.5,5.0
1,120100,INTARIAN_PEPPER_ROOT,,,13127.0,4,BUY,13113.0,13127.0,13120.0,7.0,14.0,0.0,False,True,0,3,3,4,-6.0,-5.0,-3.5
1,122400,INTARIAN_PEPPER_ROOT,,,13133.0,7,BUY,13115.0,13133.0,13124.0,9.0,18.0,0.0,False,True,50,7,7,8,-10.0,-10.5,1.0
1,127800,INTARIAN_PEPPER_ROOT,,,13117.0,3,SELL,13117.0,13135.0,13126.0,-9.0,0.0,-18.0,False,False,0,3,3,4,13.0,13.0,16.0
1,129500,INTARIAN_PEPPER_ROOT,,,13137.0,3,BUY,13122.0,13137.0,13129.5,7.5,15.0,0.0,False,True,0,3,3,4,-7.0,-13.0,-2.5
1,131100,INTARIAN_PEPPER_ROOT,,,13141.0,4,BUY,13121.0,13141.0,13131.0,10.0,20.0,0.0,False,True,0,3,3,4,-9.0,-8.0,-5.0
1,132300,INTARIAN_PEPPER_ROOT,,,13125.0,3,SELL,13125.0,13139.0,13132.0,-7.0,0.0,-14.0,False,False,0,3,3,4,8.0,7.5,14.0
1,134400,INTARIAN_PEPPER_ROOT,,,13141.0,4,BUY,13127.0,13141.0,13134.0,7.0,14.0,0.0,False,False,0,3,3,4,-6.0,-5.0,-1.5
1,138000,INTARIAN_PEPPER_ROOT,,,13131.0,4,SELL,13131.0,13148.0,13139.5,-8.5,0.0,-17.0,False,False,0,3,3,4,15.0,9.0,12.0
1,138700,INTARIAN_PEPPER_ROOT,,,13142.0,3,SELL,13142.0,13146.0,13144.0,-2.0,0.0,-4.0,False,True,20,3,3,4,-3.0,-1.0,2.0
1,141900,INTARIAN_PEPPER_ROOT,,,13135.0,4,SELL,13135.0,13149.0,13142.0,-7.0,0.0,-14.0,False,False,0,3,3,4,7.0,9.0,13.5
1,142300,INTARIAN_PEPPER_ROOT,,,13146.0,6,SELL,13146.0,13149.0,13147.5,-1.5,0.0,-3.0,False,True,5,5,5,6,-3.0,3.5,1.0
1,148200,INTARIAN_PEPPER_ROOT,,,13141.0,7,SELL,13141.0,13155.0,13148.0,-7.0,0.0,-14.0,False,False,0,7,7,8,8.0,11.0,5.0
1,164100,INTARIAN_PEPPER_ROOT,,,13168.0,5,SELL,13168.0,13174.0,13171.0,-3.0,0.0,-6.0,False,True,50,5,5,6,-5.0,5.0,-0.5
1,164200,INTARIAN_PEPPER_ROOT,,,13160.0,7,BUY,13157.0,13160.0,13158.5,1.5,3.0,0.0,False,False,50,7,7,8,5.0,6.0,9.0
1,170300,INTARIAN_PEPPER_ROOT,,,13177.0,7,BUY,13163.0,13177.0,13170.0,7.0,14.0,0.0,False,True,0,7,7,8,-6.5,-5.0,-2.0
1,170500,INTARIAN_PEPPER_ROOT,,,13174.0,7,SELL,13174.0,,13174.0,0.0,0.0,,False,False,20,7,7,8,-3.0,-1.5,1.5
1,177900,INTARIAN_PEPPER_ROOT,,,13171.0,5,SELL,13171.0,13185.0,13178.0,-7.0,0.0,-14.0,False,False,0,5,5,6,7.0,9.0,12.0
1,191800,INTARIAN_PEPPER_ROOT,,,13185.0,4,SELL,13185.0,13199.0,13192.0,-7.0,0.0,-14.0,False,True,0,3,3,4,5.5,16.0,11.5
1,194900,INTARIAN_PEPPER_ROOT,,,13190.0,6,BUY,13188.0,13190.0,13189.0,1.0,2.0,0.0,False,True,50,5,5,6,5.0,0.0,17.0
1,198600,INTARIAN_PEPPER_ROOT,,,13192.0,5,SELL,13192.0,,13192.0,0.0,0.0,,False,True,0,5,5,6,7.0,8.5,10.0
1,199400,INTARIAN_PEPPER_ROOT,,,13206.0,5,BUY,13192.0,13206.0,13199.0,7.0,14.0,0.0,False,True,5,5,5,6,1.0,-4.5,-3.0
1,204000,INTARIAN_PEPPER_ROOT,,,13211.0,7,BUY,13197.0,13211.0,13204.0,7.0,14.0,0.0,False,True,0,7,7,8,-6.5,0.0,-2.0
1,204600,INTARIAN_PEPPER_ROOT,,,13197.0,5,SELL,13197.0,,13197.0,0.0,0.0,,False,False,0,5,5,6,8.0,9.5,12.5
1,207500,INTARIAN_PEPPER_ROOT,,,13215.0,3,BUY,13200.0,13215.0,13207.5,7.5,15.0,0.0,False,True,0,3,3,4,-7.0,-7.0,-2.5
1,211400,INTARIAN_PEPPER_ROOT,,,13207.0,7,BUY,13204.0,13207.0,13205.5,1.5,3.0,0.0,False,False,50,7,7,8,5.0,-1.0,9.5
1,212100,INTARIAN_PEPPER_ROOT,,,13216.0,4,SELL,13216.0,13223.0,13219.5,-3.5,0.0,-7.0,False,True,20,3,3,4,-5.0,-2.0,3.0
1,215000,INTARIAN_PEPPER_ROOT,,,13222.0,7,BUY,13205.0,13222.0,13213.5,8.5,17.0,0.0,False,True,0,7,7,8,-6.5,-5.0,-4.5
1,217000,INTARIAN_PEPPER_ROOT,,,13224.0,5,BUY,13210.0,13224.0,13217.0,7.0,14.0,0.0,False,True,0,5,5,6,-6.5,-5.0,-2.0
1,217500,INTARIAN_PEPPER_ROOT,,,13225.0,6,BUY,13210.0,13225.0,13217.5,7.5,15.0,0.0,False,True,0,5,5,6,-7.0,-5.5,-2.5
1,220600,INTARIAN_PEPPER_ROOT,,,13216.0,4,BUY,13210.0,13216.0,13213.0,3.0,6.0,0.0,False,False,50,3,3,4,5.0,6.5,9.5
1,220800,INTARIAN_PEPPER_ROOT,,,13224.0,6,SELL,13224.0,13228.0,13226.0,-2.0,0.0,-4.0,False,False,20,5,5,6,-3.0,-1.0,3.5
1,224300,INTARIAN_PEPPER_ROOT,,,13231.0,3,BUY,13217.0,13231.0,13224.0,7.0,14.0,0.0,False,True,0,3,3,4,-8.0,-3.0,-2.0
1,225000,INTARIAN_PEPPER_ROOT,,,13218.0,7,SELL,13218.0,13232.0,13225.0,-7.0,0.0,-14.0,False,False,0,7,7,8,15.0,7.5,10.5
1,234600,INTARIAN_PEPPER_ROOT,,,13242.0,4,BUY,13227.0,13242.0,13234.5,7.5,15.0,0.0,False,True,0,3,3,4,-6.5,-5.5,-4.0
1,237500,INTARIAN_PEPPER_ROOT,,,13245.0,4,BUY,13230.0,13245.0,13237.5,7.5,15.0,0.0,False,True,0,3,3,4,-7.0,-4.0,-2.5
1,239700,INTARIAN_PEPPER_ROOT,,,13247.0,7,BUY,13233.0,13247.0,13240.0,7.0,14.0,0.0,False,True,0,7,7,8,0.0,-7.0,-2.0
1,242000,INTARIAN_PEPPER_ROOT,,,13249.0,7,BUY,13235.0,13249.0,13242.0,7.0,14.0,0.0,False,True,0,7,7,8,-6.5,-12.0,-2.0
1,243500,INTARIAN_PEPPER_ROOT,,,13247.0,4,SELL,13247.0,13251.0,13249.0,-2.0,0.0,-4.0,False,False,20,3,3,4,-10.0,-1.5,1.5
1,248700,INTARIAN_PEPPER_ROOT,,,13242.0,4,SELL,13242.0,13256.0,13249.0,-7.0,0.0,-14.0,False,False,0,3,3,4,14.0,9.0,10.0
1,260100,INTARIAN_PEPPER_ROOT,,,13267.0,5,BUY,13253.0,13267.0,13260.0,7.0,14.0,0.0,False,True,0,5,5,6,-5.0,-3.0,-9.0
1,264100,INTARIAN_PEPPER_ROOT,,,13254.0,7,SELL,13254.0,13271.0,13262.5,-8.5,0.0,-17.0,False,False,0,7,7,8,10.5,12.0,15.0
1,265100,INTARIAN_PEPPER_ROOT,,,13261.0,6,BUY,13255.0,13261.0,13258.0,3.0,6.0,0.0,False,False,50,5,5,6,3.0,6.0,9.5
1,267500,INTARIAN_PEPPER_ROOT,,,13257.0,3,SELL,13257.0,13278.0,13267.5,-10.5,0.0,-21.0,False,False,0,3,3,4,11.0,14.0,15.5
1,270700,INTARIAN_PEPPER_ROOT,,,13278.0,6,BUY,13264.0,13278.0,13271.0,7.0,14.0,0.0,False,True,0,5,5,6,-14.0,-11.0,-2.0
1,274100,INTARIAN_PEPPER_ROOT,,,13270.0,6,BUY,13267.0,13270.0,13268.5,1.5,3.0,0.0,False,False,50,5,5,6,-1.5,6.0,9.0
1,274300,INTARIAN_PEPPER_ROOT,,,13278.0,8,SELL,13278.0,,13278.0,0.0,0.0,,False,False,20,7,7,8,-3.0,-1.5,1.0
1,282600,INTARIAN_PEPPER_ROOT,,,13286.0,6,SELL,13286.0,13290.0,13288.0,-2.0,0.0,-4.0,False,True,20,5,5,6,-3.0,-1.5,1.5
1,294100,INTARIAN_PEPPER_ROOT,,,13301.0,3,BUY,13287.0,13301.0,13294.0,7.0,14.0,0.0,False,True,0,3,3,4,-6.5,-5.0,0.0
1,300000,INTARIAN_PEPPER_ROOT,,,13307.0,7,BUY,13293.0,13307.0,13300.0,7.0,14.0,0.0,False,True,0,7,7,8,-6.5,-5.0,-2.0
1,301400,INTARIAN_PEPPER_ROOT,,,13309.0,7,BUY,13294.0,13309.0,13301.5,7.5,15.0,0.0,False,True,0,7,7,8,-7.0,-5.5,-1.0
1,306000,INTARIAN_PEPPER_ROOT,,,13309.0,5,SELL,13309.0,13313.0,13311.0,-2.0,0.0,-4.0,False,False,20,5,5,6,-2.5,-1.0,2.0
1,311200,INTARIAN_PEPPER_ROOT,,,13304.0,3,SELL,13304.0,13307.0,13305.5,-1.5,0.0,-3.0,False,False,0,3,3,4,13.0,9.0,12.0
1,311700,INTARIAN_PEPPER_ROOT,,,13315.0,6,SELL,13315.0,13319.0,13317.0,-2.0,0.0,-4.0,False,True,20,5,5,6,-10.0,-1.0,3.5
1,314400,INTARIAN_PEPPER_ROOT,,,13322.0,6,BUY,13304.0,13322.0,13313.0,9.0,18.0,0.0,False,True,0,5,5,6,-7.0,-4.0,-2.5
1,323200,INTARIAN_PEPPER_ROOT,,,13327.0,5,SELL,13327.0,13330.0,13328.5,-1.5,0.0,-3.0,False,True,20,5,5,6,-5.0,-2.0,1.0
1,327400,INTARIAN_PEPPER_ROOT,,,13320.0,6,SELL,13320.0,13335.0,13327.5,-7.5,0.0,-15.0,False,False,0,5,5,6,8.0,9.5,14.0
1,327600,INTARIAN_PEPPER_ROOT,,,13338.0,3,BUY,13331.0,13338.0,13334.5,3.5,7.0,0.0,False,True,0,3,3,4,-10.0,-8.5,0.0
1,331500,INTARIAN_PEPPER_ROOT,,,13324.0,3,SELL,13324.0,13342.0,13333.0,-9.0,0.0,-18.0,False,False,0,3,3,4,8.0,9.5,11.0
1,334600,INTARIAN_PEPPER_ROOT,,,13342.0,3,BUY,13327.0,13342.0,13334.5,7.5,15.0,0.0,False,True,0,3,3,4,-6.5,-3.0,-2.5
1,334900,INTARIAN_PEPPER_ROOT,,,13328.0,3,SELL,13328.0,13342.0,13335.0,-7.0,0.0,-14.0,False,False,0,3,3,4,9.0,8.5,13.5
1,335500,INTARIAN_PEPPER_ROOT,,,13343.0,3,BUY,13328.0,13343.0,13335.5,7.5,15.0,0.0,False,True,0,3,3,4,-7.0,-5.5,-4.0
1,336700,INTARIAN_PEPPER_ROOT,,,13344.0,6,BUY,13330.0,13344.0,13337.0,7.0,14.0,0.0,False,True,0,5,5,6,-7.0,-5.0,-2.0
1,337600,INTARIAN_PEPPER_ROOT,,,13330.0,7,SELL,13330.0,13345.0,13337.5,-7.5,0.0,-15.0,False,False,0,7,7,8,8.0,9.5,12.5
1,344000,INTARIAN_PEPPER_ROOT,,,13339.0,3,BUY,13337.0,13339.0,13338.0,1.0,2.0,0.0,False,False,50,3,3,4,7.0,7.0,10.0
1,351100,INTARIAN_PEPPER_ROOT,,,13358.0,4,BUY,13341.0,13358.0,13349.5,8.5,17.0,0.0,False,True,0,3,3,4,-6.5,-6.5,-2.0
1,352100,INTARIAN_PEPPER_ROOT,,,13345.0,7,SELL,13345.0,13359.0,13352.0,-7.0,0.0,-14.0,False,False,0,7,7,8,0.0,9.0,12.0
1,352300,INTARIAN_PEPPER_ROOT,,,13356.0,8,SELL,13356.0,13363.0,13359.5,-3.5,0.0,-7.0,False,False,20,7,7,8,-3.0,-2.0,3.0
1,352700,INTARIAN_PEPPER_ROOT,,,13360.0,6,BUY,13346.0,13360.0,13353.0,7.0,14.0,0.0,False,True,0,5,5,6,-7.0,-5.0,-4.0
1,354200,INTARIAN_PEPPER_ROOT,,,13361.0,6,BUY,13347.0,13361.0,13354.0,7.0,14.0,0.0,False,True,0,5,5,6,-6.0,-5.0,-2.0
1,358200,INTARIAN_PEPPER_ROOT,,,13351.0,3,SELL,13351.0,13365.0,13358.0,-7.0,0.0,-14.0,False,False,0,3,3,4,10.0,11.0,12.0
1,358400,INTARIAN_PEPPER_ROOT,,,13362.0,5,SELL,13362.0,13366.0,13364.0,-2.0,0.0,-4.0,False,True,20,5,5,6,7.0,-3.0,1.5
1,360000,INTARIAN_PEPPER_ROOT,,,13364.0,7,SELL,13364.0,13367.0,13365.5,-1.5,0.0,-3.0,False,True,5,7,7,8,-2.0,0.0,1.0
1,361600,INTARIAN_PEPPER_ROOT,,,13357.0,5,BUY,13354.0,13357.0,13355.5,1.5,3.0,0.0,False,False,50,5,5,6,7.0,5.0,9.5
1,365400,INTARIAN_PEPPER_ROOT,,,13361.0,7,BUY,13355.0,13361.0,13358.0,3.0,6.0,0.0,False,False,50,7,7,8,3.0,5.0,9.5
1,367500,INTARIAN_PEPPER_ROOT,,,13360.0,5,SELL,13360.0,13375.0,13367.5,-7.5,0.0,-15.0,False,False,0,5,5,6,6.0,2.0,12.5
1,371100,INTARIAN_PEPPER_ROOT,,,13378.0,4,BUY,13364.0,13378.0,13371.0,7.0,14.0,0.0,False,True,0,3,3,4,-6.5,-5.0,-2.0
1,371400,INTARIAN_PEPPER_ROOT,,,13364.0,3,SELL,13364.0,13379.0,13371.5,-7.5,0.0,-15.0,False,False,0,3,3,4,8.0,9.5,12.5
1,372300,INTARIAN_PEPPER_ROOT,,,13368.0,6,BUY,13362.0,13368.0,13365.0,3.0,6.0,0.0,False,False,50,5,5,6,5.0,6.0,7.5
1,374800,INTARIAN_PEPPER_ROOT,,,13382.0,3,BUY,13368.0,13382.0,13375.0,7.0,14.0,0.0,False,True,0,3,3,4,-6.5,-5.0,-4.0
1,376700,INTARIAN_PEPPER_ROOT,,,13372.0,7,BUY,13370.0,13372.0,13371.0,1.0,2.0,0.0,False,False,50,7,7,8,5.0,7.0,11.5
1,381000,INTARIAN_PEPPER_ROOT,,,13388.0,3,BUY,13370.0,13388.0,13379.0,9.0,18.0,0.0,False,True,0,3,3,4,-6.5,-5.0,-2.0
1,401000,INTARIAN_PEPPER_ROOT,,,13396.0,8,BUY,13394.0,13396.0,13395.0,1.0,2.0,0.0,False,True,50,7,7,8,9.0,7.0,8.0
1,415400,INTARIAN_PEPPER_ROOT,,,13423.0,6,BUY,13405.0,13423.0,13414.0,9.0,18.0,0.0,False,True,0,5,5,6,-7.0,-5.5,-2.5
1,417300,INTARIAN_PEPPER_ROOT,,,13425.0,5,BUY,13410.0,13425.0,13417.5,7.5,15.0,0.0,False,True,0,5,5,6,-5.5,-7.0,-2.5
1,419200,INTARIAN_PEPPER_ROOT,,,13409.0,6,SELL,13409.0,13426.0,13417.5,-8.5,0.0,-17.0,False,False,0,5,5,6,12.0,12.0,13.5
1,419400,INTARIAN_PEPPER_ROOT,,,13427.0,4,BUY,13412.0,13427.0,13419.5,7.5,15.0,0.0,False,True,0,3,3,4,-7.0,0.0,-13.0
1,420500,INTARIAN_PEPPER_ROOT,,,13410.0,7,SELL,13410.0,13428.0,13419.0,-9.0,0.0,-18.0,False,False,0,7,7,8,11.0,12.5,15.5
1,423500,INTARIAN_PEPPER_ROOT,,,13416.0,6,SELL,13416.0,13434.0,13425.0,-9.0,0.0,-18.0,False,False,0,5,5,6,1.0,9.5,12.5
1,425100,INTARIAN_PEPPER_ROOT,,,13432.0,7,BUY,13418.0,13432.0,13425.0,7.0,14.0,0.0,False,True,0,7,7,8,-6.5,-5.0,-2.0
1,427800,INTARIAN_PEPPER_ROOT,,,13421.0,7,SELL,13421.0,13435.0,13428.0,-7.0,0.0,-14.0,False,False,0,7,7,8,7.5,8.5,13.5
1,432100,INTARIAN_PEPPER_ROOT,,,13428.0,8,SELL,13429.0,13439.0,13434.0,-6.0,-1.0,-11.0,False,False,0,7,7,8,4.5,6.0,7.5
1,436100,INTARIAN_PEPPER_ROOT,,,13440.0,5,SELL,13440.0,13443.0,13441.5,-1.5,0.0,-3.0,False,True,20,5,5,6,-3.5,-2.0,1.0
1,437800,INTARIAN_PEPPER_ROOT,,,13431.0,3,SELL,13431.0,13445.0,13438.0,-7.0,0.0,-14.0,False,False,0,3,3,4,7.5,9.0,12.0
1,441000,INTARIAN_PEPPER_ROOT,,,13434.0,4,SELL,13434.0,13448.0,13441.0,-7.0,0.0,-14.0,False,False,0,3,3,4,7.5,9.0,12.0
1,441300,INTARIAN_PEPPER_ROOT,,,13437.0,5,SELL,13438.0,13449.0,13443.5,-6.5,-1.0,-12.0,False,False,0,5,5,6,3.0,6.5,11.0
1,448000,INTARIAN_PEPPER_ROOT,,,13455.0,5,BUY,13441.0,13455.0,13448.0,7.0,14.0,0.0,False,True,50,5,5,6,-6.5,-5.0,3.5
1,453000,INTARIAN_PEPPER_ROOT,,,13457.0,3,SELL,13457.0,13460.0,13458.5,-1.5,0.0,-3.0,False,True,20,3,3,4,-2.0,-2.0,1.0
1,453800,INTARIAN_PEPPER_ROOT,,,13449.0,7,BUY,13443.0,13449.0,13446.0,3.0,6.0,0.0,False,False,50,7,7,8,5.5,7.0,11.5
1,456300,INTARIAN_PEPPER_ROOT,,,13449.0,6,SELL,13449.0,13464.0,13456.5,-7.5,0.0,-15.0,False,False,0,5,5,6,8.0,9.5,11.0
1,457200,INTARIAN_PEPPER_ROOT,,,13450.0,6,SELL,13450.0,13464.0,13457.0,-7.0,0.0,-14.0,False,False,5,5,5,6,-3.0,11.0,12.5
1,457500,INTARIAN_PEPPER_ROOT,,,13465.0,4,BUY,,13465.0,13465.0,0.0,,0.0,False,True,0,3,3,4,-7.0,-5.5,-2.5
1,458900,INTARIAN_PEPPER_ROOT,,,13466.0,7,BUY,13448.0,13466.0,13457.0,9.0,18.0,0.0,False,True,0,7,7,8,-6.5,-5.0,-9.0
1,459800,INTARIAN_PEPPER_ROOT,,,13453.0,6,SELL,13453.0,13470.0,13461.5,-8.5,0.0,-17.0,False,False,0,5,5,6,7.5,10.5,12.0
1,462100,INTARIAN_PEPPER_ROOT,,,13469.0,5,BUY,13455.0,13469.0,13462.0,7.0,14.0,0.0,False,True,0,5,5,6,-4.5,-5.0,-2.0
1,464500,INTARIAN_PEPPER_ROOT,,,13472.0,3,BUY,13457.0,13472.0,13464.5,7.5,15.0,0.0,False,True,0,3,3,4,-5.0,-5.5,-2.5
1,466000,INTARIAN_PEPPER_ROOT,,,13461.0,3,BUY,13459.0,13461.0,13460.0,1.0,2.0,0.0,False,False,50,3,3,4,5.5,7.0,10.0
1,467500,INTARIAN_PEPPER_ROOT,,,13460.0,3,SELL,13460.0,13478.0,13469.0,-9.0,0.0,-18.0,False,False,0,3,3,4,8.0,9.5,14.0
1,469200,INTARIAN_PEPPER_ROOT,,,13462.0,6,SELL,13462.0,13476.0,13469.0,-7.0,0.0,-14.0,False,False,0,5,5,6,7.5,9.0,2.0
1,473000,INTARIAN_PEPPER_ROOT,,,13477.0,4,SELL,13477.0,13480.0,13478.5,-1.5,0.0,-3.0,False,True,20,3,3,4,-3.5,-2.0,1.0
1,473800,INTARIAN_PEPPER_ROOT,,,13467.0,5,SELL,13467.0,13481.0,13474.0,-7.0,0.0,-14.0,False,False,0,5,5,6,7.5,10.5,13.5
1,474000,INTARIAN_PEPPER_ROOT,,,13478.0,5,SELL,13478.0,13485.0,13481.5,-3.5,0.0,-7.0,False,True,20,5,5,6,-5.0,-2.0,1.0
1,477800,INTARIAN_PEPPER_ROOT,,,13485.0,5,BUY,13471.0,13485.0,13478.0,7.0,14.0,0.0,False,True,0,5,5,6,-6.5,-5.0,-2.0
1,480500,INTARIAN_PEPPER_ROOT,,,13476.0,3,BUY,13473.0,13476.0,13474.5,1.5,3.0,0.0,False,False,50,3,3,4,-2.0,8.0,9.5
1,482300,INTARIAN_PEPPER_ROOT,,,13475.0,5,SELL,13475.0,13490.0,13482.5,-7.5,0.0,-15.0,False,False,0,5,5,6,8.0,9.5,14.0
1,486200,INTARIAN_PEPPER_ROOT,,,13490.0,8,SELL,13490.0,13493.0,13491.5,-1.5,0.0,-3.0,False,True,20,7,7,8,-11.0,-2.0,3.0
1,486700,INTARIAN_PEPPER_ROOT,,,13482.0,8,BUY,13476.0,13482.0,13479.0,3.0,6.0,0.0,False,False,50,7,7,8,5.5,6.5,11.0
1,489600,INTARIAN_PEPPER_ROOT,,,13482.0,3,SELL,13482.0,13497.0,13489.5,-7.5,0.0,-15.0,False,False,0,3,3,4,8.0,9.5,20.0
1,490500,INTARIAN_PEPPER_ROOT,,,13483.0,5,SELL,13483.0,13498.0,13490.5,-7.5,0.0,-15.0,False,False,0,5,5,6,10.0,9.5,11.0
1,494000,INTARIAN_PEPPER_ROOT,,,13483.0,4,SELL,13483.0,13501.0,13492.0,-9.0,0.0,-18.0,False,False,0,3,3,4,11.5,13.0,16.0
1,496000,INTARIAN_PEPPER_ROOT,,,13489.0,4,SELL,13489.0,13503.0,13496.0,-7.0,0.0,-14.0,False,False,0,3,3,4,7.5,11.0,12.0
1,500000,INTARIAN_PEPPER_ROOT,,,13504.0,3,SELL,13504.0,13511.0,13507.5,-3.5,0.0,-7.0,False,True,20,3,3,4,-3.5,-2.0,1.0
1,501300,INTARIAN_PEPPER_ROOT,,,13505.0,7,SELL,13505.0,13509.0,13507.0,-2.0,0.0,-4.0,False,True,20,7,7,8,-3.0,-3.0,1.5
1,503500,INTARIAN_PEPPER_ROOT,,,13496.0,6,SELL,13496.0,13511.0,13503.5,-7.5,0.0,-15.0,False,False,0,5,5,6,5.5,8.0,12.5
1,508000,INTARIAN_PEPPER_ROOT,,,13501.0,3,SELL,13501.0,13519.0,13510.0,-9.0,0.0,-18.0,False,False,0,3,3,4,7.5,11.0,12.0
1,509900,INTARIAN_PEPPER_ROOT,,,13499.0,7,SELL,13499.0,13517.0,13508.0,-9.0,0.0,-18.0,False,False,0,7,7,8,10.0,13.0,9.0
1,513000,INTARIAN_PEPPER_ROOT,,,13520.0,5,BUY,13506.0,13520.0,13513.0,7.0,14.0,0.0,False,True,0,5,5,6,-6.5,-5.0,-2.0
1,519400,INTARIAN_PEPPER_ROOT,,,13527.0,7,BUY,13512.0,13527.0,13519.5,7.5,15.0,0.0,False,True,0,7,7,8,-7.0,-4.0,-2.5
1,520900,INTARIAN_PEPPER_ROOT,,,13510.0,5,SELL,13510.0,13528.0,13519.0,-9.0,0.0,-18.0,False,False,0,5,5,6,13.0,13.0,18.0
1,521800,INTARIAN_PEPPER_ROOT,,,13515.0,5,SELL,13515.0,13529.0,13522.0,-7.0,0.0,-14.0,False,False,0,5,5,6,7.5,10.5,12.0
1,531800,INTARIAN_PEPPER_ROOT,,,13525.0,4,SELL,13525.0,13539.0,13532.0,-7.0,0.0,-14.0,False,False,0,3,3,4,7.5,9.0,12.0
1,536900,INTARIAN_PEPPER_ROOT,,,13544.0,3,BUY,13530.0,13544.0,13537.0,7.0,14.0,0.0,False,True,50,3,3,4,-6.5,-5.0,5.0
1,540100,INTARIAN_PEPPER_ROOT,,,13533.0,6,SELL,13533.0,13547.0,13540.0,-7.0,0.0,-14.0,False,False,0,5,5,6,7.5,9.0,12.0
1,545300,INTARIAN_PEPPER_ROOT,,,13553.0,7,BUY,13535.0,13553.0,13544.0,9.0,18.0,0.0,False,True,0,7,7,8,-7.0,-13.0,-2.5
1,556200,INTARIAN_PEPPER_ROOT,,,13549.0,3,SELL,13549.0,13563.0,13556.0,-7.0,0.0,-14.0,False,False,0,3,3,4,1.5,9.0,12.0
1,556700,INTARIAN_PEPPER_ROOT,,,13552.0,8,BUY,13549.0,13552.0,13550.5,1.5,3.0,0.0,False,False,50,7,7,8,5.0,8.0,9.5
1,557000,INTARIAN_PEPPER_ROOT,,,13564.0,3,BUY,13550.0,13564.0,13557.0,7.0,14.0,0.0,False,True,0,3,3,4,-6.5,-7.0,-2.0
1,561300,INTARIAN_PEPPER_ROOT,,,13557.0,3,BUY,13554.0,13557.0,13555.5,1.5,3.0,0.0,False,False,50,3,3,4,6.5,8.0,16.5
1,564900,INTARIAN_PEPPER_ROOT,,,13560.0,6,BUY,13554.0,13560.0,13557.0,3.0,6.0,0.0,False,False,50,5,5,6,5.5,9.0,10.0
1,566100,INTARIAN_PEPPER_ROOT,,,13562.0,3,BUY,13559.0,13562.0,13560.5,1.5,3.0,0.0,False,False,50,3,3,4,4.5,8.0,11.0
1,566900,INTARIAN_PEPPER_ROOT,,,13560.0,3,SELL,13560.0,13578.0,13569.0,-9.0,0.0,-18.0,False,False,0,3,3,4,6.0,9.0,10.0
1,570200,INTARIAN_PEPPER_ROOT,,,13577.0,5,BUY,13563.0,13577.0,13570.0,7.0,14.0,0.0,False,True,0,5,5,6,-6.5,-6.5,-9.0
1,576600,INTARIAN_PEPPER_ROOT,,,13584.0,5,BUY,13569.0,13584.0,13576.5,7.5,15.0,0.0,False,True,0,5,5,6,-9.0,-4.0,-2.5
1,579800,INTARIAN_PEPPER_ROOT,,,13587.0,7,BUY,13573.0,13587.0,13580.0,7.0,14.0,0.0,False,True,0,7,7,8,-6.5,-5.0,-2.0
1,580300,INTARIAN_PEPPER_ROOT,,,13573.0,7,SELL,13573.0,13588.0,13580.5,-7.5,0.0,-15.0,False,False,0,7,7,8,8.0,9.5,12.5
1,582300,INTARIAN_PEPPER_ROOT,,,13572.0,5,SELL,13572.0,13593.0,13582.5,-10.5,0.0,-21.0,False,False,0,5,5,6,11.0,14.0,15.5
1,584400,INTARIAN_PEPPER_ROOT,,,13595.0,4,BUY,13577.0,13595.0,13586.0,9.0,18.0,0.0,False,True,0,3,3,4,-3.0,-10.0,-5.5
1,585300,INTARIAN_PEPPER_ROOT,,,13578.0,5,SELL,13578.0,13593.0,13585.5,-7.5,0.0,-15.0,False,False,0,5,5,6,8.0,9.5,14.0
1,590400,INTARIAN_PEPPER_ROOT,,,13601.0,3,BUY,13583.0,13601.0,13592.0,9.0,18.0,0.0,False,True,0,3,3,4,-17.0,-8.5,-5.5
1,592000,INTARIAN_PEPPER_ROOT,,,13596.0,6,SELL,13596.0,13599.0,13597.5,-1.5,0.0,-3.0,False,False,20,5,5,6,4.0,-2.0,1.0
1,593800,INTARIAN_PEPPER_ROOT,,,13601.0,3,BUY,13587.0,13601.0,13594.0,7.0,14.0,0.0,False,False,0,3,3,4,-6.5,-5.0,-0.5
1,600500,INTARIAN_PEPPER_ROOT,,,13593.0,6,SELL,13593.0,13608.0,13600.5,-7.5,0.0,-15.0,False,False,0,5,5,6,8.0,9.5,12.5
1,605900,INTARIAN_PEPPER_ROOT,,,13599.0,3,SELL,13599.0,13617.0,13608.0,-9.0,0.0,-18.0,False,False,0,3,3,4,7.5,9.0,12.0
1,610500,INTARIAN_PEPPER_ROOT,,,13603.0,5,SELL,13603.0,13618.0,13610.5,-7.5,0.0,-15.0,False,True,0,5,5,6,8.0,9.5,12.5
1,612300,INTARIAN_PEPPER_ROOT,,,13608.0,8,BUY,13602.0,13608.0,13605.0,3.0,6.0,0.0,False,True,50,7,7,8,4.5,6.5,9.5
1,623400,INTARIAN_PEPPER_ROOT,,,13631.0,6,BUY,13616.0,13631.0,13623.5,7.5,15.0,0.0,False,True,0,5,5,6,-7.0,-4.0,-4.0
1,629200,INTARIAN_PEPPER_ROOT,,,13622.0,4,SELL,13622.0,13625.0,13623.5,-1.5,0.0,-3.0,False,False,0,3,3,4,7.5,7.5,12.5
1,631100,INTARIAN_PEPPER_ROOT,,,13624.0,6,SELL,13624.0,13638.0,13631.0,-7.0,0.0,-14.0,False,False,0,5,5,6,7.5,7.0,10.0
1,634500,INTARIAN_PEPPER_ROOT,,,13642.0,6,BUY,13624.0,13642.0,13633.0,9.0,18.0,0.0,False,True,0,5,5,6,-7.0,-5.5,-2.5
1,636500,INTARIAN_PEPPER_ROOT,,,13629.0,5,SELL,13629.0,13644.0,13636.5,-7.5,0.0,-15.0,False,False,0,5,5,6,8.0,8.0,18.0
1,637100,INTARIAN_PEPPER_ROOT,,,13644.0,6,BUY,13630.0,13644.0,13637.0,7.0,14.0,0.0,False,True,0,5,5,6,-6.5,-16.0,-4.0
1,639300,INTARIAN_PEPPER_ROOT,,,13632.0,3,SELL,13632.0,13647.0,13639.5,-7.5,0.0,-15.0,False,False,0,3,3,4,7.5,9.5,12.5
1,640000,INTARIAN_PEPPER_ROOT,,,13633.0,4,SELL,13633.0,13647.0,13640.0,-7.0,0.0,-14.0,False,False,0,3,3,4,18.0,9.0,16.0
1,640200,INTARIAN_PEPPER_ROOT,,,13648.0,6,BUY,13633.0,13648.0,13640.5,7.5,15.0,0.0,False,True,0,5,5,6,-7.5,-5.5,-1.0
1,641500,INTARIAN_PEPPER_ROOT,,,13645.0,5,SELL,13645.0,13649.0,13647.0,-2.0,0.0,-4.0,False,False,20,5,5,6,-3.0,-1.5,3.0
1,642300,INTARIAN_PEPPER_ROOT,,,13650.0,4,BUY,13632.0,13650.0,13641.0,9.0,18.0,0.0,False,True,0,3,3,4,-7.5,-5.5,-2.5
1,643100,INTARIAN_PEPPER_ROOT,,,13632.0,5,SELL,13632.0,13654.0,13643.0,-11.0,0.0,-22.0,False,False,0,5,5,6,11.5,13.0,16.0
1,646000,INTARIAN_PEPPER_ROOT,,,13657.0,4,BUY,13639.0,13657.0,13648.0,9.0,18.0,0.0,False,True,0,3,3,4,-9.0,-9.0,-6.0
1,656600,INTARIAN_PEPPER_ROOT,,,13667.0,6,BUY,13649.0,13667.0,13658.0,9.0,18.0,0.0,False,True,0,5,5,6,-12.0,-8.5,-5.5
1,660600,INTARIAN_PEPPER_ROOT,,,13653.0,3,SELL,13653.0,13668.0,13660.5,-7.5,0.0,-15.0,False,False,0,3,3,4,8.0,16.5,12.5
1,662600,INTARIAN_PEPPER_ROOT,,,13666.0,6,SELL,13666.0,13673.0,13669.5,-3.5,0.0,-7.0,False,False,20,5,5,6,-5.0,-1.5,1.5
1,668400,INTARIAN_PEPPER_ROOT,,,13676.0,4,BUY,13661.0,13676.0,13668.5,7.5,15.0,0.0,False,True,0,3,3,4,-7.0,-4.0,-4.0
1,670000,INTARIAN_PEPPER_ROOT,,,13677.0,7,BUY,,13677.0,13677.0,0.0,,0.0,False,True,0,7,7,8,-6.5,-5.0,-2.0
1,672400,INTARIAN_PEPPER_ROOT,,,13665.0,3,SELL,13665.0,13680.0,13672.5,-7.5,0.0,-15.0,False,False,0,3,3,4,8.0,8.0,12.5
1,673600,INTARIAN_PEPPER_ROOT,,,13677.0,6,SELL,13677.0,13681.0,13679.0,-2.0,0.0,-4.0,False,False,5,5,5,6,-3.0,4.0,3.5
1,677700,INTARIAN_PEPPER_ROOT,,,13670.0,4,SELL,13670.0,13685.0,13677.5,-7.5,0.0,-15.0,False,False,0,3,3,4,8.5,11.0,14.0
1,678000,INTARIAN_PEPPER_ROOT,,,13671.0,3,SELL,13671.0,13685.0,13678.0,-7.0,0.0,-14.0,False,False,0,3,3,4,6.0,9.0,12.0
1,681900,INTARIAN_PEPPER_ROOT,,,13689.0,7,BUY,13675.0,13689.0,13682.0,7.0,14.0,0.0,False,True,20,7,7,8,-5.0,0.5,-4.0
1,683100,INTARIAN_PEPPER_ROOT,,,13690.0,4,BUY,13672.0,13690.0,13681.0,9.0,18.0,0.0,False,True,0,3,3,4,-6.5,-5.0,-2.0
1,687500,INTARIAN_PEPPER_ROOT,,,13680.0,4,SELL,13680.0,13695.0,13687.5,-7.5,0.0,-15.0,False,False,0,3,3,4,10.0,9.5,12.5
1,687700,INTARIAN_PEPPER_ROOT,,,13683.0,7,BUY,13680.0,13683.0,13681.5,1.5,3.0,0.0,False,False,50,7,7,8,7.0,8.0,11.0
1,688200,INTARIAN_PEPPER_ROOT,,,13699.0,3,BUY,13681.0,13699.0,13690.0,9.0,18.0,0.0,False,True,0,3,3,4,-10.5,-8.5,-13.0
1,690100,INTARIAN_PEPPER_ROOT,,,13697.0,6,BUY,13683.0,13697.0,13690.0,7.0,14.0,0.0,False,False,20,5,5,6,-1.0,0.5,-2.0
1,690400,INTARIAN_PEPPER_ROOT,,,13683.0,3,SELL,13683.0,13701.0,13692.0,-9.0,0.0,-18.0,False,False,0,3,3,4,8.0,9.5,20.0
1,690500,INTARIAN_PEPPER_ROOT,,,13698.0,3,BUY,13680.0,13698.0,13689.0,9.0,18.0,0.0,False,False,0,3,3,4,-5.0,-5.5,-10.0
1,690600,INTARIAN_PEPPER_ROOT,,,13694.0,5,SELL,13694.0,13698.0,13696.0,-2.0,0.0,-4.0,False,False,20,5,5,6,-3.0,-1.5,1.5
1,691800,INTARIAN_PEPPER_ROOT,,,13684.0,7,SELL,13684.0,13703.0,13693.5,-9.5,0.0,-19.0,False,False,0,7,7,8,8.5,9.5,12.5
1,692200,INTARIAN_PEPPER_ROOT,,,13681.0,4,SELL,13681.0,13703.0,13692.0,-11.0,0.0,-22.0,False,False,0,3,3,4,13.0,6.0,16.5
1,701000,INTARIAN_PEPPER_ROOT,,,13696.0,4,BUY,13694.0,13696.0,13695.0,1.0,2.0,0.0,False,False,50,3,3,4,5.5,7.0,10.0
1,702100,INTARIAN_PEPPER_ROOT,,,13709.0,7,BUY,13706.0,13709.0,13707.5,1.5,3.0,0.0,False,True,0,7,7,8,-14.0,-5.0,-2.0
1,703000,INTARIAN_PEPPER_ROOT,,,13696.0,5,SELL,13696.0,13710.0,13703.0,-7.0,0.0,-14.0,False,False,0,5,5,6,7.5,7.0,23.0
1,708800,INTARIAN_PEPPER_ROOT,,,13716.0,4,BUY,13701.0,13716.0,13708.5,7.5,15.0,0.0,False,True,0,3,3,4,-5.0,-5.5,-10.0
1,717400,INTARIAN_PEPPER_ROOT,,,13725.0,4,BUY,13710.0,13725.0,13717.5,7.5,15.0,0.0,False,True,0,3,3,4,-7.0,-7.0,-2.5
1,722300,INTARIAN_PEPPER_ROOT,,,13726.0,4,SELL,13726.0,13730.0,13728.0,-2.0,0.0,-4.0,False,True,5,3,3,4,-3.5,0.0,1.5
1,724700,INTARIAN_PEPPER_ROOT,,,13732.0,4,BUY,,13732.0,13732.0,0.0,,0.0,False,True,0,3,3,4,-6.5,-5.5,-1.0
1,727400,INTARIAN_PEPPER_ROOT,,,13735.0,6,BUY,13717.0,13735.0,13726.0,9.0,18.0,0.0,False,True,0,5,5,6,-5.0,-5.5,-1.0
1,727600,INTARIAN_PEPPER_ROOT,,,13735.0,3,BUY,13720.0,13735.0,13727.5,7.5,15.0,0.0,False,False,0,3,3,4,-7.0,-5.5,-2.5
1,728600,INTARIAN_PEPPER_ROOT,,,13721.0,5,SELL,13721.0,13736.0,13728.5,-7.5,0.0,-15.0,False,False,0,5,5,6,10.0,17.0,12.5
1,733700,INTARIAN_PEPPER_ROOT,,,13741.0,3,BUY,13726.0,13741.0,13733.5,7.5,15.0,0.0,False,True,0,3,3,4,-14.0,-3.5,-2.5
1,737500,INTARIAN_PEPPER_ROOT,,,13741.0,3,SELL,13741.0,13745.0,13743.0,-2.0,0.0,-4.0,False,False,20,3,3,4,-9.0,-3.0,3.0
1,742000,INTARIAN_PEPPER_ROOT,,,13737.0,8,BUY,13735.0,13737.0,13736.0,1.0,2.0,0.0,False,False,50,7,7,8,7.0,7.0,10.0
1,753100,INTARIAN_PEPPER_ROOT,,,13764.0,7,BUY,13742.0,13764.0,13753.0,11.0,22.0,0.0,False,True,0,7,7,8,-10.5,-16.0,-12.0
1,755700,INTARIAN_PEPPER_ROOT,,,13748.0,7,SELL,13748.0,13763.0,13755.5,-7.5,0.0,-15.0,False,False,0,7,7,8,10.0,11.5,12.5
1,755900,INTARIAN_PEPPER_ROOT,,,13763.0,3,BUY,13749.0,13763.0,13756.0,7.0,14.0,0.0,False,False,0,3,3,4,-6.5,-5.0,0.0
1,763200,INTARIAN_PEPPER_ROOT,,,13774.0,4,BUY,13756.0,13774.0,13765.0,9.0,18.0,0.0,False,True,0,3,3,4,-10.5,-8.5,-5.5
1,763800,INTARIAN_PEPPER_ROOT,,,13771.0,6,BUY,13756.0,13771.0,13763.5,7.5,15.0,0.0,False,False,0,5,5,6,-5.0,-5.5,-2.5
1,764500,INTARIAN_PEPPER_ROOT,,,13757.0,5,SELL,13757.0,13772.0,13764.5,-7.5,0.0,-15.0,False,False,0,5,5,6,8.0,9.5,12.5
1,766000,INTARIAN_PEPPER_ROOT,,,13770.0,4,SELL,13770.0,13773.0,13771.5,-1.5,0.0,-3.0,False,False,20,3,3,4,-3.5,-2.0,3.0
1,770300,INTARIAN_PEPPER_ROOT,,,13763.0,4,SELL,13763.0,,13763.0,0.0,0.0,,False,False,0,3,3,4,7.5,7.5,12.5
1,771800,INTARIAN_PEPPER_ROOT,,,13775.0,6,SELL,13775.0,13779.0,13777.0,-2.0,0.0,-4.0,False,True,20,5,5,6,-4.5,-7.5,1.5
1,775500,INTARIAN_PEPPER_ROOT,,,13779.0,7,SELL,13779.0,13783.0,13781.0,-2.0,0.0,-4.0,False,True,20,7,7,8,-1.0,-1.5,0.0
1,777200,INTARIAN_PEPPER_ROOT,,,13770.0,5,SELL,13770.0,13785.0,13777.5,-7.5,0.0,-15.0,False,False,0,5,5,6,7.5,9.5,23.0
1,781100,INTARIAN_PEPPER_ROOT,,,13785.0,7,SELL,13785.0,13788.0,13786.5,-1.5,0.0,-3.0,False,True,5,7,7,8,-3.5,0.0,1.0
1,783500,INTARIAN_PEPPER_ROOT,,,13776.0,4,SELL,13776.0,13791.0,13783.5,-7.5,0.0,-15.0,False,False,0,3,3,4,6.0,9.5,14.0
1,785300,INTARIAN_PEPPER_ROOT,,,13774.0,3,SELL,13774.0,13793.0,13783.5,-9.5,0.0,-19.0,False,False,0,3,3,4,13.5,15.0,16.5
1,787000,INTARIAN_PEPPER_ROOT,,,13791.0,6,SELL,13791.0,13794.0,13792.5,-1.5,0.0,-3.0,False,True,20,5,5,6,-3.5,-9.0,8.0
1,787500,INTARIAN_PEPPER_ROOT,,,13780.0,4,SELL,13780.0,13795.0,13787.5,-7.5,0.0,-15.0,False,False,0,3,3,4,6.0,9.5,12.5
1,791700,INTARIAN_PEPPER_ROOT,,,13787.0,6,BUY,,13787.0,13787.0,0.0,,0.0,False,False,50,5,5,6,5.5,6.5,11.5
1,793900,INTARIAN_PEPPER_ROOT,,,13801.0,4,BUY,13787.0,13801.0,13794.0,7.0,14.0,0.0,False,True,0,3,3,4,-6.5,-3.0,-2.0
1,796100,INTARIAN_PEPPER_ROOT,,,13800.0,5,SELL,13800.0,13803.0,13801.5,-1.5,0.0,-3.0,False,False,20,5,5,6,3.5,-4.0,3.0
1,796500,INTARIAN_PEPPER_ROOT,,,13789.0,5,SELL,13789.0,13804.0,13796.5,-7.5,0.0,-15.0,False,False,0,5,5,6,6.0,9.5,14.0
1,796600,INTARIAN_PEPPER_ROOT,,,13800.0,7,SELL,13800.0,13807.0,13803.5,-3.5,0.0,-7.0,False,False,20,7,7,8,-3.0,-3.0,1.5
1,798600,INTARIAN_PEPPER_ROOT,,,13806.0,5,BUY,13788.0,13806.0,13797.0,9.0,18.0,0.0,False,True,0,5,5,6,-7.0,-13.0,-2.5
1,806300,INTARIAN_PEPPER_ROOT,,,13795.0,7,SELL,13795.0,13814.0,13804.5,-9.5,0.0,-19.0,False,False,0,7,7,8,11.5,11.5,18.0
1,806400,INTARIAN_PEPPER_ROOT,,,13817.0,3,BUY,13799.0,13817.0,13808.0,9.0,18.0,0.0,False,True,0,3,3,4,-12.0,-1.0,-5.5
1,811900,INTARIAN_PEPPER_ROOT,,,13804.0,6,SELL,13804.0,13819.0,13811.5,-7.5,0.0,-15.0,False,False,0,5,5,6,8.5,9.5,12.5
1,813200,INTARIAN_PEPPER_ROOT,,,13806.0,3,SELL,13806.0,13821.0,13813.5,-7.5,0.0,-15.0,False,False,0,3,3,4,7.5,11.0,12.5
1,815900,INTARIAN_PEPPER_ROOT,,,13820.0,3,SELL,13820.0,13823.0,13821.5,-1.5,0.0,-3.0,False,True,20,3,3,4,-3.5,-2.5,0.5
1,825200,INTARIAN_PEPPER_ROOT,,,13829.0,4,SELL,13829.0,13833.0,13831.0,-2.0,0.0,-4.0,False,True,50,3,3,4,4.0,9.0,-0.5
1,825700,INTARIAN_PEPPER_ROOT,,,13829.0,6,SELL,13829.0,13837.0,13833.0,-4.0,0.0,-8.0,False,False,20,5,5,6,-2.5,-1.5,0.0
1,829800,INTARIAN_PEPPER_ROOT,,,13833.0,7,SELL,13833.0,13837.0,13835.0,-2.0,0.0,-4.0,False,True,20,7,7,8,-2.5,-1.5,1.5
1,833300,INTARIAN_PEPPER_ROOT,,,13822.0,7,SELL,13822.0,13841.0,13831.5,-9.5,0.0,-19.0,False,False,0,7,7,8,1.0,15.0,14.5
1,833400,INTARIAN_PEPPER_ROOT,,,13826.0,3,SELL,13826.0,13841.0,13833.5,-7.5,0.0,-15.0,False,False,0,3,3,4,7.5,8.0,12.5
1,837300,INTARIAN_PEPPER_ROOT,,,13845.0,3,BUY,13830.0,13845.0,13837.5,7.5,15.0,0.0,False,True,0,3,3,4,-7.5,-5.5,-1.0
1,839500,INTARIAN_PEPPER_ROOT,,,13847.0,6,BUY,13832.0,13847.0,13839.5,7.5,15.0,0.0,False,True,0,5,5,6,-9.0,-5.5,-1.0
1,840900,INTARIAN_PEPPER_ROOT,,,13836.0,8,BUY,13833.0,13836.0,13834.5,1.5,3.0,0.0,False,False,50,7,7,8,7.0,6.5,9.5
1,842900,INTARIAN_PEPPER_ROOT,,,13835.0,3,SELL,13835.0,13850.0,13842.5,-7.5,0.0,-15.0,False,False,0,3,3,4,8.5,9.5,12.5
1,844300,INTARIAN_PEPPER_ROOT,,,13848.0,7,SELL,13848.0,13852.0,13850.0,-2.0,0.0,-4.0,False,True,20,7,7,8,-11.0,-1.5,3.0
1,844800,INTARIAN_PEPPER_ROOT,,,13840.0,5,BUY,13834.0,13840.0,13837.0,3.0,6.0,0.0,False,False,50,5,5,6,5.5,5.0,9.5
1,845400,INTARIAN_PEPPER_ROOT,,,13841.0,7,BUY,13838.0,13841.0,13839.5,1.5,3.0,0.0,False,False,50,7,7,8,4.5,6.5,9.5
1,846200,INTARIAN_PEPPER_ROOT,,,13839.0,4,SELL,13839.0,13854.0,13846.5,-7.5,0.0,-15.0,False,False,0,3,3,4,7.5,9.5,12.5
1,846700,INTARIAN_PEPPER_ROOT,,,13854.0,6,BUY,13839.0,13854.0,13846.5,7.5,15.0,0.0,False,True,0,5,5,6,-8.5,-7.0,-4.0
1,847200,INTARIAN_PEPPER_ROOT,,,13855.0,5,BUY,13836.0,13855.0,13845.5,9.5,19.0,0.0,False,True,0,5,5,6,-7.5,-5.5,-2.5
1,854300,INTARIAN_PEPPER_ROOT,,,13862.0,3,BUY,13847.0,13862.0,13854.5,7.5,15.0,0.0,False,True,0,3,3,4,-9.0,-5.5,-4.5
1,857700,INTARIAN_PEPPER_ROOT,,,13850.0,4,SELL,13850.0,13865.0,13857.5,-7.5,0.0,-15.0,False,False,0,3,3,4,10.0,8.0,12.5
1,858500,INTARIAN_PEPPER_ROOT,,,13851.0,6,SELL,13851.0,13866.0,13858.5,-7.5,0.0,-15.0,False,False,0,5,5,6,8.0,8.0,12.5
1,861900,INTARIAN_PEPPER_ROOT,,,13854.0,7,SELL,13854.0,13869.0,13861.5,-7.5,0.0,-15.0,False,False,0,7,7,8,7.0,9.5,13.0
1,870000,INTARIAN_PEPPER_ROOT,,,13877.0,7,BUY,13863.0,13877.0,13870.0,7.0,14.0,0.0,False,True,0,7,7,8,-6.5,-5.0,-2.0
1,875800,INTARIAN_PEPPER_ROOT,,,13868.0,3,SELL,13868.0,13883.0,13875.5,-7.5,0.0,-15.0,False,False,0,3,3,4,10.0,9.5,12.5
1,878000,INTARIAN_PEPPER_ROOT,,,13873.0,4,BUY,13867.0,13873.0,13870.0,3.0,6.0,0.0,False,False,50,3,3,4,5.5,9.0,8.0
1,881200,INTARIAN_PEPPER_ROOT,,,13885.0,4,SELL,13885.0,13889.0,13887.0,-2.0,0.0,-4.0,False,True,50,3,3,4,-1.5,-3.5,-0.5
1,883700,INTARIAN_PEPPER_ROOT,,,13876.0,5,SELL,13876.0,13891.0,13883.5,-7.5,0.0,-15.0,False,False,0,5,5,6,8.5,9.5,5.0
1,886000,INTARIAN_PEPPER_ROOT,,,13890.0,3,SELL,13890.0,13893.0,13891.5,-1.5,0.0,-3.0,False,True,5,3,3,4,-5.0,0.0,1.0
1,887000,INTARIAN_PEPPER_ROOT,,,13891.0,4,SELL,13891.0,13894.0,13892.5,-1.5,0.0,-3.0,False,True,50,3,3,4,-5.0,-2.0,-1.0
1,887900,INTARIAN_PEPPER_ROOT,,,13880.0,4,SELL,13880.0,13895.0,13887.5,-7.5,0.0,-15.0,False,False,0,3,3,4,10.0,3.5,17.0
1,889300,INTARIAN_PEPPER_ROOT,,,13897.0,4,BUY,13882.0,13897.0,13889.5,7.5,15.0,0.0,False,True,0,3,3,4,-5.5,-5.5,-2.5
1,891200,INTARIAN_PEPPER_ROOT,,,13899.0,7,BUY,13884.0,13899.0,13891.5,7.5,15.0,0.0,False,True,20,7,7,8,-7.5,2.0,-2.5
1,898100,INTARIAN_PEPPER_ROOT,,,13893.0,8,BUY,13891.0,13893.0,13892.0,1.0,2.0,0.0,False,False,50,7,7,8,3.0,7.5,8.5
1,899500,INTARIAN_PEPPER_ROOT,,,13907.0,6,BUY,13892.0,13907.0,13899.5,7.5,15.0,0.0,False,True,20,5,5,6,0.0,2.0,-4.0
1,907600,INTARIAN_PEPPER_ROOT,,,13915.0,6,BUY,13900.0,13915.0,13907.5,7.5,15.0,0.0,False,True,0,5,5,6,-5.0,-5.5,-2.5
1,907700,INTARIAN_PEPPER_ROOT,,,13919.0,7,BUY,13900.0,13919.0,13909.5,9.5,19.0,0.0,False,True,0,7,7,8,-10.5,-17.0,-6.5
1,911000,INTARIAN_PEPPER_ROOT,,,13904.0,5,SELL,13904.0,13918.0,13911.0,-7.0,0.0,-14.0,False,False,0,5,5,6,6.0,7.0,12.0
1,912600,INTARIAN_PEPPER_ROOT,,,13920.0,7,BUY,13905.0,13920.0,13912.5,7.5,15.0,0.0,False,True,0,7,7,8,-6.5,0.0,-2.5
1,914900,INTARIAN_PEPPER_ROOT,,,13926.0,5,BUY,13904.0,13926.0,13915.0,11.0,22.0,0.0,False,True,0,5,5,6,-10.5,-9.5,-6.5
1,918600,INTARIAN_PEPPER_ROOT,,,13926.0,7,BUY,13908.0,13926.0,13917.0,9.0,18.0,0.0,False,False,20,7,7,8,-6.5,2.0,-2.5
1,920500,INTARIAN_PEPPER_ROOT,,,13928.0,4,BUY,13913.0,13928.0,13920.5,7.5,15.0,0.0,False,True,0,3,3,4,-7.0,-4.0,-2.5
1,921100,INTARIAN_PEPPER_ROOT,,,13929.0,5,BUY,13914.0,13929.0,13921.5,7.5,15.0,0.0,False,True,20,5,5,6,-7.5,2.0,-3.0
1,922700,INTARIAN_PEPPER_ROOT,,,13930.0,3,BUY,13915.0,13930.0,13922.5,7.5,15.0,0.0,False,True,0,3,3,4,-6.5,-7.0,-2.5
1,922800,INTARIAN_PEPPER_ROOT,,,13915.0,7,SELL,13915.0,13930.0,13922.5,-7.5,0.0,-15.0,False,False,0,7,7,8,10.0,9.5,12.5
1,927200,INTARIAN_PEPPER_ROOT,,,13931.0,3,SELL,13931.0,13935.0,13933.0,-2.0,0.0,-4.0,False,True,20,3,3,4,-3.5,-1.5,1.5
1,929900,INTARIAN_PEPPER_ROOT,,,13934.0,7,SELL,13934.0,13937.0,13935.5,-1.5,0.0,-3.0,False,True,20,7,7,8,-3.5,-2.5,0.5
1,933700,INTARIAN_PEPPER_ROOT,,,13941.0,6,BUY,,13941.0,13941.0,0.0,,0.0,False,True,0,5,5,6,-6.5,-5.5,-2.5
1,936600,INTARIAN_PEPPER_ROOT,,,13932.0,8,BUY,13926.0,13932.0,13929.0,3.0,6.0,0.0,False,False,50,7,7,8,5.5,6.5,8.0
1,938100,INTARIAN_PEPPER_ROOT,,,13927.0,6,SELL,13927.0,13946.0,13936.5,-9.5,0.0,-19.0,False,False,0,5,5,6,11.5,15.0,16.5
1,942700,INTARIAN_PEPPER_ROOT,,,13938.0,3,BUY,13932.0,13938.0,13935.0,3.0,6.0,0.0,False,False,50,3,3,4,9.0,8.5,9.5
1,947900,INTARIAN_PEPPER_ROOT,,,13943.0,5,BUY,13940.0,13943.0,13941.5,1.5,3.0,0.0,False,True,50,5,5,6,5.5,6.5,9.5
1,948000,INTARIAN_PEPPER_ROOT,,,13941.0,6,SELL,13941.0,13955.0,13948.0,-7.0,0.0,-14.0,False,False,0,5,5,6,7.5,9.0,12.0
1,948200,INTARIAN_PEPPER_ROOT,,,13956.0,6,BUY,13941.0,13956.0,13948.5,7.5,15.0,0.0,False,True,0,5,5,6,-7.5,-5.5,-2.5
1,949900,INTARIAN_PEPPER_ROOT,,,13957.0,4,BUY,13942.0,13957.0,13949.5,7.5,15.0,0.0,False,True,0,3,3,4,-6.5,-5.5,-2.5
1,958100,INTARIAN_PEPPER_ROOT,,,13969.0,6,BUY,13951.0,13969.0,13960.0,9.0,18.0,0.0,False,True,0,5,5,6,-12.0,-8.5,-5.5
1,959100,INTARIAN_PEPPER_ROOT,,,13963.0,3,SELL,13963.0,13967.0,13965.0,-2.0,0.0,-4.0,False,False,50,3,3,4,-5.0,-1.5,-0.5
1,965000,INTARIAN_PEPPER_ROOT,,,13958.0,7,SELL,13958.0,13972.0,13965.0,-7.0,0.0,-14.0,False,False,0,7,7,8,7.5,9.0,12.0
1,965600,INTARIAN_PEPPER_ROOT,,,13958.0,5,SELL,13958.0,13973.0,13965.5,-7.5,0.0,-15.0,False,False,0,5,5,6,8.5,9.5,14.5
1,966200,INTARIAN_PEPPER_ROOT,,,13959.0,5,SELL,13959.0,13974.0,13966.5,-7.5,0.0,-15.0,False,False,0,5,5,6,6.0,2.0,10.5
1,973900,INTARIAN_PEPPER_ROOT,,,13981.0,5,BUY,13966.0,13981.0,13973.5,7.5,15.0,0.0,False,True,0,5,5,6,-5.0,-7.0,-2.5
1,974600,INTARIAN_PEPPER_ROOT,,,13964.0,7,SELL,13964.0,13986.0,13975.0,-11.0,0.0,-22.0,False,False,0,7,7,8,11.0,5.0,15.5
1,976500,INTARIAN_PEPPER_ROOT,,,13987.0,5,BUY,13969.0,13987.0,13978.0,9.0,18.0,0.0,False,True,0,5,5,6,-10.0,-8.5,-5.5
1,976900,INTARIAN_PEPPER_ROOT,,,13984.0,3,BUY,13969.0,13984.0,13976.5,7.5,15.0,0.0,False,False,0,3,3,4,-6.5,-5.5,-0.5
1,977200,INTARIAN_PEPPER_ROOT,,,13973.0,5,BUY,13970.0,13973.0,13971.5,1.5,3.0,0.0,False,False,50,5,5,6,-3.0,-1.0,9.5
1,978400,INTARIAN_PEPPER_ROOT,,,13986.0,6,BUY,13982.0,13986.0,13984.0,2.0,4.0,0.0,False,False,0,5,5,6,-7.5,-5.5,-2.5
1,981200,INTARIAN_PEPPER_ROOT,,,13977.0,3,BUY,13974.0,13977.0,13975.5,1.5,3.0,0.0,False,False,50,3,3,4,4.5,6.5,7.5
1,983000,INTARIAN_PEPPER_ROOT,,,13976.0,6,SELL,13976.0,13990.0,13983.0,-7.0,0.0,-14.0,False,False,0,5,5,6,7.5,4.0,10.0
1,987600,INTARIAN_PEPPER_ROOT,,,13977.0,3,SELL,13977.0,13995.0,13986.0,-9.0,0.0,-18.0,False,False,0,3,3,4,11.5,11.0,15.5
1,989900,INTARIAN_PEPPER_ROOT,,,13982.0,4,SELL,13982.0,14001.0,13991.5,-9.5,0.0,-19.0,False,False,0,3,3,4,8.5,8.0,12.5
1,991100,INTARIAN_PEPPER_ROOT,,,13984.0,6,SELL,13984.0,13999.0,13991.5,-7.5,0.0,-15.0,False,False,0,5,5,6,5.0,9.5,10.5
1,994400,INTARIAN_PEPPER_ROOT,,,13987.0,3,SELL,13987.0,14002.0,13994.5,-7.5,0.0,-15.0,False,False,0,3,3,4,7.5,9.5,12.5
1,995100,INTARIAN_PEPPER_ROOT,,,13999.0,7,SELL,13999.0,14003.0,14001.0,-2.0,0.0,-4.0,False,True,20,7,7,8,-3.5,-3.5,
