candidate,seed,official_score
Candidate_1_CurrentWinner,20000,259.281497800966
Candidate_1_CurrentWinner,20001,117.62607430716827
Candidate_1_CurrentWinner,20002,110.75531931187977
Candidate_1_CurrentWinner,20003,173.00394539506135
Candidate_1_CurrentWinner,20004,244.83379360253247
Candidate_1_CurrentWinner,20005,215.59156672066166
Candidate_1_CurrentWinner,20006,243.14605073664035
Candidate_1_CurrentWinner,20007,282.3395558791053
Candidate_1_CurrentWinner,20008,289.69961821448186
Candidate_1_CurrentWinner,20009,194.74445996833774
Candidate_1_CurrentWinner,20010,208.07019634687626
Candidate_1_CurrentWinner,20011,255.93415198075775
Candidate_1_CurrentWinner,20012,220.56521061266983
Candidate_1_CurrentWinner,20013,331.48649613084825
Candidate_1_CurrentWinner,20014,186.6199928130161
Candidate_1_CurrentWinner,20015,152.75912110056512
Candidate_1_CurrentWinner,20016,319.4130764015713
Candidate_1_CurrentWinner,20017,202.84711531689717
Candidate_1_CurrentWinner,20018,295.59429221317293
Candidate_1_CurrentWinner,20019,234.1077543193722
Candidate_1_CurrentWinner,20020,143.57498076840795
Candidate_1_CurrentWinner,20021,307.2388604916872
Candidate_1_CurrentWinner,20022,232.8139641694436
Candidate_1_CurrentWinner,20023,233.66133973077646
Candidate_1_CurrentWinner,20024,303.92329471706137
Candidate_1_CurrentWinner,20025,158.05944351144447
Candidate_1_CurrentWinner,20026,107.38945735241546
Candidate_1_CurrentWinner,20027,159.16027048314564
Candidate_1_CurrentWinner,20028,201.7813540895466
Candidate_1_CurrentWinner,20029,283.1598753607524
Candidate_1_CurrentWinner,20030,252.39181711792455
Candidate_1_CurrentWinner,20031,207.52698720259465
Candidate_1_CurrentWinner,20032,253.2602647944391
Candidate_1_CurrentWinner,20033,211.4707512656539
Candidate_1_CurrentWinner,20034,107.0419937099117
Candidate_1_CurrentWinner,20035,197.33096746846408
Candidate_1_CurrentWinner,20036,341.15124382330674
Candidate_1_CurrentWinner,20037,221.78366463907025
Candidate_1_CurrentWinner,20038,271.97119389780624
Candidate_1_CurrentWinner,20039,57.16212612667546
Candidate_1_CurrentWinner,20040,166.64469711571613
Candidate_1_CurrentWinner,20041,250.12474824180296
Candidate_1_CurrentWinner,20042,129.544541753802
Candidate_1_CurrentWinner,20043,251.1997873164659
Candidate_1_CurrentWinner,20044,228.99672517066102
Candidate_1_CurrentWinner,20045,237.93196564172112
Candidate_1_CurrentWinner,20046,196.8552749769485
Candidate_1_CurrentWinner,20047,119.90936882312437
Candidate_1_CurrentWinner,20048,317.5814336089295
Candidate_1_CurrentWinner,20049,186.98477368916718
Candidate_1_CurrentWinner,20050,281.5623901830676
Candidate_1_CurrentWinner,20051,175.13072362164453
Candidate_1_CurrentWinner,20052,227.9256004891878
Candidate_1_CurrentWinner,20053,170.9589192618708
Candidate_1_CurrentWinner,20054,136.1109037035396
Candidate_1_CurrentWinner,20055,152.0081386309711
Candidate_1_CurrentWinner,20056,281.6297699106319
Candidate_1_CurrentWinner,20057,162.13984746451723
Candidate_1_CurrentWinner,20058,269.39392106160676
Candidate_1_CurrentWinner,20059,27.460559722351274
Candidate_1_CurrentWinner,20060,109.03774284954841
Candidate_1_CurrentWinner,20061,218.70842269578148
Candidate_1_CurrentWinner,20062,200.80813127718534
Candidate_1_CurrentWinner,20063,163.7544283064629
Candidate_1_CurrentWinner,20064,417.0795206042268
Candidate_1_CurrentWinner,20065,185.40756610221538
Candidate_1_CurrentWinner,20066,192.10169799665607
Candidate_1_CurrentWinner,20067,316.8669731826686
Candidate_1_CurrentWinner,20068,215.57456840729498
Candidate_1_CurrentWinner,20069,96.67652013652088
Candidate_1_CurrentWinner,20070,301.29055578016965
Candidate_1_CurrentWinner,20071,230.46565044019414
Candidate_1_CurrentWinner,20072,302.393268611149
Candidate_1_CurrentWinner,20073,67.01363178366947
Candidate_1_CurrentWinner,20074,109.31144895615192
Candidate_1_CurrentWinner,20075,258.2667353177969
Candidate_1_CurrentWinner,20076,381.504593717283
Candidate_1_CurrentWinner,20077,195.9835277414911
Candidate_1_CurrentWinner,20078,149.62791464089725
Candidate_1_CurrentWinner,20079,320.7619418249449
Candidate_1_CurrentWinner,20080,239.57423774833546
Candidate_1_CurrentWinner,20081,252.22067629011744
Candidate_1_CurrentWinner,20082,241.68391300719387
Candidate_1_CurrentWinner,20083,295.50150480942057
Candidate_1_CurrentWinner,20084,238.16678119356442
Candidate_1_CurrentWinner,20085,243.99017582260512
Candidate_1_CurrentWinner,20086,128.74057130887834
Candidate_1_CurrentWinner,20087,330.1440584611269
Candidate_1_CurrentWinner,20088,209.60434628018228
Candidate_1_CurrentWinner,20089,246.71676448193776
Candidate_1_CurrentWinner,20090,195.35658399608823
Candidate_1_CurrentWinner,20091,143.53030870747
Candidate_1_CurrentWinner,20092,47.570088456829446
Candidate_1_CurrentWinner,20093,292.6676184077984
Candidate_1_CurrentWinner,20094,120.04105905026621
Candidate_1_CurrentWinner,20095,157.87816593202976
Candidate_1_CurrentWinner,20096,223.27038672766741
Candidate_1_CurrentWinner,20097,133.42838601780994
Candidate_1_CurrentWinner,20098,340.9142437509397
Candidate_1_CurrentWinner,20099,113.6111928481738
Candidate_1_CurrentWinner,20100,225.89764959668753
Candidate_1_CurrentWinner,20101,190.7672298459621
Candidate_1_CurrentWinner,20102,274.57986316090273
Candidate_1_CurrentWinner,20103,256.94766739677885
Candidate_1_CurrentWinner,20104,128.8065973115261
Candidate_1_CurrentWinner,20105,370.30807381414866
Candidate_1_CurrentWinner,20106,150.1500923045746
Candidate_1_CurrentWinner,20107,200.1360173193334
Candidate_1_CurrentWinner,20108,330.2172900626285
Candidate_1_CurrentWinner,20109,250.52768875252687
Candidate_1_CurrentWinner,20110,264.42500294722703
Candidate_1_CurrentWinner,20111,332.545574795334
Candidate_1_CurrentWinner,20112,425.7346512622356
Candidate_1_CurrentWinner,20113,170.7455509675188
Candidate_1_CurrentWinner,20114,197.2017124798575
Candidate_1_CurrentWinner,20115,183.43042156955016
Candidate_1_CurrentWinner,20116,218.36579324875308
Candidate_1_CurrentWinner,20117,54.74390654420345
Candidate_1_CurrentWinner,20118,269.5760920481308
Candidate_1_CurrentWinner,20119,198.83695911807197
Candidate_1_CurrentWinner,20120,132.69242774359842
Candidate_1_CurrentWinner,20121,194.4399490844995
Candidate_1_CurrentWinner,20122,245.3493858676008
Candidate_1_CurrentWinner,20123,280.11562835034454
Candidate_1_CurrentWinner,20124,162.63319790247536
Candidate_1_CurrentWinner,20125,272.38432125324016
Candidate_1_CurrentWinner,20126,253.5942072219876
Candidate_1_CurrentWinner,20127,239.25038659729242
Candidate_1_CurrentWinner,20128,155.13844206180408
Candidate_1_CurrentWinner,20129,219.61248805492497
Candidate_1_CurrentWinner,20130,298.22294580598236
Candidate_1_CurrentWinner,20131,300.16558413872554
Candidate_1_CurrentWinner,20132,170.5232865942496
Candidate_1_CurrentWinner,20133,187.34074693817237
Candidate_1_CurrentWinner,20134,173.42476936025147
Candidate_1_CurrentWinner,20135,260.27612619059744
Candidate_1_CurrentWinner,20136,131.88207770044656
Candidate_1_CurrentWinner,20137,171.0811734992236
Candidate_1_CurrentWinner,20138,243.12671464814642
Candidate_1_CurrentWinner,20139,269.2748613831796
Candidate_1_CurrentWinner,20140,277.32224678757103
Candidate_1_CurrentWinner,20141,169.1468507227143
Candidate_1_CurrentWinner,20142,138.5066346545274
Candidate_1_CurrentWinner,20143,106.9244571711161
Candidate_1_CurrentWinner,20144,234.21450058933135
Candidate_1_CurrentWinner,20145,313.9886497655682
Candidate_1_CurrentWinner,20146,100.32729325205642
Candidate_1_CurrentWinner,20147,158.62974641809183
Candidate_1_CurrentWinner,20148,162.77655308997967
Candidate_1_CurrentWinner,20149,113.13050647977363
Candidate_1_CurrentWinner,20150,192.24785777739098
Candidate_1_CurrentWinner,20151,291.16201126137594
Candidate_1_CurrentWinner,20152,254.27639505508208
Candidate_1_CurrentWinner,20153,233.0152228222391
Candidate_1_CurrentWinner,20154,206.1267493929773
Candidate_1_CurrentWinner,20155,165.54811452750226
Candidate_1_CurrentWinner,20156,171.69721901657488
Candidate_1_CurrentWinner,20157,164.64690259944277
Candidate_1_CurrentWinner,20158,170.98282936394264
Candidate_1_CurrentWinner,20159,271.4156187115526
Candidate_1_CurrentWinner,20160,159.0305710129239
Candidate_1_CurrentWinner,20161,235.4156319896208
Candidate_1_CurrentWinner,20162,224.33730667468964
Candidate_1_CurrentWinner,20163,68.86470979481585
Candidate_1_CurrentWinner,20164,143.5863456163402
Candidate_1_CurrentWinner,20165,292.50477543557275
Candidate_1_CurrentWinner,20166,227.50972900828205
Candidate_1_CurrentWinner,20167,114.10414093732508
Candidate_1_CurrentWinner,20168,148.14588016379057
Candidate_1_CurrentWinner,20169,145.30109858469922
Candidate_1_CurrentWinner,20170,194.88401533594376
Candidate_1_CurrentWinner,20171,166.52112340522729
Candidate_1_CurrentWinner,20172,218.97857634185414
Candidate_1_CurrentWinner,20173,227.08499271004814
Candidate_1_CurrentWinner,20174,148.38306044892838
Candidate_1_CurrentWinner,20175,191.3234803181757
Candidate_1_CurrentWinner,20176,265.65767374485733
Candidate_1_CurrentWinner,20177,118.70666505625633
Candidate_1_CurrentWinner,20178,137.3143052488878
Candidate_1_CurrentWinner,20179,155.0710421938079
Candidate_1_CurrentWinner,20180,150.44763381815628
Candidate_1_CurrentWinner,20181,173.89168416318145
Candidate_1_CurrentWinner,20182,288.3290275170447
Candidate_1_CurrentWinner,20183,260.58815018169366
Candidate_1_CurrentWinner,20184,90.94026338350399
Candidate_1_CurrentWinner,20185,305.74795862732554
Candidate_1_CurrentWinner,20186,327.27732945593476
Candidate_1_CurrentWinner,20187,148.82898758856697
Candidate_1_CurrentWinner,20188,265.97916703274126
Candidate_1_CurrentWinner,20189,272.7562058638859
Candidate_1_CurrentWinner,20190,204.04497534350048
Candidate_1_CurrentWinner,20191,297.96146025721487
Candidate_1_CurrentWinner,20192,115.4310969380937
Candidate_1_CurrentWinner,20193,116.0325843953513
Candidate_1_CurrentWinner,20194,134.90004791466188
Candidate_1_CurrentWinner,20195,133.41617494745225
Candidate_1_CurrentWinner,20196,67.73001295173118
Candidate_1_CurrentWinner,20197,193.9335307255073
Candidate_1_CurrentWinner,20198,139.23674659963982
Candidate_1_CurrentWinner,20199,230.54821822775585
Candidate_1_CurrentWinner,20200,143.4645344123552
Candidate_1_CurrentWinner,20201,387.146625512818
Candidate_1_CurrentWinner,20202,270.6284081502619
Candidate_1_CurrentWinner,20203,69.95027414289228
Candidate_1_CurrentWinner,20204,219.22676921647107
Candidate_1_CurrentWinner,20205,230.63173417683564
Candidate_1_CurrentWinner,20206,140.6825696210409
Candidate_1_CurrentWinner,20207,255.25600350132095
Candidate_1_CurrentWinner,20208,193.84739982867072
Candidate_1_CurrentWinner,20209,172.68872816446319
Candidate_1_CurrentWinner,20210,219.19236795971278
Candidate_1_CurrentWinner,20211,56.75185001556334
Candidate_1_CurrentWinner,20212,144.9660540485546
Candidate_1_CurrentWinner,20213,106.49204926352385
Candidate_1_CurrentWinner,20214,234.85337713908044
Candidate_1_CurrentWinner,20215,309.0376813255176
Candidate_1_CurrentWinner,20216,252.23059072064717
Candidate_1_CurrentWinner,20217,230.12422865762088
Candidate_1_CurrentWinner,20218,383.09661956783054
Candidate_1_CurrentWinner,20219,247.45385602025348
Candidate_1_CurrentWinner,20220,325.75903199413295
Candidate_1_CurrentWinner,20221,202.75313740628678
Candidate_1_CurrentWinner,20222,135.9952001052126
Candidate_1_CurrentWinner,20223,216.66956342170423
Candidate_1_CurrentWinner,20224,266.1616409561216
Candidate_1_CurrentWinner,20225,153.72517007870613
Candidate_1_CurrentWinner,20226,106.39587350269551
Candidate_1_CurrentWinner,20227,61.74571594883001
Candidate_1_CurrentWinner,20228,99.22874305828717
Candidate_1_CurrentWinner,20229,257.316402867727
Candidate_1_CurrentWinner,20230,243.46022087175868
Candidate_1_CurrentWinner,20231,128.2149801156927
Candidate_1_CurrentWinner,20232,218.6558155551117
Candidate_1_CurrentWinner,20233,164.43937722986348
Candidate_1_CurrentWinner,20234,281.434387221581
Candidate_1_CurrentWinner,20235,176.3577344062412
Candidate_1_CurrentWinner,20236,255.42176053557247
Candidate_1_CurrentWinner,20237,309.4739806632543
Candidate_1_CurrentWinner,20238,239.40218756732634
Candidate_1_CurrentWinner,20239,176.7168828405319
Candidate_1_CurrentWinner,20240,216.90032889411788
Candidate_1_CurrentWinner,20241,229.69259993586783
Candidate_1_CurrentWinner,20242,325.8110216184954
Candidate_1_CurrentWinner,20243,215.75413724807902
Candidate_1_CurrentWinner,20244,231.16883467310606
Candidate_1_CurrentWinner,20245,284.48723590235375
Candidate_1_CurrentWinner,20246,222.49761411394383
Candidate_1_CurrentWinner,20247,277.1873871973751
Candidate_1_CurrentWinner,20248,259.6821951033351
Candidate_1_CurrentWinner,20249,187.3116068334574
Candidate_1_CurrentWinner,20250,101.62339224549508
Candidate_1_CurrentWinner,20251,202.02642058069134
Candidate_1_CurrentWinner,20252,291.06115231688005
Candidate_1_CurrentWinner,20253,245.70110208029425
Candidate_1_CurrentWinner,20254,190.08755323692768
Candidate_1_CurrentWinner,20255,191.34478769504238
Candidate_1_CurrentWinner,20256,147.83675124016654
Candidate_1_CurrentWinner,20257,184.92056970906577
Candidate_1_CurrentWinner,20258,229.88093687844207
Candidate_1_CurrentWinner,20259,293.1340966126006
Candidate_1_CurrentWinner,20260,229.40915543414755
Candidate_1_CurrentWinner,20261,221.9796884613167
Candidate_1_CurrentWinner,20262,263.2827081279675
Candidate_1_CurrentWinner,20263,203.990030147438
Candidate_1_CurrentWinner,20264,201.28722140903315
Candidate_1_CurrentWinner,20265,224.34803632985387
Candidate_1_CurrentWinner,20266,256.65819082818706
Candidate_1_CurrentWinner,20267,174.8633045913045
Candidate_1_CurrentWinner,20268,244.75026620087814
Candidate_1_CurrentWinner,20269,129.93492921859522
Candidate_1_CurrentWinner,20270,176.647043236076
Candidate_1_CurrentWinner,20271,179.58084702094263
Candidate_1_CurrentWinner,20272,220.92844435806148
Candidate_1_CurrentWinner,20273,249.94302030296163
Candidate_1_CurrentWinner,20274,203.37224163349657
Candidate_1_CurrentWinner,20275,196.64422471594935
Candidate_1_CurrentWinner,20276,187.27081936093566
Candidate_1_CurrentWinner,20277,163.04318604830314
Candidate_1_CurrentWinner,20278,194.82752763348591
Candidate_1_CurrentWinner,20279,207.88659760738938
Candidate_1_CurrentWinner,20280,186.36640828502956
Candidate_1_CurrentWinner,20281,238.9033446713582
Candidate_1_CurrentWinner,20282,180.34801042751744
Candidate_1_CurrentWinner,20283,74.96229316588229
Candidate_1_CurrentWinner,20284,289.93042898499857
Candidate_1_CurrentWinner,20285,218.34729277332542
Candidate_1_CurrentWinner,20286,223.7898674709902
Candidate_1_CurrentWinner,20287,255.93485185430438
Candidate_1_CurrentWinner,20288,110.67786017415888
Candidate_1_CurrentWinner,20289,212.16084600604515
Candidate_1_CurrentWinner,20290,322.8212357222641
Candidate_1_CurrentWinner,20291,236.4087790765906
Candidate_1_CurrentWinner,20292,328.4965277664885
Candidate_1_CurrentWinner,20293,212.8664474276251
Candidate_1_CurrentWinner,20294,169.60481541049776
Candidate_1_CurrentWinner,20295,276.36840376558973
Candidate_1_CurrentWinner,20296,176.8003525884718
Candidate_1_CurrentWinner,20297,167.08093996353517
Candidate_1_CurrentWinner,20298,175.72774184411978
Candidate_1_CurrentWinner,20299,286.1262790544998
Candidate_1_CurrentWinner,20300,189.82154066225027
Candidate_1_CurrentWinner,20301,251.91910064591167
Candidate_1_CurrentWinner,20302,150.72495240777033
Candidate_1_CurrentWinner,20303,163.3104269317935
Candidate_1_CurrentWinner,20304,280.0359651573122
Candidate_1_CurrentWinner,20305,240.8745962447394
Candidate_1_CurrentWinner,20306,223.25338625220473
Candidate_1_CurrentWinner,20307,311.45642454932675
Candidate_1_CurrentWinner,20308,227.67365313198852
Candidate_1_CurrentWinner,20309,211.52203773678215
Candidate_1_CurrentWinner,20310,150.47370622728673
Candidate_1_CurrentWinner,20311,385.3245438424386
Candidate_1_CurrentWinner,20312,274.20285878626856
Candidate_1_CurrentWinner,20313,220.66031999199103
Candidate_1_CurrentWinner,20314,218.59469006297581
Candidate_1_CurrentWinner,20315,198.12685128475135
Candidate_1_CurrentWinner,20316,195.20613607031936
Candidate_1_CurrentWinner,20317,206.31561029189947
Candidate_1_CurrentWinner,20318,126.02997872912613
Candidate_1_CurrentWinner,20319,262.0691208512153
Candidate_1_CurrentWinner,20320,391.919793949627
Candidate_1_CurrentWinner,20321,172.96396161963662
Candidate_1_CurrentWinner,20322,175.25842075444444
Candidate_1_CurrentWinner,20323,317.75024972017286
Candidate_1_CurrentWinner,20324,230.65097538870762
Candidate_1_CurrentWinner,20325,275.18700397194164
Candidate_1_CurrentWinner,20326,207.1289362002055
Candidate_1_CurrentWinner,20327,252.2840984513266
Candidate_1_CurrentWinner,20328,178.52987627285668
Candidate_1_CurrentWinner,20329,376.8166944929583
Candidate_1_CurrentWinner,20330,268.05430870663434
Candidate_1_CurrentWinner,20331,203.8724485222149
Candidate_1_CurrentWinner,20332,251.75960858523587
Candidate_1_CurrentWinner,20333,181.76616145764783
Candidate_1_CurrentWinner,20334,273.8361366818012
Candidate_1_CurrentWinner,20335,216.7195697376212
Candidate_1_CurrentWinner,20336,243.27718718034595
Candidate_1_CurrentWinner,20337,292.8929996387777
Candidate_1_CurrentWinner,20338,201.5194053011679
Candidate_1_CurrentWinner,20339,210.4149376052505
Candidate_1_CurrentWinner,20340,150.06555352492995
Candidate_1_CurrentWinner,20341,377.67379505005584
Candidate_1_CurrentWinner,20342,241.98237712222456
Candidate_1_CurrentWinner,20343,176.32952611509683
Candidate_1_CurrentWinner,20344,257.0261676878231
Candidate_1_CurrentWinner,20345,119.18240703635261
Candidate_1_CurrentWinner,20346,181.9497060700818
Candidate_1_CurrentWinner,20347,207.84490639422586
Candidate_1_CurrentWinner,20348,174.8361163018044
Candidate_1_CurrentWinner,20349,233.79942178434547
Candidate_1_CurrentWinner,20350,268.6965902608572
Candidate_1_CurrentWinner,20351,183.56010055947442
Candidate_1_CurrentWinner,20352,192.60790313561003
Candidate_1_CurrentWinner,20353,130.92424774927755
Candidate_1_CurrentWinner,20354,299.3337674187888
Candidate_1_CurrentWinner,20355,111.24320951008146
Candidate_1_CurrentWinner,20356,177.67909469337016
Candidate_1_CurrentWinner,20357,172.2734283994484
Candidate_1_CurrentWinner,20358,258.5058586434394
Candidate_1_CurrentWinner,20359,180.42516826476432
Candidate_1_CurrentWinner,20360,111.97847164521426
Candidate_1_CurrentWinner,20361,179.05887926722525
Candidate_1_CurrentWinner,20362,166.8376436250212
Candidate_1_CurrentWinner,20363,168.86664900952061
Candidate_1_CurrentWinner,20364,103.76111704434972
Candidate_1_CurrentWinner,20365,316.0669452849157
Candidate_1_CurrentWinner,20366,135.69280694168177
Candidate_1_CurrentWinner,20367,176.33674821103676
Candidate_1_CurrentWinner,20368,226.2246371632716
Candidate_1_CurrentWinner,20369,294.3749992771417
Candidate_1_CurrentWinner,20370,188.19241213646234
Candidate_1_CurrentWinner,20371,185.5137904696002
Candidate_1_CurrentWinner,20372,221.88220654953923
Candidate_1_CurrentWinner,20373,235.24982234660519
Candidate_1_CurrentWinner,20374,210.46855066463755
Candidate_1_CurrentWinner,20375,178.48024220745413
Candidate_1_CurrentWinner,20376,164.9810478705778
Candidate_1_CurrentWinner,20377,252.27305900910466
Candidate_1_CurrentWinner,20378,149.1926862702676
Candidate_1_CurrentWinner,20379,285.9008160833078
Candidate_1_CurrentWinner,20380,204.25753182518798
Candidate_1_CurrentWinner,20381,176.42685717146182
Candidate_1_CurrentWinner,20382,188.2230651728936
Candidate_1_CurrentWinner,20383,128.88697609994136
Candidate_1_CurrentWinner,20384,127.98893009439405
Candidate_1_CurrentWinner,20385,190.61282798467244
Candidate_1_CurrentWinner,20386,189.5070115689329
Candidate_1_CurrentWinner,20387,206.27973586999852
Candidate_1_CurrentWinner,20388,106.89216709950283
Candidate_1_CurrentWinner,20389,185.059186816283
Candidate_1_CurrentWinner,20390,271.9113882929727
Candidate_1_CurrentWinner,20391,98.38796283816937
Candidate_1_CurrentWinner,20392,166.42003707386112
Candidate_1_CurrentWinner,20393,282.64993841323627
Candidate_1_CurrentWinner,20394,171.06995983344896
Candidate_1_CurrentWinner,20395,144.32728417269627
Candidate_1_CurrentWinner,20396,156.23375894595128
Candidate_1_CurrentWinner,20397,168.0061711402439
Candidate_1_CurrentWinner,20398,185.00476819458476
Candidate_1_CurrentWinner,20399,260.72353692733935
Candidate_1_CurrentWinner,20400,77.38541006141503
Candidate_1_CurrentWinner,20401,189.98397074469045
Candidate_1_CurrentWinner,20402,210.72149204599017
Candidate_1_CurrentWinner,20403,305.9482863189071
Candidate_1_CurrentWinner,20404,313.05637484484885
Candidate_1_CurrentWinner,20405,248.5848444054583
Candidate_1_CurrentWinner,20406,272.7455752343891
Candidate_1_CurrentWinner,20407,149.39709895605972
Candidate_1_CurrentWinner,20408,158.2426157928037
Candidate_1_CurrentWinner,20409,187.39142633639975
Candidate_1_CurrentWinner,20410,156.33097250713706
Candidate_1_CurrentWinner,20411,338.95540223386007
Candidate_1_CurrentWinner,20412,260.23732198193824
Candidate_1_CurrentWinner,20413,174.87785468812984
Candidate_1_CurrentWinner,20414,187.20060616444246
Candidate_1_CurrentWinner,20415,168.69276339766827
Candidate_1_CurrentWinner,20416,132.7036029528643
Candidate_1_CurrentWinner,20417,166.39356803910792
Candidate_1_CurrentWinner,20418,190.18120243030336
Candidate_1_CurrentWinner,20419,198.44659071292494
Candidate_1_CurrentWinner,20420,134.42918768090036
Candidate_1_CurrentWinner,20421,240.30798154821824
Candidate_1_CurrentWinner,20422,158.77057196331117
Candidate_1_CurrentWinner,20423,195.44130878957813
Candidate_1_CurrentWinner,20424,168.28545819960306
Candidate_1_CurrentWinner,20425,250.09728100138796
Candidate_1_CurrentWinner,20426,188.6842640673146
Candidate_1_CurrentWinner,20427,266.3203728942361
Candidate_1_CurrentWinner,20428,161.49970945884584
Candidate_1_CurrentWinner,20429,126.28890589917117
Candidate_1_CurrentWinner,20430,211.10404606489217
Candidate_1_CurrentWinner,20431,268.6131750716627
Candidate_1_CurrentWinner,20432,255.98572785041478
Candidate_1_CurrentWinner,20433,193.32961012652527
Candidate_1_CurrentWinner,20434,189.46022472269712
Candidate_1_CurrentWinner,20435,204.81668512215035
Candidate_1_CurrentWinner,20436,199.84529240047743
Candidate_1_CurrentWinner,20437,237.55405308415888
Candidate_1_CurrentWinner,20438,179.21221878188325
Candidate_1_CurrentWinner,20439,94.14419074502526
Candidate_1_CurrentWinner,20440,302.3228177292822
Candidate_1_CurrentWinner,20441,240.75471124187817
Candidate_1_CurrentWinner,20442,125.84975587003336
Candidate_1_CurrentWinner,20443,251.7058806552069
Candidate_1_CurrentWinner,20444,241.06751032440593
Candidate_1_CurrentWinner,20445,150.56078513533154
Candidate_1_CurrentWinner,20446,269.5809472999766
Candidate_1_CurrentWinner,20447,243.1644158772981
Candidate_1_CurrentWinner,20448,326.81053130198023
Candidate_1_CurrentWinner,20449,253.84877550132123
Candidate_1_CurrentWinner,20450,192.13401443320063
Candidate_1_CurrentWinner,20451,299.28547541152295
Candidate_1_CurrentWinner,20452,143.98874247322877
Candidate_1_CurrentWinner,20453,122.73104514473307
Candidate_1_CurrentWinner,20454,333.7533457106698
Candidate_1_CurrentWinner,20455,138.77798682163828
Candidate_1_CurrentWinner,20456,125.21599603283272
Candidate_1_CurrentWinner,20457,278.2510427949188
Candidate_1_CurrentWinner,20458,188.18729475066496
Candidate_1_CurrentWinner,20459,282.3691921435785
Candidate_1_CurrentWinner,20460,255.45083727384363
Candidate_1_CurrentWinner,20461,458.269787217552
Candidate_1_CurrentWinner,20462,189.73960812315818
Candidate_1_CurrentWinner,20463,278.1290624688417
Candidate_1_CurrentWinner,20464,335.06379646360676
Candidate_1_CurrentWinner,20465,250.3658916662134
Candidate_1_CurrentWinner,20466,209.54152322284517
Candidate_1_CurrentWinner,20467,177.46643396759143
Candidate_1_CurrentWinner,20468,235.96204493323486
Candidate_1_CurrentWinner,20469,107.46594821610051
Candidate_1_CurrentWinner,20470,251.562971732722
Candidate_1_CurrentWinner,20471,199.28840476116
Candidate_1_CurrentWinner,20472,198.1577793315131
Candidate_1_CurrentWinner,20473,350.16964104583894
Candidate_1_CurrentWinner,20474,100.37332914723683
Candidate_1_CurrentWinner,20475,316.5264280023032
Candidate_1_CurrentWinner,20476,270.8024621969643
Candidate_1_CurrentWinner,20477,330.93561183680873
Candidate_1_CurrentWinner,20478,233.12227803673468
Candidate_1_CurrentWinner,20479,237.35613281634053
Candidate_1_CurrentWinner,20480,119.8866833463018
Candidate_1_CurrentWinner,20481,258.6042602366102
Candidate_1_CurrentWinner,20482,217.50442048220063
Candidate_1_CurrentWinner,20483,113.61180264961585
Candidate_1_CurrentWinner,20484,135.48954239476325
Candidate_1_CurrentWinner,20485,196.51048100169334
Candidate_1_CurrentWinner,20486,50.692670210351096
Candidate_1_CurrentWinner,20487,195.72702017634637
Candidate_1_CurrentWinner,20488,82.90145326892913
Candidate_1_CurrentWinner,20489,295.8535729359931
Candidate_1_CurrentWinner,20490,243.63623452141456
Candidate_1_CurrentWinner,20491,252.36254123300466
Candidate_1_CurrentWinner,20492,230.57766849739173
Candidate_1_CurrentWinner,20493,175.48065592667842
Candidate_1_CurrentWinner,20494,259.67549491823286
Candidate_1_CurrentWinner,20495,213.39027720422575
Candidate_1_CurrentWinner,20496,260.2521861165612
Candidate_1_CurrentWinner,20497,207.63126017790458
Candidate_1_CurrentWinner,20498,192.83835230076573
Candidate_1_CurrentWinner,20499,292.5471666423235
Candidate_2_Previous10d15d,20000,259.62677815479867
Candidate_2_Previous10d15d,20001,-45.21175386359371
Candidate_2_Previous10d15d,20002,-48.92299784252376
Candidate_2_Previous10d15d,20003,79.80274182134383
Candidate_2_Previous10d15d,20004,181.81150034234724
Candidate_2_Previous10d15d,20005,189.65852727337767
Candidate_2_Previous10d15d,20006,228.821174210245
Candidate_2_Previous10d15d,20007,294.3668114527655
Candidate_2_Previous10d15d,20008,321.08843863602027
Candidate_2_Previous10d15d,20009,95.07343170707553
Candidate_2_Previous10d15d,20010,138.95075423800242
Candidate_2_Previous10d15d,20011,244.80381769877047
Candidate_2_Previous10d15d,20012,234.77442012920426
Candidate_2_Previous10d15d,20013,478.8789975371292
Candidate_2_Previous10d15d,20014,59.39782662473772
Candidate_2_Previous10d15d,20015,19.859860531717562
Candidate_2_Previous10d15d,20016,396.8870873088024
Candidate_2_Previous10d15d,20017,164.65103578898473
Candidate_2_Previous10d15d,20018,336.8018325785527
Candidate_2_Previous10d15d,20019,211.71686679153055
Candidate_2_Previous10d15d,20020,32.21226197134648
Candidate_2_Previous10d15d,20021,370.8885642757344
Candidate_2_Previous10d15d,20022,241.97507469072153
Candidate_2_Previous10d15d,20023,258.8912386146022
Candidate_2_Previous10d15d,20024,364.5832010489579
Candidate_2_Previous10d15d,20025,68.55749762412063
Candidate_2_Previous10d15d,20026,12.220286621112239
Candidate_2_Previous10d15d,20027,74.82745778234005
Candidate_2_Previous10d15d,20028,135.0812094570632
Candidate_2_Previous10d15d,20029,296.6294547387851
Candidate_2_Previous10d15d,20030,196.55127059949518
Candidate_2_Previous10d15d,20031,194.46297034817104
Candidate_2_Previous10d15d,20032,376.813116553703
Candidate_2_Previous10d15d,20033,175.36817022007497
Candidate_2_Previous10d15d,20034,66.5286476235598
Candidate_2_Previous10d15d,20035,165.26198383726452
Candidate_2_Previous10d15d,20036,480.1739307333392
Candidate_2_Previous10d15d,20037,225.84452360370165
Candidate_2_Previous10d15d,20038,240.1907743720579
Candidate_2_Previous10d15d,20039,-112.00333080140925
Candidate_2_Previous10d15d,20040,48.92351483010864
Candidate_2_Previous10d15d,20041,260.6907017809289
Candidate_2_Previous10d15d,20042,38.81714260978195
Candidate_2_Previous10d15d,20043,226.3586492653632
Candidate_2_Previous10d15d,20044,262.88680712591827
Candidate_2_Previous10d15d,20045,201.78808270943583
Candidate_2_Previous10d15d,20046,136.72191633514953
Candidate_2_Previous10d15d,20047,-23.323054531473407
Candidate_2_Previous10d15d,20048,445.7841072197427
Candidate_2_Previous10d15d,20049,106.16570227222523
Candidate_2_Previous10d15d,20050,366.75312655034446
Candidate_2_Previous10d15d,20051,96.41796258647435
Candidate_2_Previous10d15d,20052,126.29667822572311
Candidate_2_Previous10d15d,20053,128.59396432252558
Candidate_2_Previous10d15d,20054,56.06498209625992
Candidate_2_Previous10d15d,20055,53.35787712920007
Candidate_2_Previous10d15d,20056,312.0265772915185
Candidate_2_Previous10d15d,20057,72.19344422429636
Candidate_2_Previous10d15d,20058,280.00909406137436
Candidate_2_Previous10d15d,20059,-114.59330634361262
Candidate_2_Previous10d15d,20060,-20.463824409690577
Candidate_2_Previous10d15d,20061,152.9647949937489
Candidate_2_Previous10d15d,20062,180.9503404334911
Candidate_2_Previous10d15d,20063,111.8574314031174
Candidate_2_Previous10d15d,20064,652.548805308673
Candidate_2_Previous10d15d,20065,104.67158785375048
Candidate_2_Previous10d15d,20066,123.1466901002157
Candidate_2_Previous10d15d,20067,380.86607320893285
Candidate_2_Previous10d15d,20068,275.13574410219354
Candidate_2_Previous10d15d,20069,-44.06798700443539
Candidate_2_Previous10d15d,20070,320.43472872487143
Candidate_2_Previous10d15d,20071,148.8246267377131
Candidate_2_Previous10d15d,20072,497.1428628420519
Candidate_2_Previous10d15d,20073,-35.10863016640495
Candidate_2_Previous10d15d,20074,33.86235151038973
Candidate_2_Previous10d15d,20075,332.2782528617928
Candidate_2_Previous10d15d,20076,565.049352052838
Candidate_2_Previous10d15d,20077,145.76805957165487
Candidate_2_Previous10d15d,20078,15.922446969935207
Candidate_2_Previous10d15d,20079,407.92032572727106
Candidate_2_Previous10d15d,20080,221.82077071251834
Candidate_2_Previous10d15d,20081,277.12503609918826
Candidate_2_Previous10d15d,20082,223.54367964488287
Candidate_2_Previous10d15d,20083,349.7512117203043
Candidate_2_Previous10d15d,20084,168.56646373158387
Candidate_2_Previous10d15d,20085,179.64174058339162
Candidate_2_Previous10d15d,20086,-46.23416011070766
Candidate_2_Previous10d15d,20087,416.75752804242643
Candidate_2_Previous10d15d,20088,195.79257387763798
Candidate_2_Previous10d15d,20089,219.95311853602564
Candidate_2_Previous10d15d,20090,132.74944920748302
Candidate_2_Previous10d15d,20091,67.55576326661503
Candidate_2_Previous10d15d,20092,-142.17787985031626
Candidate_2_Previous10d15d,20093,343.5665633356888
Candidate_2_Previous10d15d,20094,-42.39895908940509
Candidate_2_Previous10d15d,20095,62.59558063879747
Candidate_2_Previous10d15d,20096,189.4603480417398
Candidate_2_Previous10d15d,20097,32.29784002873782
Candidate_2_Previous10d15d,20098,451.1226733134086
Candidate_2_Previous10d15d,20099,-45.35716622015359
Candidate_2_Previous10d15d,20100,200.4536125688046
Candidate_2_Previous10d15d,20101,102.3279471123239
Candidate_2_Previous10d15d,20102,320.5449133838509
Candidate_2_Previous10d15d,20103,252.98553904720808
Candidate_2_Previous10d15d,20104,96.61182665959524
Candidate_2_Previous10d15d,20105,535.5064568871642
Candidate_2_Previous10d15d,20106,1.4205081710032375
Candidate_2_Previous10d15d,20107,170.4791903905668
Candidate_2_Previous10d15d,20108,480.4684050721368
Candidate_2_Previous10d15d,20109,249.81075652508014
Candidate_2_Previous10d15d,20110,354.5502183280837
Candidate_2_Previous10d15d,20111,421.20618885398443
Candidate_2_Previous10d15d,20112,660.9264401926578
Candidate_2_Previous10d15d,20113,54.649888079511385
Candidate_2_Previous10d15d,20114,168.79983590261364
Candidate_2_Previous10d15d,20115,224.35620048617545
Candidate_2_Previous10d15d,20116,156.77160358956672
Candidate_2_Previous10d15d,20117,-129.73006617577303
Candidate_2_Previous10d15d,20118,353.2155946263709
Candidate_2_Previous10d15d,20119,148.666411936267
Candidate_2_Previous10d15d,20120,-22.023737252250662
Candidate_2_Previous10d15d,20121,89.21798561638137
Candidate_2_Previous10d15d,20122,264.60584239516646
Candidate_2_Previous10d15d,20123,345.11209695186994
Candidate_2_Previous10d15d,20124,104.74023674501599
Candidate_2_Previous10d15d,20125,263.0165131362457
Candidate_2_Previous10d15d,20126,246.58384345028645
Candidate_2_Previous10d15d,20127,213.3025822550788
Candidate_2_Previous10d15d,20128,127.81296178743267
Candidate_2_Previous10d15d,20129,189.27477544224502
Candidate_2_Previous10d15d,20130,309.9441783626146
Candidate_2_Previous10d15d,20131,346.9704958261922
Candidate_2_Previous10d15d,20132,75.0115461926965
Candidate_2_Previous10d15d,20133,76.25444776590084
Candidate_2_Previous10d15d,20134,136.51068799317054
Candidate_2_Previous10d15d,20135,307.60255675314914
Candidate_2_Previous10d15d,20136,73.95987095781251
Candidate_2_Previous10d15d,20137,43.27649644410775
Candidate_2_Previous10d15d,20138,236.57352944028452
Candidate_2_Previous10d15d,20139,353.2025297187748
Candidate_2_Previous10d15d,20140,348.1516127682935
Candidate_2_Previous10d15d,20141,70.22186233887868
Candidate_2_Previous10d15d,20142,26.263803917205742
Candidate_2_Previous10d15d,20143,-1.7574900045897288
Candidate_2_Previous10d15d,20144,236.6281127709465
Candidate_2_Previous10d15d,20145,380.07758658814004
Candidate_2_Previous10d15d,20146,-42.442670285062924
Candidate_2_Previous10d15d,20147,40.442814733363754
Candidate_2_Previous10d15d,20148,102.15273011866893
Candidate_2_Previous10d15d,20149,-65.71302109049539
Candidate_2_Previous10d15d,20150,94.1068170200843
Candidate_2_Previous10d15d,20151,358.9728027990557
Candidate_2_Previous10d15d,20152,174.63904203008155
Candidate_2_Previous10d15d,20153,160.7882884141328
Candidate_2_Previous10d15d,20154,172.26466902734646
Candidate_2_Previous10d15d,20155,64.29735102283047
Candidate_2_Previous10d15d,20156,120.24184784358738
Candidate_2_Previous10d15d,20157,46.632242928312664
Candidate_2_Previous10d15d,20158,94.12681741182479
Candidate_2_Previous10d15d,20159,291.76053598439887
Candidate_2_Previous10d15d,20160,66.52129914472174
Candidate_2_Previous10d15d,20161,217.43767688004914
Candidate_2_Previous10d15d,20162,156.99192823874512
Candidate_2_Previous10d15d,20163,-75.24805361566061
Candidate_2_Previous10d15d,20164,47.67112892030715
Candidate_2_Previous10d15d,20165,410.6096005331085
Candidate_2_Previous10d15d,20166,236.54820247753196
Candidate_2_Previous10d15d,20167,47.47084592464702
Candidate_2_Previous10d15d,20168,35.44578129276472
Candidate_2_Previous10d15d,20169,40.87211766024854
Candidate_2_Previous10d15d,20170,164.0784975399368
Candidate_2_Previous10d15d,20171,21.152298139522486
Candidate_2_Previous10d15d,20172,194.83934401724633
Candidate_2_Previous10d15d,20173,228.95738998164938
Candidate_2_Previous10d15d,20174,51.63992939172415
Candidate_2_Previous10d15d,20175,138.88849668528295
Candidate_2_Previous10d15d,20176,246.14176606553684
Candidate_2_Previous10d15d,20177,-75.78046786205799
Candidate_2_Previous10d15d,20178,47.766973178493735
Candidate_2_Previous10d15d,20179,53.80923422675785
Candidate_2_Previous10d15d,20180,55.47708532155526
Candidate_2_Previous10d15d,20181,111.28482041979136
Candidate_2_Previous10d15d,20182,311.24944910386483
Candidate_2_Previous10d15d,20183,252.98134980595026
Candidate_2_Previous10d15d,20184,-72.24859739015824
Candidate_2_Previous10d15d,20185,401.2547164300896
Candidate_2_Previous10d15d,20186,440.4388197746504
Candidate_2_Previous10d15d,20187,-19.147401804260017
Candidate_2_Previous10d15d,20188,287.1912024882002
Candidate_2_Previous10d15d,20189,383.9267605607996
Candidate_2_Previous10d15d,20190,159.8712704189433
Candidate_2_Previous10d15d,20191,382.78607849806525
Candidate_2_Previous10d15d,20192,37.9345547027029
Candidate_2_Previous10d15d,20193,37.210337914455934
Candidate_2_Previous10d15d,20194,-58.19894307034096
Candidate_2_Previous10d15d,20195,-33.011060515091785
Candidate_2_Previous10d15d,20196,-129.51107260030696
Candidate_2_Previous10d15d,20197,131.6116624628146
Candidate_2_Previous10d15d,20198,34.19468234573572
Candidate_2_Previous10d15d,20199,272.47129268456496
Candidate_2_Previous10d15d,20200,37.57160266428425
Candidate_2_Previous10d15d,20201,578.055022941127
Candidate_2_Previous10d15d,20202,285.73349198605405
Candidate_2_Previous10d15d,20203,-127.3475212043161
Candidate_2_Previous10d15d,20204,167.50200187249743
Candidate_2_Previous10d15d,20205,205.10329761123856
Candidate_2_Previous10d15d,20206,113.21130967630248
Candidate_2_Previous10d15d,20207,277.1434352494849
Candidate_2_Previous10d15d,20208,125.67392216682434
Candidate_2_Previous10d15d,20209,101.57156879548738
Candidate_2_Previous10d15d,20210,201.8183778655058
Candidate_2_Previous10d15d,20211,-149.69451842184964
Candidate_2_Previous10d15d,20212,78.01288838736086
Candidate_2_Previous10d15d,20213,22.441745265940735
Candidate_2_Previous10d15d,20214,234.6155319632042
Candidate_2_Previous10d15d,20215,372.08776090865126
Candidate_2_Previous10d15d,20216,186.0804521222464
Candidate_2_Previous10d15d,20217,189.77467145877984
Candidate_2_Previous10d15d,20218,565.7839983399036
Candidate_2_Previous10d15d,20219,312.53354792451375
Candidate_2_Previous10d15d,20220,421.7328610345639
Candidate_2_Previous10d15d,20221,166.32483387935562
Candidate_2_Previous10d15d,20222,-2.587265682032357
Candidate_2_Previous10d15d,20223,232.18276526587903
Candidate_2_Previous10d15d,20224,327.85705650032423
Candidate_2_Previous10d15d,20225,47.489951017444156
Candidate_2_Previous10d15d,20226,-100.67066736904805
Candidate_2_Previous10d15d,20227,-125.32334687267496
Candidate_2_Previous10d15d,20228,-69.72336163535469
Candidate_2_Previous10d15d,20229,242.91060919610902
Candidate_2_Previous10d15d,20230,211.91220741847405
Candidate_2_Previous10d15d,20231,-15.095547030078363
Candidate_2_Previous10d15d,20232,164.51160283799913
Candidate_2_Previous10d15d,20233,141.22354058043098
Candidate_2_Previous10d15d,20234,347.67460771253286
Candidate_2_Previous10d15d,20235,123.2850572309704
Candidate_2_Previous10d15d,20236,263.7027265100904
Candidate_2_Previous10d15d,20237,340.84789944940246
Candidate_2_Previous10d15d,20238,172.36917865121953
Candidate_2_Previous10d15d,20239,160.65436105701502
Candidate_2_Previous10d15d,20240,191.05924727665663
Candidate_2_Previous10d15d,20241,210.89130105678072
Candidate_2_Previous10d15d,20242,388.60119512154307
Candidate_2_Previous10d15d,20243,178.2997081791631
Candidate_2_Previous10d15d,20244,284.1203986248418
Candidate_2_Previous10d15d,20245,364.1410390197917
Candidate_2_Previous10d15d,20246,173.28380517861413
Candidate_2_Previous10d15d,20247,346.9015207996765
Candidate_2_Previous10d15d,20248,331.31895466561224
Candidate_2_Previous10d15d,20249,96.63402766776076
Candidate_2_Previous10d15d,20250,-58.72070694941152
Candidate_2_Previous10d15d,20251,149.23691041224922
Candidate_2_Previous10d15d,20252,343.9338286892754
Candidate_2_Previous10d15d,20253,235.30518306948218
Candidate_2_Previous10d15d,20254,127.84812265362424
Candidate_2_Previous10d15d,20255,113.74374162842975
Candidate_2_Previous10d15d,20256,66.04305201174893
Candidate_2_Previous10d15d,20257,153.5717398324034
Candidate_2_Previous10d15d,20258,213.05725230619885
Candidate_2_Previous10d15d,20259,316.21525292918164
Candidate_2_Previous10d15d,20260,260.8185775702074
Candidate_2_Previous10d15d,20261,244.2344133030768
Candidate_2_Previous10d15d,20262,308.26814594381597
Candidate_2_Previous10d15d,20263,186.88574581276563
Candidate_2_Previous10d15d,20264,139.13912567969513
Candidate_2_Previous10d15d,20265,232.1787743741595
Candidate_2_Previous10d15d,20266,307.8652133918755
Candidate_2_Previous10d15d,20267,58.76222492724678
Candidate_2_Previous10d15d,20268,234.55247230292431
Candidate_2_Previous10d15d,20269,27.01785527534589
Candidate_2_Previous10d15d,20270,103.14833231305558
Candidate_2_Previous10d15d,20271,161.9999965212202
Candidate_2_Previous10d15d,20272,219.6102082714541
Candidate_2_Previous10d15d,20273,261.3908206455167
Candidate_2_Previous10d15d,20274,103.20533256264012
Candidate_2_Previous10d15d,20275,181.286062055712
Candidate_2_Previous10d15d,20276,127.58768499308616
Candidate_2_Previous10d15d,20277,80.24539962335479
Candidate_2_Previous10d15d,20278,92.94682467772695
Candidate_2_Previous10d15d,20279,128.06214469421127
Candidate_2_Previous10d15d,20280,71.43328146176475
Candidate_2_Previous10d15d,20281,198.70568602359967
Candidate_2_Previous10d15d,20282,152.94234168002467
Candidate_2_Previous10d15d,20283,-117.58034417102147
Candidate_2_Previous10d15d,20284,343.831594352768
Candidate_2_Previous10d15d,20285,214.70030986049605
Candidate_2_Previous10d15d,20286,219.27574463365966
Candidate_2_Previous10d15d,20287,300.0372536100701
Candidate_2_Previous10d15d,20288,-41.66089717346028
Candidate_2_Previous10d15d,20289,181.34831249728654
Candidate_2_Previous10d15d,20290,458.71568426573117
Candidate_2_Previous10d15d,20291,256.8522978053141
Candidate_2_Previous10d15d,20292,423.41998176085997
Candidate_2_Previous10d15d,20293,242.27453282812493
Candidate_2_Previous10d15d,20294,157.9159442311804
Candidate_2_Previous10d15d,20295,341.2673949482661
Candidate_2_Previous10d15d,20296,93.92523673096076
Candidate_2_Previous10d15d,20297,151.45225969437834
Candidate_2_Previous10d15d,20298,165.98589058985078
Candidate_2_Previous10d15d,20299,298.8160857731025
Candidate_2_Previous10d15d,20300,72.64571707416738
Candidate_2_Previous10d15d,20301,214.96767593564218
Candidate_2_Previous10d15d,20302,42.0296698210639
Candidate_2_Previous10d15d,20303,68.38297073048425
Candidate_2_Previous10d15d,20304,304.7769258586725
Candidate_2_Previous10d15d,20305,191.25555316698967
Candidate_2_Previous10d15d,20306,152.0602826420835
Candidate_2_Previous10d15d,20307,512.4766649842621
Candidate_2_Previous10d15d,20308,161.85321205349402
Candidate_2_Previous10d15d,20309,172.8075735390796
Candidate_2_Previous10d15d,20310,13.342160224617853
Candidate_2_Previous10d15d,20311,629.6974858144432
Candidate_2_Previous10d15d,20312,335.021301484883
Candidate_2_Previous10d15d,20313,217.33606012111986
Candidate_2_Previous10d15d,20314,185.26621621376907
Candidate_2_Previous10d15d,20315,144.93970444795002
Candidate_2_Previous10d15d,20316,124.18648001544592
Candidate_2_Previous10d15d,20317,141.73410577258073
Candidate_2_Previous10d15d,20318,48.455581596239526
Candidate_2_Previous10d15d,20319,258.62095478188195
Candidate_2_Previous10d15d,20320,597.3631042065514
Candidate_2_Previous10d15d,20321,128.47285776579744
Candidate_2_Previous10d15d,20322,70.78596500861799
Candidate_2_Previous10d15d,20323,388.077734230907
Candidate_2_Previous10d15d,20324,166.58752166144794
Candidate_2_Previous10d15d,20325,331.0741614333676
Candidate_2_Previous10d15d,20326,106.0016435955303
Candidate_2_Previous10d15d,20327,225.81248321296513
Candidate_2_Previous10d15d,20328,73.82457884708673
Candidate_2_Previous10d15d,20329,543.7736284452952
Candidate_2_Previous10d15d,20330,274.426448634367
Candidate_2_Previous10d15d,20331,212.1000742215625
Candidate_2_Previous10d15d,20332,239.6506304247571
Candidate_2_Previous10d15d,20333,39.343640885124984
Candidate_2_Previous10d15d,20334,306.0830796189692
Candidate_2_Previous10d15d,20335,199.98612261597134
Candidate_2_Previous10d15d,20336,194.24843726400363
Candidate_2_Previous10d15d,20337,344.4466563295092
Candidate_2_Previous10d15d,20338,112.92485902160617
Candidate_2_Previous10d15d,20339,115.12555630775636
Candidate_2_Previous10d15d,20340,-3.121652381559374
Candidate_2_Previous10d15d,20341,595.5327557587005
Candidate_2_Previous10d15d,20342,234.5722245600383
Candidate_2_Previous10d15d,20343,55.74656452705043
Candidate_2_Previous10d15d,20344,222.81021130832613
Candidate_2_Previous10d15d,20345,59.021278995534814
Candidate_2_Previous10d15d,20346,71.18082553339667
Candidate_2_Previous10d15d,20347,163.91920887525427
Candidate_2_Previous10d15d,20348,84.32405267201669
Candidate_2_Previous10d15d,20349,207.66408594781626
Candidate_2_Previous10d15d,20350,239.08340592270451
Candidate_2_Previous10d15d,20351,71.41485522495368
Candidate_2_Previous10d15d,20352,145.92990894944853
Candidate_2_Previous10d15d,20353,-39.47210272874311
Candidate_2_Previous10d15d,20354,313.64974084421215
Candidate_2_Previous10d15d,20355,-26.665186791095966
Candidate_2_Previous10d15d,20356,122.64368312280924
Candidate_2_Previous10d15d,20357,124.81244598224872
Candidate_2_Previous10d15d,20358,299.3512375133977
Candidate_2_Previous10d15d,20359,71.01724833325059
Candidate_2_Previous10d15d,20360,-2.877606038856353
Candidate_2_Previous10d15d,20361,76.56692430484364
Candidate_2_Previous10d15d,20362,132.90167617662877
Candidate_2_Previous10d15d,20363,118.97601819217408
Candidate_2_Previous10d15d,20364,-37.96417882924823
Candidate_2_Previous10d15d,20365,413.5532375271741
Candidate_2_Previous10d15d,20366,90.54483341672942
Candidate_2_Previous10d15d,20367,132.47438304701228
Candidate_2_Previous10d15d,20368,288.51994392500137
Candidate_2_Previous10d15d,20369,343.22984171662625
Candidate_2_Previous10d15d,20370,83.70741607797659
Candidate_2_Previous10d15d,20371,135.97661698827548
Candidate_2_Previous10d15d,20372,179.615879683251
Candidate_2_Previous10d15d,20373,244.00139151081956
Candidate_2_Previous10d15d,20374,193.1007693585891
Candidate_2_Previous10d15d,20375,71.78761529513007
Candidate_2_Previous10d15d,20376,87.24053371468354
Candidate_2_Previous10d15d,20377,284.13415999330357
Candidate_2_Previous10d15d,20378,99.17907478583608
Candidate_2_Previous10d15d,20379,322.7936707994488
Candidate_2_Previous10d15d,20380,159.9713597846511
Candidate_2_Previous10d15d,20381,94.9505995443326
Candidate_2_Previous10d15d,20382,243.28450034528385
Candidate_2_Previous10d15d,20383,15.6332012804421
Candidate_2_Previous10d15d,20384,-42.715546128195676
Candidate_2_Previous10d15d,20385,171.6950847205508
Candidate_2_Previous10d15d,20386,228.90270540561662
Candidate_2_Previous10d15d,20387,193.16049447674607
Candidate_2_Previous10d15d,20388,-43.316302701144586
Candidate_2_Previous10d15d,20389,59.34818129369698
Candidate_2_Previous10d15d,20390,311.85204589884165
Candidate_2_Previous10d15d,20391,-1.807971463165665
Candidate_2_Previous10d15d,20392,116.63471154915953
Candidate_2_Previous10d15d,20393,340.41348549083773
Candidate_2_Previous10d15d,20394,48.36383774272077
Candidate_2_Previous10d15d,20395,-43.794116226146656
Candidate_2_Previous10d15d,20396,104.14850714386681
Candidate_2_Previous10d15d,20397,150.4681098241089
Candidate_2_Previous10d15d,20398,119.2644774213137
Candidate_2_Previous10d15d,20399,326.6995495860368
Candidate_2_Previous10d15d,20400,-116.82371728608967
Candidate_2_Previous10d15d,20401,90.25451305848587
Candidate_2_Previous10d15d,20402,215.33556906429135
Candidate_2_Previous10d15d,20403,343.38099707712223
Candidate_2_Previous10d15d,20404,392.4776202074683
Candidate_2_Previous10d15d,20405,232.86413141881613
Candidate_2_Previous10d15d,20406,265.1068227078481
Candidate_2_Previous10d15d,20407,154.35894115187918
Candidate_2_Previous10d15d,20408,131.13689371005344
Candidate_2_Previous10d15d,20409,138.4952852388466
Candidate_2_Previous10d15d,20410,38.035041797342686
Candidate_2_Previous10d15d,20411,465.1601183457492
Candidate_2_Previous10d15d,20412,258.64165225094473
Candidate_2_Previous10d15d,20413,106.40590623819155
Candidate_2_Previous10d15d,20414,74.26153278810988
Candidate_2_Previous10d15d,20415,128.5453354215373
Candidate_2_Previous10d15d,20416,41.796896953499335
Candidate_2_Previous10d15d,20417,114.2087838120055
Candidate_2_Previous10d15d,20418,118.16722582561995
Candidate_2_Previous10d15d,20419,95.11354904462144
Candidate_2_Previous10d15d,20420,19.423640073007384
Candidate_2_Previous10d15d,20421,234.35218088841376
Candidate_2_Previous10d15d,20422,104.82081713787649
Candidate_2_Previous10d15d,20423,115.7372734855656
Candidate_2_Previous10d15d,20424,105.86666318539812
Candidate_2_Previous10d15d,20425,268.21352177732837
Candidate_2_Previous10d15d,20426,99.36907077622858
Candidate_2_Previous10d15d,20427,267.565831340438
Candidate_2_Previous10d15d,20428,97.55599739329314
Candidate_2_Previous10d15d,20429,22.26032320721704
Candidate_2_Previous10d15d,20430,191.34699463898102
Candidate_2_Previous10d15d,20431,270.239471494266
Candidate_2_Previous10d15d,20432,248.69374035370106
Candidate_2_Previous10d15d,20433,124.20343256027196
Candidate_2_Previous10d15d,20434,83.27086570538071
Candidate_2_Previous10d15d,20435,164.80136404429504
Candidate_2_Previous10d15d,20436,181.62360678754803
Candidate_2_Previous10d15d,20437,267.19889906169414
Candidate_2_Previous10d15d,20438,145.41623748547985
Candidate_2_Previous10d15d,20439,-102.08893020504924
Candidate_2_Previous10d15d,20440,361.362397001567
Candidate_2_Previous10d15d,20441,187.86932424487483
Candidate_2_Previous10d15d,20442,25.808306470964002
Candidate_2_Previous10d15d,20443,199.41251139120493
Candidate_2_Previous10d15d,20444,258.93900437251176
Candidate_2_Previous10d15d,20445,34.12422000869074
Candidate_2_Previous10d15d,20446,363.4590669166693
Candidate_2_Previous10d15d,20447,238.22485914085235
Candidate_2_Previous10d15d,20448,507.84332911623727
Candidate_2_Previous10d15d,20449,257.84492955734936
Candidate_2_Previous10d15d,20450,151.50744958726358
Candidate_2_Previous10d15d,20451,370.744413916284
Candidate_2_Previous10d15d,20452,30.81264315496751
Candidate_2_Previous10d15d,20453,4.790093548683414
Candidate_2_Previous10d15d,20454,396.38599755667695
Candidate_2_Previous10d15d,20455,35.094724328515994
Candidate_2_Previous10d15d,20456,-3.490422927223109
Candidate_2_Previous10d15d,20457,292.18348625286916
Candidate_2_Previous10d15d,20458,143.70858503643814
Candidate_2_Previous10d15d,20459,285.40475514721174
Candidate_2_Previous10d15d,20460,243.2611840000447
Candidate_2_Previous10d15d,20461,712.5114584225298
Candidate_2_Previous10d15d,20462,101.86277671733818
Candidate_2_Previous10d15d,20463,326.4103353173144
Candidate_2_Previous10d15d,20464,425.8720780651968
Candidate_2_Previous10d15d,20465,393.96474037439964
Candidate_2_Previous10d15d,20466,168.59154931996648
Candidate_2_Previous10d15d,20467,86.73656274020713
Candidate_2_Previous10d15d,20468,232.0843321998908
Candidate_2_Previous10d15d,20469,-14.183175004692094
Candidate_2_Previous10d15d,20470,301.4113544119922
Candidate_2_Previous10d15d,20471,175.55514631488165
Candidate_2_Previous10d15d,20472,159.5858112004895
Candidate_2_Previous10d15d,20473,472.77906030531597
Candidate_2_Previous10d15d,20474,-30.17395272702291
Candidate_2_Previous10d15d,20475,415.5608780983275
Candidate_2_Previous10d15d,20476,319.6482017236339
Candidate_2_Previous10d15d,20477,447.6023362393789
Candidate_2_Previous10d15d,20478,183.75248870961633
Candidate_2_Previous10d15d,20479,225.66426336871666
Candidate_2_Previous10d15d,20480,78.40398858087043
Candidate_2_Previous10d15d,20481,208.36923862184446
Candidate_2_Previous10d15d,20482,183.21920832372828
Candidate_2_Previous10d15d,20483,-2.4692296748813574
Candidate_2_Previous10d15d,20484,33.92308499353439
Candidate_2_Previous10d15d,20485,82.52084880766701
Candidate_2_Previous10d15d,20486,-50.05607805829342
Candidate_2_Previous10d15d,20487,157.94222470232168
Candidate_2_Previous10d15d,20488,-43.702854402911136
Candidate_2_Previous10d15d,20489,356.04935414967787
Candidate_2_Previous10d15d,20490,207.66789056411696
Candidate_2_Previous10d15d,20491,240.56157762618267
Candidate_2_Previous10d15d,20492,227.06211599410943
Candidate_2_Previous10d15d,20493,126.01148527810481
Candidate_2_Previous10d15d,20494,175.71234343777266
Candidate_2_Previous10d15d,20495,236.87053065788598
Candidate_2_Previous10d15d,20496,278.8391351666905
Candidate_2_Previous10d15d,20497,170.6565151443192
Candidate_2_Previous10d15d,20498,191.23693047964585
Candidate_2_Previous10d15d,20499,336.8739897968592
Candidate_3,20000,242.10203566100915
Candidate_3,20001,98.75462257143806
Candidate_3,20002,102.36481836723722
Candidate_3,20003,165.84855771223383
Candidate_3,20004,214.53710784409563
Candidate_3,20005,214.1200088677368
Candidate_3,20006,238.9821680041685
Candidate_3,20007,261.20937815346116
Candidate_3,20008,280.25147405789534
Candidate_3,20009,181.30379765386505
Candidate_3,20010,211.47048412575327
Candidate_3,20011,232.57424364590474
Candidate_3,20012,209.91579700187827
Candidate_3,20013,347.4877767572306
Candidate_3,20014,169.63728512310914
Candidate_3,20015,142.49226313215576
Candidate_3,20016,310.15478314543475
Candidate_3,20017,175.98800562236403
Candidate_3,20018,281.4688627636735
Candidate_3,20019,216.23445320526423
Candidate_3,20020,125.95698081578563
Candidate_3,20021,308.31606475237504
Candidate_3,20022,212.69392171287444
Candidate_3,20023,237.3137872269785
Candidate_3,20024,283.8702806000801
Candidate_3,20025,152.14354073881444
Candidate_3,20026,132.42460265421408
Candidate_3,20027,134.37645727861383
Candidate_3,20028,196.06164995187126
Candidate_3,20029,282.2408204476005
Candidate_3,20030,234.7439538807348
Candidate_3,20031,208.51397577586522
Candidate_3,20032,297.0272297645356
Candidate_3,20033,194.69088793065447
Candidate_3,20034,127.71439449082398
Candidate_3,20035,177.25174926413843
Candidate_3,20036,331.0891621000282
Candidate_3,20037,210.3982776477813
Candidate_3,20038,244.89777423042557
Candidate_3,20039,84.20479769255644
Candidate_3,20040,129.142487598092
Candidate_3,20041,237.97945885195972
Candidate_3,20042,118.7209609492531
Candidate_3,20043,233.08330452252525
Candidate_3,20044,243.38550985868474
Candidate_3,20045,228.52776963482813
Candidate_3,20046,195.65181840084966
Candidate_3,20047,128.2814243461807
Candidate_3,20048,332.4924379821065
Candidate_3,20049,168.1276404403942
Candidate_3,20050,276.81362124732306
Candidate_3,20051,169.24014162205225
Candidate_3,20052,191.4242242548584
Candidate_3,20053,177.60191985930075
Candidate_3,20054,132.67978125131785
Candidate_3,20055,159.67062960987326
Candidate_3,20056,274.20415431711103
Candidate_3,20057,166.58825967831268
Candidate_3,20058,258.2123609711088
Candidate_3,20059,54.17717152488376
Candidate_3,20060,100.70435777572557
Candidate_3,20061,222.00737917405644
Candidate_3,20062,198.62266791062422
Candidate_3,20063,172.3419952014023
Candidate_3,20064,444.7507688835522
Candidate_3,20065,155.27746402070755
Candidate_3,20066,171.46645052581462
Candidate_3,20067,301.37679263030236
Candidate_3,20068,233.98825326025928
Candidate_3,20069,101.91062063613236
Candidate_3,20070,271.55316094742955
Candidate_3,20071,204.82878853530775
Candidate_3,20072,335.01075413706434
Candidate_3,20073,99.0653047840644
Candidate_3,20074,135.51664377203414
Candidate_3,20075,274.38365103828954
Candidate_3,20076,373.7887344258473
Candidate_3,20077,191.926571151484
Candidate_3,20078,141.2158365654942
Candidate_3,20079,313.3338371053889
Candidate_3,20080,216.39575626331273
Candidate_3,20081,249.54067532211974
Candidate_3,20082,213.54389475958135
Candidate_3,20083,272.0347457612624
Candidate_3,20084,209.1396547520096
Candidate_3,20085,215.57723611666523
Candidate_3,20086,107.71783954728528
Candidate_3,20087,318.77601364246357
Candidate_3,20088,218.1820419686147
Candidate_3,20089,221.31555845809893
Candidate_3,20090,188.02565533287648
Candidate_3,20091,145.3903927612453
Candidate_3,20092,50.13981960960701
Candidate_3,20093,277.51986936279593
Candidate_3,20094,106.29887621373959
Candidate_3,20095,154.31303883675952
Candidate_3,20096,214.61199337698162
Candidate_3,20097,117.49003629781645
Candidate_3,20098,325.4208416156449
Candidate_3,20099,99.82371242533894
Candidate_3,20100,215.98839225988905
Candidate_3,20101,176.6710761029063
Candidate_3,20102,265.770025308478
Candidate_3,20103,230.74305377092034
Candidate_3,20104,164.66175117630672
Candidate_3,20105,350.63774259914936
Candidate_3,20106,127.28245446149653
Candidate_3,20107,175.22168295094352
Candidate_3,20108,338.1156175165743
Candidate_3,20109,229.4000253509722
Candidate_3,20110,284.4332593246813
Candidate_3,20111,309.8595163439292
Candidate_3,20112,415.7765726583722
Candidate_3,20113,159.29355001694756
Candidate_3,20114,191.77913043559565
Candidate_3,20115,214.77671654956367
Candidate_3,20116,201.69556059982267
Candidate_3,20117,75.63179523814553
Candidate_3,20118,281.41261878446414
Candidate_3,20119,180.24714026682494
Candidate_3,20120,116.21599307006628
Candidate_3,20121,182.22843675628815
Candidate_3,20122,246.53370430558806
Candidate_3,20123,284.42995274625173
Candidate_3,20124,173.07951012154092
Candidate_3,20125,245.53788493289719
Candidate_3,20126,220.5670124985457
Candidate_3,20127,206.86529061906015
Candidate_3,20128,163.52403718819696
Candidate_3,20129,196.11642219613987
Candidate_3,20130,282.92747649013336
Candidate_3,20131,273.26138109757596
Candidate_3,20132,162.44632106462797
Candidate_3,20133,170.92628656490407
Candidate_3,20134,198.83425973624838
Candidate_3,20135,252.6228427313406
Candidate_3,20136,144.68752882533866
Candidate_3,20137,144.00969787417247
Candidate_3,20138,222.99736964376106
Candidate_3,20139,287.96554015737297
Candidate_3,20140,260.88918013019565
Candidate_3,20141,154.6928386811421
Candidate_3,20142,129.9532549441736
Candidate_3,20143,119.57057496466821
Candidate_3,20144,205.22301786188345
Candidate_3,20145,301.5029132319125
Candidate_3,20146,94.52260411025014
Candidate_3,20147,145.67665633388194
Candidate_3,20148,159.88053094918163
Candidate_3,20149,131.87622250532547
Candidate_3,20150,157.36049722369847
Candidate_3,20151,292.36248138542464
Candidate_3,20152,243.23029650510554
Candidate_3,20153,199.07579257963565
Candidate_3,20154,191.85693571555188
Candidate_3,20155,143.80835285104595
Candidate_3,20156,165.93666238126636
Candidate_3,20157,154.70884968916968
Candidate_3,20158,150.76652632628964
Candidate_3,20159,261.09494009322475
Candidate_3,20160,136.65375666264327
Candidate_3,20161,240.45789148505298
Candidate_3,20162,201.4624255799972
Candidate_3,20163,80.80775811343983
Candidate_3,20164,123.33933025841272
Candidate_3,20165,313.27147586484233
Candidate_3,20166,209.27890878015626
Candidate_3,20167,123.97949262100168
Candidate_3,20168,137.48722753309582
Candidate_3,20169,124.61295467127717
Candidate_3,20170,191.8336234126678
Candidate_3,20171,141.44039878053766
Candidate_3,20172,191.9451547252877
Candidate_3,20173,210.60318538647772
Candidate_3,20174,127.68107095347395
Candidate_3,20175,173.06353313323044
Candidate_3,20176,228.2100914352603
Candidate_3,20177,111.81969929900221
Candidate_3,20178,131.3902077374825
Candidate_3,20179,156.6873485288756
Candidate_3,20180,125.09091349111056
Candidate_3,20181,177.78717829774905
Candidate_3,20182,256.34915441032274
Candidate_3,20183,235.18950745053246
Candidate_3,20184,86.34247286828936
Candidate_3,20185,293.19636512407715
Candidate_3,20186,325.71805234027835
Candidate_3,20187,118.54749226663755
Candidate_3,20188,236.3789756950641
Candidate_3,20189,285.1389762664804
Candidate_3,20190,186.30929299860375
Candidate_3,20191,284.3413547566155
Candidate_3,20192,124.99697110530025
Candidate_3,20193,121.22128082424629
Candidate_3,20194,109.35058614885585
Candidate_3,20195,111.66305967676657
Candidate_3,20196,70.78281132343457
Candidate_3,20197,181.98174517782422
Candidate_3,20198,134.68105764980686
Candidate_3,20199,242.94618076784002
Candidate_3,20200,128.0043295887945
Candidate_3,20201,402.7392273036925
Candidate_3,20202,234.96622857972042
Candidate_3,20203,63.95893516375152
Candidate_3,20204,182.36582333941055
Candidate_3,20205,201.37871082282717
Candidate_3,20206,146.25059801487654
Candidate_3,20207,254.04647117714634
Candidate_3,20208,180.70332839218284
Candidate_3,20209,157.022807507139
Candidate_3,20210,219.40637806247952
Candidate_3,20211,56.96140748571451
Candidate_3,20212,166.96846210762934
Candidate_3,20213,156.57626780539454
Candidate_3,20214,229.3077895947832
Candidate_3,20215,305.3118251696138
Candidate_3,20216,210.8319793852741
Candidate_3,20217,200.47958821723984
Candidate_3,20218,383.4608860456438
Candidate_3,20219,259.64783433559603
Candidate_3,20220,312.21550710187506
Candidate_3,20221,183.0466407161435
Candidate_3,20222,105.3772234768342
Candidate_3,20223,228.1312554598241
Candidate_3,20224,254.88048099329097
Candidate_3,20225,137.09799631013317
Candidate_3,20226,92.78438597866955
Candidate_3,20227,70.23234571121054
Candidate_3,20228,80.85774397176712
Candidate_3,20229,238.0542195180682
Candidate_3,20230,220.56398686789842
Candidate_3,20231,113.22401693880074
Candidate_3,20232,216.103777451486
Candidate_3,20233,164.44363262737377
Candidate_3,20234,294.66204537780783
Candidate_3,20235,177.37455154585237
Candidate_3,20236,236.70611588228599
Candidate_3,20237,288.80567133428946
Candidate_3,20238,216.10655254729164
Candidate_3,20239,194.9191920726418
Candidate_3,20240,214.01894471019511
Candidate_3,20241,206.1753354866105
Candidate_3,20242,310.2114798757734
Candidate_3,20243,203.42431526477063
Candidate_3,20244,247.05980083671872
Candidate_3,20245,262.4152053843343
Candidate_3,20246,185.35335108861037
Candidate_3,20247,266.41731618889617
Candidate_3,20248,253.17922350750848
Candidate_3,20249,167.15679447167398
Candidate_3,20250,94.17900069239299
Candidate_3,20251,199.6446357798864
Candidate_3,20252,273.1182018867566
Candidate_3,20253,234.92284842953438
Candidate_3,20254,167.4553558740055
Candidate_3,20255,202.69461690963035
Candidate_3,20256,151.65950616388682
Candidate_3,20257,178.1451788961014
Candidate_3,20258,221.89546769281733
Candidate_3,20259,269.2152463998068
Candidate_3,20260,239.87975789430973
Candidate_3,20261,227.46601004145032
Candidate_3,20262,229.4491079433749
Candidate_3,20263,188.408555051832
Candidate_3,20264,190.78608278677075
Candidate_3,20265,223.410332208533
Candidate_3,20266,247.9267536823965
Candidate_3,20267,142.3977395668817
Candidate_3,20268,256.27424104066364
Candidate_3,20269,133.8077081607991
Candidate_3,20270,171.35631746551303
Candidate_3,20271,194.6238003418727
Candidate_3,20272,213.9384484367811
Candidate_3,20273,243.5028139418646
Candidate_3,20274,183.72248981348585
Candidate_3,20275,196.00810729775188
Candidate_3,20276,168.13801027360805
Candidate_3,20277,168.3371082879915
Candidate_3,20278,171.29681634417034
Candidate_3,20279,187.57514691529866
Candidate_3,20280,176.05840904391272
Candidate_3,20281,213.49346901278585
Candidate_3,20282,175.90415737803477
Candidate_3,20283,65.02620565695698
Candidate_3,20284,260.6892732838603
Candidate_3,20285,220.29672381024372
Candidate_3,20286,222.85415764633763
Candidate_3,20287,258.7773706156083
Candidate_3,20288,104.99560943373989
Candidate_3,20289,207.10764895863332
Candidate_3,20290,336.6514785602686
Candidate_3,20291,248.18984849714633
Candidate_3,20292,310.364864101972
Candidate_3,20293,218.4954082205578
Candidate_3,20294,169.0049224242761
Candidate_3,20295,283.8665829941382
Candidate_3,20296,150.0800488717879
Candidate_3,20297,192.38317385413748
Candidate_3,20298,221.38531010694325
Candidate_3,20299,278.6007229455813
Candidate_3,20300,165.5385554725342
Candidate_3,20301,242.9255369651288
Candidate_3,20302,152.63003892599036
Candidate_3,20303,153.116860911396
Candidate_3,20304,281.7891530256749
Candidate_3,20305,224.36168210090048
Candidate_3,20306,214.56324528087598
Candidate_3,20307,352.99533303906287
Candidate_3,20308,235.97590765291585
Candidate_3,20309,195.77751717247173
Candidate_3,20310,126.5482893898596
Candidate_3,20311,433.68092411791736
Candidate_3,20312,266.7899202530074
Candidate_3,20313,210.31251052714964
Candidate_3,20314,202.74631155614358
Candidate_3,20315,196.50185013564206
Candidate_3,20316,179.971064920308
Candidate_3,20317,196.88666052897995
Candidate_3,20318,146.48862340782304
Candidate_3,20319,231.0566940277417
Candidate_3,20320,403.7063319161739
Candidate_3,20321,161.59807606415941
Candidate_3,20322,143.96246171751372
Candidate_3,20323,305.09105166201556
Candidate_3,20324,200.4926985194438
Candidate_3,20325,251.68300950643908
Candidate_3,20326,202.434883005712
Candidate_3,20327,225.24293311497019
Candidate_3,20328,173.43179433332415
Candidate_3,20329,359.0232571217295
Candidate_3,20330,275.00381093326723
Candidate_3,20331,201.11672818891876
Candidate_3,20332,231.56238283290614
Candidate_3,20333,142.16502319690053
Candidate_3,20334,270.9925912561659
Candidate_3,20335,209.75575008407654
Candidate_3,20336,211.7471488304169
Candidate_3,20337,256.40907235835476
Candidate_3,20338,174.7699427487361
Candidate_3,20339,197.29917971073087
Candidate_3,20340,138.4737305209136
Candidate_3,20341,388.97993004108065
Candidate_3,20342,234.22245874173123
Candidate_3,20343,154.97319500650272
Candidate_3,20344,281.8555072447397
Candidate_3,20345,110.5246696958819
Candidate_3,20346,159.05129298555295
Candidate_3,20347,202.9112736075723
Candidate_3,20348,146.74294040008354
Candidate_3,20349,217.6314296446319
Candidate_3,20350,245.51581136295067
Candidate_3,20351,141.0899049615895
Candidate_3,20352,173.79674676025436
Candidate_3,20353,106.72784203727014
Candidate_3,20354,276.20887439546743
Candidate_3,20355,117.54956130215989
Candidate_3,20356,174.5410495323015
Candidate_3,20357,162.00170107299218
Candidate_3,20358,262.69539237229293
Candidate_3,20359,161.56971652061918
Candidate_3,20360,108.35771834949972
Candidate_3,20361,176.9499804127286
Candidate_3,20362,167.91735764839126
Candidate_3,20363,163.8045960266428
Candidate_3,20364,101.76605699729289
Candidate_3,20365,273.46686432941397
Candidate_3,20366,145.13868119836118
Candidate_3,20367,173.73900132983644
Candidate_3,20368,265.28466851192957
Candidate_3,20369,265.8082476256557
Candidate_3,20370,158.80322044236564
Candidate_3,20371,186.65283300829597
Candidate_3,20372,210.21392025205273
Candidate_3,20373,226.4054711828986
Candidate_3,20374,204.7090337133699
Candidate_3,20375,178.13700219430385
Candidate_3,20376,161.55624643806505
Candidate_3,20377,257.072132729959
Candidate_3,20378,153.95739592711078
Candidate_3,20379,276.7250839903436
Candidate_3,20380,193.28814425084846
Candidate_3,20381,206.60647822400958
Candidate_3,20382,223.35641258087483
Candidate_3,20383,132.70726684063902
Candidate_3,20384,110.43321378859429
Candidate_3,20385,197.8579291106727
Candidate_3,20386,206.5233355875003
Candidate_3,20387,196.35011538080462
Candidate_3,20388,113.44793042776045
Candidate_3,20389,158.134802796033
Candidate_3,20390,237.15227193107165
Candidate_3,20391,117.773878224777
Candidate_3,20392,177.61859939119978
Candidate_3,20393,270.80674791639694
Candidate_3,20394,132.84911428136127
Candidate_3,20395,138.42303433375716
Candidate_3,20396,159.43274523090116
Candidate_3,20397,187.7677249868937
Candidate_3,20398,174.40665499930066
Candidate_3,20399,261.44500885282537
Candidate_3,20400,63.070602824470186
Candidate_3,20401,161.34759676899094
Candidate_3,20402,219.4170262261245
Candidate_3,20403,275.6499271824974
Candidate_3,20404,312.7356876182101
Candidate_3,20405,230.23356497498872
Candidate_3,20406,279.4810666921377
Candidate_3,20407,162.2276620954433
Candidate_3,20408,177.04394617073922
Candidate_3,20409,175.96596043854922
Candidate_3,20410,136.24422269445745
Candidate_3,20411,320.91133234573766
Candidate_3,20412,243.28131708362673
Candidate_3,20413,167.12718267679537
Candidate_3,20414,154.9872647155563
Candidate_3,20415,173.5919671188807
Candidate_3,20416,131.23119011584677
Candidate_3,20417,170.29488611887427
Candidate_3,20418,183.02107726732066
Candidate_3,20419,199.50254132645165
Candidate_3,20420,137.10215147194967
Candidate_3,20421,239.66344027403127
Candidate_3,20422,165.68523155900533
Candidate_3,20423,183.76759088679808
Candidate_3,20424,162.90453369237014
Candidate_3,20425,230.55820707043006
Candidate_3,20426,163.34672454809714
Candidate_3,20427,254.84810520843752
Candidate_3,20428,137.1039512242152
Candidate_3,20429,118.37221885984854
Candidate_3,20430,204.4020445122551
Candidate_3,20431,249.64015293420175
Candidate_3,20432,236.94126230178543
Candidate_3,20433,174.776516817128
Candidate_3,20434,159.59700086403566
Candidate_3,20435,202.16552257779782
Candidate_3,20436,206.8651846388999
Candidate_3,20437,246.9442327163001
Candidate_3,20438,179.52305433027945
Candidate_3,20439,77.60736584810708
Candidate_3,20440,281.53848350540915
Candidate_3,20441,205.88690583949523
Candidate_3,20442,144.27280767214114
Candidate_3,20443,226.37539066364545
Candidate_3,20444,244.93022338148333
Candidate_3,20445,147.7401334679149
Candidate_3,20446,277.3332355311762
Candidate_3,20447,219.80120182956117
Candidate_3,20448,362.23205238384224
Candidate_3,20449,239.92090050237348
Candidate_3,20450,181.76950573962824
Candidate_3,20451,312.62287660170773
Candidate_3,20452,148.22010456589356
Candidate_3,20453,130.7304505279608
Candidate_3,20454,318.414584950926
Candidate_3,20455,136.60675369996727
Candidate_3,20456,95.40234730933699
Candidate_3,20457,260.5994111849012
Candidate_3,20458,161.1202834100184
Candidate_3,20459,268.9931209448691
Candidate_3,20460,225.1876556427411
Candidate_3,20461,462.37660149611935
Candidate_3,20462,167.7779333178094
Candidate_3,20463,275.55752671179823
Candidate_3,20464,319.66083367891235
Candidate_3,20465,295.0103602395345
Candidate_3,20466,196.63188519354225
Candidate_3,20467,156.09605905916345
Candidate_3,20468,213.4482859601907
Candidate_3,20469,108.61799800131236
Candidate_3,20470,253.18196053410298
Candidate_3,20471,178.75456775644335
Candidate_3,20472,190.6351582116526
Candidate_3,20473,334.83693374856745
Candidate_3,20474,97.73418418539377
Candidate_3,20475,322.48383195091725
Candidate_3,20476,260.5259695089008
Candidate_3,20477,341.20718185087424
Candidate_3,20478,191.63068976460502
Candidate_3,20479,212.02714328280868
Candidate_3,20480,152.95141141958965
Candidate_3,20481,210.7842375537731
Candidate_3,20482,211.17720100066293
Candidate_3,20483,100.18024719131252
Candidate_3,20484,167.57094512829397
Candidate_3,20485,158.81325340817776
Candidate_3,20486,80.02506945302441
Candidate_3,20487,179.48637967661284
Candidate_3,20488,77.07443507191837
Candidate_3,20489,283.89351677972707
Candidate_3,20490,235.49933175697447
Candidate_3,20491,243.28841678836514
Candidate_3,20492,217.90615594854987
Candidate_3,20493,163.53124443516108
Candidate_3,20494,236.72716558233583
Candidate_3,20495,229.43621065818243
Candidate_3,20496,250.71976185626136
Candidate_3,20497,192.18890508818052
Candidate_3,20498,209.61899579562822
Candidate_3,20499,269.3016636477043
Candidate_4,20000,263.03583548823696
Candidate_4,20001,101.14962489854038
Candidate_4,20002,82.07463871350687
Candidate_4,20003,149.96582373463283
Candidate_4,20004,240.35113979715018
Candidate_4,20005,218.73702385568026
Candidate_4,20006,240.69126701050624
Candidate_4,20007,291.02340974762444
Candidate_4,20008,305.99334697504014
Candidate_4,20009,175.07228722172604
Candidate_4,20010,211.14705389385315
Candidate_4,20011,265.10146519163624
Candidate_4,20012,240.06768101862366
Candidate_4,20013,365.53006612036506
Candidate_4,20014,163.0637033975299
Candidate_4,20015,130.498677391355
Candidate_4,20016,346.6839996648674
Candidate_4,20017,226.1234267766543
Candidate_4,20018,304.9004793125949
Candidate_4,20019,242.43953116128873
Candidate_4,20020,135.2296480677066
Candidate_4,20021,324.418845878762
Candidate_4,20022,249.46309546927876
Candidate_4,20023,238.1737353140653
Candidate_4,20024,316.72418758492927
Candidate_4,20025,142.4567891610135
Candidate_4,20026,82.38198350625224
Candidate_4,20027,150.58266243077176
Candidate_4,20028,185.62569779798545
Candidate_4,20029,273.42419372122635
Candidate_4,20030,255.00812099767722
Candidate_4,20031,218.69184403662751
Candidate_4,20032,277.362847502269
Candidate_4,20033,225.33517610506146
Candidate_4,20034,107.69544954775043
Candidate_4,20035,193.23826315041052
Candidate_4,20036,381.0208482207022
Candidate_4,20037,234.66031534370603
Candidate_4,20038,273.2343660367361
Candidate_4,20039,8.413285107515708
Candidate_4,20040,145.9355001178566
Candidate_4,20041,271.2282575340407
Candidate_4,20042,122.62540892043455
Candidate_4,20043,254.32366839166156
Candidate_4,20044,221.69389627666135
Candidate_4,20045,224.09662380805415
Candidate_4,20046,191.7373439412559
Candidate_4,20047,93.18695695546721
Candidate_4,20048,336.6895119697517
Candidate_4,20049,198.96926925074354
Candidate_4,20050,316.5633802324471
Candidate_4,20051,166.79180214182128
Candidate_4,20052,215.58278436618954
Candidate_4,20053,162.13838168441762
Candidate_4,20054,124.31242992831612
Candidate_4,20055,134.82885220057966
Candidate_4,20056,282.71980857857756
Candidate_4,20057,127.319929111409
Candidate_4,20058,261.3048789470616
Candidate_4,20059,26.069116780102046
Candidate_4,20060,79.07037907222404
Candidate_4,20061,202.6913773052152
Candidate_4,20062,210.26231561993222
Candidate_4,20063,165.88612175746158
Candidate_4,20064,451.4880990783833
Candidate_4,20065,170.99932711381229
Candidate_4,20066,179.86756447856453
Candidate_4,20067,335.84152648329024
Candidate_4,20068,241.05810110642358
Candidate_4,20069,78.48955388133936
Candidate_4,20070,308.8499687351528
Candidate_4,20071,211.29415340216877
Candidate_4,20072,355.65295133090444
Candidate_4,20073,30.859241331922036
Candidate_4,20074,93.69714589136811
Candidate_4,20075,288.3362356416136
Candidate_4,20076,441.2092783389565
Candidate_4,20077,176.9840744334858
Candidate_4,20078,125.14895590128295
Candidate_4,20079,347.5427618615195
Candidate_4,20080,250.2065359712299
Candidate_4,20081,250.54070155635597
Candidate_4,20082,242.98979425481815
Candidate_4,20083,324.53363935976716
Candidate_4,20084,239.53816025010062
Candidate_4,20085,236.86795100952676
Candidate_4,20086,93.06772877577312
Candidate_4,20087,370.33023816167633
Candidate_4,20088,202.3074125477887
Candidate_4,20089,254.3271629996745
Candidate_4,20090,184.30472834759246
Candidate_4,20091,134.87531073518963
Candidate_4,20092,11.640827977256532
Candidate_4,20093,304.32152684720836
Candidate_4,20094,93.21157197980098
Candidate_4,20095,152.54764806648515
Candidate_4,20096,222.27566398140863
Candidate_4,20097,122.75134246455673
Candidate_4,20098,379.76832378371495
Candidate_4,20099,85.00435504068344
Candidate_4,20100,226.14876013050744
Candidate_4,20101,173.17521881504655
Candidate_4,20102,297.38099044691893
Candidate_4,20103,285.3234520747359
Candidate_4,20104,119.36747755524125
Candidate_4,20105,417.1894592839443
Candidate_4,20106,120.1813502195429
Candidate_4,20107,211.09825999235338
Candidate_4,20108,373.8812131555367
Candidate_4,20109,279.23641233558135
Candidate_4,20110,297.2615780947358
Candidate_4,20111,363.2808355686863
Candidate_4,20112,490.76785583115833
Candidate_4,20113,146.1928285595967
Candidate_4,20114,193.49566002161504
Candidate_4,20115,211.7650884308748
Candidate_4,20116,224.8320677486802
Candidate_4,20117,3.339672379672678
Candidate_4,20118,301.95991712689806
Candidate_4,20119,199.23030749810678
Candidate_4,20120,99.93550105735292
Candidate_4,20121,152.70995583047133
Candidate_4,20122,250.42006254902103
Candidate_4,20123,278.6983462678751
Candidate_4,20124,153.49603978678783
Candidate_4,20125,288.614778807379
Candidate_4,20126,265.92944798940414
Candidate_4,20127,252.58075469118376
Candidate_4,20128,157.72352454701485
Candidate_4,20129,227.59866652056706
Candidate_4,20130,320.4698006610647
Candidate_4,20131,320.0156564961546
Candidate_4,20132,151.50518389301808
Candidate_4,20133,161.3206788381773
Candidate_4,20134,148.25651806527597
Candidate_4,20135,275.43417651191976
Candidate_4,20136,126.08885867700492
Candidate_4,20137,140.13279401578617
Candidate_4,20138,252.50634507457787
Candidate_4,20139,285.1717172183175
Candidate_4,20140,294.16105789034236
Candidate_4,20141,162.21799071482977
Candidate_4,20142,122.25931403409984
Candidate_4,20143,85.20614565031775
Candidate_4,20144,251.06853437577402
Candidate_4,20145,326.85656946405675
Candidate_4,20146,74.39083698788437
Candidate_4,20147,123.74812081318225
Candidate_4,20148,168.16715417118405
Candidate_4,20149,60.370724756702685
Candidate_4,20150,185.60571235443317
Candidate_4,20151,302.70374757930944
Candidate_4,20152,226.12987511555409
Candidate_4,20153,218.21769332920974
Candidate_4,20154,214.03833639826792
Candidate_4,20155,136.19959844401194
Candidate_4,20156,172.12180118692424
Candidate_4,20157,135.25955939865065
Candidate_4,20158,173.62723072708522
Candidate_4,20159,274.78660829914463
Candidate_4,20160,157.21350729098248
Candidate_4,20161,223.82514120299243
Candidate_4,20162,211.98230998090563
Candidate_4,20163,45.16452289864499
Candidate_4,20164,128.94978865368722
Candidate_4,20165,299.91883077235
Candidate_4,20166,236.77697940128928
Candidate_4,20167,104.89400833608914
Candidate_4,20168,109.65462189956833
Candidate_4,20169,124.48245690482113
Candidate_4,20170,198.57502357377052
Candidate_4,20171,123.88756126733547
Candidate_4,20172,221.04533332562175
Candidate_4,20173,238.44429850106965
Candidate_4,20174,147.92015601733058
Candidate_4,20175,196.949368010234
Candidate_4,20176,270.48553846650447
Candidate_4,20177,81.89153023859282
Candidate_4,20178,125.75374403346405
Candidate_4,20179,128.24975340143845
Candidate_4,20180,146.921036900991
Candidate_4,20181,165.573378339803
Candidate_4,20182,313.4538030669777
Candidate_4,20183,282.4265986410105
Candidate_4,20184,45.19731375804018
Candidate_4,20185,335.3718250728588
Candidate_4,20186,359.72324980639553
Candidate_4,20187,117.63551666951633
Candidate_4,20188,292.6360052053789
Candidate_4,20189,314.4693108957911
Candidate_4,20190,209.88450921650303
Candidate_4,20191,327.83642347002905
Candidate_4,20192,104.75426493471053
Candidate_4,20193,108.27968851512658
Candidate_4,20194,96.72456596730238
Candidate_4,20195,96.73435969957282
Candidate_4,20196,16.18996826846831
Candidate_4,20197,169.3697169174568
Candidate_4,20198,130.06326817766296
Candidate_4,20199,246.49335500230723
Candidate_4,20200,134.35735005644338
Candidate_4,20201,440.17045629453895
Candidate_4,20202,296.6527923819409
Candidate_4,20203,28.293324259780658
Candidate_4,20204,220.9960225442571
Candidate_4,20205,240.70883184213275
Candidate_4,20206,147.01824601415447
Candidate_4,20207,264.8724570449877
Candidate_4,20208,177.7808043581673
Candidate_4,20209,174.60433975404115
Candidate_4,20210,199.4593242517142
Candidate_4,20211,13.672722604418361
Candidate_4,20212,137.21532034442217
Candidate_4,20213,91.53767804284016
Candidate_4,20214,240.96683919779613
Candidate_4,20215,333.25667574552006
Candidate_4,20216,261.5471622193157
Candidate_4,20217,233.77772991708775
Candidate_4,20218,434.6944969103616
Candidate_4,20219,268.10834053273805
Candidate_4,20220,362.2715092377693
Candidate_4,20221,211.95957602616804
Candidate_4,20222,114.05413514855746
Candidate_4,20223,228.04449239954494
Candidate_4,20224,312.7476219504299
Candidate_4,20225,126.29681582843223
Candidate_4,20226,41.30864867806663
Candidate_4,20227,17.0689655453665
Candidate_4,20228,71.35415919930657
Candidate_4,20229,257.17185851184496
Candidate_4,20230,256.80792356933665
Candidate_4,20231,110.75270913190117
Candidate_4,20232,203.49397047123603
Candidate_4,20233,178.50973676719912
Candidate_4,20234,294.63322699727775
Candidate_4,20235,158.69366440417554
Candidate_4,20236,277.6160632665698
Candidate_4,20237,313.7622325455226
Candidate_4,20238,233.88112948875923
Candidate_4,20239,186.83839519659227
Candidate_4,20240,214.9846519874891
Candidate_4,20241,252.23716595057803
Candidate_4,20242,347.7093905292011
Candidate_4,20243,203.27796200782268
Candidate_4,20244,254.60151003256127
Candidate_4,20245,326.03175637594165
Candidate_4,20246,231.09149850684426
Candidate_4,20247,314.24626788198236
Candidate_4,20248,282.40619006865194
Candidate_4,20249,182.26863435229316
Candidate_4,20250,79.78567027401455
Candidate_4,20251,201.60167765257887
Candidate_4,20252,310.8542678958393
Candidate_4,20253,245.74924799863822
Candidate_4,20254,197.9346573164359
Candidate_4,20255,168.00619313618637
Candidate_4,20256,143.0079197264419
Candidate_4,20257,189.15571904171068
Candidate_4,20258,228.80374852161935
Candidate_4,20259,304.5495145930304
Candidate_4,20260,243.25783578076252
Candidate_4,20261,238.92003763790356
Candidate_4,20262,297.7669955761742
Candidate_4,20263,207.63562613841924
Candidate_4,20264,183.28003593743622
Candidate_4,20265,254.32676267597034
Candidate_4,20266,269.64296094234066
Candidate_4,20267,159.9941251431269
Candidate_4,20268,235.41605795719036
Candidate_4,20269,125.71646917177362
Candidate_4,20270,167.01386005136976
Candidate_4,20271,174.12399093519656
Candidate_4,20272,231.03178829559045
Candidate_4,20273,255.71060438601933
Candidate_4,20274,177.6075094635571
Candidate_4,20275,205.00347010333277
Candidate_4,20276,182.10812961588783
Candidate_4,20277,128.68484266556615
Candidate_4,20278,174.7593654765174
Candidate_4,20279,197.46621821573558
Candidate_4,20280,165.0090384616682
Candidate_4,20281,239.1065074175706
Candidate_4,20282,195.52630959291415
Candidate_4,20283,30.127483853801373
Candidate_4,20284,335.8108183900154
Candidate_4,20285,226.7376814194148
Candidate_4,20286,221.6517195734889
Candidate_4,20287,268.69859096784006
Candidate_4,20288,75.33400952219422
Candidate_4,20289,212.79395795129255
Candidate_4,20290,347.4301914173796
Candidate_4,20291,242.167837299125
Candidate_4,20292,364.8704003040436
Candidate_4,20293,231.98683172082985
Candidate_4,20294,187.34017118318943
Candidate_4,20295,279.6704977754291
Candidate_4,20296,164.13839712047917
Candidate_4,20297,166.14080662491548
Candidate_4,20298,160.21472739299494
Candidate_4,20299,289.4347519014773
Candidate_4,20300,177.00608815489625
Candidate_4,20301,229.57333791067006
Candidate_4,20302,113.22092130088434
Candidate_4,20303,141.38209831431183
Candidate_4,20304,263.28359205087395
Candidate_4,20305,229.3196982100749
Candidate_4,20306,225.8589344949608
Candidate_4,20307,352.70351736796124
Candidate_4,20308,221.36849405588038
Candidate_4,20309,214.32330444917577
Candidate_4,20310,142.26345298642468
Candidate_4,20311,414.0688073365461
Candidate_4,20312,303.8890977438233
Candidate_4,20313,236.26753536076717
Candidate_4,20314,236.68339684244555
Candidate_4,20315,177.0400602289474
Candidate_4,20316,195.49608572618527
Candidate_4,20317,179.6205137310173
Candidate_4,20318,110.11001369592644
Candidate_4,20319,277.79883626117527
Candidate_4,20320,429.8533188615656
Candidate_4,20321,171.6204111547802
Candidate_4,20322,160.063244860835
Candidate_4,20323,338.66044904594577
Candidate_4,20324,231.5021889643911
Candidate_4,20325,310.7100282481555
Candidate_4,20326,181.7963299604445
Candidate_4,20327,262.7608899909594
Candidate_4,20328,133.46406223391082
Candidate_4,20329,422.05616783864343
Candidate_4,20330,268.90527454645616
Candidate_4,20331,218.80009670617494
Candidate_4,20332,265.63044259889875
Candidate_4,20333,166.4632192508311
Candidate_4,20334,291.0521467862928
Candidate_4,20335,228.69416813590095
Candidate_4,20336,250.08982299471944
Candidate_4,20337,323.4991960417618
Candidate_4,20338,187.96192938929735
Candidate_4,20339,185.21451605844416
Candidate_4,20340,105.31460386431017
Candidate_4,20341,434.12213563751357
Candidate_4,20342,249.5597938976677
Candidate_4,20343,169.5228220493734
Candidate_4,20344,251.99282748531326
Candidate_4,20345,137.89251304551735
Candidate_4,20346,159.88869855072235
Candidate_4,20347,203.37589299511447
Candidate_4,20348,169.8261199210311
Candidate_4,20349,235.58279518917408
Candidate_4,20350,273.4229273181466
Candidate_4,20351,179.6537982873988
Candidate_4,20352,197.34795424668764
Candidate_4,20353,95.09827563260825
Candidate_4,20354,326.976191483801
Candidate_4,20355,85.00453788890775
Candidate_4,20356,165.07223693695533
Candidate_4,20357,184.91427790236543
Candidate_4,20358,269.38945982733986
Candidate_4,20359,157.57400059788114
Candidate_4,20360,93.55563590801603
Candidate_4,20361,160.75145877782998
Candidate_4,20362,165.41905994071348
Candidate_4,20363,165.6945734315769
Candidate_4,20364,74.38663076824483
Candidate_4,20365,373.52399159322437
Candidate_4,20366,137.10306412668916
Candidate_4,20367,175.41555309649777
Candidate_4,20368,242.74717774586318
Candidate_4,20369,333.42516810045794
Candidate_4,20370,171.19512178456472
Candidate_4,20371,179.86436618796614
Candidate_4,20372,209.22429710567846
Candidate_4,20373,244.98464704888323
Candidate_4,20374,214.68967037199425
Candidate_4,20375,160.76513055415688
Candidate_4,20376,164.03875003684888
Candidate_4,20377,261.9861422006007
Candidate_4,20378,148.3553402930722
Candidate_4,20379,298.4929341653908
Candidate_4,20380,195.80113479175333
Candidate_4,20381,140.8245076520095
Candidate_4,20382,195.93899513172164
Candidate_4,20383,110.66153896506147
Candidate_4,20384,95.92984225504871
Candidate_4,20385,201.09145648977037
Candidate_4,20386,205.74011521070298
Candidate_4,20387,215.8991823299552
Candidate_4,20388,73.08311326741541
Candidate_4,20389,177.74875852845165
Candidate_4,20390,307.99690886763375
Candidate_4,20391,85.2454491112055
Candidate_4,20392,172.96480206618565
Candidate_4,20393,316.6025202250568
Candidate_4,20394,166.71358680538648
Candidate_4,20395,85.76812125599504
Candidate_4,20396,155.85116830482153
Candidate_4,20397,159.81874807185807
Candidate_4,20398,178.59590005851408
Candidate_4,20399,284.8126860594485
Candidate_4,20400,37.86479536063448
Candidate_4,20401,181.11214749669523
Candidate_4,20402,197.18552754065314
Candidate_4,20403,324.88754591630635
Candidate_4,20404,326.5694755562362
Candidate_4,20405,257.2364561381622
Candidate_4,20406,261.7241468798556
Candidate_4,20407,169.04050109205298
Candidate_4,20408,167.33014833641187
Candidate_4,20409,193.13901405686298
Candidate_4,20410,126.6231067168336
Candidate_4,20411,387.9336088202142
Candidate_4,20412,259.86822208916294
Candidate_4,20413,167.29698489136135
Candidate_4,20414,169.60630725437684
Candidate_4,20415,175.30263477773184
Candidate_4,20416,121.44603306140625
Candidate_4,20417,150.5572551348947
Candidate_4,20418,173.6999730452652
Candidate_4,20419,153.73325987307328
Candidate_4,20420,100.29843059577594
Candidate_4,20421,243.85279898337637
Candidate_4,20422,144.1767392929579
Candidate_4,20423,185.54400384158242
Candidate_4,20424,144.98214426506794
Candidate_4,20425,257.618577021218
Candidate_4,20426,173.43006640647607
Candidate_4,20427,252.49953934193923
Candidate_4,20428,154.58001391262198
Candidate_4,20429,108.79248255918033
Candidate_4,20430,216.03371663093566
Candidate_4,20431,291.1155055986289
Candidate_4,20432,262.6694614294436
Candidate_4,20433,198.64058048868748
Candidate_4,20434,169.07417493681973
Candidate_4,20435,216.78524990050937
Candidate_4,20436,194.9699711151667
Candidate_4,20437,241.95566018024067
Candidate_4,20438,183.69183788612213
Candidate_4,20439,69.58959695954367
Candidate_4,20440,335.14967559454266
Candidate_4,20441,242.97613016515646
Candidate_4,20442,92.67542781578867
Candidate_4,20443,262.1929753657111
Candidate_4,20444,265.4992406516539
Candidate_4,20445,120.38452776253155
Candidate_4,20446,310.9493745368075
Candidate_4,20447,264.99588724828146
Candidate_4,20448,343.84481117405016
Candidate_4,20449,272.98644534032667
Candidate_4,20450,183.8518636325547
Candidate_4,20451,317.2634863264333
Candidate_4,20452,114.66129113752885
Candidate_4,20453,114.47410335698545
Candidate_4,20454,360.6256487708253
Candidate_4,20455,122.1032234659469
Candidate_4,20456,109.80300285894162
Candidate_4,20457,304.2327544002966
Candidate_4,20458,203.62951866849235
Candidate_4,20459,308.9574646622416
Candidate_4,20460,275.7653010083266
Candidate_4,20461,511.83059158716367
Candidate_4,20462,175.76358750745229
Candidate_4,20463,306.9945826699576
Candidate_4,20464,376.1589649138727
Candidate_4,20465,257.34395164993174
Candidate_4,20466,211.51178915960034
Candidate_4,20467,171.73039823000522
Candidate_4,20468,243.55835115623927
Candidate_4,20469,98.4952552632241
Candidate_4,20470,264.87907917466396
Candidate_4,20471,206.2989229166152
Candidate_4,20472,202.3829018055308
Candidate_4,20473,387.5023147733903
Candidate_4,20474,66.20339696445036
Candidate_4,20475,354.1586686949935
Candidate_4,20476,291.9273388972009
Candidate_4,20477,355.5413077608409
Candidate_4,20478,244.90254319165243
Candidate_4,20479,252.126802153352
Candidate_4,20480,106.34935282103532
Candidate_4,20481,279.8537742451362
Candidate_4,20482,222.92048585737848
Candidate_4,20483,106.81752632920846
Candidate_4,20484,79.9288562774209
Candidate_4,20485,167.85526085181795
Candidate_4,20486,42.89157964711651
Candidate_4,20487,184.75209227072526
Candidate_4,20488,71.90748452633561
Candidate_4,20489,307.20892946747773
Candidate_4,20490,241.35606788366565
Candidate_4,20491,256.6813381989976
Candidate_4,20492,248.8311601569365
Candidate_4,20493,178.01853943539572
Candidate_4,20494,250.44938913967928
Candidate_4,20495,223.40778978561505
Candidate_4,20496,276.6214909116323
Candidate_4,20497,220.08954996689957
Candidate_4,20498,204.39858486939727
Candidate_4,20499,305.58847514918847
Candidate_5,20000,248.59695551097607
Candidate_5,20001,87.43197865734027
Candidate_5,20002,82.3897159957733
Candidate_5,20003,154.11925786866698
Candidate_5,20004,223.83913204819694
Candidate_5,20005,209.09923158426326
Candidate_5,20006,236.2389554237692
Candidate_5,20007,273.1599809459789
Candidate_5,20008,288.17534485956037
Candidate_5,20009,173.05069999665116
Candidate_5,20010,201.123407797831
Candidate_5,20011,243.02695510217123
Candidate_5,20012,215.0877425201647
Candidate_5,20013,352.9239899923382
Candidate_5,20014,161.7066553099661
Candidate_5,20015,129.02212772933265
Candidate_5,20016,324.7424602363441
Candidate_5,20017,187.13355118539096
Candidate_5,20018,291.4589897770313
Candidate_5,20019,221.25569055375047
Candidate_5,20020,119.09575071899529
Candidate_5,20021,313.80421533352387
Candidate_5,20022,223.06513754074223
Candidate_5,20023,233.91649230793354
Candidate_5,20024,299.68374514203526
Candidate_5,20025,140.62267192106015
Candidate_5,20026,100.57572265849907
Candidate_5,20027,134.39257521684044
Candidate_5,20028,187.65770714037865
Candidate_5,20029,280.1290759589211
Candidate_5,20030,238.3460938314463
Candidate_5,20031,203.8825182158664
Candidate_5,20032,281.3990168075238
Candidate_5,20033,198.5095234199186
Candidate_5,20034,104.67352370237568
Candidate_5,20035,180.13469782229052
Candidate_5,20036,351.81964082542146
Candidate_5,20037,213.4016279701826
Candidate_5,20038,256.30696634309396
Candidate_5,20039,39.39967510174456
Candidate_5,20040,132.01174980534464
Candidate_5,20041,245.5097118635254
Candidate_5,20042,108.88787992590969
Candidate_5,20043,239.40693328396074
Candidate_5,20044,232.58237414172882
Candidate_5,20045,224.89864347634887
Candidate_5,20046,186.15958288429383
Candidate_5,20047,101.68792364399503
Candidate_5,20048,335.4986315531496
Candidate_5,20049,168.8228854190359
Candidate_5,20050,287.26541297246285
Candidate_5,20051,160.40882974173388
Candidate_5,20052,198.6571507058075
Candidate_5,20053,163.52644730268022
Candidate_5,20054,119.51787808934458
Candidate_5,20055,139.05079076258144
Candidate_5,20056,278.67566706586933
Candidate_5,20057,145.65271059236755
Candidate_5,20058,260.7792175670391
Candidate_5,20059,17.794777080533937
Candidate_5,20060,82.28250078200965
Candidate_5,20061,208.22056034716695
Candidate_5,20062,194.3175836448355
Candidate_5,20063,157.86911159539693
Candidate_5,20064,454.1675588340373
Candidate_5,20065,157.9032788207892
Candidate_5,20066,170.19005062375706
Candidate_5,20067,316.90040070337125
Candidate_5,20068,227.70809091676045
Candidate_5,20069,77.90346199493585
Candidate_5,20070,289.83829600208315
Candidate_5,20071,206.57677632140422
Candidate_5,20072,336.4863268861229
Candidate_5,20073,58.134869453263
Candidate_5,20074,104.83335215460181
Candidate_5,20075,272.87398563837206
Candidate_5,20076,401.69161423335555
Candidate_5,20077,182.05676000801327
Candidate_5,20078,126.16173532630656
Candidate_5,20079,326.61723146559126
Candidate_5,20080,226.1026740949713
Candidate_5,20081,249.49759539841844
Candidate_5,20082,224.47755780352537
Candidate_5,20083,291.60789413002493
Candidate_5,20084,217.38391192654228
Candidate_5,20085,222.02092141572123
Candidate_5,20086,94.6452080554505
Candidate_5,20087,338.34494285764833
Candidate_5,20088,205.32390731812472
Candidate_5,20089,232.1903461877183
Candidate_5,20090,180.59881431864738
Candidate_5,20091,130.3548590255543
Candidate_5,20092,19.069365765637013
Candidate_5,20093,289.73535599712136
Candidate_5,20094,90.21029416275933
Candidate_5,20095,141.83378785535922
Candidate_5,20096,212.08394759644412
Candidate_5,20097,110.26869985987682
Candidate_5,20098,348.09398224095486
Candidate_5,20099,83.68688138219655
Candidate_5,20100,215.28886739352595
Candidate_5,20101,169.3010911350258
Candidate_5,20102,275.01802409520593
Candidate_5,20103,247.25731263140827
Candidate_5,20104,132.08253927767294
Candidate_5,20105,380.69119613561486
Candidate_5,20106,118.60108967825306
Candidate_5,20107,182.71169696042116
Candidate_5,20108,350.7250316661919
Candidate_5,20109,242.53762972088683
Candidate_5,20110,282.3177288808772
Candidate_5,20111,333.4537891970143
Candidate_5,20112,450.57173378026897
Candidate_5,20113,148.0389171530254
Candidate_5,20114,187.42103574359325
Candidate_5,20115,198.50480525857657
Candidate_5,20116,204.49616919229027
Candidate_5,20117,33.37891246738409
Candidate_5,20118,283.3245653100396
Candidate_5,20119,182.18533916824617
Candidate_5,20120,102.67299074885206
Candidate_5,20121,170.20173065916967
Candidate_5,20122,244.22321405391762
Candidate_5,20123,283.5729664413764
Candidate_5,20124,155.97514749034252
Candidate_5,20125,260.5309915611613
Candidate_5,20126,237.14072902881537
Candidate_5,20127,221.7366362878785
Candidate_5,20128,150.68930706119738
Candidate_5,20129,203.4834478673568
Candidate_5,20130,294.3987856895534
Candidate_5,20131,293.39818558115746
Candidate_5,20132,152.17527960142823
Candidate_5,20133,163.6114521707189
Candidate_5,20134,172.5220038852811
Candidate_5,20135,260.1666418978396
Candidate_5,20136,124.58484485482205
Candidate_5,20137,139.88536296002874
Candidate_5,20138,230.5623411326634
Candidate_5,20139,282.9082701252482
Candidate_5,20140,274.06831476632925
Candidate_5,20141,148.52431561074494
Candidate_5,20142,117.39652738454073
Candidate_5,20143,94.09546657069494
Candidate_5,20144,220.4289539202826
Candidate_5,20145,313.5073844061013
Candidate_5,20146,74.90938975724275
Candidate_5,20147,132.31737032057157
Candidate_5,20148,151.16122970683347
Candidate_5,20149,92.31202974147318
Candidate_5,20150,163.4425819633906
Candidate_5,20151,296.53466318648145
Candidate_5,20152,236.29651539713763
Candidate_5,20153,206.42270804626034
Candidate_5,20154,193.2916542350515
Candidate_5,20155,138.70332929985497
Candidate_5,20156,158.78513702187604
Candidate_5,20157,141.82444042884143
Candidate_5,20158,150.34490937300984
Candidate_5,20159,265.8630700489029
Candidate_5,20160,135.23634134249818
Candidate_5,20161,231.31273167347317
Candidate_5,20162,204.00686983959622
Candidate_5,20163,50.37424411042552
Candidate_5,20164,118.3226865457645
Candidate_5,20165,308.59556555235605
Candidate_5,20166,217.16516600670485
Candidate_5,20167,104.70680085265947
Candidate_5,20168,122.95796446076733
Candidate_5,20169,118.0694248398758
Candidate_5,20170,186.60689245944388
Candidate_5,20171,132.42481731645412
Candidate_5,20172,200.7112086940249
Candidate_5,20173,216.61296326548992
Candidate_5,20174,125.6691272581044
Candidate_5,20175,175.6621678907901
Candidate_5,20176,245.79397130280537
Candidate_5,20177,88.71803396307477
Candidate_5,20178,119.55999437215661
Candidate_5,20179,137.28713863367997
Candidate_5,20180,124.92925388747818
Candidate_5,20181,164.09390543477562
Candidate_5,20182,278.0024623321974
Candidate_5,20183,249.07645861154805
Candidate_5,20184,61.43519909283325
Candidate_5,20185,309.9892653795025
Candidate_5,20186,339.0988458778554
Candidate_5,20187,111.63473273245224
Candidate_5,20188,254.97047937488927
Candidate_5,20189,289.2164221631627
Candidate_5,20190,189.18954249747796
Candidate_5,20191,300.7073794384795
Candidate_5,20192,104.5708180956156
Candidate_5,20193,103.86502189383607
Candidate_5,20194,96.46270548828062
Candidate_5,20195,98.90051384587899
Candidate_5,20196,37.83094437199732
Candidate_5,20197,175.98223355167465
Candidate_5,20198,120.97285152109494
Candidate_5,20199,236.74657360283575
Candidate_5,20200,120.1055174522139
Candidate_5,20201,417.9035915856764
Candidate_5,20202,256.8976269991815
Candidate_5,20203,36.589495371680194
Candidate_5,20204,194.8229545036337
Candidate_5,20205,213.6677281473872
Candidate_5,20206,134.47153937938822
Candidate_5,20207,254.26610340201944
Candidate_5,20208,175.62748772370213
Candidate_5,20209,154.09464298859464
Candidate_5,20210,210.5971744590292
Candidate_5,20211,25.23211889094851
Candidate_5,20212,141.8314552401927
Candidate_5,20213,112.28380331499639
Candidate_5,20214,229.14206841486543
Candidate_5,20215,315.73940786483473
Candidate_5,20216,227.8766125438414
Candidate_5,20217,210.15682579413544
Candidate_5,20218,405.82739153724697
Candidate_5,20219,257.0594324375887
Candidate_5,20220,331.98838684582273
Candidate_5,20221,188.19937860275516
Candidate_5,20222,101.99528181069327
Candidate_5,20223,219.9525210450118
Candidate_5,20224,269.7272120165277
Candidate_5,20225,127.91086344331993
Candidate_5,20226,67.93920937905362
Candidate_5,20227,33.97861669279812
Candidate_5,20228,65.98164953689758
Candidate_5,20229,244.4255821592185
Candidate_5,20230,229.02902609687186
Candidate_5,20231,100.2173966865185
Candidate_5,20232,207.9662286921079
Candidate_5,20233,158.4686873033174
Candidate_5,20234,291.6065542250556
Candidate_5,20235,164.4884954794189
Candidate_5,20236,247.84847064337936
Candidate_5,20237,302.41352713909015
Candidate_5,20238,221.29334657551018
Candidate_5,20239,179.35520090526174
Candidate_5,20240,208.51219341916115
Candidate_5,20241,217.57479203717034
Candidate_5,20242,326.20865581097377
Candidate_5,20243,200.5871378249953
Candidate_5,20244,241.17326231747327
Candidate_5,20245,284.072351891148
Candidate_5,20246,198.89797333881714
Candidate_5,20247,281.08898401397613
Candidate_5,20248,262.3705731832474
Candidate_5,20249,165.50680573097242
Candidate_5,20250,74.64244205615219
Candidate_5,20251,192.36547915177383
Candidate_5,20252,288.28766021452253
Candidate_5,20253,237.47588459041287
Candidate_5,20254,171.6462528583999
Candidate_5,20255,183.06146256907502
Candidate_5,20256,135.82764009703808
Candidate_5,20257,174.25761676838098
Candidate_5,20258,221.77001727825308
Candidate_5,20259,284.1919912971896
Candidate_5,20260,234.15046011072553
Candidate_5,20261,224.37141395020842
Candidate_5,20262,252.43578272628054
Candidate_5,20263,191.35225555068064
Candidate_5,20264,184.28584543775668
Candidate_5,20265,225.32368380228533
Candidate_5,20266,255.13206950869287
Candidate_5,20267,143.526018298543
Candidate_5,20268,244.23967992007812
Candidate_5,20269,116.6462675586055
Candidate_5,20270,161.2355918432011
Candidate_5,20271,178.83832297508806
Candidate_5,20272,214.95701031876
Candidate_5,20273,245.46882657250174
Candidate_5,20274,180.00272388629963
Candidate_5,20275,190.42560038769355
Candidate_5,20276,167.28187810084404
Candidate_5,20277,147.6643148987673
Candidate_5,20278,168.62252092984886
Candidate_5,20279,186.73353163390885
Candidate_5,20280,165.71673447773048
Candidate_5,20281,220.42394034706774
Candidate_5,20282,172.41974688626954
Candidate_5,20283,40.11555006233299
Candidate_5,20284,285.7827124622071
Candidate_5,20285,215.9877584351512
Candidate_5,20286,217.51765861951066
Candidate_5,20287,259.4650496248307
Candidate_5,20288,83.97109470045963
Candidate_5,20289,202.67921012697883
Candidate_5,20290,341.6060738986419
Candidate_5,20291,240.46184609917754
Candidate_5,20292,332.7008417033943
Candidate_5,20293,216.07781732380926
Candidate_5,20294,164.41519372129446
Candidate_5,20295,282.58408641468554
Candidate_5,20296,150.55993229295507
Candidate_5,20297,169.5253508655546
Candidate_5,20298,186.4138389562093
Candidate_5,20299,282.5060671616902
Candidate_5,20300,164.2062565142686
Candidate_5,20301,239.48521757555736
Candidate_5,20302,130.582798656855
Candidate_5,20303,142.07348443804477
Candidate_5,20304,278.23332616332124
Candidate_5,20305,225.12514720774882
Candidate_5,20306,211.77229442749191
Candidate_5,20307,348.63097295184076
Candidate_5,20308,222.23515990926396
Candidate_5,20309,198.11557478796934
Candidate_5,20310,121.88894556547159
Candidate_5,20311,428.85520656431873
Candidate_5,20312,277.5155644497987
Candidate_5,20313,213.27105866735425
Candidate_5,20314,207.7873763901173
Candidate_5,20315,185.92292804951987
Candidate_5,20316,178.08248491324636
Candidate_5,20317,188.58180239191907
Candidate_5,20318,119.41099566026767
Candidate_5,20319,247.82255320578696
Candidate_5,20320,418.84153801258566
Candidate_5,20321,157.78585684186643
Candidate_5,20322,144.84108953207738
Candidate_5,20323,319.00068167256325
Candidate_5,20324,208.7465458901266
Candidate_5,20325,271.1735523638431
Candidate_5,20326,189.84317585167767
Candidate_5,20327,236.94792697075437
Candidate_5,20328,155.99426394649467
Candidate_5,20329,389.10602459987393
Candidate_5,20330,269.51040384166254
Candidate_5,20331,200.20392708814853
Candidate_5,20332,240.16261532472302
Candidate_5,20333,146.682630888468
Candidate_5,20334,274.8897759368305
Candidate_5,20335,209.1001925673958
Candidate_5,20336,223.96002604214846
Candidate_5,20337,282.77653902802564
Candidate_5,20338,176.52124342517584
Candidate_5,20339,189.40830321877613
Candidate_5,20340,121.55852587047744
Candidate_5,20341,407.45968428144823
Candidate_5,20342,235.42438723966873
Candidate_5,20343,150.97351284503088
Candidate_5,20344,263.0376668995013
Candidate_5,20345,104.89816556502636
Candidate_5,20346,155.24660763895318
Candidate_5,20347,196.84242771451912
Candidate_5,20348,149.03298257301356
Candidate_5,20349,221.39929694970775
Candidate_5,20350,254.96132642328237
Candidate_5,20351,149.68255475517583
Candidate_5,20352,176.50968887436116
Candidate_5,20353,95.7687323577092
Candidate_5,20354,292.7765842407233
Candidate_5,20355,91.2572232669396
Candidate_5,20356,164.33531125005172
Candidate_5,20357,159.09996490977835
Candidate_5,20358,262.1181439228891
Candidate_5,20359,155.08876829233634
Candidate_5,20360,90.66006955714103
Candidate_5,20361,162.53117221780195
Candidate_5,20362,157.2102303795461
Candidate_5,20363,156.19100090043682
Candidate_5,20364,79.61878363842537
Candidate_5,20365,311.1676671256644
Candidate_5,20366,129.52259951676217
Candidate_5,20367,165.27241489263858
Candidate_5,20368,245.87693020448415
Candidate_5,20369,289.4891276691882
Candidate_5,20370,160.2008179088921
Candidate_5,20371,176.4660779687397
Candidate_5,20372,206.6024198420018
Candidate_5,20373,228.84175030738953
Candidate_5,20374,202.4176674114367
Candidate_5,20375,162.7416986838973
Candidate_5,20376,150.3018785000822
Candidate_5,20377,254.15891162919164
Candidate_5,20378,140.79217897368372
Candidate_5,20379,284.08138079099916
Candidate_5,20380,190.79574412776478
Candidate_5,20381,173.26720199736891
Candidate_5,20382,201.86704908173795
Candidate_5,20383,111.93143252191103
Candidate_5,20384,95.21757609089109
Candidate_5,20385,188.9302236397911
Candidate_5,20386,195.80435924360924
Candidate_5,20387,197.06113467603583
Candidate_5,20388,85.53868322344489
Candidate_5,20389,157.81221113702463
Candidate_5,20390,262.27126499765114
Candidate_5,20391,89.25703813637823
Candidate_5,20392,162.49142870096898
Candidate_5,20393,283.649897429273
Candidate_5,20394,138.32475995491168
Candidate_5,20395,112.06257265260106
Candidate_5,20396,146.4639458575548
Candidate_5,20397,168.3933576399338
Candidate_5,20398,168.89217675746792
Candidate_5,20399,266.8533258436474
Candidate_5,20400,41.36150175836006
Candidate_5,20401,163.09892454975326
Candidate_5,20402,208.37341061355892
Candidate_5,20403,297.5728877992159
Candidate_5,20404,320.2125927844116
Candidate_5,20405,237.27607000682826
Candidate_5,20406,271.2278545933204
Candidate_5,20407,150.7012823333475
Candidate_5,20408,159.8927343700695
Candidate_5,20409,173.6374298792138
Candidate_5,20410,127.80433014408572
Candidate_5,20411,346.8458359912718
Candidate_5,20412,248.96264380147772
Candidate_5,20413,158.18238419939738
Candidate_5,20414,156.50230233962546
Candidate_5,20415,162.3814924604152
Candidate_5,20416,115.53208950103682
Candidate_5,20417,155.05129060263232
Candidate_5,20418,174.39649848173667
Candidate_5,20419,179.325113042309
Candidate_5,20420,113.53806258763792
Candidate_5,20421,236.59875831944126
Candidate_5,20422,149.32355360951524
Candidate_5,20423,178.9688938293739
Candidate_5,20424,150.92874547380248
Candidate_5,20425,240.51982094582365
Candidate_5,20426,163.16343010540734
Candidate_5,20427,257.267241398607
Candidate_5,20428,137.8658129807841
Candidate_5,20429,104.29432395295711
Candidate_5,20430,202.98842085780726
Candidate_5,20431,260.9357249096237
Candidate_5,20432,244.20411963152085
Candidate_5,20433,175.17790570187398
Candidate_5,20434,161.3290988848127
Candidate_5,20435,197.47125571756246
Candidate_5,20436,196.0882217325149
Candidate_5,20437,240.16812438390892
Candidate_5,20438,171.5434232725932
Candidate_5,20439,60.69136178139668
Candidate_5,20440,300.81390738841225
Candidate_5,20441,217.97901918088155
Candidate_5,20442,114.29186159208868
Candidate_5,20443,235.95055907983874
Candidate_5,20444,243.6653117455856
Candidate_5,20445,129.33043730866993
Candidate_5,20446,283.2597064279141
Candidate_5,20447,232.03484728830858
Candidate_5,20448,356.0987520326516
Candidate_5,20449,247.49478614947512
Candidate_5,20450,177.6659677522595
Candidate_5,20451,311.43356479772723
Candidate_5,20452,127.07985008842529
Candidate_5,20453,108.24055405774985
Candidate_5,20454,335.1553175892017
Candidate_5,20455,120.15972174140823
Candidate_5,20456,91.85661861568599
Candidate_5,20457,272.9985908811403
Candidate_5,20458,169.76600563176552
Candidate_5,20459,279.5779230831332
Candidate_5,20460,240.89677726561288
Candidate_5,20461,490.82694748168433
Candidate_5,20462,165.71550724621324
Candidate_5,20463,282.9728181623069
Candidate_5,20464,340.5066944100912
Candidate_5,20465,276.8787979330648
Candidate_5,20466,196.5454911102901
Candidate_5,20467,153.90913007991418
Candidate_5,20468,223.04985286873926
Candidate_5,20469,89.29023640834806
Candidate_5,20470,254.31755049638053
Candidate_5,20471,182.94922554256914
Candidate_5,20472,187.967577455622
Candidate_5,20473,358.8060705028931
Candidate_5,20474,75.84207306586586
Candidate_5,20475,330.8573587035374
Candidate_5,20476,270.45879645948224
Candidate_5,20477,346.7355404423691
Candidate_5,20478,209.10082943248833
Candidate_5,20479,223.47282787641927
Candidate_5,20480,121.09316586271532
Candidate_5,20481,234.81193783976215
Candidate_5,20482,208.73309799324406
Candidate_5,20483,89.371790964235
Candidate_5,20484,126.14114961195993
Candidate_5,20485,162.96704854777437
Candidate_5,20486,44.50694872204543
Candidate_5,20487,178.38411458515736
Candidate_5,20488,59.65924424464875
Candidate_5,20489,295.0565772134393
Candidate_5,20490,233.15864350082578
Candidate_5,20491,245.66059375563492
Candidate_5,20492,223.41036937033215
Candidate_5,20493,161.2765163658228
Candidate_5,20494,240.06638608030823
Candidate_5,20495,218.0127831621842
Candidate_5,20496,256.881547862996
Candidate_5,20497,195.25698065531478
Candidate_5,20498,196.0123189145015
Candidate_5,20499,285.32054835371173
