run_id,mean,median,std,score_std_100,score_std_100_sims,mean_ci95_100_sims,p_loss,p05,p01,worst,best,score_p05_10,score_p05_25,score,score_aggressive,score_balanced,score_safe,score_mean_only,positions,AC,AC_45_KO,AC_40_BP,AC_50_CO,AC_50_C_2,AC_50_P_2,AC_35_P,AC_40_P,AC_45_P,AC_50_P,AC_50_C,AC_60_C
1,294.16451456279714,140.10455503711148,2247.876721090701,224.7876721090701,224.7876721090701,449.5753442181402,0.464,-3088.214559048921,-5359.556499868806,-8933.087354630465,4922.166355575866,-14.656941342094967,-477.88912519943307,-281.461505349076,83.55686858308357,-281.461505349076,-702.6767973085032,294.16451456279714,"{""AC"": -115, ""AC_35_P"": 29, ""AC_40_BP"": -37, ""AC_45_KO"": -320, ""AC_50_C"": 36, ""AC_50_CO"": 3, ""AC_50_C_2"": 35, ""AC_50_P_2"": 3, ""AC_60_C"": 36}",-115,-320,-37,3,35,3,29,0,0,0,36,36
2,349.6600474921606,124.20137039538986,3173.994062748472,317.3994062748472,317.3994062748472,634.7988125496944,0.486,-4360.200427109121,-7376.420833461067,-12726.044487240542,6882.568311641076,-86.35999521875152,-740.3900592851196,-463.06971971163114,52.30017456799273,-463.06971971163114,-1057.7894655599669,349.6600474921606,"{""AC"": -140, ""AC_35_P"": 43, ""AC_40_BP"": -50, ""AC_40_P"": 13, ""AC_45_KO"": -270, ""AC_50_C"": 31, ""AC_50_CO"": 11, ""AC_50_C_2"": 23, ""AC_60_C"": 50}",-140,-270,-50,11,23,0,43,13,0,0,31,50
3,397.61610923985756,693.0800359356285,5132.169809219143,513.2169809219142,513.2169809219142,1026.4339618438285,0.432,-7944.806809861218,-15419.685361598587,-27798.95271953169,9346.237999814508,-396.86457174626435,-1588.5855932254472,-1050.7134027002824,-127.92847648368195,-1050.7134027002824,-2101.802574147361,397.61610923985756,"{""AC"": -200, ""AC_35_P"": 50, ""AC_40_BP"": -50, ""AC_45_KO"": -490, ""AC_50_C"": 25, ""AC_50_CO"": 16, ""AC_50_C_2"": 43, ""AC_50_P"": -3, ""AC_60_C"": 50}",-200,-490,-50,16,43,0,50,0,0,-3,25,50
4,18.167990591627806,846.2360639746622,2801.654568430676,280.1654568430676,280.1654568430676,560.3309136861352,0.329,-5162.168652717563,-11290.428922172008,-19974.60893839412,3071.8371990325004,-498.0488746801285,-1272.374172587763,-896.2400357375406,-309.98180625501726,-896.2400357375406,-1552.5396294308307,18.167990591627806,"{""AC"": -75, ""AC_40_BP"": -24, ""AC_40_P"": 4, ""AC_45_KO"": -60, ""AC_45_P"": -5, ""AC_50_CO"": -17, ""AC_50_C_2"": -2, ""AC_50_P_2"": 13, ""AC_60_C"": 22}",-75,-60,-24,-17,-2,13,0,4,-5,0,0,22
5,283.52648504267154,-37.90712901672282,1772.8777956213346,177.28777956213347,177.28777956213347,354.57555912426693,0.513,-2151.6532254134704,-3453.043267477841,-5798.547939136463,4375.64223944287,68.36116250132449,-254.38682131069606,-127.86538855041574,131.62187888146465,-127.86538855041574,-431.6746008728295,283.52648504267154,"{""AC"": -105, ""AC_35_P"": 50, ""AC_40_BP"": -44, ""AC_45_KO"": -240, ""AC_45_P"": -10, ""AC_50_C"": 50, ""AC_50_CO"": -2, ""AC_50_C_2"": 29, ""AC_60_C"": 32}",-105,-240,-44,-2,29,0,50,0,-10,0,50,32
6,141.62328188678134,-156.02715434886818,1005.1376867933539,100.51376867933539,100.51376867933539,201.02753735867077,0.56,-1077.442445681783,-2425.29542286098,-3388.9534196814766,2568.752205263244,33.879037318603025,-127.73732953366442,-70.2499693051538,62.62271743285834,-70.2499693051538,-228.2510982129998,141.62328188678134,"{""AC_35_P"": 9, ""AC_40_BP"": -47, ""AC_40_P"": 15, ""AC_45_KO"": -320, ""AC_45_P"": 12, ""AC_50_CO"": 3, ""AC_50_C_2"": -10, ""AC_50_P"": 46}",0,-320,-47,3,-10,0,9,15,12,46,0,0
7,194.3253889072162,-70.55006482964397,1908.073447928384,190.8073447928384,190.8073447928384,381.6146895856768,0.524,-2542.803155716823,-4645.567955544418,-7728.900315907766,4411.766651101485,-59.954926664466115,-441.37540002198955,-282.4987568467264,19.48339492316544,-282.4987568467264,-632.182744814828,194.3253889072162,"{""AC"": -30, ""AC_35_P"": 47, ""AC_40_BP"": -20, ""AC_40_P"": 27, ""AC_45_KO"": -210, ""AC_50_C"": -11, ""AC_50_CO"": 16, ""AC_50_P"": 2, ""AC_50_P_2"": 18}",-30,-210,-20,16,0,18,47,27,0,2,-11,0
8,282.93830958750704,769.1371903490915,4615.775734743072,461.57757347430714,461.57757347430714,923.1551469486143,0.426,-7260.806245675343,-14902.806991570867,-26684.989658618564,7803.956676656562,-443.1423149800274,-1532.2632518313287,-1036.9714140009478,-195.49639606483697,-1036.9714140009478,-1993.840825305636,282.93830958750704,"{""AC"": -180, ""AC_35_P"": 27, ""AC_40_BP"": -50, ""AC_45_KO"": -490, ""AC_50_C"": 46, ""AC_50_CO"": 7, ""AC_50_C_2"": 22, ""AC_50_P"": -2, ""AC_60_C"": 28}",-180,-490,-50,7,22,0,27,0,0,-2,46,28
9,-273.0208899543883,-52.538264039276214,1490.8841245325261,149.0884124532526,149.0884124532526,298.1768249065052,0.522,-2138.8792077699213,-6215.80298350923,-12350.508850532187,1363.9205069483878,-486.9088107313804,-807.7406918968686,-668.3969773465028,-417.2369534561975,-668.3969773465028,-956.8291043501213,-273.0208899543883,"{""AC"": 35, ""AC_40_BP"": -7, ""AC_40_P"": -35, ""AC_45_KO"": -180, ""AC_45_P"": -10, ""AC_50_C"": -38, ""AC_50_CO"": -4, ""AC_50_C_2"": -10, ""AC_60_C"": -39}",35,-180,-7,-4,-10,0,0,-35,-10,0,-38,-39
10,22.4206040262245,-678.010560270078,2106.495518206624,210.64955182066242,210.64955182066242,421.29910364132485,0.636,-1725.393427593307,-1880.5965249625194,-1967.3732091022007,14445.931526379209,-150.1187387331062,-408.92775287210225,-341.7131860231027,-116.51145530860646,-341.7131860231027,-619.5773046927646,22.4206040262245,"{""AC"": 30, ""AC_35_P"": 40, ""AC_40_BP"": 1, ""AC_45_KO"": -10, ""AC_45_P"": -50, ""AC_50_CO"": 11, ""AC_50_C_2"": 17, ""AC_50_P"": -4, ""AC_60_C"": 4}",30,-10,1,11,17,0,40,0,-50,-4,0,4
11,-22.41919439317201,-639.9997201242667,2523.2238519760513,252.32238519760512,252.32238519760512,504.64477039521023,0.578,-2605.5208300248123,-2924.414488260041,-3165.1760740335617,17423.84678345126,-282.97127739565326,-673.7994018993751,-539.4085114956964,-215.77583219381393,-539.4085114956964,-926.1217870969801,-22.41919439317201,"{""AC"": 50, ""AC_35_P"": -20, ""AC_40_BP"": -22, ""AC_45_KO"": -210, ""AC_45_P"": -14, ""AC_50_CO"": -12, ""AC_50_P"": 10, ""AC_50_P_2"": 12, ""AC_60_C"": 24}",50,-210,-22,-12,0,12,-20,0,-14,10,0,24
12,388.64178002043684,211.11963766737,2623.4647465204403,262.34647465204404,262.34647465204404,524.6929493040881,0.476,-3470.6157540946106,-5383.4540680940645,-8924.863933861856,5956.703813560555,41.580204610975784,-479.0121585032158,-263.12382041977673,149.52437365269532,-263.12382041977673,-741.3586331552599,388.64178002043684,"{""AC"": -145, ""AC_35_P"": 26, ""AC_40_BP"": -29, ""AC_40_P"": -8, ""AC_45_KO"": -400, ""AC_50_C"": 50, ""AC_50_CO"": 18, ""AC_50_C_2"": 50, ""AC_60_C"": 38}",-145,-400,-29,18,50,0,26,-8,0,0,50,38
13,123.85837560956452,-53.42042987848437,1246.052336949835,124.60523369498351,124.60523369498351,249.21046738996702,0.529,-786.8046885914569,-2618.108633436209,-3614.197396822977,10770.188476872667,45.17790675041883,-72.8427965382997,-56.46494452664576,53.3668327562458,-56.46494452664576,-197.4480302332832,123.85837560956452,"{""AC"": -5, ""AC_40_BP"": 12, ""AC_40_P"": 9, ""AC_45_KO"": -310, ""AC_45_P"": -5, ""AC_50_C"": 17, ""AC_50_CO"": 22, ""AC_50_C_2"": -2, ""AC_60_C"": 8}",-5,-310,12,22,-2,0,0,9,-5,0,17,8
14,116.35849134814904,-376.30812539997964,2183.640669205308,218.36406692053077,218.36406692053077,436.72813384106155,0.796,-1366.8884426369102,-2579.9898585177184,-3771.399492990608,19873.19798336379,-20.330352915541994,-225.3636193110785,-197.85680850765286,-6.576947513829168,-197.85680850765286,-443.72768623160925,116.35849134814904,"{""AC"": 30, ""AC_40_BP"": 22, ""AC_40_P"": -1, ""AC_45_KO"": -250, ""AC_45_P"": 21, ""AC_50_C"": -8, ""AC_50_CO"": 21, ""AC_50_C_2"": -21, ""AC_60_C"": 40}",30,-250,22,21,-21,0,0,-1,21,0,-8,40
15,375.2709800905488,762.8911278516023,5204.9474657309365,520.4947465730936,520.4947465730936,1040.9894931461872,0.428,-8229.407208268143,-16330.675931227463,-29574.10880798586,9131.258942786635,-447.6697407362656,-1682.080821976487,-1119.3874744362192,-166.32306696613182,-1119.3874744362192,-2202.5755685495806,375.2709800905488,"{""AC"": -200, ""AC_35_P"": 41, ""AC_40_BP"": -50, ""AC_45_KO"": -460, ""AC_45_P"": 4, ""AC_50_C"": 37, ""AC_50_CO"": 9, ""AC_50_C_2"": 43, ""AC_60_C"": 38}",-200,-460,-50,9,43,0,41,0,4,0,37,38
16,14.258127822981674,-685.6687053952629,3138.021672027628,313.8021672027628,313.8021672027628,627.6043344055256,0.631,-3052.140450992286,-3506.5088097474004,-3740.5428972756313,21196.57853407744,-290.9559172762469,-748.7769849250898,-600.4640234272426,-216.79943652732334,-600.4640234272426,-1062.5791521278525,14.258127822981674,"{""AC"": 40, ""AC_40_BP"": 12, ""AC_40_P"": -37, ""AC_45_KO"": -180, ""AC_45_P"": -3, ""AC_50_C"": 19, ""AC_50_CO"": -9, ""AC_50_C_2"": 26, ""AC_60_C"": 16}",40,-180,12,-9,26,0,0,-37,-3,0,19,16
17,-108.58435611813185,-661.5988328871413,2777.536099353515,277.7536099353515,277.7536099353515,555.507219870703,0.562,-3484.1781472430494,-3965.0940413286794,-4260.0579973269005,15596.899669724462,-457.0021708424368,-979.6288929288942,-770.0878831722649,-352.2316659641222,-770.0878831722649,-1257.3825028642457,-108.58435611813185,"{""AC"": 55, ""AC_40_BP"": -12, ""AC_40_P"": 12, ""AC_45_KO"": -260, ""AC_50_C"": 6, ""AC_50_CO"": -25, ""AC_50_P"": -49, ""AC_50_P_2"": 13, ""AC_60_C"": 17}",55,-260,-12,-25,0,13,0,12,0,-49,6,17
18,-285.013510027498,-1247.5217596598268,5247.647316605117,524.7647316605118,524.7647316605118,1049.5294633210235,0.565,-6886.141629347525,-7884.528805504143,-8496.01518959288,29457.64185477751,-973.6276729622506,-2006.5489173643791,-1580.3171202598824,-760.5117744100022,-1580.3171202598824,-2531.3136490248908,-285.013510027498,"{""AC"": 140, ""AC_40_BP"": -37, ""AC_40_P"": 11, ""AC_45_KO"": -50, ""AC_45_P"": -20, ""AC_50_CO"": -34, ""AC_50_C_2"": -18, ""AC_50_P"": -16, ""AC_50_P_2"": -16}",140,-50,-37,-34,-18,-16,0,11,-20,-16,0,0
19,231.20995688795176,525.4688650875644,2728.4742047576856,272.84742047576856,272.84742047576856,545.6948409515371,0.431,-4351.803586642199,-8127.209228876345,-14782.929950392936,4751.652490402608,-203.97040177626815,-856.7409397725979,-557.9842913462624,-54.59207756310033,-557.9842913462624,-1129.5883602483664,231.20995688795176,"{""AC"": -75, ""AC_35_P"": -1, ""AC_40_BP"": -10, ""AC_45_KO"": -10, ""AC_45_P"": 27, ""AC_50_CO"": -13, ""AC_50_C_2"": 30, ""AC_50_P"": 42, ""AC_60_C"": 28}",-75,-10,-10,-13,30,0,-1,0,27,42,0,28
20,-9.375180457542173,117.01702988244219,704.1654698306057,70.41654698306057,70.41654698306057,140.83309396612114,0.45,-1249.1690857693864,-2111.6736627965192,-3382.1741101509606,2959.6730883047308,-134.29208903448082,-321.66745189988876,-231.9588168144804,-89.43777149177664,-231.9588168144804,-392.08399888294934,-9.375180457542173,"{""AC"": -15, ""AC_35_P"": -5, ""AC_40_BP"": 22, ""AC_45_KO"": -150, ""AC_50_C"": 17, ""AC_50_CO"": 17, ""AC_50_C_2"": -29, ""AC_50_P"": 7, ""AC_50_P_2"": -21}",-15,-150,22,17,-29,-21,-5,0,0,7,17,0
21,63.555045799102466,-1094.9440271972417,2362.867685420555,236.2867685420555,236.2867685420555,472.573537084111,0.628,-1685.268165221014,-1750.8030711962201,-1787.617422043358,14824.551272022054,-104.97177072299894,-357.76199550615104,-307.3785632550774,-79.78005459746211,-307.3785632550774,-594.0487640482065,63.555045799102466,"{""AC"": 60, ""AC_35_P"": 45, ""AC_40_BP"": -15, ""AC_40_P"": 18, ""AC_45_KO"": -40, ""AC_50_CO"": 6, ""AC_50_C_2"": 28, ""AC_50_P"": -23, ""AC_60_C"": -25}",60,-40,-15,6,28,0,45,18,0,-23,0,-25
22,-172.34298648730316,-2503.371585516793,8502.10893478907,850.210893478907,850.210893478907,1700.421786957814,0.616,-8562.824745350157,-9777.877210335744,-10403.72117473708,59149.840404060385,-1028.625461022319,-2313.0491728248426,-1881.8721450292803,-813.0369471245378,-1881.8721450292803,-3163.2600663037497,-172.34298648730316,"{""AC"": 185, ""AC_40_BP"": -34, ""AC_45_KO"": -110, ""AC_45_P"": 2, ""AC_50_C"": 15, ""AC_50_CO"": -7, ""AC_50_C_2"": -33, ""AC_50_P"": -48, ""AC_60_C"": 28}",185,-110,-34,-7,-33,0,0,0,2,-48,15,28
23,-87.00701733327547,1134.07193772781,3718.783123639373,371.8783123639373,371.8783123639373,743.7566247278746,0.314,-6845.539235405237,-15943.07069506478,-28769.7333141763,3557.53193533264,-771.5609408737993,-1798.3918261845847,-1299.7770588260296,-522.2535571945217,-1299.7770588260296,-2170.270138548522,-87.00701733327547,"{""AC"": -90, ""AC_40_BP"": 14, ""AC_40_P"": -1, ""AC_45_KO"": -110, ""AC_45_P"": -8, ""AC_50_C"": 9, ""AC_50_CO"": -23, ""AC_50_P"": 6, ""AC_50_P_2"": -23}",-90,-110,14,-23,0,-23,0,-1,-8,6,9,0
24,-110.53359845885987,76.27121592460006,853.0386789490852,85.30386789490852,85.30386789490852,170.60773578981704,0.432,-1491.146717224487,-3940.4821102097485,-7393.814353816698,705.347980236216,-259.6482701813086,-483.3202777649816,-376.8575399899872,-206.41690129381135,-376.8575399899872,-568.6241456598901,-110.53359845885987,"{""AC_35_P"": -7, ""AC_40_BP"": 22, ""AC_40_P"": -23, ""AC_45_KO"": -190, ""AC_50_C"": -24, ""AC_50_CO"": -4, ""AC_50_P"": -2, ""AC_50_P_2"": -1}",0,-190,22,-4,0,-1,-7,-23,0,-2,-24,0
25,287.0353237011849,976.9614124769222,5135.5127829042385,513.5512782904239,513.5512782904239,1027.1025565808477,0.415,-8163.442016713764,-17199.976280940456,-30936.943238804903,8275.935733684435,-529.3088779701916,-1753.8251804772563,-1194.2566179510918,-249.5245967071093,-1194.2566179510918,-2267.37645876768,287.0353237011849,"{""AC"": -200, ""AC_35_P"": 28, ""AC_40_BP"": -50, ""AC_45_KO"": -500, ""AC_45_P"": -7, ""AC_50_C"": 50, ""AC_50_C_2"": 27, ""AC_60_C"": 34}",-200,-500,-50,0,27,0,28,0,-7,0,50,34
26,-145.7887045066215,1060.3600870287796,2778.1707361882313,277.81707361882314,277.81707361882314,555.6341472376463,0.262,-5163.615514233227,-12774.050485294576,-23504.04709935902,1528.918197976916,-662.1502559299443,-1436.6925830649284,-1059.239568451017,-473.4237486229887,-1059.239568451017,-1714.5096566837515,-145.7887045066215,"{""AC"": -40, ""AC_35_P"": -10, ""AC_40_BP"": 10, ""AC_40_P"": -27, ""AC_45_KO"": -10, ""AC_45_P"": 18, ""AC_50_CO"": -14, ""AC_50_P"": -9, ""AC_60_C"": -33}",-40,-10,10,-14,0,0,-10,-27,18,-9,0,-33
27,136.13444394085778,44.61354725595922,723.4364023392138,72.34364023392138,72.34364023392138,144.68728046784275,0.481,-756.1287901862185,-1397.9055544998291,-2002.5698812413807,4639.12686208454,60.521564922235925,-52.897753605696835,-13.45669470403567,80.2420943730665,-13.45669470403567,-125.24139383961821,136.13444394085778,"{""AC"": -30, ""AC_40_BP"": -4, ""AC_40_P"": 5, ""AC_45_KO"": -180, ""AC_45_P"": -16, ""AC_50_CO"": 12, ""AC_50_C_2"": 5, ""AC_50_P_2"": 17, ""AC_60_C"": 36}",-30,-180,-4,12,5,17,0,5,-16,0,0,36
28,-112.57930625601611,-166.29072325858004,825.1304121100534,82.51304121100534,82.51304121100534,165.0260824220107,0.563,-1262.2828024650407,-2529.642353676914,-3807.556853953046,2571.1152447248205,-238.8075865025202,-428.1500068722763,-343.17824723127484,-196.32170668201948,-343.17824723127484,-510.66304808328164,-112.57930625601611,"{""AC"": 25, ""AC_35_P"": 5, ""AC_40_BP"": -24, ""AC_40_P"": -33, ""AC_45_KO"": -340, ""AC_50_CO"": -14, ""AC_50_C_2"": -26, ""AC_50_P"": 6, ""AC_50_P_2"": 18}",25,-340,-24,-14,-26,18,5,-33,0,6,0,0
29,24.592081616148764,-52.34002280642782,510.028943573802,51.0028943573802,51.0028943573802,102.0057887147604,0.58,-603.0942695217935,-1668.4163870712212,-3285.102607613613,1821.4686635634444,-35.71734533603059,-126.18148576429962,-91.37350599081037,-18.313355449285964,-91.37350599081037,-177.18438012167982,24.592081616148764,"{""AC"": -15, ""AC_35_P"": 37, ""AC_40_BP"": 5, ""AC_45_KO"": -180, ""AC_50_C"": 36, ""AC_50_CO"": -34, ""AC_50_C_2"": 19, ""AC_50_P_2"": -12, ""AC_60_C"": -6}",-15,-180,5,-34,19,-12,37,0,0,0,36,-6
30,30.835593765884585,41.02504192633768,589.7456650979537,58.97456650979537,58.97456650979537,117.94913301959075,0.485,-623.7509141258288,-2828.156793031213,-4182.352468701484,1290.1358730009742,-31.539497646698297,-125.10213476557261,-92.21432660788743,-15.0955935678557,-92.21432660788743,-184.07670127536798,30.835593765884585,"{""AC"": -45, ""AC_40_BP"": -8, ""AC_40_P"": 34, ""AC_45_KO"": -460, ""AC_50_C"": 5, ""AC_50_CO"": 8, ""AC_50_P"": -40, ""AC_50_P_2"": -25, ""AC_60_C"": 31}",-45,-460,-8,8,0,-25,0,34,0,-40,5,31
31,-10.438413300749438,-1992.774834487345,6345.5886463357565,634.5588646335757,634.5588646335757,1269.1177292671514,0.685,-5029.654091562729,-5636.809490874288,-5938.911452384026,49326.95040297642,-513.4038224570223,-1267.8519361914318,-1082.1659593519466,-420.56083403727985,-1082.1659593519466,-1902.4108008250075,-10.438413300749438,"{""AC"": 140, ""AC_40_BP"": 16, ""AC_45_KO"": -30, ""AC_45_P"": -6, ""AC_50_C"": 21, ""AC_50_CO"": 22, ""AC_50_C_2"": -38, ""AC_60_C"": 9}",140,-30,16,22,-38,0,0,0,-6,0,21,9
32,103.28576449453848,1.4129405321458535,926.7937567518103,92.67937567518103,92.67937567518103,185.35875135036207,0.499,-1173.0741793061216,-1785.408027552437,-2648.741088454174,1987.5823611765286,-14.021653436073677,-189.9827803319919,-119.01505023897026,21.462211610437144,-119.01505023897026,-282.66215600717294,103.28576449453848,"{""AC"": -35, ""AC_35_P"": -3, ""AC_40_BP"": -6, ""AC_40_P"": 4, ""AC_45_KO"": -40, ""AC_45_P"": 38, ""AC_50_CO"": -3, ""AC_50_P"": -14, ""AC_60_C"": 31}",-35,-40,-6,-3,0,0,-3,4,38,-14,0,31
33,290.7691622991006,955.0323704488328,5611.10816849405,561.110816849405,561.110816849405,1122.22163369881,0.429,-9177.159023164617,-18755.16903015205,-32964.459114117984,9193.854885758761,-626.9467400173612,-2003.5205934920536,-1366.3600996002942,-308.3664930714815,-1366.3600996002942,-2564.631410341459,290.7691622991006,"{""AC"": -195, ""AC_35_P"": 26, ""AC_40_BP"": -50, ""AC_45_KO"": -420, ""AC_50_C"": 44, ""AC_50_CO"": 16, ""AC_50_C_2"": 14, ""AC_50_P"": 8, ""AC_60_C"": 17}",-195,-420,-50,16,14,0,26,0,0,8,44,17
34,-149.35589027657858,342.90238013696626,1923.2898897296013,192.32898897296013,192.32898897296013,384.65797794592027,0.267,-3465.176600551037,-9097.530150100414,-17460.654088353655,1566.1981838864922,-495.87355033168234,-1015.6500404143378,-765.2968748457141,-370.6969675473705,-765.2968748457141,-1207.979029387298,-149.35589027657858,"{""AC"": -5, ""AC_35_P"": -16, ""AC_40_BP"": 6, ""AC_40_P"": -2, ""AC_45_KO"": -80, ""AC_50_C"": -28, ""AC_50_CO"": -19, ""AC_50_C_2"": 11, ""AC_60_C"": -18}",-5,-80,6,-19,11,0,-16,-2,0,0,-28,-18
35,175.50940398199734,-2031.0402212906668,5622.067278243197,562.2067278243196,562.2067278243196,1124.4134556486392,0.673,-3993.785237011364,-4441.466846064482,-5698.135185483713,40761.16192254119,-223.8691197191391,-822.9369052708437,-704.661745481867,-164.73153982465078,-704.661745481867,-1385.1436330951633,175.50940398199734,"{""AC"": 95, ""AC_40_BP"": -37, ""AC_40_P"": -3, ""AC_45_KO"": -390, ""AC_45_P"": 10, ""AC_50_C"": -7, ""AC_50_CO"": 15, ""AC_50_C_2"": 48, ""AC_60_C"": 26}",95,-390,-37,15,48,0,0,-3,10,0,-7,26
36,109.74784386999188,930.2872894699279,4008.4397519462227,400.84397519462226,400.84397519462226,801.6879503892445,0.428,-6900.198478797106,-14333.740485294577,-25063.73709935903,5652.398182414997,-580.2720040097187,-1615.3017758292847,-1125.7039155468851,-335.473073868519,-1125.7039155468851,-2016.145751023907,109.74784386999188,"{""AC"": -120, ""AC_35_P"": -2, ""AC_40_BP"": 8, ""AC_45_KO"": -310, ""AC_45_P"": -1, ""AC_50_C"": 20, ""AC_50_CO"": 18, ""AC_50_P"": -1, ""AC_60_C"": -5}",-120,-310,8,18,0,0,-2,0,-1,-1,20,-5
37,264.97935630800987,905.2138712099616,4673.4231294517995,467.34231294517997,467.34231294517997,934.6846258903599,0.4,-7772.597168096603,-16236.846143997664,-30292.567220593017,7170.032480332403,-512.2803605016505,-1678.169935716141,-1134.5813753790706,-240.48608033311532,-1134.5813753790706,-2145.512248661321,264.97935630800987,"{""AC"": -170, ""AC_35_P"": 15, ""AC_40_BP"": -41, ""AC_45_KO"": -460, ""AC_50_C"": 37, ""AC_50_CO"": 4, ""AC_50_C_2"": 50, ""AC_50_P_2"": 2, ""AC_60_C"": 5}",-170,-460,-41,4,50,2,15,0,0,0,37,5
38,-92.87625086034464,-164.6083372906167,517.9849011505943,51.79849011505943,51.79849011505943,103.59698023011886,0.598,-808.727778723024,-1098.397074776699,-1458.5339983414542,1937.1059035481012,-173.74902873264705,-295.05819554110064,-240.08466272632796,-146.26226232526068,-240.08466272632796,-346.8566856561601,-92.87625086034464,"{""AC"": 40, ""AC_40_BP"": 6, ""AC_40_P"": -8, ""AC_45_KO"": -40, ""AC_45_P"": 11, ""AC_50_CO"": 15, ""AC_50_C_2"": -16, ""AC_50_P"": -5, ""AC_60_C"": -47}",40,-40,6,15,-16,0,0,-8,11,-5,0,-47
39,322.95057753425317,421.8332526469393,3716.54029481404,371.654029481404,371.654029481404,743.308058962808,0.444,-5743.193884170426,-10880.651914138743,-20178.375835481653,6970.350594072099,-251.3688108827895,-1112.8478935083533,-724.3555198320126,-57.12262404461916,-724.3555198320126,-1484.5019229897573,322.95057753425317,"{""AC"": -155, ""AC_35_P"": 50, ""AC_40_BP"": -50, ""AC_45_KO"": -330, ""AC_50_C"": 32, ""AC_50_CO"": 13, ""AC_50_C_2"": 46, ""AC_50_P_2"": -15, ""AC_60_C"": 25}",-155,-330,-50,13,46,-15,50,0,0,0,32,25
40,362.39208107779933,81.8805618970568,2365.3034639778325,236.53034639778326,236.53034639778326,473.0606927955665,0.485,-3092.322053407763,-5040.232895294134,-8546.89840750367,5502.320102538876,53.159875737023015,-410.68843227414146,-219.72140013225678,148.64339180796537,-219.72140013225678,-647.2187786719247,362.39208107779933,"{""AC"": -125, ""AC_35_P"": 40, ""AC_40_BP"": -50, ""AC_45_KO"": -500, ""AC_45_P"": 15, ""AC_50_C"": 50, ""AC_50_CO"": -6, ""AC_50_C_2"": 42, ""AC_60_C"": 43}",-125,-500,-50,-6,42,0,40,0,15,0,50,43
41,-188.0342482812356,-376.77118639995746,2577.5915095335017,257.7591509533502,257.7591509533502,515.5183019067003,0.528,-3787.0636627245403,-4429.027714896942,-4762.3155094119,12034.687492816116,-566.7406145536896,-1134.8001639623708,-884.9733731665917,-441.82721915580015,-884.9733731665917,-1392.559314915721,-188.0342482812356,"{""AC"": 55, ""AC_35_P"": 5, ""AC_40_BP"": -1, ""AC_40_P"": -24, ""AC_45_KO"": -410, ""AC_45_P"": -50, ""AC_50_C"": 7, ""AC_50_CO"": -9, ""AC_60_C"": -14}",55,-410,-1,-9,0,0,5,-24,-50,0,7,-14
42,198.18830134567355,-121.09434059478545,1474.276136175297,147.42761361752972,147.42761361752972,294.85522723505943,0.514,-1464.4890774905741,-2047.1449000918437,-2736.426394225009,3512.1637137290127,51.73939359661614,-167.93396802696998,-95.19886708667742,88.10694406676242,-95.19886708667742,-315.36158164449967,198.18830134567355,"{""AC"": -80, ""AC_40_BP"": -25, ""AC_40_P"": -3, ""AC_45_KO"": -260, ""AC_50_C"": 47, ""AC_50_CO"": 22, ""AC_50_P"": 12, ""AC_50_P_2"": -7, ""AC_60_C"": 11}",-80,-260,-25,22,0,-7,0,-3,0,12,47,11
43,263.23876402332553,-73.0945904025,1174.403718677345,117.44037186773451,117.44037186773451,234.88074373546903,0.521,-1129.7749999999999,-1616.8676599443222,-1915.394208355195,5077.701277998833,150.26126402332554,-19.204985976674436,35.0523280894583,177.38992105639193,35.0523280894583,-136.64535784440895,263.23876402332553,"{""AC"": -5, ""AC_40_BP"": -40, ""AC_40_P"": 29, ""AC_45_KO"": -90, ""AC_45_P"": 36, ""AC_50_C"": 18, ""AC_50_CO"": 9, ""AC_50_P"": -5, ""AC_50_P_2"": 48}",-5,-90,-40,9,0,48,0,29,36,-5,18,0
44,35.131499833204174,-86.69701203016987,614.69176942343,61.469176942343,61.469176942343,122.938353884686,0.626,-424.50640988041414,-1940.1170392069005,-3501.795664599601,4037.830370026719,-7.31914115483724,-70.99510263689936,-59.279050120029446,-1.4611148964022824,-59.279050120029446,-132.46427957924237,35.131499833204174,"{""AC"": -20, ""AC_35_P"": -15, ""AC_40_BP"": 11, ""AC_45_KO"": -390, ""AC_50_C"": 11, ""AC_50_CO"": -10, ""AC_50_C_2"": 25, ""AC_50_P"": -12, ""AC_60_C"": 15}",-20,-390,11,-10,25,0,-15,0,0,-12,11,15
45,-26.89969616268698,988.9604590577717,2038.1769957622416,203.81769957622416,203.81769957622416,407.6353991524483,0.365,-3738.2902126834947,-7754.111756423509,-13550.7765939066,1813.2464790712306,-400.72871743103644,-961.4722493335606,-689.5520778533232,-264.76863169091774,-689.5520778533232,-1165.2899489097847,-26.89969616268698,"{""AC"": -100, ""AC_40_BP"": 11, ""AC_40_P"": -26, ""AC_45_KO"": -390, ""AC_45_P"": -45, ""AC_50_C"": -1, ""AC_50_CO"": 8, ""AC_50_P"": -14, ""AC_60_C"": 46}",-100,-390,11,8,0,0,0,-26,-45,-14,-1,46
46,451.96003460957905,144.3279262827773,3791.076973243125,379.1076973243125,379.1076973243125,758.215394648625,0.479,-5290.615460763361,-8908.114103188736,-15194.442528903066,8162.707212755666,-77.10151146675702,-870.6938305812612,-531.1861331670813,92.6523372403329,-531.1861331670813,-1249.8015279055737,451.96003460957905,"{""AC"": -175, ""AC_35_P"": 43, ""AC_40_BP"": -45, ""AC_40_P"": 10, ""AC_45_KO"": -490, ""AC_50_C"": 44, ""AC_50_CO"": 16, ""AC_50_C_2"": 48, ""AC_60_C"": 50}",-175,-490,-45,16,48,0,43,10,0,0,44,50
47,219.73105794397384,1670.8498370934094,7810.64192595089,781.064192595089,781.064192595089,1562.128385190178,0.404,-13389.251391026222,-28872.550125254485,-50702.54323662698,10995.667610190581,-1119.1940811586485,-3127.5817898125815,-2179.188747007504,-644.9975597561096,-2179.188747007504,-3908.6459824076705,219.73105794397384,"{""AC"": -185, ""AC_35_P"": 19, ""AC_40_BP"": -8, ""AC_40_P"": 27, ""AC_45_KO"": -250, ""AC_50_C"": -6, ""AC_50_CO"": 9, ""AC_50_P_2"": 36, ""AC_60_C"": 5}",-185,-250,-8,9,0,36,19,27,0,0,-6,5
48,308.06990692053114,169.20835068467196,1640.2146283755205,164.02146283755206,164.02146283755206,328.04292567510413,0.464,-2170.5232455902847,-3417.9308056940013,-4553.647062495507,4401.502306094599,91.01758236150266,-234.56090447704003,-99.51931133678758,158.53837893162887,-99.51931133678758,-398.5823673145921,308.06990692053114,"{""AC"": -105, ""AC_35_P"": 30, ""AC_40_BP"": -28, ""AC_45_KO"": -500, ""AC_45_P"": -20, ""AC_50_C"": 37, ""AC_50_CO"": 11, ""AC_50_C_2"": 44, ""AC_60_C"": 41}",-105,-500,-28,11,44,0,30,0,-20,0,37,41
49,100.24843654197139,-1710.6512352185096,4686.493239432646,468.6493239432646,468.6493239432646,937.2986478865292,0.695,-3188.064288569695,-3470.273981987925,-3636.631595519773,36463.607667993,-218.5579923149981,-696.7676356004523,-612.2858687151152,-176.31710887232953,-612.2858687151152,-1165.416959543717,100.24843654197139,"{""AC"": 80, ""AC_40_BP"": 4, ""AC_40_P"": 37, ""AC_45_KO"": -80, ""AC_45_P"": -14, ""AC_50_C"": 38, ""AC_50_CO"": 6, ""AC_50_P_2"": -9, ""AC_60_C"": 8}",80,-80,4,6,0,-9,0,37,-14,0,38,8
50,249.4867778123902,358.93327931372966,2837.2993326813216,283.7299332681322,283.7299332681322,567.4598665362644,0.449,-4265.484923624217,-7707.374811767404,-13674.259550422092,5440.5689694738385,-177.06171455003152,-816.8844530936641,-532.2009273653084,-34.719951685853715,-532.2009273653084,-1100.6143863617963,249.4867778123902,"{""AC"": -125, ""AC_35_P"": 26, ""AC_40_BP"": -27, ""AC_40_P"": -11, ""AC_45_KO"": -340, ""AC_50_C"": 26, ""AC_50_CO"": 13, ""AC_50_C_2"": 23, ""AC_60_C"": 33}",-125,-340,-27,13,23,0,26,-11,0,0,26,33
51,292.6440584313674,78.81805298019543,2022.7773222668868,202.27773222668867,202.27773222668867,404.55546445337734,0.486,-2685.2095969203865,-4084.1897899721325,-5435.443465651491,4621.632659093431,24.123098739328725,-378.6583407987292,-211.2762472200349,107.8141455286759,-211.2762472200349,-580.936073025418,292.6440584313674,"{""AC"": -115, ""AC_40_BP"": -46, ""AC_45_KO"": -500, ""AC_50_C"": 45, ""AC_50_CO"": 18, ""AC_50_C_2"": 28, ""AC_50_P"": 14, ""AC_50_P_2"": -9, ""AC_60_C"": 30}",-115,-500,-46,18,28,-9,0,0,0,14,45,30
52,389.5174272218034,603.4748215810517,4838.2879775403435,483.8287977540343,483.8287977540343,967.6575955080687,0.431,-7546.612831168525,-14605.242863777372,-26710.775545338238,8794.37057777115,-365.14385589504917,-1497.1357805703278,-984.3888963304926,-108.77041377513146,-984.3888963304926,-1980.9645783243623,389.5174272218034,"{""AC"": -200, ""AC_35_P"": 41, ""AC_40_BP"": -50, ""AC_45_KO"": -390, ""AC_45_P"": -4, ""AC_50_C"": 50, ""AC_50_CO"": 12, ""AC_50_C_2"": 49, ""AC_60_C"": 30}",-200,-390,-50,12,49,0,41,0,-4,0,50,30
53,-125.37096872172911,-1608.8902480219335,5140.718259955592,514.0718259955592,514.0718259955592,1028.1436519911183,0.6,-5724.195443019948,-6515.399022955845,-6917.251400457794,30920.600735666172,-697.7905130237239,-1556.419829476716,-1241.036198172501,-540.0986973716163,-1241.036198172501,-2070.491655472275,-125.37096872172911,"{""AC"": 140, ""AC_35_P"": 29, ""AC_40_BP"": -13, ""AC_45_KO"": -200, ""AC_45_P"": -3, ""AC_50_CO"": -10, ""AC_50_C_2"": 18, ""AC_50_P_2"": -35, ""AC_60_C"": -31}",140,-200,-13,-10,18,-35,29,0,-3,0,0,-31
54,50.13384739443012,98.14128043123549,598.9539128247882,59.89539128247882,59.89539128247882,119.79078256495764,0.467,-904.5752431121114,-1385.4209684335635,-1916.8756125476052,1969.3887063107193,-40.323676916781025,-176.00996338359772,-115.500134713626,-10.068762581795157,-115.500134713626,-235.90535466607653,50.13384739443012,"{""AC"": -45, ""AC_40_BP"": 16, ""AC_45_KO"": -10, ""AC_45_P"": -28, ""AC_50_C"": 44, ""AC_50_CO"": 6, ""AC_50_C_2"": -15, ""AC_50_P_2"": 6, ""AC_60_C"": 9}",-45,-10,16,6,-15,6,0,0,-28,0,44,9
55,25.27785934827778,-1568.7661870552586,4800.302983520516,480.0302983520516,480.0302983520516,960.0605967041032,0.685,-3678.0827797630554,-4127.918964391035,-5321.053842297749,37289.75411954779,-342.5304186280278,-894.2428355924861,-766.4497067922064,-278.6338542278879,-766.4497067922064,-1374.2731339445377,25.27785934827778,"{""AC"": 90, ""AC_40_BP"": 6, ""AC_45_KO"": -310, ""AC_45_P"": 2, ""AC_50_C"": 46, ""AC_50_CO"": 12, ""AC_50_C_2"": -26, ""AC_50_P"": -7, ""AC_60_C"": -4}",90,-310,6,12,-26,0,0,0,2,-7,46,-4
56,343.8180468231653,305.3371672103349,2606.755780026906,260.6755780026906,260.6755780026906,521.3511560053812,0.449,-3688.828757202102,-6430.384142327003,-10844.280351914742,5540.4113915171965,-25.064828897044947,-578.3891424773603,-339.84405575849536,94.20771446238751,-339.84405575849536,-839.0647204800509,343.8180468231653,"{""AC"": -140, ""AC_35_P"": 25, ""AC_40_BP"": -37, ""AC_40_P"": -5, ""AC_45_KO"": -130, ""AC_50_C"": 34, ""AC_50_CO"": 7, ""AC_50_C_2"": 50, ""AC_60_C"": 50}",-140,-130,-37,7,50,0,25,-5,0,0,34,50
57,-136.51178639712816,-387.60892736614,2087.4265927907613,208.74265927907612,208.74265927907612,417.48531855815224,0.561,-2890.618080711829,-3387.4696882434596,-3656.871173791457,10632.880442270873,-425.57359446831106,-859.1663065750854,-674.4758281434406,-333.22835525248865,-674.4758281434406,-1067.9089658541616,-136.51178639712816,"{""AC"": 50, ""AC_40_BP"": 3, ""AC_40_P"": -24, ""AC_45_KO"": -220, ""AC_45_P"": 3, ""AC_50_CO"": -1, ""AC_50_P"": -24, ""AC_50_P_2"": -4, ""AC_60_C"": -14}",50,-220,3,-1,0,-4,0,-24,3,-24,0,-14
58,-89.26208403166277,2044.0299006656107,6809.717175776585,680.9717175776584,680.9717175776584,1361.9434351553168,0.302,-12466.226658011641,-29349.14561680291,-53152.471438807945,5949.238971551595,-1335.8847498328269,-3205.818748534573,-2299.681941522238,-882.8163463266594,-2299.681941522238,-3886.790466112231,-89.26208403166277,"{""AC"": -115, ""AC_35_P"": 4, ""AC_40_BP"": -2, ""AC_40_P"": 12, ""AC_45_KO"": -340, ""AC_45_P"": 14, ""AC_50_CO"": -41, ""AC_50_P_2"": 14, ""AC_60_C"": -37}",-115,-340,-2,-41,0,14,4,12,14,0,0,-37
59,163.00642678538026,-2562.6324530595944,7393.504401909161,739.3504401909161,739.3504401909161,1478.7008803818321,0.685,-5193.366991905703,-5626.65739270742,-5942.8347789154805,56953.70060308,-356.3302724051901,-1135.3353211910455,-985.6738420959331,-281.49953285763394,-985.6738420959331,-1874.6857613819616,163.00642678538026,"{""AC"": 170, ""AC_35_P"": 45, ""AC_40_BP"": 21, ""AC_45_KO"": -170, ""AC_50_C"": 31, ""AC_50_CO"": -10, ""AC_50_P"": 24, ""AC_50_P_2"": 17, ""AC_60_C"": 15}",170,-170,21,-10,0,17,45,0,0,24,31,15
60,23.09115981826867,502.63723695438114,1920.1551766499786,192.01551766499784,192.01551766499784,384.0310353299957,0.389,-3407.599232416438,-7316.669218461719,-13187.92193069589,2239.0014941157488,-317.66876342337514,-828.8086482858408,-584.0564838766959,-195.29268121880273,-584.0564838766959,-1020.8241659508387,23.09115981826867,"{""AC"": -55, ""AC_35_P"": -23, ""AC_40_BP"": 4, ""AC_45_KO"": -60, ""AC_45_P"": 20, ""AC_50_CO"": 6, ""AC_50_C_2"": 7, ""AC_50_P"": -5, ""AC_50_P_2"": -9}",-55,-60,4,6,7,-9,-23,0,20,-5,0,0
61,-30.49612644391133,1078.1731646324984,3541.36672474296,354.136672474296,354.136672474296,708.273344948592,0.294,-6133.576398589624,-15376.634167112443,-29339.29960086681,3585.3151518858717,-643.8537663028737,-1563.8902260913173,-1127.6009224695028,-425.7091144919666,-1127.6009224695028,-1918.0268985656135,-30.49612644391133,"{""AC"": -90, ""AC_35_P"": -14, ""AC_40_BP"": -29, ""AC_40_P"": 45, ""AC_45_KO"": -310, ""AC_45_P"": -48, ""AC_50_CO"": -21, ""AC_50_C_2"": 34, ""AC_60_C"": -9}",-90,-310,-29,-21,34,0,-14,45,-48,0,0,-9
62,-8.868768194017612,-1694.944180513619,5824.39337978004,582.439337978004,582.439337978004,1164.878675956008,0.646,-5460.708601733456,-6210.4396858377595,-6595.343860204191,40311.55190763644,-554.9396283673633,-1374.0459186273815,-1119.1947274430381,-427.5140327751914,-1119.1947274430381,-1956.4852566053855,-8.868768194017612,"{""AC"": 120, ""AC_40_BP"": 5, ""AC_40_P"": -21, ""AC_45_KO"": -90, ""AC_50_C"": 4, ""AC_50_CO"": 9, ""AC_50_C_2"": 27, ""AC_50_P"": 12, ""AC_50_P_2"": -29}",120,-90,5,9,27,-29,0,-21,0,12,4,0
63,306.72679336549714,99.85361306611262,2441.2779484168473,244.12779484168473,244.12779484168473,488.25558968336946,0.477,-3275.7748957724516,-5449.612495387875,-8967.018631178029,5352.46954327598,-20.850696211748016,-512.2169305776158,-306.70333842121295,81.90609986645339,-306.70333842121295,-756.3447254193005,306.72679336549714,"{""AC"": -125, ""AC_35_P"": 33, ""AC_40_BP"": -36, ""AC_45_KO"": -380, ""AC_50_C"": 37, ""AC_50_CO"": 9, ""AC_50_C_2"": 32, ""AC_50_P_2"": -6, ""AC_60_C"": 40}",-125,-380,-36,9,32,-6,33,0,0,0,37,40
64,-73.51709812596683,2457.5220784771927,7589.749740735755,758.9749740735755,758.9749740735755,1517.949948147151,0.335,-14382.646241632525,-29988.740917246174,-53688.047869180526,7502.010797261117,-1511.7817222892195,-3669.178658534098,-2610.401521407633,-982.3931537259871,-2610.401521407633,-4428.153632607673,-73.51709812596683,"{""AC"": -165, ""AC_40_BP"": -15, ""AC_40_P"": 5, ""AC_45_KO"": -110, ""AC_45_P"": -22, ""AC_50_CO"": -41, ""AC_50_C_2"": -43, ""AC_50_P_2"": 48, ""AC_60_C"": 31}",-165,-110,-15,-41,-43,48,0,5,-22,0,0,31
65,433.15176992770097,-4.046218826185395,3224.0586316167164,322.4058631616716,322.4058631616716,644.8117263233432,0.501,-4007.075123912448,-6003.874872015875,-9534.110240536358,7661.544805883652,32.44425753645618,-568.6170110504111,-329.112430240002,152.19654794166067,-329.112430240002,-891.0228742120827,433.15176992770097,"{""AC"": -140, ""AC_35_P"": 50, ""AC_40_BP"": -48, ""AC_45_KO"": -500, ""AC_50_C"": 41, ""AC_50_CO"": 25, ""AC_50_C_2"": 27, ""AC_50_P_2"": 22, ""AC_60_C"": 37}",-140,-500,-48,25,27,22,50,0,0,0,41,37
66,346.196668694007,5.550884658576479,1638.7315237520502,163.87315237520502,163.87315237520502,327.74630475041005,0.496,-1863.3664595990992,-2770.0060308659636,-4024.316080906328,4657.462571343539,159.86002273409704,-119.64494620576784,-15.24487643346039,212.06005762025077,-15.24487643346039,-283.51809858097283,346.196668694007,"{""AC"": -90, ""AC_35_P"": 38, ""AC_40_BP"": -42, ""AC_40_P"": 13, ""AC_45_KO"": -410, ""AC_50_C"": 46, ""AC_50_CO"": 8, ""AC_50_C_2"": 37, ""AC_60_C"": 30}",-90,-410,-42,8,37,0,38,13,0,0,46,30
67,366.62477595966936,119.11119258953386,3384.5696243141088,338.4569624314109,338.4569624314109,676.9139248628218,0.481,-4442.766835647285,-7171.274656594692,-12003.825531763745,7307.42934965966,-77.65190760505914,-744.0669329521519,-469.0187306031288,59.87219356945239,-469.0187306031288,-1082.5238953835628,366.62477595966936,"{""AC"": -145, ""AC_35_P"": 44, ""AC_40_BP"": -22, ""AC_45_KO"": -500, ""AC_45_P"": 1, ""AC_50_C"": 29, ""AC_50_CO"": 23, ""AC_50_C_2"": 19, ""AC_60_C"": 50}",-145,-500,-22,23,19,0,44,0,1,0,29,50
68,-333.69853625953976,32.62646914524093,1772.5795520854351,177.2579552085435,177.2579552085435,354.515910417087,0.497,-3480.1543742462322,-4148.792271617366,-4552.3865034967,3535.707743449178,-681.713973684163,-1203.7371298210978,-944.3506700007464,-552.0207437739873,-944.3506700007464,-1380.9950850296414,-333.69853625953976,"{""AC"": 35, ""AC_40_BP"": -4, ""AC_40_P"": -23, ""AC_45_KO"": -380, ""AC_50_C"": -8, ""AC_50_CO"": -30, ""AC_50_C_2"": -22, ""AC_50_P"": -41, ""AC_50_P_2"": -19}",35,-380,-4,-30,-22,-19,0,-23,0,-41,-8,0
69,-233.41388735055088,153.7082870303866,1676.082438274138,167.6082438274138,167.6082438274138,335.2164876548276,0.475,-3182.2831636556325,-3835.895297852627,-4174.558285769951,2563.3039998016025,-551.6422037161142,-1028.984678264459,-794.5604838126027,-434.43010649018595,-794.5604838126027,-1196.5929220918729,-233.41388735055088,"{""AC"": 45, ""AC_35_P"": -26, ""AC_40_BP"": -2, ""AC_45_KO"": -50, ""AC_50_C"": -32, ""AC_50_CO"": -24, ""AC_50_C_2"": 13, ""AC_50_P"": -33, ""AC_50_P_2"": -1}",45,-50,-2,-24,13,-1,-26,0,0,-33,-32,0
70,360.43519007342655,92.23243862131079,2851.7600988823083,285.17600988823085,285.17600988823085,570.3520197764617,0.489,-3719.261883570893,-5794.023460037489,-9225.77214546792,6340.562524582234,-11.490998283662805,-569.3802808192968,-340.0420974063228,103.17809342282416,-340.0420974063228,-854.5562907075276,360.43519007342655,"{""AC"": -150, ""AC_35_P"": 24, ""AC_40_BP"": -36, ""AC_45_KO"": -370, ""AC_45_P"": -4, ""AC_50_C"": 47, ""AC_50_CO"": 18, ""AC_50_C_2"": 31, ""AC_60_C"": 47}",-150,-370,-36,18,31,0,24,0,-4,0,47,47
71,-68.64974953987628,412.7021705709873,1132.772829027358,113.2772829027358,113.2772829027358,226.5545658054716,0.293,-2457.9465297923925,-4928.6822542462,-7894.715330812513,951.2322518116987,-314.44440251911556,-683.1363819879745,-493.980370460103,-219.86639675517986,-493.980370460103,-796.4136648907103,-68.64974953987628,"{""AC_35_P"": -24, ""AC_40_BP"": 6, ""AC_40_P"": 41, ""AC_45_KO"": -120, ""AC_50_C"": -11, ""AC_50_CO"": -14, ""AC_50_C_2"": -21, ""AC_60_C"": 4}",0,-120,6,-14,-21,0,-24,41,0,0,-11,4
72,7.098640126657905,2182.5981236880007,7858.790898487567,785.8790898487566,785.8790898487566,1571.7581796975132,0.336,-14291.14820342967,-32346.017743481916,-57948.493574500215,8101.6904485450705,-1422.016180216309,-3565.6884107307596,-2529.513135312171,-903.9285425070148,-2529.513135312171,-4351.5675005795165,7.098640126657905,"{""AC"": -180, ""AC_35_P"": 16, ""AC_40_BP"": -6, ""AC_45_KO"": -100, ""AC_45_P"": 26, ""AC_50_C"": 20, ""AC_50_CO"": -48, ""AC_50_C_2"": 2, ""AC_50_P"": 2}",-180,-100,-6,-48,2,0,16,0,26,2,20,0
73,233.59936698549473,941.1245321224311,4544.655557230445,454.46555572304453,454.46555572304453,908.9311114460891,0.395,-7631.093335824451,-15818.909552675126,-29627.726195320385,6849.492193115283,-529.5099665969504,-1674.173966970618,-1138.2974112496952,-261.571688736489,-1138.2974112496952,-2128.6395226936625,233.59936698549473,"{""AC"": -155, ""AC_35_P"": 26, ""AC_40_BP"": -46, ""AC_40_P"": -5, ""AC_45_KO"": -500, ""AC_50_CO"": 17, ""AC_50_C_2"": 50, ""AC_50_P_2"": -12, ""AC_60_C"": 16}",-155,-500,-46,17,50,-12,26,-5,0,0,0,16
74,335.51207847245877,1024.7213630821354,5508.669793718716,550.8669793718716,550.8669793718716,1101.7339587437432,0.423,-8899.197456128988,-17907.517542538862,-32287.067448638845,8970.948501733987,-554.40766714044,-1889.2872855597882,-1274.8010296328252,-247.16453917695856,-1274.8010296328252,-2440.15426493166,335.51207847245877,"{""AC"": -200, ""AC_35_P"": 34, ""AC_40_BP"": -6, ""AC_45_KO"": -340, ""AC_50_C"": 20, ""AC_50_CO"": 6, ""AC_50_C_2"": 42, ""AC_50_P"": -3, ""AC_60_C"": 49}",-200,-340,-6,6,42,0,34,0,0,-3,20,49
75,-6.579554126789546,-1152.5869692284223,4501.065546437923,450.1065546437923,450.1065546437923,900.2131092875846,0.596,-4536.541319660006,-5090.696627132314,-5578.161254085377,30710.198377357858,-460.23368609279015,-1140.714884041791,-912.1140293976865,-345.93325877073795,-912.1140293976865,-1590.8214386855834,-6.579554126789546,"{""AC"": 115, ""AC_35_P"": 17, ""AC_40_BP"": -7, ""AC_40_P"": -19, ""AC_45_KO"": -220, ""AC_50_C"": 9, ""AC_50_CO"": -40, ""AC_50_P_2"": 48, ""AC_60_C"": 25}",115,-220,-7,-40,0,48,17,-19,0,0,9,25
76,-59.45362744644879,284.915807752697,1324.3032480195975,132.43032480195976,132.43032480195976,264.8606496039195,0.204,-2346.280438396497,-6282.7123199799535,-11832.710568633976,1480.5621764211292,-294.0816712860985,-646.0237370455731,-477.61085560690327,-209.87523056676358,-477.61085560690327,-778.4540618475328,-59.45362744644879,"{""AC_35_P"": 8, ""AC_40_BP"": -18, ""AC_45_KO"": -130, ""AC_50_C"": 31, ""AC_50_CO"": -36, ""AC_50_P"": 33, ""AC_50_P_2"": -1, ""AC_60_C"": -40}",0,-130,-18,-36,0,-1,8,0,0,33,31,-40
77,370.7518869776826,61.96567723872613,2453.884650399747,245.3884650399747,245.3884650399747,490.7769300799494,0.484,-3226.9078332258937,-4889.038235378745,-8099.617789811357,5856.621531129532,48.061103655093234,-435.9750713287908,-235.9785205261888,148.05937905639425,-235.9785205261888,-681.3635363687655,370.7518869776826,"{""AC"": -120, ""AC_35_P"": 40, ""AC_40_BP"": -50, ""AC_45_KO"": -500, ""AC_50_C"": 37, ""AC_50_CO"": 10, ""AC_50_C_2"": 38, ""AC_50_P_2"": 15, ""AC_60_C"": 38}",-120,-500,-50,10,38,15,40,0,0,0,37,38
78,271.9339034867224,270.7399523062064,1987.254602832291,198.7254602832291,198.7254602832291,397.4509205664582,0.441,-3049.8623851756806,-5271.791897027236,-9493.017926498878,4115.577144396415,-33.05233503084571,-490.53169280719777,-284.9081844312442,69.75941915713106,-284.9081844312442,-689.2571530904269,271.9339034867224,"{""AC"": -95, ""AC_35_P"": 32, ""AC_40_BP"": -33, ""AC_45_KO"": -500, ""AC_50_C"": 20, ""AC_50_CO"": 4, ""AC_50_C_2"": 50, ""AC_50_P"": -3, ""AC_60_C"": 25}",-95,-500,-33,4,50,0,32,0,0,-3,20,25
79,-107.9717573529764,1205.6441246557777,3345.3210866281192,334.53210866281194,334.53210866281194,669.0642173256239,0.283,-6284.920582154076,-14882.453229170222,-27166.613209778683,2448.477384045761,-736.4638155683841,-1679.2019028914956,-1217.9758990074938,-505.85081362638323,-1217.9758990074938,-2013.7340115543075,-107.9717573529764,"{""AC"": -75, ""AC_35_P"": -33, ""AC_40_BP"": -22, ""AC_45_KO"": -160, ""AC_45_P"": 20, ""AC_50_C"": -2, ""AC_50_CO"": -23, ""AC_50_C_2"": 2, ""AC_50_P"": -18}",-75,-160,-22,-23,2,0,-33,0,20,-18,-2,0
80,-60.90254540009677,-938.92884855428,3187.0275301164024,318.70275301164025,318.70275301164025,637.4055060232805,0.593,-3384.654996774192,-3810.121723344287,-4010.2242753857126,20908.909922450675,-399.368045077516,-907.0662945936448,-727.9521714220457,-309.81098349171646,-727.9521714220457,-1225.769047605285,-60.90254540009677,"{""AC"": 75, ""AC_35_P"": -5, ""AC_40_BP"": -48, ""AC_40_P"": 35, ""AC_45_KO"": -30, ""AC_50_C"": -14, ""AC_50_CO"": -13, ""AC_50_P_2"": -30, ""AC_60_C"": 25}",75,-30,-48,-13,0,-30,-5,35,0,0,-14,25
81,340.3535762976605,280.38315012350347,2445.5484539963572,244.55484539963572,244.55484539963572,489.10969079927145,0.449,-3405.3247805693973,-6100.636578929565,-10444.25121010945,5255.575353498614,-0.1789017592792561,-510.97761884468883,-292.72256348756696,108.94862591928168,-292.72256348756696,-755.5324642443245,340.3535762976605,"{""AC"": -130, ""AC_35_P"": 23, ""AC_40_BP"": -50, ""AC_45_KO"": -380, ""AC_45_P"": 10, ""AC_50_C"": 34, ""AC_50_CO"": -2, ""AC_50_C_2"": 50, ""AC_60_C"": 50}",-130,-380,-50,-2,50,0,23,0,10,0,34,50
82,-95.6447762336387,-702.6770070075631,2437.929470291881,243.7929470291881,243.7929470291881,487.5858940583762,0.61,-2728.0295974030687,-3140.429719546538,-4113.072365834394,15839.051203711388,-368.4477359739456,-777.6521755844059,-626.745689358693,-292.99449286108916,-626.745689358693,-1021.445122613594,-95.6447762336387,"{""AC"": 70, ""AC_35_P"": 17, ""AC_40_BP"": 8, ""AC_45_KO"": -310, ""AC_45_P"": 15, ""AC_50_C"": 4, ""AC_50_CO"": -11, ""AC_50_C_2"": -22, ""AC_50_P"": -28}",70,-310,8,-11,-22,0,17,0,15,-28,4,0
83,-35.010848223745356,-2645.6232259651333,8636.248021646083,863.6248021646082,863.6248021646082,1727.2496043292165,0.603,-8663.27861995914,-9741.083650011515,-10333.659864356674,56272.25433564007,-901.3387102196593,-2200.83050321353,-1766.3150422999204,-684.0809797628544,-1766.3150422999204,-3064.4553053781383,-35.010848223745356,"{""AC"": 190, ""AC_40_BP"": -50, ""AC_45_KO"": -330, ""AC_45_P"": -12, ""AC_50_C"": 27, ""AC_50_CO"": -30, ""AC_50_C_2"": 38, ""AC_50_P_2"": 9, ""AC_60_C"": -4}",190,-330,-50,-30,38,9,0,0,-12,0,27,-4
84,-181.92363936278934,-1715.345382459132,6415.663842220742,641.5663842220741,641.5663842220741,1283.1327684441483,0.605,-7155.065005858615,-8183.802244292234,-8773.549873297274,41626.06183226503,-897.4301399486509,-1970.6898908274432,-1575.9665823526186,-700.0684857112386,-1575.9665823526186,-2612.256275049517,-181.92363936278934,"{""AC"": 140, ""AC_40_BP"": -4, ""AC_40_P"": -17, ""AC_45_KO"": -140, ""AC_45_P"": 8, ""AC_50_P"": -40, ""AC_50_P_2"": -26, ""AC_60_C"": 5}",140,-140,-4,0,0,-26,0,-17,8,-40,0,5
85,-78.95564492503367,-591.0004258439449,2174.5221996218406,217.45221996218407,217.45221996218407,434.90443992436815,0.661,-2117.247074618374,-2427.7969962089987,-2737.138957548517,16131.665537193545,-290.68035238687105,-608.2674135796271,-505.26881609888176,-239.18105364649836,-505.26881609888176,-825.7196335418112,-78.95564492503367,"{""AC"": 65, ""AC_35_P"": -9, ""AC_40_BP"": 8, ""AC_45_KO"": -30, ""AC_45_P"": -6, ""AC_50_CO"": 6, ""AC_50_C_2"": -31, ""AC_50_P"": 9, ""AC_60_C"": -2}",65,-30,8,6,-31,0,-9,0,-6,9,0,-2
86,-234.21260878533928,-84.83301395340006,924.0973831748795,92.40973831748795,92.40973831748795,184.8194766349759,0.529,-1840.9187058907103,-2329.7755794608534,-4365.005261764216,1757.8127687921165,-418.30447937441033,-694.4422852580169,-556.5552838276898,-349.3609786592468,-556.5552838276898,-786.8520235755049,-234.21260878533928,"{""AC"": 20, ""AC_40_BP"": 23, ""AC_40_P"": -14, ""AC_45_KO"": -260, ""AC_45_P"": -12, ""AC_50_C"": -9, ""AC_50_CO"": -3, ""AC_50_C_2"": -34, ""AC_50_P_2"": -40}",20,-260,23,-3,-34,-40,0,-14,-12,0,-9,0
87,298.2971529151226,125.64498704397448,1946.5736075152427,194.65736075152427,194.65736075152427,389.31472150304853,0.482,-2649.0944599835025,-4483.05674809055,-8074.099551711009,4511.135258452161,33.387706916772345,-363.97646208075304,-196.39569645816493,117.1780897280664,-196.39569645816493,-558.6338228322772,298.2971529151226,"{""AC"": -105, ""AC_35_P"": 40, ""AC_40_BP"": -42, ""AC_45_KO"": -250, ""AC_50_C"": 42, ""AC_50_CO"": 8, ""AC_50_C_2"": 45, ""AC_50_P"": -7, ""AC_60_C"": 17}",-105,-250,-42,8,45,0,40,0,0,-7,42,17
88,14.751071522748433,92.76351586111642,349.71876280074645,34.971876280074646,34.971876280074646,69.94375256014929,0.343,-679.7814250024993,-1515.288900086754,-1928.1076565964345,506.21276804955164,-53.2270709775015,-155.19428472787638,-104.70208036766378,-27.980968797395192,-104.70208036766378,-190.16616100795102,14.751071522748433,"{""AC"": -30, ""AC_40_BP"": -22, ""AC_40_P"": 9, ""AC_45_KO"": -200, ""AC_45_P"": -17, ""AC_50_C"": 40, ""AC_50_CO"": -6, ""AC_50_C_2"": -3, ""AC_60_C"": -10}",-30,-200,-22,-6,-3,0,0,9,-17,0,40,-10
89,-136.58218057887152,-314.37478218583306,1849.5511304767338,184.95511304767336,184.95511304767336,369.91022609534673,0.528,-2649.3217072166585,-3124.1111158034632,-3368.6635892880195,9059.925420305388,-401.5143513005373,-798.9126073830362,-626.457993185207,-315.2870442016228,-626.457993185207,-983.8677204307096,-136.58218057887152,"{""AC"": 20, ""AC_35_P"": -4, ""AC_40_BP"": -18, ""AC_40_P"": -27, ""AC_45_KO"": -110, ""AC_45_P"": -13, ""AC_50_CO"": 9, ""AC_50_C_2"": 2, ""AC_50_P"": -38}",20,-110,-18,9,2,0,-4,-27,-13,-38,0,0
90,109.3397395086265,848.6738994309618,2771.3029456456084,277.1302945645608,277.1302945645608,554.2605891291216,0.419,-4801.951350234751,-9680.462767467085,-16930.46163783756,3806.8868595731,-370.8553955148486,-1091.1480980500612,-749.5181103088664,-200.04040164425126,-749.5181103088664,-1368.2783926146221,109.3397395086265,"{""AC"": -65, ""AC_35_P"": -3, ""AC_40_BP"": 25, ""AC_45_KO"": -200, ""AC_50_CO"": -24, ""AC_50_C_2"": 4, ""AC_50_P"": 34, ""AC_50_P_2"": 17, ""AC_60_C"": 30}",-65,-200,25,-24,4,17,-3,0,0,34,0,30
91,-109.7957341271806,-9.9480424138888,949.6162573602037,94.96162573602037,94.96162573602037,189.92325147204073,0.505,-1730.5600550597944,-3482.71751339848,-5607.7947863893205,3683.7456625751915,-282.85173963316004,-542.4357478921293,-416.8605552541599,-220.0641433141754,-416.8605552541599,-637.3973736281496,-109.7957341271806,"{""AC"": -15, ""AC_35_P"": -44, ""AC_40_BP"": 7, ""AC_45_KO"": -20, ""AC_45_P"": -43, ""AC_50_C_2"": -47, ""AC_50_P_2"": 36, ""AC_60_C"": 39}",-15,-20,7,0,-47,36,-44,0,-43,0,0,39
92,361.86906162708476,-9.946780168375653,2003.6773936246245,200.36773936246246,200.36773936246246,400.7354787249249,0.502,-2431.9657747873503,-2995.0899238997804,-4456.873965791044,5074.124572986567,118.67248414834972,-246.1223820697528,-103.109674272249,190.17883804710164,-103.109674272249,-446.49012143221523,361.86906162708476,"{""AC"": -100, ""AC_35_P"": 34, ""AC_40_BP"": -14, ""AC_45_KO"": -330, ""AC_50_C"": 40, ""AC_50_CO"": 25, ""AC_50_C_2"": 38, ""AC_50_P_2"": 4, ""AC_60_C"": 22}",-100,-330,-14,25,38,4,34,0,0,0,40,22
93,-5.827278560715093,-429.4042084094189,1035.1025367367229,103.51025367367228,103.51025367367228,207.02050734734456,0.635,-839.8989941278667,-2386.592731127868,-3399.8270252754573,6257.293265362525,-89.81717797350176,-215.80202709268175,-183.56725451673123,-73.69979168552649,-183.56725451673123,-319.31228076635404,-5.827278560715093,"{""AC"": 55, ""AC_40_BP"": -10, ""AC_40_P"": 6, ""AC_45_KO"": -290, ""AC_45_P"": 19, ""AC_50_C"": -13, ""AC_50_CO"": 11, ""AC_50_P"": 5, ""AC_60_C"": -32}",55,-290,-10,11,0,0,0,6,19,5,-13,-32
94,321.0179745144518,-56.93374846535764,2046.0117468461303,204.60117468461303,204.60117468461303,409.20234936922606,0.522,-1287.684634566116,-3624.374472449779,-5497.903586009735,14443.411286926801,192.24951105784018,-0.9031841270772247,25.564691987227874,205.48344911499274,25.564691987227874,-205.50435881169025,321.0179745144518,"{""AC"": -35, ""AC_35_P"": 44, ""AC_40_BP"": -29, ""AC_40_P"": -7, ""AC_45_KO"": -500, ""AC_50_C"": 43, ""AC_50_CO"": 12, ""AC_50_C_2"": 49, ""AC_60_C"": 17}",-35,-500,-29,12,49,0,44,-7,0,0,43,17
95,-73.91210596708748,2091.5452941193603,6764.308269028787,676.4308269028787,676.4308269028787,1352.8616538057574,0.339,-12254.343299399396,-27912.594561698043,-49989.2542618996,6333.037306540445,-1299.346435907027,-3137.4979308169363,-2250.279014328436,-855.736977662777,-2250.279014328436,-3813.928757719815,-73.91210596708748,"{""AC"": -160, ""AC_35_P"": -16, ""AC_40_BP"": 14, ""AC_40_P"": -8, ""AC_45_KO"": -290, ""AC_45_P"": -7, ""AC_50_C"": -18, ""AC_50_CO"": -1, ""AC_50_P_2"": -13}",-160,-290,14,-1,0,-13,-16,-8,-7,0,-18,0
96,266.7287833464718,1852.3033826312576,8444.43582598336,844.4435825983361,844.4435825983361,1688.8871651966722,0.392,-14616.103147659096,-31238.326414237057,-55565.09152830082,11707.11721131001,-1194.8815314194378,-3387.297003568302,-2347.9084801015606,-675.187269686067,-2347.9084801015606,-4231.740586166638,266.7287833464718,"{""AC"": -195, ""AC_40_BP"": -6, ""AC_40_P"": 32, ""AC_45_KO"": -100, ""AC_45_P"": 10, ""AC_50_CO"": -6, ""AC_50_C_2"": 19, ""AC_50_P"": 40, ""AC_50_P_2"": 20}",-195,-100,-6,-6,19,20,0,32,10,40,0,0
97,-5.642235204033441,421.17689362658695,1678.2638175676,167.82638175676,167.82638175676,335.65276351352,0.349,-2863.906354729014,-6995.92986500732,-13188.238292757804,2475.031726709274,-292.03287067693486,-721.6188238862869,-519.1413792917655,-190.79414837967414,-519.1413792917655,-889.4452056430468,-5.642235204033441,"{""AC"": -35, ""AC_35_P"": 18, ""AC_40_BP"": 12, ""AC_45_P"": 17, ""AC_50_C"": -1, ""AC_50_CO"": -17, ""AC_50_C_2"": 14, ""AC_50_P_2"": -24}",-35,0,12,-17,14,-24,18,0,17,0,-1,0
98,360.97353042772113,207.89863752252955,1708.2076234159692,170.82076234159692,170.82076234159692,341.64152468319384,0.461,-2201.751728519002,-2763.7853486038775,-3659.8202921919024,7073.57485115358,140.79835757582092,-189.46440170202936,-54.699610020927636,208.18075341637177,-54.699610020927636,-360.2851640436263,360.97353042772113,"{""AC"": -100, ""AC_35_P"": 32, ""AC_40_BP"": -26, ""AC_45_KO"": -310, ""AC_45_P"": -11, ""AC_50_C"": 39, ""AC_50_CO"": 20, ""AC_50_C_2"": 50, ""AC_60_C"": 36}",-100,-310,-26,20,50,0,32,0,-11,0,39,36
99,263.451961614795,521.1586245486319,3363.3687318600946,336.3368731860095,336.3368731860095,672.673746372019,0.411,-5369.095931506849,-10647.309785243033,-19720.197527272125,5923.854410526488,-273.45763153588996,-1078.8220212619174,-710.0808647042372,-89.08705325704986,-710.0808647042372,-1415.1588944479267,263.451961614795,"{""AC"": -140, ""AC_35_P"": 48, ""AC_40_BP"": -50, ""AC_40_P"": -13, ""AC_45_KO"": -490, ""AC_50_C"": 34, ""AC_50_CO"": -5, ""AC_50_C_2"": 37, ""AC_60_C"": 30}",-140,-490,-50,-5,37,0,48,-13,0,0,34,30
100,-29.00559995694399,828.3649763657161,2956.892561619334,295.68925616193343,295.68925616193343,591.3785123238669,0.29,-5386.868605860051,-12822.35104885102,-23305.681074086402,2748.7698033480297,-567.6924605429491,-1375.7227514219567,-984.8805189169183,-372.27134429042985,-984.8805189169183,-1671.41200758389,-29.00559995694399,"{""AC"": -10, ""AC_35_P"": -20, ""AC_40_BP"": -8, ""AC_40_P"": 1, ""AC_45_KO"": -10, ""AC_45_P"": 39, ""AC_50_CO"": -27, ""AC_50_P"": 49, ""AC_60_C"": -48}",-10,-10,-8,-27,0,0,-20,1,39,49,0,-48
101,19.558989715339806,1313.7316027250856,5618.969197545526,561.8969197545526,561.8969197545526,1123.7938395091053,0.383,-9876.161677749256,-21947.886114605193,-38967.880743810856,6684.340058382495,-968.0571780595858,-2449.481429721974,-1742.8137218243248,-614.7233241107612,-1742.8137218243248,-3011.3783494765266,19.558989715339806,"{""AC"": -135, ""AC_35_P"": 9, ""AC_40_BP"": 19, ""AC_40_P"": 15, ""AC_45_KO"": -180, ""AC_45_P"": -16, ""AC_50_CO"": -3, ""AC_50_P"": 42, ""AC_50_P_2"": -49}",-135,-180,19,-3,0,-49,9,15,-16,42,0,0
102,250.00357223630107,130.48865229131127,1135.5634898221824,113.55634898221824,113.55634898221824,227.11269796443648,0.468,-1310.8008062386766,-2359.2950008405874,-3754.33634529356,4241.898701771234,118.9234916124334,-77.69662932336809,-3.3947231906095325,156.07444467881268,-3.3947231906095325,-191.25297830558634,250.00357223630107,"{""AC"": -70, ""AC_35_P"": 19, ""AC_40_BP"": -43, ""AC_40_P"": 12, ""AC_45_KO"": -390, ""AC_50_C"": 20, ""AC_50_CO"": -4, ""AC_50_C_2"": 33, ""AC_60_C"": 48}",-70,-390,-43,-4,33,0,19,12,0,0,20,48
103,-203.79263784126354,1044.8653489221688,3112.336355297667,311.23363552976673,311.23363552976673,622.4672710595335,0.253,-6405.379923831,-13974.128886986267,-24215.437402776257,2676.8661465284345,-844.3306302243636,-1805.1376187990136,-1320.2164441807968,-601.8700429152552,-1320.2164441807968,-2116.37125432878,-203.79263784126354,"{""AC"": -50, ""AC_40_BP"": 9, ""AC_40_P"": -9, ""AC_45_KO"": -140, ""AC_50_C"": 16, ""AC_50_CO"": -50, ""AC_50_C_2"": -35, ""AC_50_P_2"": -3, ""AC_60_C"": 8}",-50,-140,9,-50,-35,-3,0,-9,0,0,16,8
104,342.88020898496,290.4118629534868,3124.1067591805436,312.4106759180544,312.4106759180544,624.8213518361088,0.451,-4346.646489977406,-7938.85093695006,-14004.898195420912,6386.462524582234,-91.78444001278064,-743.7814135093915,-465.32210247067815,47.44521550657609,-465.32210247067815,-1056.1920894274458,342.88020898496,"{""AC"": -160, ""AC_35_P"": 32, ""AC_40_BP"": -50, ""AC_40_P"": -10, ""AC_45_KO"": -310, ""AC_50_C"": 50, ""AC_50_CO"": 6, ""AC_50_C_2"": 39, ""AC_60_C"": 45}",-160,-310,-50,6,39,0,32,-10,0,0,50,45
105,338.55261974448507,470.43881583761333,4120.018095969148,412.00180959691477,412.00180959691477,824.0036191938295,0.443,-6125.870668673823,-11881.698493181666,-21081.604783897717,7845.228752693726,-274.03444712289723,-1192.9150474239707,-786.3288853550459,-70.74136608843477,-786.3288853550459,-1604.9168570208853,338.55261974448507,"{""AC"": -160, ""AC_35_P"": 46, ""AC_40_BP"": -46, ""AC_45_KO"": -500, ""AC_50_C"": 31, ""AC_50_CO"": 15, ""AC_50_C_2"": 27, ""AC_50_P"": 3, ""AC_60_C"": 34}",-160,-500,-46,15,27,0,46,0,0,3,31,34
106,220.6558115825926,60.006539047080906,1842.8625780195393,184.28625780195392,184.28625780195392,368.57251560390785,0.491,-2297.018039445679,-3597.614465553881,-4550.209882006835,4165.97626915396,-9.045992361975294,-353.5986982788271,-216.0400232352362,59.733345159820175,-216.0400232352362,-537.884956080781,220.6558115825926,"{""AC"": -75, ""AC_40_BP"": -5, ""AC_45_KO"": -470, ""AC_45_P"": 1, ""AC_50_C"": 48, ""AC_50_CO"": 19, ""AC_50_P"": 5, ""AC_50_P_2"": 21, ""AC_60_C"": -3}",-75,-470,-5,19,0,21,0,0,1,5,48,-3
107,216.5751380156732,117.59531444383299,2210.790817491137,221.07908174911373,221.07908174911373,442.15816349822745,0.484,-3120.523943910094,-4706.89842347165,-7536.709290635143,4769.051547430482,-95.47725637533625,-563.5558479618503,-362.04299444539777,5.279170382890037,-362.04299444539777,-784.634929710964,216.5751380156732,"{""AC"": -115, ""AC_35_P"": 3, ""AC_40_BP"": -50, ""AC_40_P"": 14, ""AC_45_KO"": -500, ""AC_50_C"": 50, ""AC_50_CO"": 25, ""AC_50_P"": -18, ""AC_60_C"": 17}",-115,-500,-50,25,0,0,3,14,0,-18,50,17
108,132.5183110243477,1050.7482359800151,4476.12957038156,447.612957038156,447.612957038156,895.225914076312,0.396,-7667.04541865888,-16414.671822177675,-28748.001263631057,6268.7846614862265,-634.1862308415405,-1784.2430436403724,-1241.3449802935622,-362.73719916813536,-1241.3449802935622,-2231.8560006785283,132.5183110243477,"{""AC"": -150, ""AC_35_P"": 23, ""AC_40_BP"": -35, ""AC_45_KO"": -400, ""AC_45_P"": 7, ""AC_50_C"": 20, ""AC_50_CO"": -8, ""AC_50_P"": -15, ""AC_60_C"": 38}",-150,-400,-35,-8,0,0,23,0,7,-15,20,38
109,-150.06142293850053,926.263014910491,2729.7697979811737,272.9769797981174,272.9769797981174,545.9539595962348,0.251,-5336.083616307851,-12728.672026821721,-23288.840276859613,1808.0166948898054,-683.6697845692856,-1484.0823270154633,-1086.962455283737,-485.1098487034224,-1086.962455283737,-1757.0593068135806,-150.06142293850053,"{""AC"": -15, ""AC_35_P"": 10, ""AC_40_BP"": 2, ""AC_45_KO"": -220, ""AC_45_P"": 6, ""AC_50_C"": -11, ""AC_50_CO"": -26, ""AC_50_C_2"": -8, ""AC_60_C"": -32}",-15,-220,2,-26,-8,0,10,0,6,0,-11,-32
110,370.2510330578852,719.9550153126435,5067.448349198033,506.7448349198033,506.7448349198033,1013.4896698396066,0.442,-7689.390274183408,-14924.516819792972,-26068.934554220956,9187.414075852177,-398.68799436045566,-1552.0965354879668,-1036.5299255295276,-140.90468938123604,-1036.5299255295276,-2058.8413704077702,370.2510330578852,"{""AC"": -200, ""AC_35_P"": 18, ""AC_40_BP"": -44, ""AC_45_KO"": -470, ""AC_50_C"": 33, ""AC_50_CO"": 22, ""AC_50_C_2"": 24, ""AC_50_P_2"": 11, ""AC_60_C"": 50}",-200,-470,-44,22,24,11,18,0,0,0,33,50
111,13.994478340260452,-2078.9071924918517,6931.3611812340505,693.136118123405,693.136118123405,1386.27223624681,0.654,-6212.3941441586685,-6960.961575956297,-7380.273431296979,50120.859261899604,-607.2449360756065,-1539.1040576994067,-1264.4327023452422,-469.90925839852423,-1264.4327023452422,-2232.2401758228116,13.994478340260452,"{""AC"": 185, ""AC_35_P"": -15, ""AC_40_BP"": -3, ""AC_45_KO"": -30, ""AC_45_P"": 17, ""AC_50_CO"": -15, ""AC_50_P"": 28, ""AC_50_P_2"": 14, ""AC_60_C"": 9}",185,-30,-3,-15,0,14,-15,0,17,28,0,9
112,326.88750329614913,285.95895383143505,3365.3104745222217,336.5310474522222,336.5310474522222,673.0620949044444,0.471,-4845.085284463362,-8600.296919478897,-15452.827921813174,6740.167273306445,-157.62102515018705,-884.3838178196913,-568.1408130994662,0.5004772099254922,-568.1408130994662,-1220.9148652719136,326.88750329614913,"{""AC"": -160, ""AC_35_P"": 36, ""AC_40_BP"": -47, ""AC_45_KO"": -500, ""AC_50_C"": 50, ""AC_50_CO"": 16, ""AC_50_C_2"": 32, ""AC_50_P_2"": -17, ""AC_60_C"": 32}",-160,-500,-47,16,32,-17,36,0,0,0,50,32
113,287.65823921669084,916.7935818744527,5618.306612551565,561.8306612551565,561.8306612551565,1123.661322510313,0.419,-9168.855315030029,-19165.196559190572,-34251.90443165669,8990.739193746376,-629.227292286312,-2004.5555895408163,-1368.5853886653915,-311.24219184859976,-1368.5853886653915,-2566.386250795973,287.65823921669084,"{""AC"": -180, ""AC_35_P"": 45, ""AC_40_BP"": -31, ""AC_45_KO"": -220, ""AC_50_C"": 23, ""AC_50_CO"": 7, ""AC_50_C_2"": 25, ""AC_50_P"": 9, ""AC_60_C"": 23}",-180,-220,-31,7,25,0,45,0,0,9,23,23
114,-17.672032847820283,469.03964177227056,1738.9898405428307,173.89898405428306,173.89898405428306,347.7979681085661,0.284,-3138.4742551428517,-7424.81119286706,-13468.142619179223,2444.706154865342,-331.51945836210547,-802.2905966335333,-575.3926631463895,-218.07049161853365,-575.3926631463895,-976.1895806878163,-17.672032847820283,"{""AC"": -30, ""AC_40_BP"": 17, ""AC_40_P"": 31, ""AC_45_KO"": -350, ""AC_45_P"": 4, ""AC_50_C"": 19, ""AC_50_CO"": -38, ""AC_50_P"": 5, ""AC_50_P_2"": -8}",-30,-350,17,-38,0,-8,0,31,4,5,19,0
115,-23.336125577711393,-923.6166791931253,2770.2459834190986,277.02459834190984,277.02459834190984,554.0491966838197,0.678,-2240.6274192778087,-2496.369393263955,-3028.330049847579,21334.515954784038,-247.39886750549226,-583.4929803971636,-497.9425376403376,-204.6236461270793,-497.9425376403376,-860.5175787390734,-23.336125577711393,"{""AC"": 75, ""AC_40_BP"": -2, ""AC_40_P"": 6, ""AC_45_KO"": -80, ""AC_50_C"": -5, ""AC_50_CO"": 19, ""AC_50_C_2"": -23, ""AC_50_P"": -2, ""AC_60_C"": -4}",75,-80,-2,19,-23,0,0,6,0,-2,-5,-4
116,341.9585102635004,155.36394087117412,2277.6701963652386,227.76701963652386,227.76701963652386,455.5340392730477,0.467,-3017.4502534248227,-4560.652318698349,-7480.264460533719,5217.577680495519,40.21348492101811,-412.4040530927053,-224.54253756848493,134.14424268312828,-224.54253756848493,-640.1710727292291,341.9585102635004,"{""AC"": -140, ""AC_35_P"": 29, ""AC_40_BP"": -48, ""AC_40_P"": -17, ""AC_45_KO"": -450, ""AC_50_C"": 50, ""AC_50_CO"": 8, ""AC_50_C_2"": 40, ""AC_60_C"": 50}",-140,-450,-48,8,40,0,29,-17,0,0,50,50
117,392.40688084440797,663.1044886922989,5089.3707946612385,508.93707946612386,508.93707946612386,1017.8741589322477,0.444,-7660.446776519818,-15083.786469783212,-26407.427525641186,9341.706601250487,-373.63779680757386,-1522.7048132855466,-1011.1286753666266,-117.84972784811391,-1011.1286753666266,-2031.6418927516704,392.40688084440797,"{""AC"": -200, ""AC_35_P"": 44, ""AC_40_BP"": -30, ""AC_45_KO"": -500, ""AC_50_C"": 49, ""AC_50_CO"": 4, ""AC_50_C_2"": 26, ""AC_50_P_2"": 12, ""AC_60_C"": 50}",-200,-500,-30,4,26,12,44,0,0,0,49,50
118,-208.490436250181,-2061.864374295614,8250.746671597843,825.0746671597842,825.0746671597842,1650.1493343195684,0.599,-9462.11956591723,-10830.094299634342,-11603.58135092285,50848.80793399303,-1154.702392841904,-2574.0203277294886,-2040.3457047176576,-887.8650813359886,-2040.3457047176576,-3399.094994889273,-208.490436250181,"{""AC"": 195, ""AC_40_BP"": 2, ""AC_40_P"": -23, ""AC_45_KO"": -110, ""AC_50_CO"": -17, ""AC_50_C_2"": 32, ""AC_50_P"": -4, ""AC_50_P_2"": -46, ""AC_60_C"": -14}",195,-110,2,-17,32,-46,0,-23,0,-4,0,-14
119,368.9483661199823,803.0077607081305,5388.344696556115,538.8344696556115,538.8344696556115,1077.668939311223,0.431,-8327.605361558648,-17068.921398923536,-30267.609620117393,9402.293132880051,-463.81217003588256,-1712.9529742696795,-1149.6096729416206,-182.140519371853,-1149.6096729416206,-2251.787443925291,368.9483661199823,"{""AC"": -200, ""AC_35_P"": 50, ""AC_40_BP"": -24, ""AC_45_KO"": -260, ""AC_50_C"": 50, ""AC_50_CO"": -1, ""AC_50_C_2"": 30, ""AC_50_P_2"": 11, ""AC_60_C"": 38}",-200,-260,-24,-1,30,11,50,0,0,0,50,38
120,-69.6376924012758,-1685.5353474338663,4816.709608633146,481.6709608633146,481.6709608633146,963.3419217266292,0.605,-4730.600500787266,-5348.337258195905,-5666.518433374736,32283.605427903105,-542.6977424800025,-1252.2878175980925,-1020.063247951023,-426.5854576564678,-1020.063247951023,-1733.958778461407,-69.6376924012758,"{""AC"": 140, ""AC_40_BP"": -36, ""AC_40_P"": 24, ""AC_45_KO"": -210, ""AC_45_P"": 21, ""AC_50_C"": -46, ""AC_50_CO"": 4, ""AC_50_P"": -30, ""AC_60_C"": 15}",140,-210,-36,4,0,0,0,24,21,-30,-46,15
121,362.96502796456065,968.9713883296779,5684.791939385364,568.4791939385364,568.4791939385364,1136.9583878770727,0.414,-9182.651883856961,-18930.89080277029,-34371.416508513255,9461.067742624025,-555.3001604211354,-1932.6979429996795,-1298.6723515832516,-238.2873647129215,-1298.6723515832516,-2501.177136938216,362.96502796456065,"{""AC"": -200, ""AC_35_P"": 50, ""AC_40_BP"": -50, ""AC_45_KO"": -500, ""AC_50_C"": 26, ""AC_50_CO"": -2, ""AC_50_C_2"": 44, ""AC_50_P_2"": 13, ""AC_60_C"": 42}",-200,-500,-50,-2,44,13,50,0,0,0,26,42
122,219.77932897360316,336.6207060120791,2629.342738012196,262.9342738012196,262.9342738012196,525.8685476024392,0.46,-3851.458558866884,-7044.163249218745,-11756.34138511135,4972.706201424287,-165.36652691308527,-743.0853107431178,-489.4065917570392,-38.527167420045956,-489.4065917570392,-1006.0195845443375,219.77932897360316,"{""AC"": -115, ""AC_35_P"": 26, ""AC_40_BP"": -8, ""AC_45_KO"": -500, ""AC_45_P"": 5, ""AC_50_C"": 42, ""AC_50_CO"": -9, ""AC_50_C_2"": 4, ""AC_60_C"": 43}",-115,-500,-8,-9,4,0,26,0,5,0,42,43
123,174.00593174286874,-259.85993806525136,1894.4431746029109,189.44431746029107,189.44431746029107,378.88863492058215,0.676,-1146.7563570650186,-1220.791199390368,-1245.019098988458,17077.860821360187,59.330296036366875,-112.68315752338592,-92.72968054702957,69.30703452454505,-92.72968054702957,-302.12747498367696,174.00593174286874,"{""AC"": -10, ""AC_35_P"": -3, ""AC_40_BP"": -6, ""AC_45_KO"": -10, ""AC_45_P"": -13, ""AC_50_C"": 35, ""AC_50_CO"": 24, ""AC_50_P_2"": 17, ""AC_60_C"": 16}",-10,-10,-6,24,0,17,-3,0,-13,0,35,16
124,414.12770884884935,55.52496392400985,2243.8546029206054,224.38546029206054,224.38546029206054,448.7709205841211,0.486,-2854.5087754343735,-3849.5303804515415,-6392.73923219839,5612.444006047269,128.676831305412,-299.49948500974403,-126.24133761233696,215.30590500411552,-126.24133761233696,-523.8849453018046,414.12770884884935,"{""AC"": -120, ""AC_35_P"": 21, ""AC_40_BP"": -49, ""AC_45_KO"": -400, ""AC_50_C"": 43, ""AC_50_CO"": 10, ""AC_50_C_2"": 50, ""AC_50_P_2"": 31, ""AC_60_C"": 40}",-120,-400,-49,10,50,31,21,0,0,0,43,40
125,359.6800929474669,58.1248047827425,2953.060207664181,295.3060207664181,295.3060207664181,590.6120415328362,0.492,-3840.365945620547,-6307.198333121724,-10685.550303717915,6627.229946625592,-24.356501614587785,-600.4113934576699,-364.0278092788242,93.83529047483503,-364.0278092788242,-895.717414224088,359.6800929474669,"{""AC"": -140, ""AC_35_P"": 45, ""AC_40_BP"": -50, ""AC_45_KO"": -190, ""AC_45_P"": 5, ""AC_50_C"": 36, ""AC_50_CO"": 12, ""AC_50_C_2"": 27, ""AC_60_C"": 50}",-140,-190,-50,12,27,0,45,0,5,0,36,50
126,-196.30265043212182,-236.01762661676383,2227.166443281552,222.71664432815518,222.71664432815518,445.43328865631037,0.54,-3562.554571067731,-4205.817640765984,-4537.14679839022,6488.340582454768,-552.558107538895,-1086.9412931990546,-842.044158256359,-430.10954006754713,-842.044158256359,-1309.6579375272097,-196.30265043212182,"{""AC"": 60, ""AC_35_P"": -2, ""AC_40_BP"": 18, ""AC_45_KO"": -110, ""AC_50_C"": -1, ""AC_50_CO"": -16, ""AC_50_C_2"": 16, ""AC_50_P"": -48, ""AC_60_C"": -31}",60,-110,18,-16,16,0,-2,0,0,-48,-1,-31
127,40.1980017696158,-984.1423545019405,2435.5643887718584,243.55643887718583,243.55643887718583,487.11287775437165,0.643,-1825.654460170405,-1983.635371934488,-2065.1528630960065,17853.304418082207,-142.36744424742471,-416.2156132729854,-355.42838669453783,-111.9738309582009,-355.42838669453783,-659.7720521501712,40.1980017696158,"{""AC"": 65, ""AC_35_P"": 14, ""AC_40_BP"": -38, ""AC_45_KO"": -80, ""AC_50_C"": -21, ""AC_50_CO"": 4, ""AC_50_C_2"": 5, ""AC_50_P"": 16, ""AC_60_C"": 14}",65,-80,-38,4,5,0,14,0,0,16,-21,14
128,-76.84365608977527,-1019.5249187704867,3953.460020553019,395.34600205530194,395.34600205530194,790.6920041106039,0.605,-4296.820218987885,-4849.702500295903,-5299.640801564081,26106.155889971546,-506.52567798856376,-1151.0487108367465,-919.0396899656089,-390.52116755299505,-919.0396899656089,-1546.3947128920486,-76.84365608977527,"{""AC"": 135, ""AC_35_P"": 1, ""AC_40_BP"": 13, ""AC_45_KO"": -20, ""AC_50_CO"": -31, ""AC_50_C_2"": -12, ""AC_50_P"": 16, ""AC_50_P_2"": 33, ""AC_60_C"": -8}",135,-20,13,-31,-12,33,1,0,0,16,0,-8
129,114.96140010174368,-2880.589786860237,8653.7343507697,865.37343507697,865.37343507697,1730.74687015394,0.668,-6990.770160455277,-7780.188129538742,-8223.403145028009,62427.84080046866,-584.115615943784,-1632.7311400120755,-1366.3408415050328,-450.9204666902627,-1366.3408415050328,-2498.1045750890453,114.96140010174368,"{""AC"": 185, ""AC_40_BP"": 19, ""AC_40_P"": 5, ""AC_45_KO"": -270, ""AC_45_P"": 22, ""AC_50_CO"": 22, ""AC_50_C_2"": 44, ""AC_50_P"": -5, ""AC_50_P_2"": -23}",185,-270,19,22,44,-23,0,5,22,-5,0,0
130,-441.8372684083985,-715.7960949809531,5330.469494867436,533.0469494867436,533.0469494867436,1066.0938989734873,0.542,-7969.4926340987195,-9434.702959522516,-10189.397151888836,25647.98204323821,-1238.7865318182703,-2434.2104269330785,-1903.7846382665784,-973.5736374850203,-1903.7846382665784,-2967.2573764198223,-441.8372684083985,"{""AC"": 185, ""AC_35_P"": -37, ""AC_40_BP"": -1, ""AC_40_P"": -44, ""AC_45_KO"": -130, ""AC_50_C"": -34, ""AC_50_CO"": -21, ""AC_50_C_2"": -23, ""AC_60_C"": -38}",185,-130,-1,-21,-23,0,-37,-44,0,0,-34,-38
131,-181.25458417860577,1771.563450733266,5484.155843927682,548.4155843927682,548.4155843927682,1096.8311687855364,0.269,-10255.059060035403,-24677.211762732255,-45918.39121239306,4983.596017532998,-1206.760490182146,-2745.0193491874566,-1993.7212353803002,-831.111433278568,-1993.7212353803002,-3293.434933580225,-181.25458417860577,"{""AC"": -105, ""AC_40_BP"": -19, ""AC_45_KO"": -50, ""AC_45_P"": -7, ""AC_50_CO"": -46, ""AC_50_C_2"": 19, ""AC_50_P"": 9, ""AC_50_P_2"": -25, ""AC_60_C"": -25}",-105,-50,-19,-46,19,-25,0,0,-7,9,0,-25
132,85.87709098126543,-1132.2973743331497,3344.4074813197926,334.44074813197926,334.44074813197926,668.8814962639585,0.724,-2080.5346405835035,-2254.701201252209,-2340.978726406639,26998.65329221082,-122.17637307708493,-434.2565691646104,-393.4234791722497,-101.75982808090457,-393.4234791722497,-768.6973172965897,85.87709098126543,"{""AC"": 75, ""AC_35_P"": -14, ""AC_40_BP"": 25, ""AC_45_P"": 9, ""AC_50_CO"": 23, ""AC_50_C_2"": 2, ""AC_50_P"": 21, ""AC_50_P_2"": -6}",75,0,25,23,2,-6,-14,0,9,21,0,0
133,352.8636503050595,448.7256884732927,4257.624746934687,425.76247469346873,425.76247469346873,851.5249493869375,0.455,-6308.339249231656,-11904.04459246169,-21053.85673004533,8115.094444706113,-277.9702746181062,-1224.2211620028545,-806.2684744264233,-68.99393082989054,-806.2684744264233,-1649.9836366963232,352.8636503050595,"{""AC"": -165, ""AC_35_P"": 27, ""AC_40_BP"": -37, ""AC_40_P"": 12, ""AC_45_KO"": -500, ""AC_50_C"": 24, ""AC_50_CO"": 24, ""AC_50_C_2"": 29, ""AC_60_C"": 37}",-165,-500,-37,24,29,0,27,12,0,0,24,37
134,188.98274364698264,1087.4118356425586,4902.774935857329,490.27749358573294,490.27749358573294,980.5549871714659,0.379,-8175.100617153956,-18437.450609988944,-33954.90071128647,6747.1904485450705,-628.527318068413,-1854.7924106415062,-1282.421095718977,-342.3416606071484,-1282.421095718977,-2345.069904227239,188.98274364698264,"{""AC"": -160, ""AC_35_P"": 29, ""AC_40_BP"": -50, ""AC_45_KO"": -340, ""AC_45_P"": 3, ""AC_50_C"": 27, ""AC_50_CO"": -16, ""AC_50_C_2"": 36, ""AC_60_C"": 16}",-160,-340,-50,-16,36,0,29,0,3,0,27,16
135,207.95770910764708,520.9841568033046,3272.0485926165843,327.20485926165844,327.20485926165844,654.4097185233169,0.398,-5373.967602346427,-11198.683078725513,-20668.757714101892,5401.066642476936,-329.4390511269957,-1135.5341914789597,-761.7398608751462,-142.5418858250889,-761.7398608751462,-1462.739050740618,207.95770910764708,"{""AC"": -115, ""AC_35_P"": 47, ""AC_40_BP"": -39, ""AC_40_P"": -2, ""AC_45_KO"": -160, ""AC_50_C"": 18, ""AC_50_CO"": -6, ""AC_50_C_2"": 31, ""AC_60_C"": 20}",-115,-160,-39,-6,31,0,47,-2,0,0,18,20
136,214.38010441417677,1024.7948823454692,4944.921247056016,494.4921247056016,494.4921247056016,988.9842494112032,0.388,-8178.651597475286,-17989.6165973858,-32873.16378438944,7201.415138480207,-603.4850553333519,-1830.2827949546447,-1259.6636975599167,-318.175506635988,-1259.6636975599167,-2324.7749196602463,214.38010441417677,"{""AC"": -170, ""AC_35_P"": 40, ""AC_40_BP"": -50, ""AC_45_KO"": -350, ""AC_50_C"": 32, ""AC_50_CO"": -16, ""AC_50_C_2"": 30, ""AC_50_P_2"": -3, ""AC_60_C"": 28}",-170,-350,-50,-16,30,-3,40,0,0,0,32,28
137,326.6024955319739,582.5176668815549,4437.336202561808,443.7336202561808,443.7336202561808,887.4672405123616,0.43,-6964.146340739696,-14044.15259340967,-25659.442738782276,7863.333406687532,-369.81213854199575,-1414.4340896529502,-939.8862657070708,-132.53822656905612,-939.8862657070708,-1858.167709909131,326.6024955319739,"{""AC"": -160, ""AC_35_P"": 48, ""AC_40_BP"": -37, ""AC_45_KO"": -500, ""AC_45_P"": 8, ""AC_50_C"": 37, ""AC_50_CO"": 6, ""AC_50_C_2"": 39, ""AC_60_C"": 15}",-160,-500,-37,6,39,0,48,0,8,0,37,15
138,332.6274265831738,19.081384368534856,1664.6292460793672,166.4629246079367,166.4629246079367,332.9258492158734,0.492,-1309.498991226169,-3047.5462047644187,-4325.742944767536,11327.623319852399,201.67752746055692,5.252678776631569,52.97111559528011,225.5367458698812,52.97111559528011,-161.21024583130514,332.6274265831738,"{""AC"": -45, ""AC_35_P"": 50, ""AC_40_BP"": -36, ""AC_40_P"": 11, ""AC_45_KO"": -380, ""AC_50_C"": 50, ""AC_50_CO"": 9, ""AC_50_C_2"": 34, ""AC_60_C"": 18}",-45,-380,-36,9,34,0,50,11,0,0,50,18
139,218.9537632402589,761.4833973208263,4218.158890879267,421.81588908792673,421.81588908792673,843.6317781758535,0.41,-6810.987142319952,-14355.914602708825,-25771.138674562015,6674.97184710909,-462.1449509917363,-1483.793022339729,-1013.6022526516972,-227.0495661477204,-1013.6022526516972,-1905.6089114276558,218.9537632402589,"{""AC"": -150, ""AC_35_P"": 50, ""AC_40_BP"": -32, ""AC_45_KO"": -470, ""AC_50_C"": 18, ""AC_50_CO"": -9, ""AC_50_C_2"": 20, ""AC_50_P_2"": -12, ""AC_60_C"": 45}",-150,-470,-32,-9,20,-12,50,0,0,0,18,45
140,354.87963215538406,790.4829464570968,4916.086606105713,491.6086606105713,491.6086606105713,983.2173212211426,0.428,-7723.731628254842,-15069.113220636042,-27226.523221185253,8596.553155727792,-417.49353067010014,-1576.0532749083263,-1049.4844423881277,-154.20911441000086,-1049.4844423881277,-2067.6619355188977,354.87963215538406,"{""AC"": -200, ""AC_35_P"": 35, ""AC_40_BP"": -44, ""AC_40_P"": -17, ""AC_45_KO"": -500, ""AC_50_C"": 31, ""AC_50_CO"": 17, ""AC_50_C_2"": 42, ""AC_60_C"": 45}",-200,-500,-44,17,42,0,35,-17,0,0,31,45
141,-145.2831445276785,336.5397987245632,1577.6518375543756,157.76518375543756,157.76518375543756,315.5303675108751,0.238,-3358.9470928524715,-7081.241367518384,-12212.836208840501,1054.988863443013,-481.1778538129257,-985.0199177407964,-728.007800333268,-352.6717951091615,-728.007800333268,-1142.785101496234,-145.2831445276785,"{""AC"": -5, ""AC_35_P"": 16, ""AC_40_BP"": -20, ""AC_45_KO"": -380, ""AC_50_C"": -8, ""AC_50_CO"": -19, ""AC_50_C_2"": -28, ""AC_50_P"": -12, ""AC_60_C"": -4}",-5,-380,-20,-19,-28,0,16,0,0,-12,-8,-4
142,-186.184971777087,406.7547707615271,1874.04358720585,187.40435872058498,187.40435872058498,374.80871744116996,0.241,-3845.9732168998453,-8721.526807539796,-15334.98273848159,1099.09271214083,-570.7822934670716,-1147.6782760020483,-856.7831336723561,-425.3347223022255,-856.7831336723561,-1335.0826347226332,-186.184971777087,"{""AC"": -10, ""AC_40_BP"": -15, ""AC_40_P"": 6, ""AC_45_KO"": -60, ""AC_45_P"": -31, ""AC_50_C"": -34, ""AC_50_CO"": -5, ""AC_50_C_2"": -23, ""AC_50_P"": -1}",-10,-60,-15,-5,-23,0,0,6,-31,-1,-34,0
143,89.90383748243514,-42.03347396043645,795.0255845089297,79.50255845089296,79.50255845089296,159.00511690178593,0.559,-581.5084017289998,-1346.1167592524375,-1877.8916608693748,6655.750315907768,31.752997309535147,-55.473262949814824,-37.073702002361316,40.9527777832619,-37.073702002361316,-134.9758214007078,89.90383748243514,"{""AC"": 40, ""AC_40_BP"": 1, ""AC_40_P"": -2, ""AC_45_KO"": -170, ""AC_45_P"": 37, ""AC_50_CO"": -7, ""AC_50_P"": 38, ""AC_50_P_2"": -6, ""AC_60_C"": -8}",40,-170,1,-7,0,-6,0,-2,37,38,0,-8
144,-25.757984298272262,-2413.7064788077146,7542.531518033817,754.2531518033817,754.2531518033817,1508.5063036067634,0.643,-6986.4654790752265,-7870.437816141761,-8323.436841510444,52630.08509599663,-724.404532205795,-1772.374354067079,-1450.854382061247,-563.644546202879,-1450.854382061247,-2526.6275058704605,-25.757984298272262,"{""AC"": 185, ""AC_40_BP"": -37, ""AC_45_KO"": -20, ""AC_45_P"": 40, ""AC_50_C"": -3, ""AC_50_C_2"": 11, ""AC_50_P"": 4, ""AC_50_P_2"": -35}",185,-20,-37,0,11,-35,0,0,40,4,-3,0
145,321.78844706503685,-91.95015330809488,1987.1361271866456,198.71361271866456,198.71361271866456,397.4272254373291,0.516,-2094.5345491131843,-2932.189927161193,-3924.9698048509917,4901.693969473839,112.33499215371842,-201.84519021325923,-91.74854166127308,167.3833164297115,-91.74854166127308,-400.55880293192376,321.78844706503685,"{""AC"": -100, ""AC_35_P"": 35, ""AC_40_BP"": -22, ""AC_45_KO"": -370, ""AC_50_C"": 48, ""AC_50_CO"": -2, ""AC_50_C_2"": 20, ""AC_50_P"": 20, ""AC_60_C"": 41}",-100,-370,-22,-2,20,0,35,0,0,20,48,41
146,49.306309592042076,-414.47489029740166,1261.228583528771,126.1228583528771,126.1228583528771,252.2457167057542,0.73,-643.6319186700358,-1988.8569871223228,-3008.888556905473,10452.339652104816,-15.056882274961502,-111.60167007546687,-110.29990738490184,-14.406000929678989,-110.29990738490184,-237.72452842834397,49.306309592042076,"{""AC"": 25, ""AC_35_P"": -2, ""AC_40_BP"": 17, ""AC_40_P"": 37, ""AC_45_KO"": -250, ""AC_45_P"": 1, ""AC_50_C"": 29, ""AC_50_CO"": -10, ""AC_50_C_2"": -15}",25,-250,17,-10,-15,0,-2,37,1,0,29,0
147,354.54013553129715,272.94074414310387,2582.5181413549653,258.25181413549655,258.25181413549655,516.5036282709931,0.456,-3608.637903806747,-6046.526737978401,-10328.947068304169,5642.551693273562,-6.32365484937759,-547.6193404203896,-315.88145710746323,109.54528680708565,-315.88145710746323,-805.871154555886,354.54013553129715,"{""AC"": -125, ""AC_35_P"": 34, ""AC_40_BP"": -38, ""AC_45_KO"": -500, ""AC_50_C"": 18, ""AC_50_CO"": 11, ""AC_50_C_2"": 50, ""AC_50_P_2"": 2, ""AC_60_C"": 49}",-125,-500,-38,11,50,2,34,0,0,0,18,49
148,-163.04923822747193,17.024644714729448,1571.8584139096752,157.1858413909675,157.1858413909675,314.371682781935,0.497,-2737.20747647691,-3263.002186272879,-3525.989657333238,5275.606338465489,-436.7699858751629,-847.3511073466995,-652.2232803944921,-339.2060723990593,-652.2232803944921,-1004.536948737667,-163.04923822747193,"{""AC"": 45, ""AC_40_BP"": 10, ""AC_45_KO"": -240, ""AC_45_P"": -11, ""AC_50_C"": -44, ""AC_50_CO"": -24, ""AC_50_C_2"": 6, ""AC_50_P_2"": -27, ""AC_60_C"": 37}",45,-240,10,-24,6,-27,0,0,-11,0,-44,37
149,-105.33097251059914,729.3844074591442,2043.2199477768293,204.32199477768293,204.32199477768293,408.64398955536586,0.298,-4385.270999420515,-9045.192124855756,-13386.269051089957,1512.8795028839618,-543.8580724526507,-1201.648722365728,-865.2826198125179,-375.6750211760457,-865.2826198125179,-1405.9707171434109,-105.33097251059914,"{""AC_35_P"": 28, ""AC_40_BP"": 4, ""AC_45_KO"": -220, ""AC_50_C"": -14, ""AC_50_CO"": -18, ""AC_50_C_2"": -45, ""AC_50_P"": -2, ""AC_50_P_2"": 19}",0,-220,4,-18,-45,19,28,0,0,-2,-14,0
150,215.13032709007786,199.52614942146795,1126.3024786495635,112.63024786495635,112.63024786495635,225.2604957299127,0.445,-1566.193603852363,-2496.821628484437,-4498.879472700792,4523.894067254404,58.510966704841564,-176.41807387301287,-76.11383742025475,108.66308493122062,-76.11383742025475,-289.0483217379692,215.13032709007786,"{""AC"": -65, ""AC_35_P"": 22, ""AC_40_BP"": -33, ""AC_45_KO"": -260, ""AC_45_P"": -8, ""AC_50_C"": 24, ""AC_50_CO"": 5, ""AC_50_C_2"": 46, ""AC_60_C"": 13}",-65,-260,-33,5,46,0,22,0,-8,0,24,13
151,402.4447642200225,732.1660528015005,5418.6748780745675,541.8674878074568,541.8674878074568,1083.7349756149135,0.44,-8449.257208268145,-16550.525931227457,-29793.958807985855,9637.9810188238,-442.48095660679206,-1709.8695378470138,-1135.8775609239276,-155.48496814524898,-1135.8775609239276,-2251.7370256544705,402.4447642200225,"{""AC"": -200, ""AC_35_P"": 36, ""AC_40_BP"": -34, ""AC_45_KO"": -490, ""AC_45_P"": 17, ""AC_50_C"": 32, ""AC_50_CO"": 13, ""AC_50_C_2"": 43, ""AC_60_C"": 39}",-200,-490,-34,13,43,0,36,0,17,0,32,39
152,295.20558434810397,1097.4891925523248,5827.778086463538,582.7778086463538,582.7778086463538,1165.5556172927077,0.417,-9445.587693593694,-19593.388056185115,-35229.16029206505,9174.496174737083,-649.3531850112654,-2066.1913390503196,-1413.0214740141269,-322.7682524931692,-1413.0214740141269,-2648.9691476966736,295.20558434810397,"{""AC"": -200, ""AC_35_P"": 18, ""AC_40_BP"": -35, ""AC_40_P"": -3, ""AC_45_KO"": -460, ""AC_50_C"": 10, ""AC_50_CO"": 23, ""AC_50_C_2"": 33, ""AC_60_C"": 34}",-200,-460,-35,23,33,0,18,-3,0,0,10,34
153,267.41305670044346,117.83924177207132,2786.0506990149433,278.60506990149435,278.60506990149435,557.2101398029887,0.482,-3947.8446503589225,-7149.411325503583,-12796.033566365542,5772.503931454752,-127.37140833544879,-719.5481058892872,-464.06617580414206,0.3695567071237491,-464.06617580414206,-998.1531757907815,267.41305670044346,"{""AC"": -120, ""AC_35_P"": 41, ""AC_40_BP"": -42, ""AC_45_KO"": -500, ""AC_50_C"": 48, ""AC_50_CO"": 22, ""AC_50_C_2"": 21, ""AC_50_P"": -1, ""AC_50_P_2"": -11}",-120,-500,-42,22,21,-11,41,0,0,-1,48,0
154,-34.939698606661,-221.99266717753855,824.0620856937536,82.40620856937537,82.40620856937537,164.81241713875073,0.526,-1159.8679151440044,-1383.2044588168735,-2292.168234524756,2412.5024976167733,-150.92649012106145,-324.9066773926621,-250.12299016294935,-113.53464650620506,-250.12299016294935,-407.3128859620375,-34.939698606661,"{""AC"": 15, ""AC_40_BP"": -43, ""AC_45_KO"": -210, ""AC_45_P"": 15, ""AC_50_CO"": -17, ""AC_50_C_2"": 12, ""AC_50_P"": -21, ""AC_50_P_2"": 10, ""AC_60_C"": -1}",15,-210,-43,-17,12,10,0,0,15,-21,0,-1
155,77.55151943699978,-696.1006076506111,2189.53420842946,218.95342084294597,218.95342084294597,437.90684168589195,0.646,-1546.885278431014,-3285.024554582202,-5334.693661442213,15267.64209121433,-77.13700840610163,-309.1698001707537,-263.95798274912534,-54.531099695287416,-263.95798274912534,-528.1232210136997,77.55151943699978,"{""AC"": 50, ""AC_35_P"": 16, ""AC_40_BP"": 9, ""AC_45_KO"": -500, ""AC_50_CO"": -5, ""AC_50_C_2"": 18, ""AC_50_P"": 1, ""AC_50_P_2"": 13, ""AC_60_C"": 3}",50,-500,9,-5,18,13,16,0,0,1,0,3
156,-2.3706920778341845,-233.5809595164347,1073.3441008350794,107.33441008350795,107.33441008350795,214.6688201670159,0.627,-1066.5759269838882,-1859.655791415726,-2789.258048586054,7338.408328544076,-109.028284776223,-269.0146738238062,-216.0242861671714,-82.53309094790558,-216.0242861671714,-376.34908390731414,-2.3706920778341845,"{""AC"": 30, ""AC_40_P"": -17, ""AC_45_KO"": -260, ""AC_45_P"": 7, ""AC_50_CO"": -4, ""AC_50_P"": 11, ""AC_50_P_2"": 4}",30,-260,0,-4,0,4,0,-17,7,11,0,0
157,-310.1660179157393,2590.3940498960337,6868.812252837846,686.8812252837846,686.8812252837846,1373.7624505675692,0.273,-12804.750379183652,-31174.76582657311,-57074.757653625216,4285.820539378807,-1590.6410558341045,-3511.353612711652,-2574.319187435179,-1122.123843195868,-2574.319187435179,-4198.2348379954365,-310.1660179157393,"{""AC"": -155, ""AC_35_P"": -15, ""AC_40_BP"": -29, ""AC_40_P"": 9, ""AC_45_KO"": -350, ""AC_45_P"": -48, ""AC_50_C"": -13, ""AC_50_CO"": -42, ""AC_50_P"": -38}",-155,-350,-29,-42,0,0,-15,9,-48,-38,-13,0
158,236.82515740706543,484.42367829160065,3510.6700434691143,351.0670043469114,351.0670043469114,702.1340086938228,0.44,-5405.577515114056,-10830.785971014018,-19415.214342710806,6142.907908291466,-303.7325941043402,-1114.5692213714485,-749.5449720334987,-121.22046943536523,-749.5449720334987,-1465.63622571836,236.82515740706543,"{""AC"": -145, ""AC_35_P"": 7, ""AC_40_BP"": -37, ""AC_45_KO"": -500, ""AC_50_C"": 48, ""AC_50_CO"": 20, ""AC_50_C_2"": 22, ""AC_50_P_2"": -6, ""AC_60_C"": 3}",-145,-500,-37,20,22,-6,7,0,0,0,48,3
159,-72.18584040134134,-1943.2985412185963,6941.774794732329,694.1774794732329,694.1774794732329,1388.3549589464658,0.625,-6865.234042545504,-7825.023384634959,-8319.387524582235,47281.14789712279,-758.7092446558918,-1788.4943510377173,-1449.059686519783,-588.9919123969248,-1449.059686519783,-2482.6718305109503,-72.18584040134134,"{""AC"": 165, ""AC_35_P"": 28, ""AC_40_BP"": 24, ""AC_40_P"": -26, ""AC_45_KO"": -110, ""AC_45_P"": -11, ""AC_50_CO"": -3, ""AC_50_C_2"": 13, ""AC_50_P"": -11}",165,-110,24,-3,13,0,28,-26,-11,-11,0,0
160,251.55290418746566,285.2994543924646,2589.9851288751183,258.9985128875118,258.9985128875118,517.9970257750236,0.435,-3852.416577107025,-7041.687836273013,-12823.24038886495,5156.368969473838,-133.6887535232369,-711.5512400892907,-455.8088388223441,-5.817552889763576,-455.8088388223441,-970.5497529768024,251.55290418746566,"{""AC"": -115, ""AC_35_P"": 40, ""AC_40_BP"": -50, ""AC_45_KO"": -420, ""AC_45_P"": -12, ""AC_50_C"": 16, ""AC_50_CO"": 10, ""AC_50_C_2"": 29, ""AC_60_C"": 36}",-115,-420,-50,10,29,0,40,0,-12,0,16,36
161,335.010547050674,344.9673892920068,2852.117553326516,285.2117553326516,285.2117553326516,570.4235106653032,0.445,-4186.843943688065,-7683.3893985603,-13189.062424505455,5884.916604773901,-83.67384731813257,-711.7004388713424,-435.62192216886154,54.36541103310782,-435.62192216886154,-996.912194203994,335.010547050674,"{""AC"": -120, ""AC_35_P"": 44, ""AC_40_BP"": -35, ""AC_45_KO"": -310, ""AC_50_C"": 8, ""AC_50_CO"": 8, ""AC_50_C_2"": 50, ""AC_50_P_2"": 6, ""AC_60_C"": 43}",-120,-310,-35,8,50,6,44,0,0,0,8,43
162,-58.523868582185074,429.3486285808749,1318.0147291191233,131.80147291191233,131.80147291191233,263.60294582382465,0.25,-2460.5016216501417,-6047.028447092847,-11103.693518088736,896.614825594751,-304.57403074719923,-673.6492739947205,-493.4998482856625,-214.49931789267023,-493.4998482856625,-805.4507469066328,-58.523868582185074,"{""AC"": -25, ""AC_35_P"": -12, ""AC_40_BP"": -38, ""AC_40_P"": -37, ""AC_45_KO"": -30, ""AC_45_P"": 31, ""AC_50_CO"": -16, ""AC_50_P"": 3, ""AC_50_P_2"": 6}",-25,-30,-38,-16,0,6,-12,-37,31,3,0,0
163,357.594101763251,377.10547314719804,4064.38356820875,406.438356820875,406.438356820875,812.87671364175,0.468,-5774.447250244599,-10538.285815841307,-17988.380324052458,7991.753752693725,-219.8506232612089,-1086.0177107978986,-711.7921641838764,-32.73784995419771,-711.7921641838764,-1492.4560676187737,357.594101763251,"{""AC"": -165, ""AC_35_P"": 37, ""AC_40_BP"": -14, ""AC_40_P"": 6, ""AC_45_KO"": -500, ""AC_50_C"": 35, ""AC_50_CO"": 16, ""AC_50_C_2"": 18, ""AC_60_C"": 50}",-165,-500,-14,16,18,0,37,6,0,0,35,50
164,-109.755899737586,-869.9052901613047,3505.906970997503,350.5906970997503,350.5906970997503,701.1813941995006,0.607,-4096.846671585507,-4703.543840260292,-4982.812484803963,21231.294709309597,-519.4405668961367,-1133.9675676339627,-899.578249025287,-402.2459075917989,-899.578249025287,-1484.558264733713,-109.755899737586,"{""AC"": 75, ""AC_40_BP"": -4, ""AC_40_P"": -4, ""AC_45_KO"": -340, ""AC_45_P"": -4, ""AC_50_CO"": 3, ""AC_50_C_2"": 13, ""AC_50_P_2"": -47, ""AC_60_C"": -10}",75,-340,-4,3,13,-47,0,-4,-4,0,0,-10
165,-121.53688724808755,322.81271127696346,1655.664704844191,165.56647048441909,165.56647048441909,331.13294096883817,0.266,-3067.594840781369,-7747.015494737827,-14630.147558712568,1241.0098028384903,-428.29637132622446,-888.4355974434297,-664.4593486075024,-316.3082469082608,-664.4593486075024,-1054.0020679278489,-121.53688724808755,"{""AC"": -30, ""AC_35_P"": -33, ""AC_40_BP"": -27, ""AC_40_P"": -8, ""AC_45_KO"": -120, ""AC_50_C"": -12, ""AC_50_CO"": -15, ""AC_50_C_2"": 6, ""AC_50_P"": -1}",-30,-120,-27,-15,6,0,-33,-8,0,-1,-12,0
166,384.5391909744357,423.94814123243725,4110.570547871127,411.0570547871127,411.0570547871127,822.1141095742254,0.442,-6275.17608921708,-11504.194642279714,-21011.47876568584,7870.37409869992,-242.97841794727225,-1184.2548313298341,-762.2657498016825,-31.98387718319644,-762.2657498016825,-1595.3118861169469,384.5391909744357,"{""AC"": -160, ""AC_35_P"": 35, ""AC_40_BP"": -39, ""AC_45_KO"": -390, ""AC_50_C"": 27, ""AC_50_CO"": 15, ""AC_50_C_2"": 50, ""AC_50_P"": 16, ""AC_60_C"": 30}",-160,-390,-39,15,50,0,35,0,0,16,27,30
167,336.7984602665406,-157.3546132163599,2297.516998437545,229.75169984375452,229.75169984375452,459.50339968750905,0.528,-2619.4805320139326,-3596.378641627787,-5240.8867037518385,5626.057701581556,74.8504070651473,-318.07167273694256,-170.99946945742653,148.3865087049053,-170.99946945742653,-547.8233725806971,336.7984602665406,"{""AC"": -125, ""AC_35_P"": 45, ""AC_40_BP"": -38, ""AC_45_KO"": -240, ""AC_50_C"": 50, ""AC_50_CO"": 14, ""AC_50_C_2"": 21, ""AC_50_P_2"": -8, ""AC_60_C"": 42}",-125,-240,-38,14,21,-8,45,0,0,0,50,42
168,-95.84234132312814,-1053.517285368739,3846.1899914220076,384.6189991422008,384.6189991422008,769.2379982844016,0.581,-4333.87892335812,-4944.206161765411,-5758.646323522437,24415.422937801886,-529.2302336589402,-1179.312072162658,-938.2336793979466,-408.6910372765843,-938.2336793979466,-1563.931071304859,-95.84234132312814,"{""AC"": 115, ""AC_35_P"": -9, ""AC_40_BP"": -21, ""AC_45_KO"": -490, ""AC_45_P"": -22, ""AC_50_C"": -2, ""AC_50_CO"": -26, ""AC_50_C_2"": -6, ""AC_50_P"": 44}",115,-490,-21,-26,-6,0,-9,0,-22,44,-2,0
169,-181.4445677765091,-1006.087221497223,3903.486053566287,390.3486053566287,390.3486053566287,780.6972107132574,0.577,-4945.136366066128,-5660.8641604745335,-6090.332526659988,22200.900947723294,-675.9582043831219,-1417.7286592930411,-1118.3893253647425,-526.2885374189727,-1118.3893253647425,-1808.0772646496698,-181.4445677765091,"{""AC"": 80, ""AC_40_BP"": -15, ""AC_40_P"": -2, ""AC_45_KO"": -70, ""AC_50_C"": 17, ""AC_50_CO"": -10, ""AC_50_P"": -47, ""AC_50_P_2"": -14, ""AC_60_C"": -12}",80,-70,-15,-10,0,-14,0,-2,0,-47,17,-12
170,242.65127196567326,234.1490382577965,2363.211221263315,236.32112212633152,236.32112212633152,472.64224425266303,0.452,-3482.1504946651035,-6309.292896837249,-11313.606976257797,4764.9218934366745,-105.56377750083712,-627.8863517006026,-397.83186329725805,9.463466700835191,-397.83186329725805,-864.2074738269341,242.65127196567326,"{""AC"": -120, ""AC_35_P"": 23, ""AC_40_BP"": -50, ""AC_45_KO"": -340, ""AC_50_C"": 50, ""AC_50_CO"": -3, ""AC_50_C_2"": 22, ""AC_50_P"": 1, ""AC_60_C"": 28}",-120,-340,-50,-3,22,0,23,0,0,1,50,28
171,84.01155021584498,-2486.091389455415,7107.7482660140495,710.7748266014049,710.7748266014049,1421.5496532028098,0.669,-5484.786430506801,-6076.996875625825,-6382.03006835925,53223.68041353534,-464.46709283483506,-1287.1850574108553,-1094.0938276608777,-367.92147795984624,-1094.0938276608777,-1997.9598840122603,84.01155021584498,"{""AC"": 170, ""AC_35_P"": 16, ""AC_40_BP"": 10, ""AC_40_P"": 38, ""AC_45_KO"": -70, ""AC_45_P"": -18, ""AC_50_C"": 20, ""AC_50_CO"": 1, ""AC_50_P"": 17}",170,-70,10,1,0,0,16,38,-18,17,20,0
172,70.68567524120093,-356.5288066517235,1363.2623095815084,136.32623095815083,136.32623095815083,272.65246191630166,0.741,-833.2126179161444,-945.8673534661111,-1096.6129100375426,11101.508222515513,-12.635586550413521,-137.61747923783517,-122.45933292529614,-5.056513394144005,-122.45933292529614,-273.943710195986,70.68567524120093,"{""AC"": 5, ""AC_40_BP"": 3, ""AC_40_P"": -20, ""AC_45_KO"": -70, ""AC_50_C"": 11, ""AC_50_CO"": -1, ""AC_50_C_2"": 9, ""AC_50_P_2"": 13, ""AC_60_C"": 23}",5,-70,3,-1,9,13,0,-20,0,0,11,23
173,-2.572483325487643,-363.59355496557686,1698.7489498826696,169.87489498826696,169.87489498826696,339.7497899765339,0.612,-1743.0180848384452,-2050.888346024285,-2725.1123878231215,11617.67288572622,-176.87429180933216,-438.327004535099,-348.96264354538795,-132.19211131447665,-348.96264354538795,-608.2018995233659,-2.572483325487643,"{""AC_40_BP"": 16, ""AC_40_P"": -17, ""AC_45_KO"": -250, ""AC_50_C"": 10, ""AC_50_CO"": -6, ""AC_50_C_2"": 16, ""AC_50_P_2"": -35, ""AC_60_C"": 32}",0,-250,16,-6,16,-35,0,-17,0,0,10,32
174,-45.32146681751766,339.5240451181163,1121.260555079427,112.1260555079427,112.1260555079427,224.2521110158854,0.242,-2298.9547198526016,-4897.6904195404095,-9091.02242963456,1046.9894289499841,-275.2169388027778,-620.060146780668,-446.2277025493793,-188.30071668713344,-446.2277025493793,-732.1862022886107,-45.32146681751766,"{""AC"": -30, ""AC_35_P"": 8, ""AC_40_BP"": -13, ""AC_40_P"": 19, ""AC_45_KO"": -440, ""AC_50_C"": 2, ""AC_50_CO"": -21, ""AC_50_P"": -31, ""AC_60_C"": 15}",-30,-440,-13,-21,0,0,8,19,0,-31,2,15
175,350.7968828999642,794.4306778856212,5271.1861227402715,527.1186122740271,527.1186122740271,1054.2372245480542,0.429,-8271.23729223317,-16690.506837726134,-29960.769956906686,9058.825231764955,-476.3268463233529,-1717.0124401583284,-1153.4480170720249,-194.54463478020114,-1153.4480170720249,-2244.1310524323553,350.7968828999642,"{""AC"": -200, ""AC_35_P"": 31, ""AC_40_BP"": -41, ""AC_45_KO"": -360, ""AC_50_C"": 34, ""AC_50_CO"": 15, ""AC_50_C_2"": 37, ""AC_50_P"": 1, ""AC_60_C"": 36}",-200,-360,-41,15,37,0,31,0,0,1,34,36
176,360.0870669365044,180.94026349314754,3400.380131992493,340.0380131992493,340.0380131992493,680.0760263984986,0.48,-4625.652374782388,-7669.88717876234,-13117.915972950661,7152.250969788881,-102.47817054173436,-796.3260267590924,-503.77979588047833,43.794944897572705,-503.77979588047833,-1136.3640399583417,360.0870669365044,"{""AC"": -160, ""AC_35_P"": 35, ""AC_40_BP"": -29, ""AC_45_KO"": -370, ""AC_50_C"": 44, ""AC_50_CO"": 17, ""AC_50_C_2"": 24, ""AC_50_P_2"": -5, ""AC_60_C"": 50}",-160,-370,-29,17,24,-5,35,0,0,0,44,50
177,12.302061401913365,1677.1290444550684,6476.310383294676,647.6310383294676,647.6310383294676,1295.2620766589353,0.374,-11957.875135886534,-24453.958415044213,-43720.18127798881,7694.636273622999,-1183.48545218674,-2977.16672256972,-2105.1947281458006,-747.4994549747802,-2105.1947281458006,-3624.797760899188,12.302061401913365,"{""AC"": -140, ""AC_35_P"": 35, ""AC_40_BP"": 1, ""AC_45_KO"": -180, ""AC_50_C"": 9, ""AC_50_CO"": -9, ""AC_50_C_2"": -37, ""AC_50_P_2"": 11, ""AC_60_C"": -1}",-140,-180,1,-9,-37,11,35,0,0,0,9,-1
178,198.59216245648526,951.8587588821301,4219.95716777829,421.995716777829,421.995716777829,843.991433555658,0.393,-7054.5267628196525,-14781.366268097252,-27187.463868452505,6203.282334489325,-506.86051382548004,-1565.0395282484278,-1070.584710355377,-259.63310487895467,-1070.584710355377,-1987.0352450262567,198.59216245648526,"{""AC"": -160, ""AC_35_P"": 1, ""AC_40_BP"": -40, ""AC_45_KO"": -370, ""AC_45_P"": -16, ""AC_50_C"": 17, ""AC_50_CO"": 13, ""AC_50_C_2"": 37, ""AC_60_C"": 22}",-160,-370,-40,13,37,0,1,0,-16,0,17,22
179,208.27339901559154,123.25092772479347,1380.4648993172782,138.04648993172782,138.04648993172782,276.09297986345564,0.458,-2008.895627568269,-3899.7726142303413,-5485.908511161712,3080.044627306602,7.383836258764632,-293.95050787647574,-162.0841900855127,73.31699515424613,-162.0841900855127,-431.99699780820356,208.27339901559154,"{""AC"": -75, ""AC_35_P"": 24, ""AC_40_BP"": -39, ""AC_40_P"": -19, ""AC_45_KO"": -480, ""AC_50_C"": 41, ""AC_50_CO"": 19, ""AC_50_C_2"": 35, ""AC_60_C"": -12}",-75,-480,-39,19,35,0,24,-19,0,0,41,-12
180,-189.01707976191327,-900.5851016973929,3369.309950448145,336.9309950448145,336.9309950448145,673.861990089629,0.575,-4377.829269460383,-5056.829176364094,-5406.565509411899,18167.28932074533,-626.8000067079516,-1283.474397127009,-1014.1569677033779,-492.14129199613603,-1014.1569677033779,-1620.4053921718237,-189.01707976191327,"{""AC"": 135, ""AC_40_BP"": -12, ""AC_40_P"": 33, ""AC_45_KO"": -140, ""AC_45_P"": 26, ""AC_50_C"": -25, ""AC_50_CO"": -42, ""AC_50_C_2"": -20, ""AC_50_P"": -15}",135,-140,-12,-42,-20,0,0,33,26,-15,-25,0
181,370.0051042348958,625.6568717945805,5181.252476314978,518.1252476314978,518.1252476314978,1036.2504952629956,0.449,-7960.821559113288,-15573.208404367266,-27222.054699834636,9456.899141188043,-426.077051676433,-1620.2002855434262,-1083.1807534478462,-157.56728562864305,-1083.1807534478462,-2138.325533174924,370.0051042348958,"{""AC"": -200, ""AC_35_P"": 50, ""AC_40_BP"": -38, ""AC_45_KO"": -290, ""AC_50_C"": 50, ""AC_50_CO"": 13, ""AC_50_C_2"": 20, ""AC_50_P_2"": 1, ""AC_60_C"": 39}",-200,-290,-38,13,20,1,50,0,0,0,50,39
182,-13.622244428787141,-1067.2975409416715,3672.668329275794,367.2668329275794,367.2668329275794,734.5336658551588,0.594,-3778.592140695106,-4257.090620878711,-4520.1657538248455,22660.355708270894,-391.4814584982978,-958.2702796025636,-764.0444819968427,-294.3685596954373,-764.0444819968427,-1325.537112530143,-13.622244428787141,"{""AC"": 60, ""AC_40_BP"": -28, ""AC_40_P"": -14, ""AC_45_KO"": -120, ""AC_50_C"": 10, ""AC_50_CO"": -3, ""AC_50_C_2"": 32, ""AC_50_P"": -26, ""AC_50_P_2"": 4}",60,-120,-28,-3,32,4,0,-14,0,-26,10,0
183,272.9213380197134,1003.1523860065745,5695.936889002019,569.5936889002019,569.5936889002019,1139.1873778004037,0.425,-9511.34562599092,-19165.67662508909,-33496.930221822746,9098.789974258421,-678.2132245793787,-2104.9150684780166,-1438.5773503290254,-345.0443655048831,-1438.5773503290254,-2674.5087573782184,272.9213380197134,"{""AC"": -200, ""AC_35_P"": 35, ""AC_40_BP"": -33, ""AC_45_KO"": -300, ""AC_50_C"": 37, ""AC_50_CO"": 8, ""AC_50_C_2"": 10, ""AC_50_P_2"": -4, ""AC_60_C"": 37}",-200,-300,-33,8,10,-4,35,0,0,0,37,37
184,150.0133844949604,-120.65763268226762,1538.8132383100335,153.88132383100336,153.88132383100336,307.7626476620067,0.56,-1043.2654388257408,-2398.420487957075,-3215.4411568887813,13024.99261917922,45.68684061238632,-110.8029752114748,-83.41709324440238,59.37978159592253,-83.41709324440238,-264.6842990424782,150.0133844949604,"{""AC"": 10, ""AC_35_P"": 35, ""AC_40_BP"": 25, ""AC_45_KO"": -250, ""AC_45_P"": 6, ""AC_50_C"": 33, ""AC_50_CO"": 23, ""AC_50_P_2"": -9, ""AC_60_C"": -17}",10,-250,25,23,0,-9,35,0,6,0,33,-17
185,-18.85991370967713,1764.3094744108798,5906.916828735661,590.691682873566,590.691682873566,1181.383365747132,0.349,-10886.244614467683,-23722.543585188407,-43113.48420034899,6060.300760371639,-1107.4843751564456,-2740.421067326598,-1947.1424473166126,-710.8450651514529,-1947.1424473166126,-3331.112750200164,-18.85991370967713,"{""AC"": -160, ""AC_35_P"": -36, ""AC_40_BP"": 1, ""AC_45_KO"": -10, ""AC_45_P"": -3, ""AC_50_CO"": 22, ""AC_50_C_2"": 11, ""AC_50_P"": -23, ""AC_60_C"": -20}",-160,-10,1,22,11,0,-36,0,-3,-23,0,-20
186,334.2094366841097,983.9289312744811,6075.050959988523,607.5050959988523,607.5050959988523,1215.0101919977046,0.425,-9696.559985831409,-20397.651729257825,-36754.220272814455,9884.183345820704,-635.4465618990312,-2089.9305597737425,-1424.0271091900277,-302.49483660717385,-1424.0271091900277,-2697.435655772595,334.2094366841097,"{""AC"": -200, ""AC_35_P"": 50, ""AC_40_BP"": -24, ""AC_40_P"": -3, ""AC_45_KO"": -430, ""AC_50_C"": 23, ""AC_50_CO"": 18, ""AC_50_C_2"": 37, ""AC_60_C"": 19}",-200,-430,-24,18,37,0,50,-3,0,0,23,19
187,0.6348970859489637,-2346.477948467729,7572.881473859446,757.2881473859445,757.2881473859445,1514.576294771889,0.664,-6582.735331879308,-7391.534888694313,-7871.593718830149,55219.16348935319,-657.6386361019819,-1645.0489358838781,-1365.4194763889195,-517.8239063545026,-1365.4194763889195,-2402.337083269823,0.6348970859489637,"{""AC"": 185, ""AC_35_P"": -12, ""AC_40_BP"": 18, ""AC_40_P"": -5, ""AC_45_KO"": -390, ""AC_45_P"": 38, ""AC_50_CO"": 12, ""AC_50_P"": -3, ""AC_50_P_2"": -17}",185,-390,18,12,0,-17,-12,-5,38,-3,0,0
188,368.7377377097556,578.4101566942354,4518.272818664747,451.8272818664747,451.8272818664747,903.6545637329494,0.437,-6980.758952165208,-13136.725432458261,-23640.945625055472,8390.075828730889,-329.33815750676524,-1376.4520003315465,-904.2897460482629,-93.2570303651235,-904.2897460482629,-1828.2792821980213,368.7377377097556,"{""AC"": -175, ""AC_35_P"": 30, ""AC_40_BP"": -50, ""AC_45_KO"": -400, ""AC_50_C"": 24, ""AC_50_CO"": 20, ""AC_50_C_2"": 39, ""AC_50_P"": 11, ""AC_60_C"": 38}",-175,-400,-50,20,39,0,30,0,0,11,24,38
189,204.17553855369658,1321.8404688834205,6295.170121022534,629.5170121022534,629.5170121022534,1259.0340242045067,0.397,-10962.765207271683,-23403.469690314952,-42177.1313376722,8813.478752693723,-892.1009821734718,-2536.515763264224,-1754.9977485881825,-501.34197483545097,-1754.9977485881825,-3166.0327753664774,204.17553855369658,"{""AC"": -190, ""AC_35_P"": 42, ""AC_40_BP"": -30, ""AC_45_KO"": -480, ""AC_50_C"": 19, ""AC_50_CO"": 2, ""AC_50_C_2"": 24, ""AC_50_P"": -10, ""AC_60_C"": 12}",-190,-480,-30,2,24,0,42,0,0,-10,19,12
190,-122.81105084011834,-38.63125205155159,748.637598366027,74.8637598366027,74.8637598366027,149.7275196732054,0.53,-1368.960735937767,-3185.9634718686057,-4957.600122017268,1697.4818224240364,-259.70712443389505,-465.0512348245601,-365.5870411490847,-209.97502759615736,-365.5870411490847,-539.9149946611628,-122.81105084011834,"{""AC"": 5, ""AC_40_BP"": 7, ""AC_40_P"": -2, ""AC_45_KO"": -60, ""AC_45_P"": 6, ""AC_50_CO"": -30, ""AC_50_C_2"": -17, ""AC_50_P_2"": -9, ""AC_60_C"": 12}",5,-60,7,-30,-17,-9,0,-2,6,0,0,12
191,380.0018894327376,42.057941395745104,1795.9669328137097,179.59669328137096,179.59669328137096,359.1933865627419,0.49,-1475.818621275971,-3379.0785657640195,-4567.390644884874,12141.88350668216,232.42002730514048,11.047234113744821,68.83074960065645,261.3117850485963,68.83074960065645,-168.54945916762614,380.0018894327376,"{""AC"": -60, ""AC_35_P"": 29, ""AC_40_BP"": -49, ""AC_45_KO"": -410, ""AC_50_C"": 44, ""AC_50_CO"": 13, ""AC_50_C_2"": 40, ""AC_50_P_2"": 23, ""AC_60_C"": 37}",-60,-410,-49,13,40,23,29,0,0,0,44,37
192,-30.180505693174425,1061.9342370220938,3461.4741192129145,346.14741192129145,346.14741192129145,692.2948238425829,0.341,-6402.559390992281,-14346.565270049095,-25843.55708010844,3210.2481199185368,-670.4364447924025,-1630.8203534412446,-1163.6381203026622,-436.8453282231114,-1163.6381203026622,-1976.967765362536,-30.180505693174425,"{""AC"": -100, ""AC_40_BP"": 4, ""AC_45_KO"": -70, ""AC_45_P"": -31, ""AC_50_C"": 19, ""AC_50_CO"": -13, ""AC_50_C_2"": 4, ""AC_50_P"": 13, ""AC_50_P_2"": -10}",-100,-70,4,-13,4,-10,0,0,-31,13,19,0
193,-40.66459298417035,1011.0379371907169,3037.6981225901427,303.76981225901426,303.76981225901426,607.5396245180285,0.345,-5847.036621095729,-11863.62108069163,-21075.6289120828,2973.990034179625,-625.3682550937433,-1502.4237482581027,-1069.6049922780367,-408.9588771037104,-1069.6049922780367,-1806.193560517117,-40.66459298417035,"{""AC"": -65, ""AC_35_P"": 16, ""AC_40_BP"": 10, ""AC_40_P"": -20, ""AC_45_KO"": -90, ""AC_45_P"": 14, ""AC_50_CO"": -17, ""AC_50_C_2"": -21, ""AC_60_C"": 15}",-65,-90,10,-17,-21,0,16,-20,14,0,0,15
194,-29.268145653031016,757.659941771747,2601.332988596901,260.1332988596901,260.1332988596901,520.2665977193802,0.308,-4710.385609807573,-11183.629148411477,-20310.29293508698,2463.1748212389725,-500.30670663378834,-1206.8645481049243,-865.892636554012,-329.8207508583322,-865.892636554012,-1466.9978469646144,-29.268145653031016,"{""AC"": -40, ""AC_35_P"": 3, ""AC_40_BP"": -14, ""AC_40_P"": -12, ""AC_45_KO"": -100, ""AC_45_P"": 13, ""AC_50_CO"": -2, ""AC_50_P_2"": 11, ""AC_60_C"": -32}",-40,-100,-14,-2,0,11,3,-12,13,0,0,-32
195,205.0642628094997,-62.30492172543827,1374.6333678792155,137.46333678792155,137.46333678792155,274.9266735758431,0.536,-767.2642830468459,-3360.747385590578,-5237.561117414316,9202.625701672518,128.3378345048151,13.248192047788223,21.242951958512037,132.335214460177,21.242951958512037,-124.21514474013333,205.0642628094997,"{""AC"": -30, ""AC_35_P"": 24, ""AC_40_BP"": -43, ""AC_40_P"": -5, ""AC_45_KO"": -500, ""AC_50_C"": 49, ""AC_50_CO"": 4, ""AC_50_C_2"": 33, ""AC_60_C"": -2}",-30,-500,-43,4,33,0,24,-5,0,0,49,-2
196,360.1997928581442,-83.11724828988903,2018.406243023974,201.8406243023974,201.8406243023974,403.6812486047948,0.508,-2439.8522561324044,-3115.678530962166,-4641.705331052341,5131.511391517198,116.21456724490372,-249.7632711749569,-106.69835771291515,187.7470239759246,-106.69835771291515,-451.6038954773543,360.1997928581442,"{""AC"": -110, ""AC_35_P"": 38, ""AC_40_BP"": -50, ""AC_45_KO"": -320, ""AC_45_P"": 8, ""AC_50_C"": 31, ""AC_50_CO"": 11, ""AC_50_C_2"": 37, ""AC_60_C"": 50}",-110,-320,-50,11,37,0,38,0,8,0,31,50
197,378.8583506626405,-111.17656737840258,2167.071448620536,216.7071448620536,216.7071448620536,433.4142897241072,0.524,-2218.273804266249,-2626.990499235908,-3380.314863115689,5621.935581926661,157.03097023601555,-175.71010040392179,-62.23629240832366,213.7678742338146,-62.23629240832366,-392.4172452659754,378.8583506626405,"{""AC"": -115, ""AC_35_P"": 20, ""AC_40_BP"": -38, ""AC_45_KO"": -280, ""AC_50_C"": 49, ""AC_50_CO"": 16, ""AC_50_C_2"": 21, ""AC_50_P_2"": 28, ""AC_60_C"": 44}",-115,-280,-38,16,21,28,20,0,0,0,49,44
198,392.1137905851518,-41.319423219799546,2779.5464618555075,277.95464618555076,277.95464618555076,555.9092923711015,0.505,-3263.010909610993,-4812.489868017994,-7326.426268414101,6471.746235603912,65.81269962405241,-423.6389368175965,-236.31516894927253,159.47458355821442,-236.31516894927253,-701.5935830031473,392.1137905851518,"{""AC"": -130, ""AC_35_P"": 31, ""AC_40_BP"": -24, ""AC_45_KO"": -390, ""AC_50_C"": 50, ""AC_50_CO"": 7, ""AC_50_C_2"": 27, ""AC_50_P"": 27, ""AC_60_C"": 45}",-130,-390,-24,7,27,0,31,0,0,27,50,45
199,-205.91596843781647,-31.09806469031618,881.7329576451339,88.17329576451338,88.17329576451338,176.34659152902677,0.51,-1711.4088120220483,-2767.5432373226413,-5727.542303271454,924.1296061500528,-377.0568496400213,-633.7681714433286,-506.71393812338033,-313.52973298004724,-506.71393812338033,-721.9414672078419,-205.91596843781647,"{""AC"": -10, ""AC_40_BP"": 14, ""AC_45_KO"": -60, ""AC_45_P"": -34, ""AC_50_C"": -5, ""AC_50_CO"": 3, ""AC_50_P"": -12, ""AC_50_P_2"": -45, ""AC_60_C"": -12}",-10,-60,14,3,0,-45,0,0,-34,-12,-5,-12
200,-144.1549135035554,-770.4418415881585,2739.982587954566,273.9982587954566,273.9982587954566,547.9965175909132,0.596,-3275.0950695942984,-3708.125166867265,-4518.572821644882,17329.554739966752,-471.6644204629853,-962.92868090213,-772.4183033404285,-376.4092316821345,-772.4183033404285,-1236.9269396975867,-144.1549135035554,"{""AC"": 90, ""AC_40_BP"": -13, ""AC_40_P"": 14, ""AC_45_KO"": -340, ""AC_45_P"": -12, ""AC_50_C"": -27, ""AC_50_CO"": 5, ""AC_50_C_2"": -23, ""AC_50_P_2"": -17}",90,-340,-13,5,-23,-17,0,14,-12,0,-27,0
201,94.2244533154672,-1008.75979349973,2407.7520607517,240.77520607517,240.77520607517,481.55041215034,0.703,-1348.3721970916706,-1564.664432620337,-1716.4468500618632,18246.545188997676,-40.61276639369987,-242.86859595745045,-228.41897928586837,-33.38795805790883,-228.41897928586837,-483.64380203262044,94.2244533154672,"{""AC"": 40, ""AC_35_P"": -1, ""AC_40_BP"": -24, ""AC_40_P"": 23, ""AC_45_KO"": -70, ""AC_50_CO"": 20, ""AC_50_C_2"": 16, ""AC_50_P"": -4, ""AC_50_P_2"": -9}",40,-70,-24,20,16,-9,-1,23,0,-4,0,0
202,-28.4182767745123,-39.345236388830955,764.1337228903818,76.41337228903818,76.41337228903818,152.82674457807636,0.514,-1011.7224089066011,-1659.0998215596553,-2978.3454231535047,4069.762176908348,-129.59051766517243,-281.3488790011626,-218.38332425502156,-98.10774029210191,-218.38332425502156,-357.76225129020077,-28.4182767745123,"{""AC"": -40, ""AC_35_P"": 3, ""AC_40_BP"": -44, ""AC_45_KO"": -290, ""AC_45_P"": -26, ""AC_50_C"": 43, ""AC_50_CO"": -12, ""AC_50_P_2"": -33, ""AC_60_C"": 23}",-40,-290,-44,-12,0,-33,3,0,-26,0,43,23
203,-17.10722192093685,-230.173577031252,1387.6776400486788,138.76776400486787,138.76776400486787,277.53552800973574,0.545,-1796.356809436899,-2083.1063485195336,-2247.492846526739,6676.695605506375,-196.74290286462679,-466.19642428016164,-355.94462533890567,-141.61700339399877,-355.94462533890567,-604.9641882850295,-17.10722192093685,"{""AC"": 35, ""AC_35_P"": 5, ""AC_40_BP"": 5, ""AC_45_KO"": -170, ""AC_50_CO"": -22, ""AC_50_C_2"": 28, ""AC_50_P"": -17, ""AC_50_P_2"": 21, ""AC_60_C"": -8}",35,-170,5,-22,28,21,5,0,0,-17,0,-8
204,55.956487402833154,2231.450552816635,7238.459909988305,723.8459909988305,723.8459909988305,1447.691981997661,0.348,-13021.309890075338,-29054.47923516834,-52786.09874805618,7712.503041357006,-1246.1745016047007,-3199.370985116001,-2259.1629916078828,-776.0705048506413,-2259.1629916078828,-3923.2169761148316,55.956487402833154,"{""AC"": -185, ""AC_35_P"": -8, ""AC_40_BP"": 25, ""AC_45_KO"": -90, ""AC_50_C"": 4, ""AC_50_CO"": -19, ""AC_50_C_2"": 28, ""AC_50_P_2"": 5, ""AC_60_C"": 2}",-185,-90,25,-19,28,5,-8,0,0,0,4,2
205,283.6755661322951,833.1379869106718,5252.591370263349,525.2591370263349,525.2591370263349,1050.5182740526698,0.434,-8554.37016650869,-17370.18042281863,-30692.666876742987,8509.883406687532,-571.761450518574,-1854.9169754948775,-1262.109527357176,-275.35772644972315,-1262.109527357176,-2380.1761125212124,283.6755661322951,"{""AC"": -180, ""AC_40_BP"": -26, ""AC_40_P"": 16, ""AC_45_KO"": -350, ""AC_50_C"": 40, ""AC_50_CO"": 12, ""AC_50_C_2"": 20, ""AC_50_P"": 14, ""AC_60_C"": 16}",-180,-350,-26,12,20,0,0,16,0,14,40,16
206,310.52649642346165,919.599292128742,5767.483344181182,576.7483344181181,576.7483344181181,1153.4966688362363,0.432,-9483.68086421397,-19027.47672988361,-33508.46204432216,9582.751961795928,-637.8415899979354,-2060.393719630031,-1400.3998004176929,-307.8446303917664,-1400.3998004176929,-2637.142054048149,310.52649642346165,"{""AC"": -190, ""AC_35_P"": 50, ""AC_40_BP"": -30, ""AC_40_P"": -1, ""AC_45_KO"": -500, ""AC_50_C"": 20, ""AC_50_CO"": 18, ""AC_50_C_2"": 18, ""AC_60_C"": 31}",-190,-500,-30,18,18,0,50,-1,0,0,20,31
207,372.8267639568945,743.2979563212186,4926.739666918688,492.6739666918688,492.6739666918688,985.3479333837377,0.436,-7739.34372785542,-15176.249701121165,-27677.186110173352,8662.041520743278,-401.1076088286476,-1562.0091680069604,-1034.411778567353,-137.30891410884374,-1034.411778567353,-2054.6831346988292,372.8267639568945,"{""AC"": -190, ""AC_35_P"": 50, ""AC_40_BP"": -16, ""AC_45_KO"": -440, ""AC_45_P"": -4, ""AC_50_C"": 37, ""AC_50_CO"": 4, ""AC_50_C_2"": 48, ""AC_60_C"": 38}",-190,-440,-16,4,48,0,50,0,-4,0,37,38
208,-41.09636878278497,86.61745761138567,447.3362485496985,44.73362485496985,44.73362485496985,89.4672497099397,0.434,-770.8673146185239,-1542.3198215596553,-2430.106060241353,1155.1918027977902,-118.18310024463736,-233.81319743741594,-179.09327840304846,-90.82314072745363,-179.09327840304846,-278.5468222923858,-41.09636878278497,"{""AC_35_P"": -16, ""AC_40_BP"": 3, ""AC_40_P"": 9, ""AC_45_KO"": -270, ""AC_50_CO"": -11, ""AC_50_P"": -15, ""AC_50_P_2"": 2, ""AC_60_C"": 14}",0,-270,3,-11,0,2,-16,9,0,-15,0,14
209,-18.987537937830076,-533.9008432803477,1595.477726697577,159.5477726697577,159.5477726697577,319.0955453395154,0.593,-1594.6125858313878,-1774.957767259102,-1918.234690152157,10581.321467543492,-178.44879652096887,-417.64068439567706,-337.9533121474171,-138.6051103968389,-337.9533121474171,-577.1884570654347,-18.987537937830076,"{""AC"": 35, ""AC_40_BP"": -17, ""AC_40_P"": 4, ""AC_45_KO"": -130, ""AC_45_P"": -3, ""AC_50_CO"": -1, ""AC_50_P"": -10, ""AC_50_P_2"": 5, ""AC_60_C"": 3}",35,-130,-17,-1,0,5,0,4,-3,-10,0,3
210,-323.7390268657665,-1119.0229473024,6540.854472485577,654.0854472485578,654.0854472485578,1308.1708944971156,0.577,-8584.903738490775,-9878.689029178957,-10671.683603643283,37326.06760481145,-1182.229400714844,-2469.96496148846,-1938.5173112636617,-916.5055756024447,-1938.5173112636617,-3124.050408737018,-323.7390268657665,"{""AC"": 180, ""AC_40_BP"": 19, ""AC_40_P"": -18, ""AC_45_KO"": -10, ""AC_45_P"": -8, ""AC_50_C"": -19, ""AC_50_CO"": -34, ""AC_50_P"": -18, ""AC_50_P_2"": -21}",180,-10,19,-34,0,-21,0,-18,-8,-18,-19,0
211,-29.14138263307621,-1411.4902840250174,4616.343364934116,461.6343364934116,461.6343364934116,923.2686729868232,0.644,-4369.1025311928315,-4973.647405719822,-5275.986298864546,32079.5082686144,-466.0516357523594,-1121.4170154312842,-915.3239305587067,-363.0050933160707,-915.3239305587067,-1583.0513519246958,-29.14138263307621,"{""AC"": 95, ""AC_35_P"": -14, ""AC_40_BP"": -2, ""AC_45_KO"": -270, ""AC_50_C"": -6, ""AC_50_CO"": 17, ""AC_50_C_2"": 15, ""AC_50_P_2"": -31, ""AC_60_C"": 2}",95,-270,-2,17,15,-31,-14,0,0,0,-6,2
212,7.9784365413741325,-1106.5110424645268,3592.2787890943027,359.2278789094303,359.2278789094303,718.4557578188605,0.679,-2998.6838834196583,-3429.463930175708,-4825.9952870619245,26791.56921308582,-291.8899518005917,-741.6925343135405,-621.4380854262897,-231.76272735696637,-621.4380854262897,-1100.9204132229706,7.9784365413741325,"{""AC"": 80, ""AC_40_BP"": 9, ""AC_45_KO"": -380, ""AC_45_P"": -18, ""AC_50_C"": -2, ""AC_50_CO"": 18, ""AC_50_P"": 26, ""AC_50_P_2"": -23}",80,-380,9,18,0,-23,0,0,-18,26,-2,0
213,217.25822268127393,177.48032116960434,1080.6929962145866,108.06929962145867,108.06929962145867,216.13859924291734,0.457,-1305.479621608105,-2219.395211224127,-4588.658614506079,4579.354241730569,86.71026052046344,-109.1116827207523,-32.598370370671134,124.96691669550404,-32.598370370671134,-217.18098234221097,217.25822268127393,"{""AC"": -15, ""AC_35_P"": 50, ""AC_40_BP"": 4, ""AC_45_KO"": -210, ""AC_45_P"": 8, ""AC_50_CO"": -9, ""AC_50_C_2"": 46, ""AC_50_P"": 22}",-15,-210,4,-9,46,0,50,0,8,22,0,0
214,-48.00780159603672,1466.5724999659924,4928.043756558385,492.8043756558385,492.8043756558385,985.608751311677,0.325,-9028.002861002902,-20749.822241718088,-37276.48369326561,4467.770463271082,-950.808087696327,-2305.008516846762,-1648.6104185743911,-622.6090385601415,-1648.6104185743911,-2797.812892502601,-48.00780159603672,"{""AC"": -100, ""AC_35_P"": -18, ""AC_40_BP"": -9, ""AC_40_P"": 15, ""AC_45_KO"": -220, ""AC_45_P"": -17, ""AC_50_CO"": -34, ""AC_50_P"": 39, ""AC_50_P_2"": -4}",-100,-220,-9,-34,0,-4,-18,15,-17,39,0,0
215,-33.116341181427636,-782.6689860694373,2624.056152470809,262.4056152470809,262.4056152470809,524.8112304941618,0.643,-2512.2699506423005,-2843.570355981102,-3027.6421102167888,18178.80780872388,-284.3433362456577,-661.1838288420028,-541.1596414013131,-224.33124252531292,-541.1596414013131,-923.5894440890836,-33.116341181427636,"{""AC"": 65, ""AC_35_P"": -14, ""AC_40_BP"": -4, ""AC_45_KO"": -170, ""AC_50_C"": -2, ""AC_50_CO"": 14, ""AC_50_P"": -5, ""AC_60_C"": -13}",65,-170,-4,14,0,0,-14,0,0,-5,-2,-13
216,72.8020724864824,1681.1067995122694,7551.684598515274,755.1684598515274,755.1684598515274,1510.3369197030547,0.37,-13563.249681715944,-29446.310765926653,-52360.878823427585,9271.496984108244,-1283.5228956851122,-3318.010347942504,-2339.269609696673,-794.1525265621967,-2339.269609696673,-4073.178807794031,72.8020724864824,"{""AC"": -195, ""AC_35_P"": 4, ""AC_40_BP"": -20, ""AC_40_P"": 40, ""AC_45_KO"": -220, ""AC_50_C"": 2, ""AC_50_CO"": 7, ""AC_50_C_2"": 1, ""AC_50_P_2"": -36}",-195,-220,-20,7,1,-36,4,40,0,0,2,0
217,132.00653516815618,-2733.5104415870883,8322.63825852459,832.263825852459,832.263825852459,1664.527651704918,0.66,-6636.230848483992,-7255.609330594158,-7715.742263240719,60684.17980150737,-531.616549680243,-1527.0511769528418,-1279.560005030672,-407.8709637191582,-1279.560005030672,-2359.315002805301,132.00653516815618,"{""AC"": 190, ""AC_35_P"": 12, ""AC_40_BP"": -16, ""AC_45_KO"": -70, ""AC_45_P"": 15, ""AC_50_C"": 16, ""AC_50_CO"": 2, ""AC_50_C_2"": 25, ""AC_50_P_2"": 24}",190,-70,-16,2,25,24,12,0,15,0,16,0
218,136.5772413680827,34.63951363833644,701.2990158984303,70.12990158984303,70.12990158984303,140.25980317968606,0.453,-701.0483631024161,-2827.101973490917,-3824.253183604418,1931.887743868299,66.47240505784107,-38.68484940752134,-3.6449638922012326,83.99234781550112,-3.6449638922012326,-108.81475099736437,136.5772413680827,"{""AC"": 35, ""AC_35_P"": 44, ""AC_40_BP"": -15, ""AC_40_P"": 41, ""AC_45_KO"": -320, ""AC_45_P"": 4, ""AC_50_CO"": -10, ""AC_50_P_2"": 37, ""AC_60_C"": -23}",35,-320,-15,-10,0,37,44,41,4,0,0,-23
219,262.23571814490043,780.5929959363732,5079.4990336409555,507.9499033640956,507.9499033640956,1015.8998067281912,0.458,-8212.117012061308,-16072.87407640346,-27419.53716254058,8400.068885443217,-558.9759830612304,-1790.7935348704266,-1223.5567853463435,-275.3576082991889,-1223.5567853463435,-2298.7434382345223,262.23571814490043,"{""AC"": -170, ""AC_40_BP"": 10, ""AC_40_P"": 24, ""AC_45_KO"": -350, ""AC_45_P"": 12, ""AC_50_C"": 40, ""AC_50_CO"": 15, ""AC_50_P_2"": -6, ""AC_60_C"": 23}",-170,-350,10,15,0,-6,0,24,12,0,40,23
220,-43.82749954899549,-1613.0092268173585,5136.337291519741,513.6337291519741,513.6337291519741,1027.2674583039482,0.62,-4984.7789837188675,-5632.333652047067,-6639.02474554829,35223.29856690252,-542.3053979208823,-1290.0222454787124,-1048.3612116828126,-421.47488102293244,-1048.3612116828126,-1803.6559746306866,-43.82749954899549,"{""AC"": 115, ""AC_35_P"": -1, ""AC_40_BP"": -12, ""AC_40_P"": 15, ""AC_45_KO"": -500, ""AC_45_P"": -13, ""AC_50_C"": 11, ""AC_50_CO"": -2, ""AC_50_P"": -14}",115,-500,-12,-2,0,0,-1,15,-13,-14,11,0
221,281.34351030615846,865.9029885599598,4807.677746535631,480.7677746535631,480.7677746535631,961.5355493071262,0.419,-7771.684460433664,-15977.778901102318,-28902.732445923946,7786.526646945976,-495.82493573720797,-1661.5776048022576,-1124.7930460856726,-227.4326563789155,-1124.7930460856726,-2142.345379455821,281.34351030615846,"{""AC"": -170, ""AC_35_P"": 50, ""AC_40_BP"": -18, ""AC_45_KO"": -210, ""AC_50_C"": 14, ""AC_50_C_2"": 36, ""AC_50_P_2"": -10, ""AC_60_C"": 44}",-170,-210,-18,0,36,-10,50,0,0,0,14,44
222,58.687442029996774,-2082.0888993445124,7478.940293248401,747.8940293248401,747.8940293248401,1495.7880586496801,0.642,-6735.421770621514,-7563.486989473537,-8032.696060682346,52422.078913703735,-614.8547350321547,-1625.1680006253816,-1325.5728382256502,-465.05715383228903,-1325.5728382256502,-2373.0620299502216,58.687442029996774,"{""AC"": 130, ""AC_35_P"": 3, ""AC_45_KO"": -10, ""AC_45_P"": -18, ""AC_50_CO"": -5, ""AC_50_C_2"": 47, ""AC_50_P_2"": -22, ""AC_60_C"": 45}",130,-10,0,-5,47,-22,3,0,-18,0,0,45
223,394.9523986494349,54.68647028355724,1874.5154066215705,187.45154066215704,187.45154066215704,374.9030813243141,0.494,-2238.296228771295,-2766.9498762484295,-3545.3712337535217,6192.177806823194,171.12277577230537,-164.62165854338883,-34.517805997337845,236.17470204533086,-34.517805997337845,-352.07319920554585,394.9523986494349,"{""AC"": -115, ""AC_35_P"": 49, ""AC_40_BP"": -44, ""AC_45_KO"": -210, ""AC_45_P"": -18, ""AC_50_C"": 47, ""AC_50_CO"": 23, ""AC_50_C_2"": 40, ""AC_60_C"": 48}",-115,-210,-44,23,40,0,49,0,-18,0,47,48
224,194.34749046302372,766.4988384051132,4068.0643643827843,406.8064364382784,406.8064364382784,813.6128728765568,0.41,-6754.434993070552,-13957.87949117993,-24788.494719085225,6374.309064520295,-481.09600884403153,-1494.2612578046144,-1022.2209767166983,-245.07586830007352,-1022.2209767166983,-1901.0676942428927,194.34749046302372,"{""AC"": -170, ""AC_35_P"": 25, ""AC_40_BP"": -34, ""AC_45_KO"": -290, ""AC_50_C"": 39, ""AC_50_CO"": 5, ""AC_50_C_2"": 16, ""AC_50_P"": -32, ""AC_60_C"": 35}",-170,-290,-34,5,16,0,25,0,0,-32,39,35
225,315.78419437233435,203.26732531014508,2081.7798735846654,208.17798735846654,208.17798735846654,416.3559747169331,0.458,-2886.761416376775,-4940.7742186472515,-8617.168075667145,4683.49261515965,27.108052734656837,-405.90615972185935,-221.31901176341512,119.40162671387895,-221.31901176341512,-614.0841470803259,315.78419437233435,"{""AC"": -100, ""AC_35_P"": 26, ""AC_40_BP"": -22, ""AC_45_KO"": -140, ""AC_50_C"": 28, ""AC_50_CO"": 11, ""AC_50_C_2"": 50, ""AC_50_P_2"": 10, ""AC_60_C"": 21}",-100,-140,-22,11,50,10,26,0,0,0,28,21
226,269.7912681472696,126.90258519201103,2850.5233488184253,285.0523348818425,285.0523348818425,570.104669763685,0.48,-4170.807291112494,-7338.040115386158,-13131.3784839334,5846.58387234963,-147.28946096397982,-772.9105546308538,-498.35599296052567,-10.012180128815743,-498.35599296052567,-1057.9628895126962,269.7912681472696,"{""AC"": -115, ""AC_35_P"": 50, ""AC_40_BP"": -32, ""AC_45_KO"": -200, ""AC_50_C"": 19, ""AC_50_CO"": 22, ""AC_50_C_2"": 25, ""AC_50_P_2"": -14, ""AC_60_C"": 22}",-115,-200,-32,22,25,-14,50,0,0,0,19,22
227,-98.11999123104258,56.75578102623483,969.898229285986,96.9898229285986,96.9898229285986,193.9796458571972,0.48,-1636.0166231285175,-2774.02486905366,-4057.275936734416,2930.663697507871,-261.7216535438944,-507.124147013172,-392.0173961646195,-204.16827811961812,-392.0173961646195,-604.1139699417706,-98.11999123104258,"{""AC"": 15, ""AC_40_BP"": 23, ""AC_40_P"": -11, ""AC_45_KO"": -450, ""AC_50_C"": -14, ""AC_50_CO"": -21, ""AC_50_C_2"": 26, ""AC_50_P"": -17, ""AC_60_C"": -6}",15,-450,23,-21,26,0,0,-11,0,-17,-14,-6
228,98.09346512935174,247.70413973731826,2629.2120459227544,262.92120459227544,262.92120459227544,525.8424091845509,0.452,-4309.586888635563,-9295.733938641275,-16325.731720269707,4180.2519069471655,-332.86522373420456,-979.3032570295389,-679.8051704621204,-183.11618045049528,-679.8051704621204,-1242.2244616218145,98.09346512935174,"{""AC"": -55, ""AC_40_BP"": -18, ""AC_40_P"": 49, ""AC_45_KO"": -180, ""AC_45_P"": 9, ""AC_50_C"": 6, ""AC_50_CO"": -8, ""AC_50_P"": 30, ""AC_50_P_2"": -31}",-55,-180,-18,-8,0,-31,0,49,9,30,6,0
229,300.3509996377742,150.55730694340943,1770.2125557443303,177.02125557443304,177.02125557443304,354.0425111488661,0.475,-2504.2209864078745,-4086.461020413295,-6056.625181727232,4122.815509411898,49.92890099698673,-325.70424696419445,-163.79277611062352,130.88463642377218,-163.79277611062352,-502.7255025386275,300.3509996377742,"{""AC"": -75, ""AC_35_P"": 28, ""AC_40_BP"": -36, ""AC_40_P"": 10, ""AC_45_KO"": -500, ""AC_50_CO"": 11, ""AC_50_C_2"": 46, ""AC_50_P"": 9, ""AC_60_C"": 36}",-75,-500,-36,11,46,0,28,10,0,9,0,36
230,65.99079309278981,780.2255851504262,3074.6377230372887,307.4637723037289,307.4637723037289,614.9275446074578,0.424,-5432.344163751818,-10876.343913048462,-18919.72709392923,4189.635422673944,-477.243623282392,-1292.0952478451647,-902.5927176218474,-282.49235817073327,-902.5927176218474,-1599.5590201488935,65.99079309278981,"{""AC"": -110, ""AC_35_P"": 6, ""AC_40_BP"": -3, ""AC_40_P"": -21, ""AC_45_KO"": -160, ""AC_50_C"": 47, ""AC_50_CO"": 2, ""AC_50_C_2"": -12, ""AC_50_P_2"": 1}",-110,-160,-3,2,-12,1,6,-21,0,0,47,0
231,135.27817693753482,1793.5855212630931,8285.183096939343,828.5183096939343,828.5183096939343,1657.0366193878685,0.374,-14654.5810700038,-31982.716501207065,-56504.40760969426,10652.939649654316,-1330.1799300628452,-3528.3670905634153,-2477.1681384100025,-804.5804539861388,-2477.1681384100025,-4356.88540025735,135.27817693753482,"{""AC"": -195, ""AC_35_P"": 35, ""AC_40_BP"": -10, ""AC_40_P"": 30, ""AC_45_KO"": -160, ""AC_50_CO"": -3, ""AC_50_C_2"": -4, ""AC_50_P"": -3, ""AC_50_P_2"": 5}",-195,-160,-10,-3,-4,5,35,30,0,-3,0,0
232,-131.28136133222702,714.9655103841344,2397.119126548574,239.7119126548574,239.7119126548574,479.4238253097148,0.313,-5040.482124523604,-10163.633881781474,-17038.58415666432,1584.6235191670635,-635.3295737845875,-1391.4018924631282,-1007.2096363381963,-443.2334457221216,-1007.2096363381963,-1631.1138051179855,-131.28136133222702,"{""AC"": -15, ""AC_40_BP"": 25, ""AC_40_P"": 6, ""AC_45_KO"": -340, ""AC_50_C"": 3, ""AC_50_CO"": -6, ""AC_50_C_2"": -39, ""AC_50_P_2"": 3, ""AC_60_C"": -30}",-15,-340,25,-6,-39,3,0,6,0,0,3,-30
233,-187.45968922377318,-1255.7708081591725,3986.4787084056084,398.6478708405608,398.6478708405608,797.2957416811216,0.568,-5071.318852515347,-5815.387291686931,-6205.217136087914,20446.811846632816,-694.5915744753079,-1455.28940235261,-1147.4814525213555,-540.6875995596807,-1147.4814525213555,-1853.9372731931708,-187.45968922377318,"{""AC"": 125, ""AC_40_BP"": -44, ""AC_40_P"": 2, ""AC_45_KO"": -260, ""AC_45_P"": 42, ""AC_50_CO"": -25, ""AC_50_P"": -43, ""AC_50_P_2"": 1, ""AC_60_C"": -33}",125,-260,-44,-25,0,1,0,2,42,-43,0,-33
234,269.93308578880175,133.9008717919948,1193.4445518033704,119.34445518033704,119.34445518033704,238.68891036067407,0.453,-1318.968379880162,-1807.01919347148,-3148.2322275655893,8142.484258553675,138.03624780078553,-59.809009181238764,12.415601216608934,174.14855299970938,12.415601216608934,-179.1534643615758,269.93308578880175,"{""AC"": -70, ""AC_35_P"": 23, ""AC_40_BP"": -48, ""AC_45_KO"": -290, ""AC_45_P"": -8, ""AC_50_C"": 45, ""AC_50_CO"": 5, ""AC_50_C_2"": 50, ""AC_60_C"": 17}",-70,-290,-48,5,50,0,23,0,-8,0,45,17
235,-90.54045057874883,-1688.7345307387577,5955.346269439485,595.5346269439485,595.5346269439485,1191.069253887897,0.624,-6047.86598648251,-6880.707240843902,-7363.26214295076,41269.91984490134,-695.3270492269999,-1602.5069471993763,-1295.4876620230998,-541.8174066388615,-1295.4876620230998,-2198.041574143325,-90.54045057874883,"{""AC"": 120, ""AC_35_P"": -25, ""AC_40_BP"": -25, ""AC_45_KO"": -140, ""AC_45_P"": -14, ""AC_50_C"": 1, ""AC_50_CO"": 4, ""AC_50_P_2"": -20, ""AC_60_C"": 21}",120,-140,-25,4,0,-20,-25,0,-14,0,1,21
236,278.9384316511759,18.544152527315134,1688.4279102048945,168.84279102048944,168.84279102048944,337.6855820409789,0.492,-1277.3385012691128,-3317.4355923494177,-5097.6583216225035,12975.016313238124,151.2045815242646,-40.396193666102306,2.9162609505642507,172.86080883259788,2.9162609505642507,-209.23898468659175,278.9384316511759,"{""AC"": -70, ""AC_35_P"": 22, ""AC_40_BP"": -28, ""AC_45_KO"": -500, ""AC_45_P"": -29, ""AC_50_C"": 50, ""AC_50_CO"": 12, ""AC_50_C_2"": 30, ""AC_60_C"": 48}",-70,-500,-28,12,30,0,22,0,-29,0,50,48
237,40.85190540959417,573.0023902397538,2042.6400064095928,204.2640006409593,204.2640006409593,408.5280012819186,0.401,-3669.4941718641508,-7553.096458038477,-13474.174984548266,2615.6500341796254,-326.0975117768209,-876.5216375564435,-611.7042206905081,-193.68880334385318,-611.7042206905081,-1080.7856381974027,40.85190540959417,"{""AC"": -65, ""AC_35_P"": -22, ""AC_40_BP"": -26, ""AC_40_P"": -16, ""AC_45_KO"": -140, ""AC_45_P"": 9, ""AC_50_CO"": 16, ""AC_50_C_2"": 5, ""AC_50_P"": 6}",-65,-140,-26,16,5,0,-22,-16,9,6,0,0
238,-44.88569789978881,-535.4630092605222,1631.6591258024869,163.1659125802487,163.1659125802487,326.3318251604974,0.62,-1736.1469181933148,-1961.9900736837108,-2072.1776554041962,10267.255442270869,-218.50038971912028,-478.9224274481175,-386.89069191891036,-172.4845219545167,-386.89069191891036,-642.0883400283662,-44.88569789978881,"{""AC"": 15, ""AC_40_BP"": -32, ""AC_40_P"": -25, ""AC_45_KO"": -140, ""AC_50_C"": 42, ""AC_50_CO"": 11, ""AC_50_P"": 2, ""AC_50_P_2"": -21, ""AC_60_C"": -33}",15,-140,-32,11,0,-21,0,-25,0,2,42,-33
239,1.6538975069881998,625.4992474235019,2822.9111919514717,282.2911191951472,282.2911191951472,564.5822383902944,0.363,-5040.270729077295,-11430.753076837338,-20484.932976303055,3448.9540182981377,-502.37317540074133,-1258.4137847623356,-895.5322714521797,-320.93241874566337,-895.5322714521797,-1540.7049039574827,1.6538975069881998,"{""AC"": -75, ""AC_35_P"": 32, ""AC_40_BP"": -28, ""AC_45_KO"": -250, ""AC_45_P"": 5, ""AC_50_C"": 7, ""AC_50_CO"": -5, ""AC_50_C_2"": -2, ""AC_50_P_2"": -31}",-75,-250,-28,-5,-2,-31,32,0,5,0,7,0
240,347.7984537510205,688.6110649505291,4807.613279206109,480.7613279206109,480.7613279206109,961.5226558412218,0.431,-7398.911145834831,-14932.55374592961,-26723.173427265603,8582.216520743277,-392.0926608324627,-1501.929332707687,-1002.4188820845095,-142.33743552087384,-1002.4188820845095,-1982.690660628298,347.7984537510205,"{""AC"": -175, ""AC_35_P"": 42, ""AC_40_BP"": -50, ""AC_45_KO"": -500, ""AC_45_P"": 15, ""AC_50_C"": 25, ""AC_50_CO"": 8, ""AC_50_C_2"": 32, ""AC_60_C"": 40}",-175,-500,-50,8,32,0,42,0,15,0,25,40
241,-141.64806254184754,-1053.558320940039,3615.3837225479933,361.53837225479936,361.53837225479936,723.0767445095987,0.561,-4437.203641348198,-5105.993023336061,-5450.470163405706,20415.177871905442,-585.3684266766675,-1250.9489728788972,-987.997794871477,-453.8928376729573,-987.997794871477,-1612.4873451336966,-141.64806254184754,"{""AC"": 125, ""AC_35_P"": 6, ""AC_40_BP"": -40, ""AC_40_P"": -11, ""AC_45_KO"": -220, ""AC_45_P"": 10, ""AC_50_C"": -33, ""AC_50_CO"": -23, ""AC_50_P"": 12}",125,-220,-40,-23,0,0,6,-11,10,12,-33,0
242,-95.0863895177537,-1048.7992947791902,3381.23900848563,338.12390084856304,338.12390084856304,676.2478016971261,0.605,-3631.5220337214964,-4152.258804429605,-4420.477646315892,21931.027351001278,-458.2385928899033,-1002.9668979481278,-808.8766450002597,-361.1934664159693,-808.8766450002597,-1341.0907987966907,-95.0863895177537,"{""AC"": 75, ""AC_35_P"": -12, ""AC_40_BP"": -12, ""AC_40_P"": 38, ""AC_45_KO"": -40, ""AC_45_P"": -12, ""AC_50_CO"": 3, ""AC_50_C_2"": -5, ""AC_50_P"": -44}",75,-40,-12,3,-5,0,-12,38,-12,-44,0,0
243,-281.7155972769456,-141.97128514307667,1638.9920348260323,163.89920348260324,163.89920348260324,327.7984069652065,0.525,-2911.125822313245,-3448.688516544735,-5089.618493408356,3593.3006688165515,-572.8281795082701,-1009.4970528552568,-800.334072365234,-468.24668926325865,-800.334072365234,-1173.39625633786,-281.7155972769456,"{""AC"": 60, ""AC_35_P"": 43, ""AC_40_BP"": 19, ""AC_45_KO"": -290, ""AC_45_P"": -38, ""AC_50_CO"": -45, ""AC_50_C_2"": -8, ""AC_50_P"": -12, ""AC_60_C"": -37}",60,-290,19,-45,-8,0,43,0,-38,-12,0,-37
244,9.087562408650363,389.245698376691,1504.341088746679,150.43410887466788,150.43410887466788,300.86821774933577,0.334,-2685.388167463553,-6184.4387288710695,-11117.770505452425,1760.281733633231,-259.451254337705,-662.259479457238,-468.93771714821656,-162.79037318319428,-468.93771714821656,-812.6935883319059,9.087562408650363,"{""AC"": -30, ""AC_40_BP"": -3, ""AC_40_P"": 43, ""AC_45_KO"": -140, ""AC_45_P"": -44, ""AC_50_C"": 1, ""AC_50_CO"": -5, ""AC_50_P_2"": 20, ""AC_60_C"": -6}",-30,-140,-3,-5,0,20,0,43,-44,0,1,-6
245,292.18717291882444,686.409806791115,4359.222613840318,435.92226138403186,435.92226138403186,871.8445227680637,0.421,-6982.297743595269,-14351.2536350922,-26238.49529098108,7305.179946625591,-406.04260144070247,-1453.3872629799928,-973.1186193124817,-165.90827960694696,-973.1186193124817,-1889.3095243640246,292.18717291882444,"{""AC"": -150, ""AC_35_P"": 45, ""AC_40_BP"": -33, ""AC_45_KO"": -500, ""AC_50_C"": 24, ""AC_50_CO"": -6, ""AC_50_C_2"": 38, ""AC_50_P"": 13, ""AC_60_C"": 28}",-150,-500,-33,-6,38,0,45,0,0,13,24,28
246,-54.23002669014409,131.07810274057556,898.2467187214534,89.82467187214533,89.82467187214533,179.64934374429066,0.3,-1537.125710303706,-3962.174579008332,-8227.558522434574,1348.783313178101,-207.9425977205147,-438.5114542660706,-329.71121917177265,-153.54248017336573,-329.71121917177265,-528.336126138216,-54.23002669014409,"{""AC"": -5, ""AC_40_BP"": -15, ""AC_45_KO"": -30, ""AC_50_C"": -15, ""AC_50_CO"": 10, ""AC_50_C_2"": 17, ""AC_50_P_2"": -19, ""AC_60_C"": -28}",-5,-30,-15,10,17,-19,0,0,0,0,-15,-28
247,186.5684429489888,408.08127980078496,2436.814974266701,243.6814974266701,243.6814974266701,487.3629948533402,0.452,-3728.839092356321,-6680.180137762187,-10996.845442270867,4569.70622490413,-186.31546628664333,-745.6413301400914,-494.5981696177944,-60.793886025494785,-494.5981696177944,-989.3228275667616,186.5684429489888,"{""AC"": -75, ""AC_35_P"": -7, ""AC_40_BP"": -11, ""AC_40_P"": -2, ""AC_45_KO"": -150, ""AC_45_P"": 25, ""AC_50_CO"": 10, ""AC_50_P_2"": 23, ""AC_60_C"": 30}",-75,-150,-11,10,0,23,-7,-2,25,0,0,30
248,304.9145581623125,459.25082612479423,3851.244593508731,385.1244593508731,385.1244593508731,770.2489187017462,0.436,-5914.39811685582,-11452.630142101698,-20577.395203119144,7196.970638637979,-286.52525352326955,-1173.6849710516426,-774.8073890414971,-87.0864625181968,-774.8073890414971,-1558.8094304025158,304.9145581623125,"{""AC"": -150, ""AC_35_P"": 42, ""AC_40_BP"": -50, ""AC_45_KO"": -330, ""AC_45_P"": -3, ""AC_50_C"": 22, ""AC_50_CO"": 17, ""AC_50_C_2"": 30, ""AC_60_C"": 31}",-150,-330,-50,17,30,0,42,0,-3,0,22,31
249,335.70520321247085,1012.9216811409507,6113.45424768405,611.345424768405,611.345424768405,1222.69084953681,0.415,-9784.051127989913,-20875.18925142548,-37847.23571400138,9754.79032681141,-642.6999095865206,-2110.3075787850075,-1437.5751783702185,-306.33370937912605,-1437.5751783702185,-2721.6530035534124,335.70520321247085,"{""AC"": -200, ""AC_35_P"": 36, ""AC_40_BP"": -44, ""AC_45_KO"": -350, ""AC_45_P"": 18, ""AC_50_C"": 19, ""AC_50_CO"": 8, ""AC_50_C_2"": 42, ""AC_60_C"": 27}",-200,-350,-44,8,42,0,36,0,18,0,19,27
250,32.362148084311826,626.1198002622618,1874.0790895532596,187.40790895532595,187.40790895532595,374.8158179106519,0.383,-3368.9964352703355,-6957.618165314622,-12137.616530725045,2242.414983699051,-304.5374954427217,-809.8869607332721,-566.6912716839014,-182.93965091803645,-566.6912716839014,-997.294869688598,32.362148084311826,"{""AC"": -30, ""AC_35_P"": -44, ""AC_40_BP"": -18, ""AC_45_KO"": -10, ""AC_50_C"": -23, ""AC_50_CO"": 6, ""AC_50_P"": 39, ""AC_50_P_2"": 15, ""AC_60_C"": 5}",-30,-10,-18,6,0,15,-44,0,0,39,-23,5
251,-6.236407494176121,-1971.9001488992983,6396.925164497222,639.6925164497222,639.6925164497222,1279.3850328994445,0.629,-6076.214947112723,-6820.572715754087,-7260.722828416352,42933.197281295965,-613.8579022054485,-1525.2901442723569,-1237.5149077859455,-469.9702839622429,-1237.5149077859455,-2164.9826607220793,-6.236407494176121,"{""AC"": 135, ""AC_40_BP"": -16, ""AC_40_P"": -1, ""AC_45_KO"": -110, ""AC_45_P"": -19, ""AC_50_C"": -11, ""AC_50_CO"": 13, ""AC_50_C_2"": 39, ""AC_50_P_2"": -16}",135,-110,-16,13,39,-16,0,-1,-19,0,-11,0
252,-136.3060258909558,-1006.2862708609807,4218.453078678565,421.84530786785655,421.84530786785655,843.6906157357131,0.586,-4958.697108413966,-5724.48647710236,-6118.925950464548,25825.739692773906,-632.1757367323524,-1375.9803029944474,-1091.033246086979,-489.70220827861823,-1091.033246086979,-1797.8256108623038,-136.3060258909558,"{""AC"": 75, ""AC_40_BP"": -2, ""AC_45_KO"": -60, ""AC_45_P"": -17, ""AC_50_C"": 30, ""AC_50_CO"": -16, ""AC_50_C_2"": 3, ""AC_50_P"": -42, ""AC_60_C"": -1}",75,-60,-2,-16,3,0,0,0,-17,-42,30,-1
253,50.26360687198785,-381.88088559668,1311.5232872898275,131.15232872898275,131.15232872898275,262.3046574579655,0.649,-1242.064488824448,-1466.8782176782292,-2042.9735469842105,8151.0352246650245,-73.94284201045697,-260.25251533412415,-201.6222308161707,-44.62769975148025,-201.6222308161707,-391.4048440631069,50.26360687198785,"{""AC"": -10, ""AC_35_P"": 15, ""AC_40_BP"": -43, ""AC_40_P"": 23, ""AC_45_KO"": -130, ""AC_50_CO"": 19, ""AC_50_C_2"": 34, ""AC_50_P"": -24, ""AC_50_P_2"": -44}",-10,-130,-43,19,34,-44,15,23,0,-24,0,0
254,288.37825979402044,677.6782119507802,4789.487655313592,478.9487655313592,478.9487655313592,957.8975310627184,0.432,-7525.102075564472,-15600.35162780814,-27980.268194873934,8091.860733684433,-464.1319477624269,-1592.8972590970975,-1079.86143430633,-207.61403536704302,-1079.86143430633,-2071.8460246284567,288.37825979402044,"{""AC"": -175, ""AC_35_P"": 50, ""AC_40_BP"": -22, ""AC_45_KO"": -390, ""AC_45_P"": -8, ""AC_50_C"": 49, ""AC_50_CO"": 4, ""AC_50_C_2"": 23, ""AC_60_C"": 18}",-175,-390,-22,4,23,0,50,0,-8,0,49,18
255,46.16918822946802,187.9763324863844,1898.0623276765823,189.80623276765823,189.80623276765823,379.61246553531646,0.463,-3299.4786141069126,-6286.351773881998,-10258.216797272049,2991.315009262673,-283.77867318122327,-778.7004652972602,-543.655720270398,-166.25630066779217,-543.655720270398,-968.5066980649184,46.16918822946802,"{""AC"": -40, ""AC_40_BP"": 13, ""AC_40_P"": 39, ""AC_45_KO"": -60, ""AC_45_P"": 7, ""AC_50_CO"": 3, ""AC_50_C_2"": -16, ""AC_50_P_2"": -17, ""AC_60_C"": 8}",-40,-60,13,3,-16,-17,0,39,7,0,0,8
256,359.2270030804818,319.27616123721157,3588.7211719148163,358.8721171914816,358.8721171914816,717.7442343829632,0.46,-5238.943862884751,-8676.070040587641,-15176.16541083044,7281.440984644175,-164.6673832079934,-950.5089626407059,-606.0506349479716,7.56178063837379,-606.0506349479716,-1309.3810798321874,359.2270030804818,"{""AC"": -175, ""AC_35_P"": 25, ""AC_40_BP"": -37, ""AC_45_KO"": -330, ""AC_45_P"": -14, ""AC_50_C"": 44, ""AC_50_CO"": 22, ""AC_50_C_2"": 31, ""AC_60_C"": 50}",-175,-330,-37,22,31,0,25,0,-14,0,44,50
257,371.0952934087388,703.4650053806944,5198.010313675814,519.8010313675815,519.8010313675815,1039.602062735163,0.434,-8183.220126961775,-16114.6306852062,-29209.56426842335,9108.918250774248,-447.22671928743875,-1674.709738331705,-1116.288241319318,-168.01597078124533,-1116.288241319318,-2194.5107696992864,371.0952934087388,"{""AC"": -190, ""AC_35_P"": 25, ""AC_40_BP"": -39, ""AC_45_KO"": -430, ""AC_45_P"": 14, ""AC_50_C"": 27, ""AC_50_CO"": 21, ""AC_50_C_2"": 44, ""AC_60_C"": 27}",-190,-430,-39,21,44,0,25,0,14,0,27,27
258,314.30358834050526,323.3144624882732,3322.2385928297476,332.2238592829748,332.2238592829748,664.4477185659496,0.463,-4581.112487944436,-8025.095091039711,-13476.69021693994,6656.09217857604,-143.80766045393835,-830.9745336456037,-538.9752144926474,2.1919991225397553,-538.9752144926474,-1163.1983929285784,314.30358834050526,"{""AC"": -145, ""AC_35_P"": 17, ""AC_40_BP"": -27, ""AC_45_KO"": -500, ""AC_50_C"": 35, ""AC_50_CO"": 13, ""AC_50_C_2"": 14, ""AC_50_P"": 11, ""AC_60_C"": 50}",-145,-500,-27,13,14,0,17,0,0,11,35,50
259,364.7068906900105,17.27046387068134,3210.581519255303,321.0581519255303,321.0581519255303,642.1163038510606,0.496,-3789.88066094606,-5585.618800879088,-8298.951277998829,7219.084003653464,-14.281175404595501,-582.7632745465045,-364.30428441466364,94.94831966132492,-364.30428441466364,-903.8214264720348,364.7068906900105,"{""AC"": -135, ""AC_35_P"": 25, ""AC_40_BP"": -32, ""AC_45_KO"": -460, ""AC_45_P"": 15, ""AC_50_C"": 42, ""AC_50_CO"": 24, ""AC_50_P"": 12, ""AC_60_C"": 47}",-135,-460,-32,24,0,0,25,0,15,12,42,47
260,51.30339265180837,-40.17965688438943,1010.9984832539486,101.09984832539486,101.09984832539486,202.19969665078972,0.512,-1444.5554910251153,-2580.8710551048753,-4307.537176908348,2046.0598375651282,-93.15215645070316,-309.83548010447043,-215.92985516465637,-46.1993439807961,-215.92985516465637,-410.9353284298653,51.30339265180837,"{""AC"": -45, ""AC_35_P"": 11, ""AC_40_BP"": 25, ""AC_40_P"": 16, ""AC_45_KO"": -90, ""AC_50_C"": 21, ""AC_50_CO"": 10, ""AC_50_P"": -12, ""AC_50_P_2"": -25}",-45,-90,25,10,0,-25,11,16,0,-12,21,0
261,-50.95584768278795,1265.7323187706752,3947.51735138362,394.751735138362,394.751735138362,789.503470276724,0.321,-7735.290880160674,-16074.666120207254,-28386.726525832226,3847.542788005983,-824.4849356988553,-1984.7785677229563,-1408.62534727607,-536.4083254754122,-1408.62534727607,-2379.5303028613184,-50.95584768278795,"{""AC"": -50, ""AC_40_BP"": -48, ""AC_40_P"": -2, ""AC_45_KO"": -240, ""AC_50_CO"": -30, ""AC_50_C_2"": -33, ""AC_50_P"": 38, ""AC_50_P_2"": 29, ""AC_60_C"": -10}",-50,-240,-48,-30,-33,29,0,-2,0,38,0,-10
262,402.14558864412106,59.84161628120893,1876.9711357336469,187.69711357336467,187.69711357336467,375.39422714672935,0.49,-1705.1115568872037,-3643.690818098507,-5180.857465651647,11219.486208840504,231.63443295540068,-24.13230057767987,52.53029832435817,269.9657324064197,52.53029832435817,-211.82941415104455,402.14558864412106,"{""AC"": -65, ""AC_35_P"": 50, ""AC_40_BP"": -38, ""AC_40_P"": 26, ""AC_45_KO"": -490, ""AC_50_C"": 38, ""AC_50_CO"": 13, ""AC_50_C_2"": 28, ""AC_60_C"": 50}",-65,-490,-38,13,28,0,50,26,0,0,38,50
263,72.76354830930903,21.821228886839208,660.259155476402,66.02591554764021,66.02591554764021,132.05183109528042,0.492,-631.4586436350942,-2233.0599638560216,-3292.4124400572778,1355.6115741176854,9.617683945799612,-85.10111259946451,-54.9682060097752,24.68413724064427,-54.9682060097752,-151.12702814710474,72.76354830930903,"{""AC"": -30, ""AC_40_BP"": 9, ""AC_40_P"": 14, ""AC_45_KO"": -340, ""AC_45_P"": 13, ""AC_50_CO"": 8, ""AC_50_C_2"": -4, ""AC_50_P"": -27, ""AC_60_C"": 27}",-30,-340,9,8,-4,0,0,14,13,-27,0,27
264,-119.00997724698753,-485.1507982844543,2363.0523175725793,236.30523175725793,236.30523175725793,472.61046351451586,0.541,-3094.933792216582,-3564.20174581929,-3841.5027645261407,13443.11858127029,-428.50335646864573,-892.743425301133,-701.4026619581037,-332.8329747971311,-701.4026619581037,-1129.048657058391,-119.00997724698753,"{""AC"": 40, ""AC_35_P"": 47, ""AC_40_P"": -37, ""AC_45_KO"": -130, ""AC_45_P"": -45, ""AC_50_CO"": -17, ""AC_50_P_2"": -6, ""AC_60_C"": 23}",40,-130,0,-17,0,-6,47,-37,-45,0,0,23
265,276.8769071099737,1.8965471795981728,1894.0283794494612,189.40283794494613,189.40283794494613,378.80567588989226,0.499,-2397.7111712755004,-3696.652246287481,-6045.260032872644,4517.844566439771,37.10578998242363,-322.55088570890143,-177.48118755382444,109.64063905996213,-177.48118755382444,-511.95372365384753,276.8769071099737,"{""AC"": -105, ""AC_35_P"": 43, ""AC_40_BP"": -19, ""AC_45_KO"": -320, ""AC_50_C"": 48, ""AC_50_CO"": 10, ""AC_50_C_2"": 28, ""AC_50_P"": -16, ""AC_60_C"": 21}",-105,-320,-19,10,28,0,43,0,0,-16,48,21
266,-59.302335511666406,-1452.0047568096238,4908.558071557997,490.8558071557997,490.8558071557997,981.7116143115994,0.616,-4877.3143492865,-5537.985953230616,-5887.969773149681,33713.353503720966,-547.0337704403165,-1278.6309228332914,-1036.3273914825413,-425.88200476494137,-1036.3273914825413,-1769.4867299890911,-59.302335511666406,"{""AC"": 120, ""AC_40_BP"": -14, ""AC_45_KO"": -90, ""AC_45_P"": 11, ""AC_50_C"": -12, ""AC_50_CO"": -6, ""AC_50_P"": -15, ""AC_50_P_2"": -2, ""AC_60_C"": 17}",120,-90,-14,-6,0,-2,0,0,11,-15,-12,17
267,312.7434466040511,649.8343800477303,4198.066106919997,419.8066106919997,419.8066106919997,839.6132213839994,0.426,-6573.202695725485,-12822.478402333127,-23008.219262993567,7466.043311641076,-344.5768229684975,-1330.55722732732,-883.1402631007713,-120.86834085522312,-883.1402631007713,-1750.3638380193197,312.7434466040511,"{""AC"": -165, ""AC_35_P"": 23, ""AC_40_BP"": -50, ""AC_40_P"": 12, ""AC_45_KO"": -500, ""AC_50_C"": 19, ""AC_50_CO"": 7, ""AC_50_C_2"": 32, ""AC_60_C"": 50}",-165,-500,-50,7,32,0,23,12,0,0,19,50
268,338.07092030493305,205.8453809593428,3326.437031805173,332.64370318051726,332.64370318051726,665.2874063610345,0.471,-4671.062031381317,-8419.542198751205,-14756.783588331025,6948.54563863798,-129.03528283319866,-829.6945875403962,-528.9102359925231,21.35689294073788,-528.9102359925231,-1162.3382907209134,338.07092030493305,"{""AC"": -145, ""AC_35_P"": 46, ""AC_40_BP"": -48, ""AC_45_KO"": -450, ""AC_50_C"": 50, ""AC_50_CO"": 11, ""AC_50_C_2"": 23, ""AC_50_P"": 4, ""AC_60_C"": 28}",-145,-450,-48,11,23,0,46,0,0,4,50,28
269,282.68991538732337,792.8409412119402,4586.2481527304935,458.62481527304936,458.62481527304936,917.2496305460987,0.411,-7333.5655187468765,-15371.411514118516,-27926.008408015015,7522.654843270636,-450.66663648736437,-1550.7014642993959,-1046.6573200612327,-198.64456436828283,-1046.6573200612327,-2009.3262795724452,282.68991538732337,"{""AC"": -170, ""AC_35_P"": 42, ""AC_40_BP"": -39, ""AC_45_KO"": -200, ""AC_50_C"": 32, ""AC_50_CO"": -4, ""AC_50_C_2"": 36, ""AC_50_P_2"": -1, ""AC_60_C"": 33}",-170,-200,-39,-4,36,-1,42,0,0,0,32,33
270,299.8598851748886,1136.1336057146327,5766.960158784705,576.6960158784705,576.6960158784705,1153.392031756941,0.406,-9330.507806075706,-19909.33191383115,-35939.45932997398,9035.129687673403,-633.190895432682,-2032.7670663440379,-1388.0642936757024,-310.8395090985144,-1388.0642936757024,-2609.463082222508,299.8598851748886,"{""AC"": -195, ""AC_35_P"": 28, ""AC_40_BP"": -50, ""AC_45_KO"": -340, ""AC_50_C"": 21, ""AC_50_CO"": 2, ""AC_50_C_2"": 33, ""AC_50_P_2"": 16, ""AC_60_C"": 36}",-195,-340,-50,2,33,16,28,0,0,0,21,36
271,362.2968607248582,239.0537599975716,1718.3790558932608,171.83790558932608,171.83790558932608,343.67581117865217,0.457,-2229.9322799278602,-3145.193398761754,-4477.70046241152,7793.593665953771,139.30363273207217,-195.18620925710684,-58.111934058983834,207.84077033113368,-58.111934058983834,-367.0241148464329,362.2968607248582,"{""AC"": -100, ""AC_35_P"": 31, ""AC_40_BP"": -50, ""AC_45_KO"": -450, ""AC_50_C"": 35, ""AC_50_CO"": 22, ""AC_50_C_2"": 50, ""AC_50_P_2"": -13, ""AC_60_C"": 42}",-100,-450,-50,22,50,-13,31,0,0,0,35,42
272,266.7757716793778,719.7259479314341,4117.833626710242,411.78336267102424,411.78336267102424,823.5667253420485,0.403,-6572.197577780559,-13637.768971962001,-24687.67535144773,6880.705153335501,-390.4439860986782,-1376.273622765762,-924.9455463232181,-164.77994787740624,-924.9455463232181,-1788.0569854367861,266.7757716793778,"{""AC"": -155, ""AC_35_P"": 42, ""AC_40_BP"": -36, ""AC_45_KO"": -50, ""AC_50_C"": 32, ""AC_50_CO"": -7, ""AC_50_C_2"": 32, ""AC_50_P_2"": 2, ""AC_60_C"": 34}",-155,-50,-36,-7,32,2,42,0,0,0,32,34
273,320.60632775859403,945.5104552095748,5469.514623704321,546.9514623704321,546.9514623704321,1093.9029247408641,0.416,-8673.995631605172,-18230.0542446988,-32759.88661019598,8827.80082873089,-546.7932354019232,-1847.892580142699,-1253.9687481673977,-249.8313194142726,-1253.9687481673977,-2394.844042513131,320.60632775859403,"{""AC"": -200, ""AC_35_P"": 34, ""AC_40_BP"": -37, ""AC_45_KO"": -340, ""AC_50_C"": 28, ""AC_50_CO"": -3, ""AC_50_C_2"": 36, ""AC_50_P"": 5, ""AC_60_C"": 50}",-200,-340,-37,-3,36,0,34,0,0,5,28,50
274,-221.1606094282961,-472.7444527728581,3092.2546804655844,309.22546804655843,309.22546804655843,618.4509360931169,0.554,-4530.549852511991,-5290.379315374466,-5688.093292316744,13787.077555997668,-674.2155946794952,-1353.7980725562938,-1055.3558213283738,-524.9944690655353,-1055.3558213283738,-1663.0235406028523,-221.1606094282961,"{""AC"": 95, ""AC_40_BP"": -3, ""AC_45_P"": 14, ""AC_50_C"": -7, ""AC_50_CO"": -28, ""AC_50_P"": -36, ""AC_50_P_2"": -5, ""AC_60_C"": -16}",95,0,-3,-28,0,-5,0,0,14,-36,-7,-16
275,-27.311317249944768,-1997.2726157972197,5864.568743951966,586.4568743951966,586.4568743951966,1172.9137487903931,0.621,-5402.562649086412,-6028.151925029887,-6449.373274400401,40251.446013072775,-567.567582158586,-1377.9519795215479,-1130.924151810505,-444.0536683030645,-1130.924151810505,-1964.4088539167444,-27.311317249944768,"{""AC"": 115, ""AC_35_P"": 32, ""AC_40_BP"": -26, ""AC_40_P"": -17, ""AC_45_KO"": -430, ""AC_50_C"": 7, ""AC_50_CO"": 16, ""AC_50_C_2"": 10, ""AC_50_P"": -47}",115,-430,-26,16,10,0,32,-17,0,-47,7,0
276,337.3899915513805,832.2521489765061,5255.283398530969,525.5283398530969,525.5283398530969,1051.0566797061938,0.421,-8229.715768630385,-17074.37043482736,-30568.274077247755,8896.982212755664,-485.58158531165805,-1720.0389506062158,-1159.8315436697258,-205.477881843413,-1159.8315436697258,-2245.567290459313,337.3899915513805,"{""AC"": -200, ""AC_35_P"": 31, ""AC_40_BP"": -50, ""AC_40_P"": 11, ""AC_45_KO"": -290, ""AC_50_C"": 41, ""AC_50_CO"": 2, ""AC_50_C_2"": 33, ""AC_60_C"": 41}",-200,-290,-50,2,33,0,31,11,0,0,41,41
277,373.495917517758,562.8108169773715,4830.258619430027,483.02586194300267,483.02586194300267,966.0517238860053,0.447,-7298.839717157254,-14498.07866834325,-25721.53141793642,8868.07057777115,-356.38805419796745,-1451.2140117715555,-962.8429710273314,-112.20253382585538,-962.8429710273314,-1934.2398737145581,373.495917517758,"{""AC"": -180, ""AC_35_P"": 37, ""AC_40_BP"": -44, ""AC_45_KO"": -340, ""AC_50_C"": 50, ""AC_50_CO"": 8, ""AC_50_C_2"": 30, ""AC_50_P"": 24, ""AC_60_C"": 25}",-180,-340,-44,8,30,0,37,0,0,24,50,25
278,76.72737991495715,-2327.0808771166066,6661.262688030664,666.1262688030664,666.1262688030664,1332.2525376061328,0.67,-5193.957960844754,-5724.312902268236,-6022.471055897259,49128.97001084958,-442.6684161695182,-1221.7621102962314,-1035.4294486132892,-349.5020853280471,-1035.4294486132892,-1887.8883790992977,76.72737991495715,"{""AC"": 155, ""AC_35_P"": 19, ""AC_40_BP"": 5, ""AC_40_P"": 29, ""AC_45_KO"": -60, ""AC_50_CO"": 16, ""AC_50_C_2"": 13, ""AC_50_P"": -4, ""AC_50_P_2"": -15}",155,-60,5,16,13,-15,19,29,0,-4,0,0
279,375.71835116942106,750.7481327108455,5122.917941309659,512.2917941309659,512.2917941309659,1024.5835882619317,0.419,-8129.426733142911,-16179.217165691325,-29617.677157411465,8957.287139111297,-437.2243221448701,-1656.6383321163066,-1099.8415558674983,-158.82593402046598,-1099.8415558674983,-2168.9301262472727,375.71835116942106,"{""AC"": -200, ""AC_35_P"": 28, ""AC_40_BP"": -50, ""AC_45_KO"": -130, ""AC_50_C"": 50, ""AC_50_CO"": 14, ""AC_50_C_2"": 50, ""AC_50_P_2"": 9, ""AC_60_C"": 17}",-200,-130,-50,14,50,9,28,0,0,0,50,17
280,-115.90821271218672,-696.0211267945458,3038.1564516847047,303.8156451684705,303.8156451684705,607.631290336941,0.562,-3929.312686731173,-4541.944181681888,-4857.495760371638,15727.699497799453,-508.839481385304,-1098.23638439498,-857.2129383060978,-388.32775834086294,-857.2129383060978,-1402.0520295634506,-115.90821271218672,"{""AC"": 75, ""AC_40_BP"": -19, ""AC_45_KO"": -100, ""AC_45_P"": -10, ""AC_50_C"": 3, ""AC_50_CO"": -28, ""AC_50_C_2"": 15, ""AC_50_P"": -7, ""AC_60_C"": -3}",75,-100,-19,-28,15,0,0,0,-10,-7,3,-3
281,-131.15831029464542,832.8449593565073,2956.5229422096863,295.65229422096866,295.65229422096866,591.3045884419373,0.237,-5761.755652539689,-13666.743774479584,-24893.653393893543,2386.169266711604,-707.3338755486144,-1571.5972234295677,-1143.2478052860831,-493.1591664768721,-1143.2478052860831,-1867.2495176505363,-131.15831029464542,"{""AC"": -5, ""AC_35_P"": 30, ""AC_40_BP"": 21, ""AC_40_P"": 28, ""AC_45_KO"": -70, ""AC_50_C"": -6, ""AC_50_CO"": -35, ""AC_50_C_2"": -10, ""AC_60_C"": -43}",-5,-70,21,-35,-10,0,30,28,0,0,-6,-43
282,362.2738438818961,452.4441277408415,4203.622433325347,420.36224333253466,420.36224333253466,840.7244866650693,0.448,-6440.484126046206,-11950.832967888104,-21517.529577817368,7986.371771703018,-281.7745687227246,-1247.8471876296555,-813.9798966913021,-64.84092325354793,-813.9798966913021,-1668.2094309621903,362.2738438818961,"{""AC"": -180, ""AC_35_P"": 35, ""AC_40_BP"": -42, ""AC_45_KO"": -450, ""AC_50_C"": 50, ""AC_50_CO"": 16, ""AC_50_C_2"": 37, ""AC_50_P"": -4, ""AC_60_C"": 29}",-180,-450,-42,16,37,0,35,0,0,-4,50,29
283,-69.447444264866,119.84625105950494,477.34263451474436,47.73426345147443,47.73426345147443,95.46852690294887,0.381,-923.8993879690718,-1819.4462316319996,-3142.6726112409438,731.3275521988107,-161.83738306177318,-300.4222912571339,-231.89948418596396,-127.57597952618819,-231.89948418596396,-348.1565547086083,-69.447444264866,"{""AC"": -15, ""AC_40_BP"": 19, ""AC_40_P"": -37, ""AC_45_KO"": -360, ""AC_45_P"": -23, ""AC_50_C"": -4, ""AC_50_CO"": -2, ""AC_50_C_2"": 1, ""AC_60_C"": 23}",-15,-360,19,-2,1,0,0,-37,-23,0,-4,23
284,-65.31809625720132,-58.4996327852312,631.628792736964,63.1628792736964,63.1628792736964,126.3257585473928,0.531,-814.1091776639784,-2450.8730663459355,-4281.595208996109,1930.6203437662825,-146.72901402359918,-268.8453906731959,-219.01591254364627,-121.81427495882434,-219.01591254364627,-332.00826994689226,-65.31809625720132,"{""AC"": 10, ""AC_35_P"": 27, ""AC_40_BP"": 21, ""AC_40_P"": 38, ""AC_45_KO"": -460, ""AC_45_P"": -37, ""AC_50_C"": 12, ""AC_50_CO"": -29, ""AC_50_P_2"": -16}",10,-460,21,-29,0,-16,27,38,-37,0,12,0
285,319.86943431861977,709.5782618572425,4930.828983995197,493.08289839951965,493.08289839951965,986.1657967990393,0.432,-7665.313511606646,-15532.781793390828,-27572.08907453285,8590.95082873089,-446.66191684204483,-1596.4589435830417,-1076.469041622137,-186.66696586159244,-1076.469041622137,-2089.5418419825614,319.86943431861977,"{""AC"": -180, ""AC_35_P"": 32, ""AC_40_BP"": -50, ""AC_40_P"": 4, ""AC_45_KO"": -310, ""AC_50_C"": 16, ""AC_50_CO"": 20, ""AC_50_C_2"": 27, ""AC_60_C"": 41}",-180,-310,-50,20,27,0,32,4,0,0,16,41
286,-129.25118312728517,220.85334365161532,1369.792882843972,136.9792882843972,136.9792882843972,273.9585765687944,0.322,-2581.135436991598,-6408.414920825421,-11836.902177992306,1344.8474533624856,-387.364726826445,-774.5350423751847,-584.9111428182234,-292.55277704796436,-584.9111428182234,-911.5143306595819,-129.25118312728517,"{""AC"": -5, ""AC_40_BP"": 17, ""AC_45_KO"": -310, ""AC_50_C"": -4, ""AC_50_CO"": -25, ""AC_50_C_2"": -5, ""AC_50_P"": 8, ""AC_50_P_2"": -18, ""AC_60_C"": -9}",-5,-310,17,-25,-5,-18,0,0,0,8,-4,-9
287,-1.6064200400477713,-1431.3288526445644,4141.122793180772,414.1122793180772,414.1122793180772,828.2245586361544,0.644,-3505.819316604972,-3978.7879500317185,-5092.572595294554,30518.775495430495,-352.188351700545,-878.0612491912907,-734.5354571898322,-280.42545569981564,-734.5354571898322,-1292.1735285093678,-1.6064200400477713,"{""AC"": 105, ""AC_35_P"": 35, ""AC_40_BP"": 2, ""AC_45_KO"": -290, ""AC_45_P"": 1, ""AC_50_CO"": 10, ""AC_50_C_2"": -17, ""AC_50_P"": -29, ""AC_50_P_2"": 18}",105,-290,2,10,-17,18,35,0,1,-29,0,0
288,54.697063534941776,206.18252785447999,940.0924202557934,94.00924202557934,94.00924202557934,188.01848405115868,0.374,-1733.4459340523508,-2799.2558097979318,-3970.7970620033066,1665.0167163239078,-118.64752987029331,-378.66441997814593,-252.32444758570048,-55.4775436740706,-252.32444758570048,-472.67366200372527,54.697063534941776,"{""AC"": -30, ""AC_35_P"": 6, ""AC_40_BP"": -17, ""AC_40_P"": 8, ""AC_45_KO"": -280, ""AC_45_P"": 20, ""AC_50_CO"": -23, ""AC_50_C_2"": -14, ""AC_60_C"": 48}",-30,-280,-17,-23,-14,0,6,8,20,0,0,48
289,11.811232098435616,184.08449488594005,650.633728564026,65.0633728564026,65.0633728564026,130.1267457128052,0.253,-1196.535785340798,-2624.1220368518143,-5384.815465867296,1002.3587917013691,-107.84234643564419,-287.3227142367639,-200.20082213088534,-64.28140038270493,-200.20082213088534,-352.38608709316645,11.811232098435616,"{""AC"": -30, ""AC_35_P"": -7, ""AC_40_BP"": -26, ""AC_45_KO"": -210, ""AC_45_P"": 42, ""AC_50_C"": 7, ""AC_50_CO"": -2, ""AC_50_C_2"": 13, ""AC_50_P"": -47}",-30,-210,-26,-2,13,0,-7,0,42,-47,7,0
290,324.54990832740714,684.4485191106386,4581.018212002623,458.1018212002623,458.1018212002623,916.2036424005246,0.413,-7388.996234916699,-15072.868983046254,-28017.52010686622,7799.860733684434,-414.34971516426276,-1522.6991504017676,-1012.8504375102289,-159.42535871849338,-1012.8504375102289,-1980.80097160203,324.54990832740714,"{""AC"": -175, ""AC_35_P"": 50, ""AC_40_BP"": -44, ""AC_45_KO"": -320, ""AC_45_P"": -4, ""AC_50_C"": 50, ""AC_50_C_2"": 50, ""AC_60_C"": 10}",-175,-320,-44,0,50,0,50,0,-4,0,50,10
291,-221.0126685655491,-200.50529601159747,1240.4546814035023,124.04546814035022,124.04546814035022,248.09093628070045,0.547,-2188.0132366716225,-2585.2641976352747,-2798.261513250856,3390.6443506302853,-439.81399223271137,-768.0159777334547,-611.2373881364676,-361.4246974342178,-611.2373881364676,-892.0614458738049,-221.0126685655491,"{""AC"": 30, ""AC_35_P"": 45, ""AC_40_BP"": 16, ""AC_40_P"": 14, ""AC_45_KO"": -140, ""AC_45_P"": -42, ""AC_50_CO"": -27, ""AC_50_C_2"": -22, ""AC_50_P"": -41}",30,-140,16,-27,-22,0,45,14,-42,-41,0,0
292,-93.08187824219905,2272.6405237815584,8614.973225147693,861.4973225147693,861.4973225147693,1722.9946450295386,0.333,-16265.822591058508,-35096.7257766621,-62736.36521638294,8776.957870588429,-1719.66413734805,-4159.537526006826,-2963.7039281583598,-1121.747338423817,-2963.7039281583598,-5021.034848521595,-93.08187824219905,"{""AC"": -180, ""AC_35_P"": 27, ""AC_40_BP"": -14, ""AC_40_P"": 45, ""AC_45_KO"": -370, ""AC_45_P"": 14, ""AC_50_CO"": -31, ""AC_50_C_2"": -39, ""AC_50_P"": -45}",-180,-370,-14,-31,-39,0,27,45,14,-45,0,0
293,-19.356891740132905,-47.91491528343181,546.1700540663782,54.617005406637816,54.617005406637816,109.23401081327563,0.543,-616.1127853523548,-1886.2857738391783,-2961.6112817283165,2570.159018658347,-80.96817027536838,-173.3850880782216,-139.08231224630504,-63.8167823594101,-139.08231224630504,-228.00209348485942,-19.356891740132905,"{""AC"": 35, ""AC_40_BP"": 6, ""AC_45_KO"": -310, ""AC_50_C"": -4, ""AC_50_CO"": -13, ""AC_50_C_2"": -4, ""AC_50_P"": 30, ""AC_50_P_2"": -2, ""AC_60_C"": -8}",35,-310,6,-13,-4,-2,0,0,0,30,-4,-8
294,371.7471852613909,598.032739978399,4800.66006568253,480.06600656825304,480.06600656825304,960.1320131365061,0.443,-7109.587470852278,-14158.696941836859,-24890.12398938582,9008.018236235004,-339.211561823837,-1405.6496824516785,-934.7239386505773,-103.7486899232863,-934.7239386505773,-1885.7156890199315,371.7471852613909,"{""AC"": -180, ""AC_35_P"": 43, ""AC_40_BP"": -50, ""AC_45_KO"": -450, ""AC_50_C"": 32, ""AC_50_CO"": 20, ""AC_50_C_2"": 25, ""AC_50_P_2"": 12, ""AC_60_C"": 36}",-180,-450,-50,20,25,12,43,0,0,0,32,36
295,126.41462607891631,-263.3994659194783,1370.7468057879134,137.07468057879134,137.07468057879134,274.1493611575827,0.755,-688.0727362808007,-860.1183137534439,-921.876827710954,12168.843581270288,57.607352450836245,-45.60355799128385,-45.333624652599454,57.74231912017845,-45.333624652599454,-182.6782385700752,126.41462607891631,"{""AC"": 35, ""AC_35_P"": -25, ""AC_40_BP"": -29, ""AC_45_KO"": -20, ""AC_45_P"": 16, ""AC_50_CO"": -3, ""AC_50_P"": 43, ""AC_50_P_2"": 21, ""AC_60_C"": 14}",35,-20,-29,-3,0,21,-25,0,16,43,0,14
296,234.96728638074705,1342.3474214109797,6484.619982026744,648.4619982026744,648.4619982026744,1296.9239964053488,0.388,-11140.980417068931,-23660.144098840516,-42558.51472831387,9173.110136718502,-879.1307553261461,-2550.2778178864855,-1760.4107752809298,-484.1972340233681,-1760.4107752809298,-3198.73981608916,234.96728638074705,"{""AC"": -200, ""AC_35_P"": 28, ""AC_40_BP"": -19, ""AC_45_KO"": -140, ""AC_45_P"": 5, ""AC_50_C"": 22, ""AC_50_CO"": -1, ""AC_50_C_2"": 29, ""AC_60_C"": 20}",-200,-140,-19,-1,29,0,28,0,5,0,22,20
297,-144.18204756781944,779.4542251424479,2343.499947084738,234.3499947084738,234.3499947084738,468.6999894169476,0.273,-4374.8121556209835,-10760.579430189702,-19763.90992245067,1212.1702724922984,-581.6632631299178,-1237.8850864730653,-917.5788682652039,-421.51015402598705,-917.5788682652039,-1472.235081181539,-144.18204756781944,"{""AC"": -45, ""AC_35_P"": -30, ""AC_40_BP"": 4, ""AC_40_P"": 1, ""AC_45_KO"": -160, ""AC_45_P"": 2, ""AC_50_C"": -18, ""AC_50_CO"": -10, ""AC_50_P"": -24}",-45,-160,4,-10,0,0,-30,1,2,-24,-18,0
298,80.40844627423661,109.63147435633502,1228.1015526720264,122.81015526720265,122.81015526720265,245.6203105344053,0.444,-1980.374650250318,-3226.7363348932613,-4835.249169523737,7775.083830360651,-117.62901875079518,-414.6852162883429,-278.0528288969124,-49.31282505507995,-278.0528288969124,-537.4953715555455,80.40844627423661,"{""AC"": 5, ""AC_40_BP"": -31, ""AC_45_KO"": -90, ""AC_45_P"": -18, ""AC_50_C"": 19, ""AC_50_CO"": 22, ""AC_50_C_2"": -48, ""AC_50_P"": 40, ""AC_50_P_2"": 22}",5,-90,-31,22,-48,22,0,0,-18,40,19,0
299,214.93720625108367,687.6205235894538,4057.5741102774255,405.75741102774253,405.75741102774253,811.5148220554851,0.446,-6549.509705615862,-13043.178584855033,-22416.50896035961,6855.284712598901,-440.01376431050255,-1422.440220152882,-970.3679551051669,-213.97763178664508,-970.3679551051669,-1828.1976311806245,214.93720625108367,"{""AC"": -110, ""AC_35_P"": 29, ""AC_40_BP"": 13, ""AC_45_KO"": -480, ""AC_45_P"": -2, ""AC_50_C"": 18, ""AC_50_CO"": 16, ""AC_50_P"": 9, ""AC_50_P_2"": 19}",-110,-480,13,16,0,19,29,0,-2,9,18,0
300,144.35311966371495,-73.88671100392135,978.2873210608913,97.82873210608912,97.82873210608912,195.65746421217824,0.525,-944.0980271959558,-2517.5340639227056,-3389.2372185703143,2343.5483404060365,49.943316944119374,-91.67138713527399,-46.175950468722974,72.69103527739489,-46.175950468722974,-189.5001192413631,144.35311966371495,"{""AC"": -35, ""AC_35_P"": -15, ""AC_40_BP"": -2, ""AC_40_P"": 26, ""AC_45_KO"": -320, ""AC_45_P"": -12, ""AC_50_C"": 18, ""AC_50_CO"": 23, ""AC_50_P_2"": 14}",-35,-320,-2,23,0,14,-15,26,-12,0,18,0
301,-7.417983720376789,737.6343005926165,2298.8837311642224,229.88837311642223,229.88837311642223,459.77674623284446,0.325,-4082.4924767746766,-9239.575343787648,-17281.88386030782,2304.017958142461,-415.6672313978445,-1028.041102914046,-734.7360417947893,-269.0147008382162,-734.7360417947893,-1257.929476030468,-7.417983720376789,"{""AC"": -65, ""AC_35_P"": 10, ""AC_40_BP"": 15, ""AC_40_P"": -16, ""AC_45_KO"": -80, ""AC_50_C"": -25, ""AC_50_CO"": 21, ""AC_50_C_2"": 19, ""AC_50_P"": -34}",-65,-80,15,21,19,0,10,-16,0,-34,-25,0
302,-189.53099201295765,-1704.3709271079263,6192.531854199786,619.2531854199785,619.2531854199785,1238.506370839957,0.593,-7212.895119753072,-8256.75166088822,-8868.950130487756,38251.72766799301,-910.8205039882649,-1992.7547719512258,-1581.0918526859077,-704.989044355606,-1581.0918526859077,-2612.0079573712046,-189.53099201295765,"{""AC"": 180, ""AC_35_P"": -14, ""AC_40_BP"": -13, ""AC_40_P"": 9, ""AC_45_KO"": -230, ""AC_45_P"": 13, ""AC_50_C"": -16, ""AC_50_CO"": -32, ""AC_50_P_2"": -13}",180,-230,-13,-32,0,-13,-14,9,13,0,-16,0
303,135.36779843223573,-57.66763669347107,875.644838283027,87.5644838283027,87.5644838283027,175.1289676566054,0.553,-698.7739989061811,-941.253477758311,-1196.7053944022714,7257.52248680214,65.49039854161762,-39.32570129430954,-13.23054331784278,78.537977529851,-13.23054331784278,-126.89018512261224,135.36779843223573,"{""AC"": 10, ""AC_40_BP"": 25, ""AC_40_P"": -3, ""AC_45_KO"": -50, ""AC_50_CO"": -27, ""AC_50_C_2"": 43, ""AC_50_P"": 10, ""AC_50_P_2"": 42, ""AC_60_C"": 14}",10,-50,25,-27,43,42,0,-3,0,10,0,14
304,397.382927914374,54.33547666943963,2849.0064601440213,284.9006460144021,284.9006460144021,569.8012920288043,0.49,-3747.8312129859773,-6020.977791307091,-9949.932354473627,6609.972965634883,22.599806615776288,-539.5748753321203,-307.24207704072364,138.76620576147462,-307.24207704072364,-824.4755213465224,397.382927914374,"{""AC"": -130, ""AC_35_P"": 42, ""AC_40_BP"": -35, ""AC_40_P"": 12, ""AC_45_KO"": -440, ""AC_50_C"": 41, ""AC_50_CO"": 21, ""AC_50_C_2"": 44, ""AC_60_C"": 24}",-130,-440,-35,21,44,0,42,12,0,0,41,24
305,-33.58787879518707,1185.4898566276354,3664.537308342779,366.4537308342779,366.4537308342779,732.9074616685558,0.396,-6947.652417282313,-13927.990460885798,-24524.356673076858,3878.2878022291766,-728.3531205234184,-1770.5009831157654,-1258.962606804673,-472.5839323678722,-1258.962606804673,-2136.9547139500432,-33.58787879518707,"{""AC"": -80, ""AC_35_P"": -17, ""AC_40_BP"": 24, ""AC_45_KO"": -210, ""AC_45_P"": 23, ""AC_50_C"": 5, ""AC_50_CO"": -2, ""AC_50_C_2"": -26, ""AC_50_P"": -10}",-80,-210,24,-2,-26,0,-17,0,23,-10,5,0
306,-172.34778184593435,469.8608409648652,1915.3566807451136,191.53566807451136,191.53566807451136,383.0713361490227,0.284,-3702.936699949047,-8833.682811528382,-16357.013770814945,1175.1403397766924,-542.6414518408391,-1098.081956833196,-823.5561208755471,-405.3785338620146,-823.5561208755471,-1289.6176249077075,-172.34778184593435,"{""AC"": -75, ""AC_40_BP"": -6, ""AC_40_P"": -39, ""AC_45_KO"": -140, ""AC_45_P"": -44, ""AC_50_CO"": 24, ""AC_50_P"": -45, ""AC_50_P_2"": 4, ""AC_60_C"": -10}",-75,-140,-6,24,0,4,0,-39,-44,-45,0,-10
307,84.19503360727691,1026.7797645578758,3721.742535576535,372.1742535576535,372.1742535576535,744.348507115307,0.351,-6668.6008767929925,-14541.46463995991,-25641.461137267954,4521.995092155144,-582.6650540720225,-1582.9551855909713,-1102.1822246904987,-342.2785736217861,-1102.1822246904987,-1955.129439148625,84.19503360727691,"{""AC"": -110, ""AC_35_P"": -2, ""AC_40_BP"": -8, ""AC_40_P"": -2, ""AC_45_KO"": -70, ""AC_50_C"": 48, ""AC_50_CO"": -37, ""AC_50_P_2"": 40, ""AC_60_C"": 9}",-110,-70,-8,-37,0,40,-2,-2,0,0,48,9
308,82.04763158903376,1389.4566837401953,6243.660196258514,624.3660196258513,624.3660196258513,1248.7320392517026,0.372,-11451.930203757263,-24185.91442661998,-42321.05172352158,8015.641581610106,-1063.1453887866926,-2780.934919350282,-1947.9249087874814,-646.6403835052922,-1947.9249087874814,-3405.3009389761337,82.04763158903376,"{""AC"": -140, ""AC_35_P"": 43, ""AC_40_BP"": -28, ""AC_40_P"": -11, ""AC_45_KO"": -50, ""AC_45_P"": 28, ""AC_50_C"": -1, ""AC_50_CO"": -3, ""AC_50_C_2"": -15}",-140,-50,-28,-3,-15,0,43,-11,28,0,-1,0
309,-2.244793369720908,-879.0150704529383,2933.908826337165,293.3908826337165,293.3908826337165,586.781765267433,0.616,-2861.3481121726522,-3264.4795515751566,-4043.5932719251805,19878.945884541747,-288.37960458698615,-717.581821412884,-578.142451512477,-218.65991963678263,-578.142451512477,-1010.9727040466005,-2.244793369720908,"{""AC"": 95, ""AC_35_P"": -2, ""AC_40_BP"": -25, ""AC_40_P"": -18, ""AC_45_KO"": -330, ""AC_45_P"": 33, ""AC_50_CO"": -25, ""AC_50_P"": 32, ""AC_50_P_2"": 4}",95,-330,-25,-25,0,4,-2,-18,33,32,0,0
310,271.78659041247204,514.4878894345472,3281.439644848238,328.1439644848238,328.1439644848238,656.2879289696476,0.408,-5183.206729838959,-10208.326590333709,-19023.706880004866,5737.218372507907,-246.53408257142394,-1024.015092047268,-669.7664013057837,-69.4097372006819,-669.7664013057837,-1352.1590565320917,271.78659041247204,"{""AC"": -140, ""AC_35_P"": 41, ""AC_40_BP"": -43, ""AC_45_KO"": -500, ""AC_50_C"": 24, ""AC_50_CO"": -13, ""AC_50_C_2"": 42, ""AC_50_P"": -4, ""AC_60_C"": 49}",-140,-500,-43,-13,42,0,41,0,0,-4,24,49
311,89.98224962762075,1594.5528375523763,5936.732648508092,593.6732648508092,593.6732648508092,1187.3465297016185,0.359,-10533.734552417567,-23349.198625973597,-42701.51372500673,6747.1179314552555,-963.3912056141361,-2543.451388476771,-1786.9145656604187,-585.12279420596,-1786.9145656604187,-3137.1246533275803,89.98224962762075,"{""AC"": -150, ""AC_35_P"": -27, ""AC_40_BP"": 1, ""AC_45_KO"": -230, ""AC_45_P"": 27, ""AC_50_C"": -7, ""AC_50_CO"": -3, ""AC_50_C_2"": 31, ""AC_60_C"": -3}",-150,-230,1,-3,31,0,-27,0,27,0,-7,-3
312,-1.8107299489640063,653.1994770220149,2118.2139008349145,211.82139008349145,211.82139008349145,423.6427801669829,0.332,-3833.3915260757963,-8557.109783975944,-15217.107682360773,2238.7806460008524,-385.1498825565437,-960.158611467913,-682.7301539020791,-246.43565377362668,-682.7301539020791,-1171.9800015514045,-1.8107299489640063,"{""AC"": -45, ""AC_35_P"": 7, ""AC_40_BP"": -5, ""AC_45_KO"": -80, ""AC_45_P"": -6, ""AC_50_C"": -25, ""AC_50_CO"": -3, ""AC_50_P_2"": 5, ""AC_60_C"": 19}",-45,-80,-5,-3,0,5,7,0,-6,0,-25,19
313,308.58244060248336,781.6681322951573,5098.003094045776,509.80030940457766,509.80030940457766,1019.6006188091553,0.433,-7975.266903883865,-16136.010964495104,-28726.397693220366,8705.178155727792,-488.9442497859032,-1685.234285368483,-1142.6077496823852,-217.63098194285433,-1142.6077496823852,-2195.0345947730607,308.58244060248336,"{""AC"": -185, ""AC_35_P"": 25, ""AC_40_BP"": -42, ""AC_45_KO"": -290, ""AC_45_P"": 1, ""AC_50_C"": 23, ""AC_50_CO"": 24, ""AC_50_C_2"": 24, ""AC_60_C"": 32}",-185,-290,-42,24,24,0,25,0,1,0,23,32
314,-32.07787612544116,5.151384315683103,231.46923952476956,23.146923952476957,23.146923952476957,46.293847904953914,0.491,-342.17521620808725,-1030.694060014966,-1708.6052858443738,431.1405329888388,-66.29539774624988,-117.62168017746296,-94.97762053289271,-54.97336792396476,-94.97762053289271,-140.76860412993992,-32.07787612544116,"{""AC"": 10, ""AC_40_BP"": 8, ""AC_40_P"": -7, ""AC_45_KO"": -180, ""AC_45_P"": 1, ""AC_50_C"": -7, ""AC_50_CO"": -4, ""AC_50_C_2"": -3, ""AC_50_P_2"": 5}",10,-180,8,-4,-3,5,0,-7,1,0,-7,0
315,260.2844617972779,1221.7573213725714,6030.293952001938,603.0293952001938,603.0293952001938,1206.0587904003876,0.415,-10067.166021895911,-20918.046077100265,-37225.621084946,9131.7578097216,-746.4321403923133,-2256.5070436767,-1551.3051390872056,-393.83118809756616,-1551.3051390872056,-2859.536438876894,260.2844617972779,"{""AC"": -200, ""AC_35_P"": 38, ""AC_40_BP"": -11, ""AC_40_P"": -19, ""AC_45_KO"": -320, ""AC_50_C"": 21, ""AC_50_CO"": 14, ""AC_50_C_2"": 24, ""AC_60_C"": 28}",-200,-320,-11,14,24,0,38,-19,0,0,21,28
316,267.53976565227424,1269.0947207214563,6005.241343431246,600.5241343431246,600.5241343431246,1201.0482686862492,0.39,-9851.675606202476,-21594.440370694367,-39405.60527552935,8677.63107969063,-717.6277949679734,-2195.379135898345,-1510.473642449659,-375.1750482436307,-1510.473642449659,-2795.9032702414697,267.53976565227424,"{""AC"": -200, ""AC_35_P"": 10, ""AC_40_BP"": -39, ""AC_45_KO"": -220, ""AC_45_P"": 19, ""AC_50_C"": 30, ""AC_50_CO"": -6, ""AC_50_C_2"": 43, ""AC_60_C"": 23}",-200,-220,-39,-6,43,0,10,0,19,0,30,23
317,103.43801527317505,-1533.4352066179117,4350.037502665691,435.0037502665691,435.0037502665691,870.0075005331382,0.694,-2957.049645106307,-3231.692284784881,-3378.9496881734317,33519.19423342036,-192.26694923745566,-635.8243960034016,-557.6213066260555,-153.1654045487826,-557.6213066260555,-1070.8281462699706,103.43801527317505,"{""AC"": 100, ""AC_35_P"": -9, ""AC_40_BP"": 9, ""AC_40_P"": 24, ""AC_45_KO"": -10, ""AC_45_P"": 17, ""AC_50_CO"": 12, ""AC_50_C_2"": 9, ""AC_60_C"": 6}",100,-10,9,12,9,0,-9,24,17,0,0,6
318,302.27313105512854,713.4479553764406,4866.701890582801,486.6701890582801,486.6701890582801,973.3403781165601,0.439,-7700.096275972361,-15321.387798212076,-26960.166226760823,8419.380976335675,-467.73649654210755,-1622.7509379379617,-1096.0764048698654,-204.39923000805953,-1096.0764048698654,-2109.4211269962416,302.27313105512854,"{""AC"": -175, ""AC_35_P"": 37, ""AC_40_BP"": -30, ""AC_45_KO"": -470, ""AC_50_C"": 27, ""AC_50_CO"": 17, ""AC_50_C_2"": 19, ""AC_50_P_2"": -1, ""AC_60_C"": 33}",-175,-470,-30,17,19,-1,37,0,0,0,27,33
319,-208.028181422518,1365.6972875320707,4261.869968074298,426.18699680742986,426.18699680742986,852.3739936148597,0.267,-7926.6674984431365,-19386.058087052756,-35542.71965535668,3936.7967703518766,-1000.6949312668316,-2189.695056033302,-1610.1218045927033,-710.9083055465323,-1610.1218045927033,-2615.882052840732,-208.028181422518,"{""AC"": -90, ""AC_35_P"": -16, ""AC_40_BP"": -12, ""AC_45_KO"": -100, ""AC_45_P"": 15, ""AC_50_C"": 3, ""AC_50_CO"": -44, ""AC_50_P"": -12, ""AC_50_P_2"": -34}",-90,-100,-12,-44,0,-34,-16,0,15,-12,3,0
320,257.093434582393,711.6910720791371,4159.257576858766,415.9257576858766,415.9257576858766,831.8515153717532,0.417,-6581.853837180813,-13572.490446882608,-24283.565598744157,7010.625889597718,-401.0919491356883,-1388.3700247128102,-938.1475198376671,-175.9806966981168,-938.1475198376671,-1804.2957823986867,257.093434582393,"{""AC"": -165, ""AC_35_P"": 36, ""AC_40_BP"": -50, ""AC_45_KO"": -340, ""AC_45_P"": -4, ""AC_50_C"": 41, ""AC_50_CO"": -4, ""AC_50_C_2"": 20, ""AC_60_C"": 38}",-165,-340,-50,-4,20,0,36,0,-4,0,41,38
321,217.41072376210147,1697.2416769467259,7940.171718507692,794.0171718507693,794.0171718507693,1588.0343437015385,0.386,-13829.919562865925,-29523.196692155696,-52385.958093728186,10993.464517220875,-1165.581232524491,-3240.06916695438,-2254.085796593172,-672.589547343887,-2254.085796593172,-4034.0863388051494,217.41072376210147,"{""AC"": -195, ""AC_35_P"": 14, ""AC_40_BP"": 9, ""AC_40_P"": 44, ""AC_45_KO"": -140, ""AC_50_CO"": 8, ""AC_50_C_2"": 10, ""AC_50_P"": -15, ""AC_50_P_2"": 28}",-195,-140,9,8,10,28,14,44,0,-15,0,0
322,297.19950452465235,196.2610382846505,2777.339268356654,277.7339268356654,277.7339268356654,555.4678536713308,0.475,-3870.4407209471597,-6357.296605985388,-11074.354424058982,5883.166619313143,-89.84456757006365,-670.4106757121376,-422.2335670352543,34.24398676837801,-422.2335670352543,-948.1446025478031,297.19950452465235,"{""AC"": -130, ""AC_35_P"": 31, ""AC_40_BP"": -47, ""AC_45_KO"": -430, ""AC_50_C"": 26, ""AC_50_CO"": 18, ""AC_50_C_2"": 23, ""AC_50_P_2"": -6, ""AC_60_C"": 43}",-130,-430,-47,18,23,-6,31,0,0,0,26,43
323,-216.5193180114204,-1094.030311840196,4371.343284217939,437.1343284217939,437.1343284217939,874.2686568435878,0.575,-5473.3896457601995,-6361.705313438739,-6819.255102538876,25616.602312500112,-763.8582825874404,-1584.8667294514703,-1256.0949290863473,-599.4723824048789,-1256.0949290863473,-2022.0010578732642,-216.5193180114204,"{""AC"": 130, ""AC_35_P"": -3, ""AC_40_BP"": -7, ""AC_45_KO"": -210, ""AC_45_P"": -2, ""AC_50_C"": -25, ""AC_50_CO"": -13, ""AC_50_C_2"": -13, ""AC_50_P"": -26}",130,-210,-7,-13,-13,0,-3,0,-2,-26,-25,0
324,-217.13027639069696,1123.3385670987338,3844.2064091701372,384.4206409170137,384.4206409170137,768.8412818340274,0.25,-7065.509864950426,-17825.090341278537,-32995.08555426621,2936.440989884579,-923.6812628857397,-1983.5077426283035,-1469.1670765917677,-666.5109298674718,-1469.1670765917677,-2367.928383545317,-217.13027639069696,"{""AC"": -30, ""AC_40_BP"": -23, ""AC_45_P"": 46, ""AC_50_C"": -49, ""AC_50_CO"": -20, ""AC_50_P"": -16, ""AC_50_P_2"": -35, ""AC_60_C"": -24}",-30,0,-23,-20,0,-35,0,0,46,-16,-49,-24
325,-138.66520417064794,-496.73750492963495,2513.396734977614,251.3396734977614,251.3396734977614,502.6793469955228,0.614,-3131.744546170242,-3693.323416541731,-3982.579030340669,16034.52264820544,-451.83965878767214,-921.6013407132084,-734.096722845065,-358.08734985360036,-734.096722845065,-1172.9410142109698,-138.66520417064794,"{""AC"": 85, ""AC_35_P"": -33, ""AC_40_BP"": 15, ""AC_45_KO"": -100, ""AC_45_P"": 25, ""AC_50_C"": -3, ""AC_50_CO"": -17, ""AC_50_C_2"": -25}",85,-100,15,-17,-25,0,-33,0,25,0,-3,0
326,-251.70837978091086,15.839667662778483,2461.7358584244525,246.17358584244525,246.17358584244525,492.3471716848905,0.498,-4263.992328561286,-5021.195318756533,-5444.560353498615,6784.617240089902,-678.1076126370394,-1317.7064619212324,-1014.3940219863263,-526.4513926695865,-1014.3940219863263,-1563.8800477636776,-251.70837978091086,"{""AC"": 65, ""AC_35_P"": -3, ""AC_40_BP"": -22, ""AC_40_P"": -47, ""AC_45_KO"": -480, ""AC_45_P"": -34, ""AC_50_C"": -3, ""AC_50_CO"": -43, ""AC_50_P"": 31}",65,-480,-22,-43,0,0,-3,-47,-34,31,-3,0
327,-142.0631047594993,-275.384960966353,1528.151692741428,152.8151692741428,152.8151692741428,305.6303385482856,0.549,-2335.2599052101846,-2744.9252789137254,-3298.980622444144,6350.340589515502,-375.58909528051777,-725.8780810620455,-568.7596751780984,-297.02989233854424,-568.7596751780984,-878.6932503361883,-142.0631047594993,"{""AC"": 50, ""AC_35_P"": -9, ""AC_40_BP"": 1, ""AC_45_KO"": -300, ""AC_50_CO"": -1, ""AC_50_C_2"": -7, ""AC_50_P"": -14, ""AC_50_P_2"": -9, ""AC_60_C"": -27}",50,-300,1,-1,-7,-9,-9,0,0,-14,0,-27
328,-75.72422960211311,-541.8416783255718,2191.9178308749306,219.19178308749306,219.19178308749306,438.38356617498613,0.571,-2573.078000503075,-3483.9496431193106,-5259.522120482707,13150.46056863398,-333.03202965242065,-718.9937297278819,-571.2818212213209,-259.1760753991402,-571.2818212213209,-938.185512815375,-75.72422960211311,"{""AC"": 50, ""AC_40_BP"": -8, ""AC_40_P"": -5, ""AC_45_KO"": -470, ""AC_45_P"": -14, ""AC_50_C"": -7, ""AC_50_CO"": 5, ""AC_50_P"": -13, ""AC_60_C"": -3}",50,-470,-8,5,0,0,0,-5,-14,-13,-7,-3
329,319.64381315235283,903.5016234539917,5421.902754182768,542.1902754182768,542.1902754182768,1084.3805508365535,0.426,-8552.268636912371,-17864.658998677543,-32245.992070633474,8959.739193746374,-535.5830505388844,-1818.42334607574,-1234.291620093641,-243.51718754783496,-1234.291620093641,-2360.613621494017,319.64381315235283,"{""AC"": -190, ""AC_35_P"": 42, ""AC_40_BP"": -22, ""AC_45_KO"": -410, ""AC_45_P"": -7, ""AC_50_C"": 28, ""AC_50_CO"": 16, ""AC_50_C_2"": 37, ""AC_60_C"": 22}",-190,-410,-22,16,37,0,42,0,-7,0,28,22
330,-221.81353978808698,-781.3261083098703,3609.067209408167,360.9067209408167,360.9067209408167,721.8134418816334,0.6,-4438.011718589487,-5172.118257330317,-5569.863218356327,23374.33652667989,-665.6147116470356,-1331.3164694354587,-1067.9686580469183,-533.9408059527655,-1067.9686580469183,-1692.2231903762754,-221.81353978808698,"{""AC"": 95, ""AC_35_P"": -24, ""AC_40_BP"": 10, ""AC_45_KO"": -60, ""AC_50_CO"": -5, ""AC_50_C_2"": -45, ""AC_50_P"": -30, ""AC_50_P_2"": 3, ""AC_60_C"": 8}",95,-60,10,-5,-45,3,-24,0,0,-30,0,8
331,126.54264972075005,722.9960348347918,3910.195669345571,391.0195669345571,391.0195669345571,782.0391338691142,0.426,-6850.474481915818,-12950.2132212483,-22159.851965935177,6008.6346410322885,-558.5047984708317,-1586.0759707582044,-1096.5383060339009,-313.73596610868015,-1096.5383060339009,-1977.0955376927616,126.54264972075005,"{""AC"": -75, ""AC_35_P"": -5, ""AC_40_BP"": 20, ""AC_40_P"": 30, ""AC_45_KO"": -50, ""AC_50_C"": -3, ""AC_50_CO"": 11, ""AC_50_C_2"": -23, ""AC_50_P_2"": 42}",-75,-50,20,11,-23,42,-5,30,0,0,-3,0
332,220.29921476095876,848.1283393996691,4718.958125802088,471.8958125802088,471.8958125802088,943.7916251604177,0.429,-7804.25939903361,-16364.434209057941,-28476.52176528463,7653.180109717769,-560.1267251424023,-1730.7656349974436,-1186.2876013841872,-287.88770833577394,-1186.2876013841872,-2202.6614475776523,220.29921476095876,"{""AC"": -100, ""AC_40_BP"": -39, ""AC_40_P"": 28, ""AC_45_KO"": -330, ""AC_45_P"": 30, ""AC_50_C"": -9, ""AC_50_CO"": 11, ""AC_50_C_2"": -1, ""AC_50_P_2"": 38}",-100,-330,-39,11,-1,38,0,28,30,0,-9,0
333,395.84008897400184,250.8614439855412,3965.582558492139,396.5582558492139,396.5582558492139,793.1165116984278,0.471,-5655.909552648321,-9839.461447425245,-17284.206458068544,8067.601999498962,-169.7508662908303,-1018.1372991880783,-650.8254718478531,13.905047379282308,-650.8254718478531,-1414.6955550372923,395.84008897400184,"{""AC"": -175, ""AC_35_P"": 50, ""AC_40_BP"": -24, ""AC_45_KO"": -380, ""AC_50_C"": 44, ""AC_50_CO"": 14, ""AC_50_C_2"": 33, ""AC_50_P_2"": -6, ""AC_60_C"": 50}",-175,-380,-24,14,33,-6,50,0,0,0,44,50
334,-157.9800807967569,1166.3736571235586,3104.010091333543,310.4010091333543,310.4010091333543,620.8020182667086,0.296,-5994.267742883033,-13223.162456571114,-24126.843035138772,1876.555787058843,-757.4068550850602,-1656.5470165175152,-1212.320746795889,-535.2937202242472,-1212.320746795889,-1966.9480256508696,-157.9800807967569,"{""AC"": -80, ""AC_35_P"": 7, ""AC_40_BP"": -7, ""AC_40_P"": -32, ""AC_45_KO"": -80, ""AC_50_C"": -10, ""AC_50_CO"": 9, ""AC_50_C_2"": -19, ""AC_50_P"": -45}",-80,-80,-7,9,-19,0,7,-32,0,-45,-10,0
335,7.1900007985802805,-940.5097544233339,2711.8927935938336,271.18927935938336,271.18927935938336,542.3785587187667,0.649,-2381.7897048723803,-2667.9335529422497,-2986.84347293199,18862.69663349173,-230.98896968865776,-588.2574254195148,-485.67309461196845,-179.6968042848846,-485.67309461196845,-859.4467047788982,7.1900007985802805,"{""AC"": 85, ""AC_35_P"": 3, ""AC_40_BP"": 24, ""AC_40_P"": 31, ""AC_45_KO"": -220, ""AC_50_C"": -29, ""AC_50_CO"": 6, ""AC_50_C_2"": 13, ""AC_50_P_2"": -13}",85,-220,24,6,13,-13,3,31,0,0,-29,0
336,344.69824001418976,852.0554513682335,4976.179238203602,497.6179238203602,497.6179238203602,995.2358476407204,0.429,-7960.6073348242935,-15342.48725653987,-27795.11267831562,8451.351425696825,-451.3624934682397,-1645.4535936918837,-1098.2018221196342,-177.736607682115,-1098.2018221196342,-2143.071517512244,344.69824001418976,"{""AC"": -195, ""AC_35_P"": 15, ""AC_40_BP"": -29, ""AC_40_P"": -4, ""AC_45_KO"": -500, ""AC_50_C"": 16, ""AC_50_CO"": 19, ""AC_50_C_2"": 45, ""AC_60_C"": 50}",-195,-500,-29,19,45,0,15,-4,0,0,16,50
337,207.4561672417525,-2287.1864797140315,6597.555873031494,659.7555873031495,659.7555873031495,1319.511174606299,0.691,-4279.341623345919,-5131.851309112857,-6730.509862101277,51788.706375626396,-220.47799509283948,-862.3792385947273,-764.3228699117101,-171.44981075133086,-764.3228699117101,-1522.134825897877,207.4561672417525,"{""AC"": 150, ""AC_35_P"": 22, ""AC_40_BP"": -1, ""AC_45_KO"": -370, ""AC_45_P"": 23, ""AC_50_C"": 19, ""AC_50_CO"": 12, ""AC_50_P_2"": 39, ""AC_60_C"": 7}",150,-370,-1,12,0,39,22,0,23,0,19,7
338,-188.53079349597678,-23.76283123998426,1013.854456565192,101.3854456565192,101.3854456565192,202.7708913130384,0.51,-1917.1961292736703,-4182.388573458224,-6170.174069234498,1043.0942687188858,-380.25040642334386,-667.8298258143943,-526.8029357152868,-309.7369613737901,-526.8029357152868,-769.2152714709135,-188.53079349597678,"{""AC"": -15, ""AC_35_P"": -5, ""AC_40_BP"": -7, ""AC_40_P"": -45, ""AC_45_KO"": -460, ""AC_45_P"": -20, ""AC_50_CO"": -13, ""AC_50_C_2"": -24, ""AC_60_C"": 14}",-15,-460,-7,-13,-24,0,-5,-45,-20,0,0,14
339,187.16134488820944,758.5071631898825,4094.276315100778,409.4276315100778,409.4276315100778,818.8552630201556,0.427,-6857.768113276331,-13607.844548985537,-23255.43613455305,6705.916125702164,-498.6154664394237,-1527.2806834308733,-1046.217687858279,-258.0839686531266,-1046.217687858279,-1936.7083149409511,187.16134488820944,"{""AC"": -140, ""AC_35_P"": 35, ""AC_40_BP"": -47, ""AC_45_KO"": -420, ""AC_50_C"": 17, ""AC_50_CO"": 9, ""AC_50_C_2"": -6, ""AC_50_P_2"": -5, ""AC_60_C"": 37}",-140,-420,-47,9,-6,-5,35,0,0,0,17,37
340,-100.43953971734116,-54.165907639869815,740.7090105636364,74.07090105636364,74.07090105636364,148.14180211272728,0.524,-1252.3168116103725,-1938.9204915484277,-3912.2532021809693,2494.4481118592334,-225.67122087837842,-413.5187426199343,-325.3225119870788,-181.57310556195068,-325.3225119870788,-487.58964367629795,-100.43953971734116,"{""AC"": 5, ""AC_40_BP"": -6, ""AC_40_P"": -6, ""AC_45_KO"": -110, ""AC_50_C"": 15, ""AC_50_CO"": -47, ""AC_50_P"": 30, ""AC_50_P_2"": -23, ""AC_60_C"": 11}",5,-110,-6,-47,0,-23,0,-6,0,30,15,11
341,-123.42806602640648,1923.5685624826574,6587.23059118234,658.723059118234,658.723059118234,1317.446118236468,0.313,-12037.464024518931,-28220.572871028697,-51037.23233771747,5662.274564326687,-1327.1744684782996,-3132.7940721561395,-2258.409199263363,-889.9820320319116,-2258.409199263363,-3791.5171312743732,-123.42806602640648,"{""AC"": -120, ""AC_40_BP"": 10, ""AC_40_P"": 8, ""AC_45_KO"": -80, ""AC_45_P"": 13, ""AC_50_C"": -17, ""AC_50_CO"": -19, ""AC_50_P_2"": -21, ""AC_60_C"": -29}",-120,-80,10,-19,0,-21,0,8,13,0,-17,-29
342,311.32839276198666,52.785847317834566,1885.741152966384,188.5741152966384,188.5741152966384,377.1482305932768,0.494,-2492.8052303666577,-3468.244499253429,-5781.47637175847,4578.9579314552575,62.04786972532088,-311.87291482967777,-156.8794494413312,139.54460241949417,-156.8794494413312,-500.4470301263162,311.32839276198666,"{""AC"": -100, ""AC_35_P"": 41, ""AC_40_BP"": -39, ""AC_40_P"": -5, ""AC_45_KO"": -360, ""AC_50_C"": 25, ""AC_50_CO"": 11, ""AC_50_C_2"": 38, ""AC_60_C"": 39}",-100,-360,-39,11,38,0,41,-5,0,0,25,39
343,-50.62836263694024,-658.9383987907644,2572.0198940336127,257.20198940336127,257.20198940336127,514.4039788067225,0.602,-2834.991283402362,-3211.481479413245,-3406.9434942415655,15934.465694997085,-334.1274909771764,-759.3761834875307,-604.4780498489752,-256.6784241578987,-604.4780498489752,-1016.578172890892,-50.62836263694024,"{""AC"": 75, ""AC_35_P"": 26, ""AC_40_BP"": 18, ""AC_40_P"": -8, ""AC_45_KO"": -260, ""AC_50_C"": 24, ""AC_50_CO"": -30, ""AC_50_P"": 9, ""AC_60_C"": -14}",75,-260,18,-30,0,0,26,-8,0,9,24,-14
344,-135.11305115118716,924.3998122862856,3411.5341840888245,341.15341840888243,341.15341840888243,682.3068368177649,0.278,-6198.462689591825,-15383.470413286557,-28333.466326812617,2853.6372208576477,-754.9593201103697,-1684.7287235491435,-1235.4591637944022,-530.3245402329991,-1235.4591637944022,-2025.8821419580258,-135.11305115118716,"{""AC"": -35, ""AC_35_P"": 22, ""AC_40_BP"": -1, ""AC_45_KO"": -220, ""AC_45_P"": 17, ""AC_50_C"": -24, ""AC_50_CO"": -7, ""AC_50_P_2"": -34, ""AC_60_C"": -39}",-35,-220,-1,-7,0,-34,22,0,17,0,-24,-39
345,344.63560748791537,204.69387486361927,3101.4820718530837,310.14820718530837,310.14820718530837,620.2964143706167,0.479,-4283.028725370633,-6942.090327052681,-11523.781164126252,6470.325886898246,-83.66726504914794,-726.1215738547428,-452.8928049103337,52.94711942305662,-452.8928049103337,-1036.2697810400512,344.63560748791537,"{""AC"": -165, ""AC_35_P"": 21, ""AC_40_BP"": -39, ""AC_45_KO"": -500, ""AC_50_C"": 45, ""AC_50_CO"": 22, ""AC_50_C_2"": 35, ""AC_50_P_2"": -23, ""AC_60_C"": 50}",-165,-500,-39,22,35,-23,21,0,0,0,45,50
346,339.13857326208876,201.66394673372594,2706.967747789486,270.6967747789486,270.6967747789486,541.3935495578972,0.454,-3857.4295626419635,-7278.596406292371,-12628.654411869136,5832.585780012021,-46.604383002107625,-625.218817398402,-374.8242485236801,78.59290143525341,-374.8242485236801,-895.9155921773506,339.13857326208876,"{""AC"": -110, ""AC_35_P"": 50, ""AC_40_BP"": -50, ""AC_45_KO"": -440, ""AC_50_C"": 24, ""AC_50_CO"": 11, ""AC_50_C_2"": 50, ""AC_50_P_2"": 12, ""AC_60_C"": 15}",-110,-440,-50,11,50,12,50,0,0,0,24,15
347,-355.2697045925411,-125.29963515255014,2947.5830543064967,294.75830543064967,294.75830543064967,589.5166108612993,0.507,-5130.397484713782,-6105.502614177007,-6607.755543591526,6444.22018954466,-868.3094530639194,-1637.8690757709867,-1272.2084800149332,-685.4791551858926,-1272.2084800149332,-1932.6273812016364,-355.2697045925411,"{""AC"": 50, ""AC_40_BP"": -20, ""AC_40_P"": -40, ""AC_45_KO"": -130, ""AC_45_P"": -36, ""AC_50_C"": 32, ""AC_50_CO"": -17, ""AC_50_P"": -48, ""AC_60_C"": -50}",50,-130,-20,-17,0,0,0,-40,-36,-48,32,-50
348,293.1682266705391,463.2530829759759,3483.135127975199,348.3135127975199,348.3135127975199,696.6270255950398,0.441,-5169.726229090168,-9803.826119460049,-17080.374257563773,6596.71717857604,-223.80439623847775,-999.263330602003,-656.4474640917459,-52.39646298334928,-656.4474640917459,-1347.5768433995229,293.1682266705391,"{""AC"": -160, ""AC_35_P"": 28, ""AC_40_BP"": -46, ""AC_40_P"": -6, ""AC_45_KO"": -310, ""AC_50_C"": 43, ""AC_50_CO"": 4, ""AC_50_C_2"": 20, ""AC_60_C"": 50}",-160,-310,-46,4,20,0,28,-6,0,0,43,50
349,-139.94578333139393,2630.9784234941426,9316.397958679496,931.6397958679496,931.6397958679496,1863.2795917358992,0.321,-16901.977725953326,-39383.37758299662,-71080.03424753182,8670.371017075193,-1830.1435559267265,-4365.440214819725,-3141.062340158368,-1217.9546185960478,-3141.062340158368,-5297.080010687675,-139.94578333139393,"{""AC"": -195, ""AC_35_P"": 8, ""AC_40_BP"": -12, ""AC_40_P"": 7, ""AC_45_KO"": -280, ""AC_50_C"": -23, ""AC_50_CO"": -9, ""AC_50_P_2"": -39, ""AC_60_C"": -30}",-195,-280,-12,-9,0,-39,8,7,0,0,-23,-30
350,93.12341967002216,7.588150364806641,516.351031354745,51.6351031354745,51.6351031354745,103.270206270949,0.492,-526.7164125869202,-1062.4215341964234,-1305.7810575489266,3498.7723417726274,40.45177841133013,-38.5556834767079,-11.70159378575313,53.878823256807514,-11.70159378575313,-90.1907866121824,93.12341967002216,"{""AC"": 10, ""AC_40_BP"": -46, ""AC_40_P"": 39, ""AC_45_KO"": -90, ""AC_45_P"": -11, ""AC_50_CO"": 1, ""AC_50_C_2"": 8, ""AC_50_P"": 19, ""AC_60_C"": -1}",10,-90,-46,1,8,0,0,39,-11,19,0,-1
351,-269.2390871773978,-13.163968944654414,2223.041350022344,222.3041350022344,222.3041350022344,444.6082700044688,0.5,-3920.241634790741,-4601.694624981537,-4980.980317557283,5093.914678877618,-661.2632506564719,-1249.299495875083,-968.4273998971262,-520.8272026674935,-968.4273998971262,-1471.6036308773175,-269.2390871773978,"{""AC"": 85, ""AC_35_P"": 9, ""AC_40_BP"": -3, ""AC_40_P"": -9, ""AC_45_KO"": -450, ""AC_45_P"": -10, ""AC_50_CO"": -46, ""AC_50_P_2"": -3, ""AC_60_C"": -39}",85,-450,-3,-46,0,-3,9,-9,-10,0,0,-39
352,-155.03412086873846,161.05248155856535,1048.7680602126686,104.87680602126686,104.87680602126686,209.75361204253372,0.442,-2033.6538931605653,-2503.3380392894483,-2745.2609162849226,2599.4368975715265,-358.39951018479496,-663.4475941588798,-512.5206078534567,-282.93601703208344,-512.5206078534567,-768.3244001801467,-155.03412086873846,"{""AC"": 25, ""AC_35_P"": -30, ""AC_40_BP"": 24, ""AC_45_KO"": -30, ""AC_45_P"": -17, ""AC_50_C"": -35, ""AC_50_CO"": -2, ""AC_50_C_2"": 18, ""AC_50_P"": -18}",25,-30,24,-2,18,0,-30,0,-17,-18,-35,0
353,78.49144925383229,1206.063465472017,4771.668473892898,477.1668473892898,477.1668473892898,954.3336947785796,0.326,-8518.686410763838,-19190.790623056764,-34237.45254162989,5941.93386052024,-773.3771918225516,-2051.180153437127,-1437.8949360553881,-466.7345831316821,-1437.8949360553881,-2528.3470008264167,78.49144925383229,"{""AC"": -55, ""AC_35_P"": 31, ""AC_40_BP"": -45, ""AC_45_KO"": -10, ""AC_45_P"": 19, ""AC_50_C"": -46, ""AC_50_CO"": -21, ""AC_50_P"": 25, ""AC_50_P_2"": 46}",-55,-10,-45,-21,0,46,31,0,19,25,-46,0
354,21.346608463093435,-2370.142000141495,7568.055226980215,756.8055226980215,756.8055226980215,1513.611045396043,0.652,-6593.150521369035,-7393.467873190758,-7812.216539121982,54237.016184450804,-637.9684436738102,-1626.9410218791654,-1346.0287310912727,-497.51229827986367,-1346.0287310912727,-2383.746544577187,21.346608463093435,"{""AC"": 180, ""AC_35_P"": 11, ""AC_40_BP"": -13, ""AC_40_P"": -12, ""AC_45_KO"": -50, ""AC_45_P"": 12, ""AC_50_CO"": 9, ""AC_50_C_2"": 11, ""AC_50_P_2"": 1}",180,-50,-13,9,11,1,11,-12,12,0,0,0
355,3.5125346605400263,1766.7427524331024,6474.328245827616,647.4328245827617,647.4328245827617,1294.8656491655233,0.348,-11587.683083584283,-25985.603506593165,-46335.597084991256,7058.971597911057,-1155.2557736978883,-2893.4082362355307,-2058.3563401684833,-737.7298256643646,-2058.3563401684833,-3540.841060818292,3.5125346605400263,"{""AC"": -175, ""AC_40_BP"": -22, ""AC_40_P"": 1, ""AC_45_KO"": -170, ""AC_45_P"": -15, ""AC_50_C"": 3, ""AC_50_CO"": 5, ""AC_50_P_2"": -15, ""AC_60_C"": 2}",-175,-170,-22,5,0,-15,0,1,-15,0,3,2
356,349.5698222483987,1030.5679444828384,6260.189834063256,626.0189834063256,626.0189834063256,1252.0379668126511,0.417,-10140.274900385823,-21278.964218174428,-38914.79958704602,9994.778691826898,-664.4576677901837,-2185.498902848057,-1484.4809045126376,-313.94866862247386,-1484.4809045126376,-2811.5178862543826,349.5698222483987,"{""AC"": -200, ""AC_35_P"": 28, ""AC_40_BP"": -37, ""AC_45_KO"": -380, ""AC_45_P"": 1, ""AC_50_C"": 28, ""AC_50_CO"": 19, ""AC_50_C_2"": 50, ""AC_50_P"": 19}",-200,-380,-37,19,50,0,28,0,1,19,28,0
357,237.34261082169903,735.648134725831,4212.596325552726,421.25963255527256,421.25963255527256,842.5192651105451,0.412,-6772.439696912011,-13934.851790403722,-24984.30310972689,6899.99217857604,-439.901358869502,-1455.7673134063036,-989.1531599927389,-206.59428216271965,-989.1531599927389,-1877.026945961576,237.34261082169903,"{""AC"": -155, ""AC_35_P"": 17, ""AC_40_BP"": -50, ""AC_45_KO"": -180, ""AC_45_P"": 6, ""AC_50_C"": 22, ""AC_50_CO"": 8, ""AC_50_C_2"": 21, ""AC_60_C"": 32}",-155,-180,-50,8,21,0,17,0,6,0,22,32
358,275.0210829979138,97.53167448758055,2514.3868594688765,251.43868594688766,251.43868594688766,502.8773718937753,0.488,-3525.85862801365,-6162.489960213443,-10821.494465275056,5322.955007492421,-77.56477980345119,-606.4435740054987,-379.5770541775775,35.8684801105094,-379.5770541775775,-857.8822599523863,275.0210829979138,"{""AC"": -105, ""AC_35_P"": 31, ""AC_40_BP"": -27, ""AC_45_KO"": -130, ""AC_45_P"": 22, ""AC_50_C"": 36, ""AC_50_CO"": 1, ""AC_50_C_2"": 21, ""AC_60_C"": 26}",-105,-130,-27,1,21,0,31,0,22,0,36,26
359,19.421401301280188,185.37612465623798,655.5200922656231,65.55200922656232,65.55200922656232,131.10401845312464,0.394,-1143.6184568391275,-2745.4820025928307,-4074.642045494369,818.983114055746,-94.94044438263256,-266.4832129085017,-184.89737183787008,-54.14752384731677,-184.89737183787008,-332.03522213506403,19.421401301280188,"{""AC"": -5, ""AC_40_BP"": 2, ""AC_40_P"": -11, ""AC_45_KO"": -430, ""AC_50_C"": 20, ""AC_50_CO"": -5, ""AC_50_C_2"": -13, ""AC_50_P"": 29, ""AC_60_C"": -11}",-5,-430,2,-5,-13,0,0,-11,0,29,20,-11
360,-199.55257792043642,-546.8377452071217,3057.359870696857,305.7359870696857,305.7359870696857,611.4719741393714,0.568,-4288.3891204657375,-5010.55796493649,-5447.528653178231,16468.175653781014,-628.3914899670102,-1271.6498580368707,-995.6789395251399,-490.40603071114475,-995.6789395251399,-1577.3858451065564,-199.55257792043642,"{""AC"": 60, ""AC_35_P"": -35, ""AC_40_BP"": 7, ""AC_40_P"": 3, ""AC_45_KO"": -190, ""AC_50_CO"": -4, ""AC_50_C_2"": -2, ""AC_50_P"": -47, ""AC_50_P_2"": -10}",60,-190,7,-4,-2,-10,-35,3,0,-47,0,0
361,203.29731026484572,127.07683975544015,1228.0875903892565,122.80875903892566,122.80875903892566,245.61751807785132,0.46,-1711.2515131124828,-3276.5928043394733,-5820.106176923139,3478.1770206350593,32.17215895359743,-224.515568013275,-114.79479622148949,87.03254484949017,-114.79479622148949,-347.32432705220066,203.29731026484572,"{""AC"": -70, ""AC_35_P"": 46, ""AC_40_BP"": -41, ""AC_45_KO"": -390, ""AC_50_C"": 38, ""AC_50_CO"": 2, ""AC_50_C_2"": 40, ""AC_50_P"": -17, ""AC_50_P_2"": -4}",-70,-390,-41,2,40,-4,46,0,0,-17,38,0
362,59.727120584387634,1342.6470176067453,5114.505275181852,511.4505275181852,511.4505275181852,1022.9010550363704,0.357,-9151.060453872915,-20023.80467905583,-36122.75743994716,6076.325766918432,-855.3789248029038,-2228.037992883841,-1568.657211255642,-525.6885339888044,-1568.657211255642,-2739.488520402026,59.727120584387634,"{""AC"": -130, ""AC_35_P"": 30, ""AC_40_BP"": -9, ""AC_40_P"": -28, ""AC_45_KO"": -90, ""AC_50_CO"": -1, ""AC_50_C_2"": 8, ""AC_50_P"": 6, ""AC_50_P_2"": 4}",-130,-90,-9,-1,8,4,30,-28,0,6,0,0
363,-15.582030513181264,1741.101041406565,5469.55351763674,546.955351763674,546.955351763674,1093.910703527348,0.336,-9973.033948682201,-22482.13970571407,-40118.80080699242,5307.848338328281,-1012.8854253814014,-2508.8405176837314,-1785.0147986973484,-650.9725658882098,-1785.0147986973484,-3055.7958694474055,-15.582030513181264,"{""AC"": -125, ""AC_35_P"": -9, ""AC_40_BP"": -2, ""AC_40_P"": 2, ""AC_45_KO"": -40, ""AC_45_P"": 1, ""AC_50_CO"": -34, ""AC_50_P"": 21, ""AC_60_C"": 16}",-125,-40,-2,-34,0,0,-9,2,1,21,0,16
364,118.5594079865771,1597.233630280697,6494.507923183352,649.4507923183353,649.4507923183353,1298.9015846366706,0.387,-11354.286944734677,-24825.63160615362,-43818.958945991835,8257.144777934769,-1016.8692864868906,-2720.012328197092,-1909.309029882792,-611.5176373297406,-1909.309029882792,-3369.4631205154274,118.5594079865771,"{""AC"": -185, ""AC_35_P"": 9, ""AC_40_BP"": -8, ""AC_45_KO"": -270, ""AC_50_C"": 30, ""AC_50_CO"": -5, ""AC_50_P"": -4, ""AC_50_P_2"": 9, ""AC_60_C"": 6}",-185,-270,-8,-5,0,9,9,0,0,-4,30,6
365,-247.16432366471955,-1257.713037265078,5011.29224014796,501.129224014796,501.129224014796,1002.258448029592,0.571,-6185.201739691159,-7091.747756771204,-7643.625978413429,30422.480349816793,-865.6844976338355,-1793.4647585875093,-1425.5091966257912,-681.7067166529765,-1425.5091966257912,-2294.5939826023055,-247.16432366471955,"{""AC"": 130, ""AC_40_BP"": -38, ""AC_45_KO"": -130, ""AC_45_P"": -44, ""AC_50_C"": -16, ""AC_50_CO"": -6, ""AC_50_C_2"": -21, ""AC_50_P_2"": -13, ""AC_60_C"": 4}",130,-130,-38,-6,-21,-13,0,0,-44,0,-16,4
366,262.42730952193585,170.37180870788802,2848.288070788612,284.8288070788612,284.8288070788612,569.6576141577224,0.484,-3904.141165546207,-6679.790701318635,-10749.789416998246,5953.35693560875,-127.98680703268485,-713.6079818646159,-465.6082688494258,-3.986950525089796,-465.6082688494258,-998.436788943477,262.42730952193585,"{""AC"": -135, ""AC_35_P"": 32, ""AC_40_BP"": -50, ""AC_40_P"": 9, ""AC_45_KO"": -310, ""AC_50_C"": 41, ""AC_50_CO"": 13, ""AC_50_P_2"": -16, ""AC_60_C"": 48}",-135,-310,-50,13,0,-16,32,9,0,0,41,48
367,267.7189817632622,198.60633798435768,1277.3729885396558,127.73729885396558,127.73729885396558,255.47459770793117,0.453,-1705.4427522143508,-2699.9770241349747,-3642.8467484497005,5856.789319373969,97.1747065418271,-158.6417062903255,-51.96608049587318,150.51251943905325,-51.96608049587318,-286.37900514429106,267.7189817632622,"{""AC"": -70, ""AC_35_P"": 28, ""AC_40_BP"": -50, ""AC_40_P"": -8, ""AC_45_KO"": -370, ""AC_50_C"": 13, ""AC_50_CO"": 14, ""AC_50_C_2"": 47, ""AC_60_C"": 30}",-70,-370,-50,14,47,0,28,-8,0,0,13,30
368,-83.74553885315738,718.2945388226611,1969.739531451535,196.9739531451535,196.9739531451535,393.947906290307,0.314,-4096.716142668194,-8301.618590564494,-13949.914786311932,1462.5614790712307,-493.41715311997683,-1107.9245745202059,-796.7399368259632,-337.82483427285547,-796.7399368259632,-1304.8985276653593,-83.74553885315738,"{""AC"": -35, ""AC_35_P"": -18, ""AC_40_BP"": -44, ""AC_40_P"": -8, ""AC_45_KO"": -210, ""AC_45_P"": 19, ""AC_50_CO"": -5, ""AC_50_C_2"": -29}",-35,-210,-44,-5,-29,0,-18,-8,19,0,0,0
369,-27.81835015612538,1716.9842582101687,5740.472629647948,574.0472629647949,574.0472629647949,1148.0945259295897,0.332,-10589.014081311994,-23851.14753802568,-42969.9923366335,5524.219030340669,-1086.719758287325,-2675.071870484124,-1903.1940938353218,-700.7808699629238,-1903.1940938353218,-3249.1191334489185,-27.81835015612538,"{""AC"": -125, ""AC_40_BP"": -2, ""AC_40_P"": -15, ""AC_45_KO"": -260, ""AC_45_P"": 22, ""AC_50_C"": -10, ""AC_50_CO"": -22, ""AC_50_C_2"": 5, ""AC_60_C"": 1}",-125,-260,-2,-22,5,0,0,-15,22,0,-10,1
370,273.67968021725875,178.02943536701633,1319.001315328015,131.90013153280148,131.90013153280148,263.80026306560296,0.446,-1389.8865510078674,-3023.0655523804703,-5046.049126598521,8944.097129681892,134.691025116472,-73.7919575347081,-0.7533682003220861,171.210319783665,-0.7533682003220861,-205.69208906750958,273.67968021725875,"{""AC"": -75, ""AC_35_P"": 20, ""AC_40_BP"": -50, ""AC_45_KO"": -500, ""AC_50_C"": 32, ""AC_50_CO"": 1, ""AC_50_C_2"": 46, ""AC_50_P_2"": -14, ""AC_60_C"": 50}",-75,-500,-50,1,46,-14,20,0,0,0,32,50
371,280.1705100457027,1057.9122434153605,5666.734557589291,566.6734557589291,566.6734557589291,1133.3469115178582,0.412,-9221.129912657905,-19647.507289615853,-35592.16441240611,8831.312750616475,-641.9424812200879,-2025.1119681187736,-1386.3357047324475,-322.55434952692485,-1386.3357047324475,-2591.7854238777027,280.1705100457027,"{""AC"": -200, ""AC_35_P"": 37, ""AC_40_BP"": -47, ""AC_45_KO"": -440, ""AC_50_C"": 47, ""AC_50_CO"": 1, ""AC_50_C_2"": 29, ""AC_50_P_2"": -3, ""AC_60_C"": 18}",-200,-440,-47,1,29,-3,37,0,0,0,47,18
372,55.77100562962804,-870.6787625266008,2213.7696654516067,221.37696654516066,221.37696654516066,442.7539330903213,0.661,-1472.852784364957,-2312.4574276692156,-3213.1101335781836,16716.305758178638,-91.51427280686767,-312.4421904616112,-275.84539529769586,-73.21587522490998,-275.84539529769586,-533.8191570067718,55.77100562962804,"{""AC"": 55, ""AC_35_P"": 39, ""AC_40_BP"": 14, ""AC_40_P"": -3, ""AC_45_KO"": -210, ""AC_45_P"": 25, ""AC_50_CO"": 5, ""AC_50_P"": -37, ""AC_50_P_2"": 13}",55,-210,14,5,0,13,39,-3,25,-37,0,0
373,383.2449542912508,787.5794932401749,5231.813242579439,523.181324257944,523.181324257944,1046.362648515888,0.43,-8342.281296199382,-15990.139229067512,-29083.289646428722,9197.697801413098,-450.9831753286875,-1702.3253697585947,-1129.6879022676285,-164.66444158320434,-1129.6879022676285,-2225.506694016539,383.2449542912508,"{""AC"": -200, ""AC_35_P"": 31, ""AC_40_BP"": -48, ""AC_45_KO"": -500, ""AC_50_C"": 13, ""AC_50_CO"": 23, ""AC_50_C_2"": 49, ""AC_50_P_2"": -1, ""AC_60_C"": 48}",-200,-500,-48,23,49,-1,31,0,0,0,13,48
374,339.3398034662286,678.9116390126832,4865.7594204479,486.57594204479,486.57594204479,973.15188408958,0.425,-7739.481829310749,-15447.859508339823,-28025.72031294656,8510.546174737083,-434.60837946484634,-1595.5306538614586,-1064.8704419527785,-169.27827351050638,-1064.8704419527785,-2082.1065959062485,339.3398034662286,"{""AC"": -180, ""AC_35_P"": 40, ""AC_40_BP"": -47, ""AC_40_P"": 4, ""AC_45_KO"": -270, ""AC_50_C"": 29, ""AC_50_CO"": 14, ""AC_50_C_2"": 40, ""AC_60_C"": 27}",-180,-270,-47,14,40,0,40,4,0,0,29,27
375,-195.01630487316308,-247.98400094371263,1880.7796769799827,188.07796769799828,188.07796769799828,376.15593539599655,0.553,-2884.2322116514492,-3403.4522294615667,-3685.766085607844,10209.912855916726,-483.43952603830803,-916.0743577860254,-721.6901204698796,-386.24740738023513,-721.6901204698796,-1104.1523254840238,-195.01630487316308,"{""AC"": 20, ""AC_35_P"": -27, ""AC_40_BP"": -13, ""AC_45_KO"": -230, ""AC_50_CO"": -2, ""AC_50_C_2"": -26, ""AC_50_P"": -38, ""AC_50_P_2"": -25, ""AC_60_C"": 26}",20,-230,-13,-2,-26,-25,-27,0,0,-38,0,26
376,109.32187113483793,-89.15343490604948,896.7746781282137,89.67746781282138,89.67746781282138,179.35493562564275,0.522,-978.7202313291646,-1309.4705900551633,-1750.8421054933362,2183.219091207498,11.449848001921467,-135.35818669745322,-82.32489747094743,37.96649261517436,-82.32489747094743,-225.03565451027458,109.32187113483793,"{""AC"": -15, ""AC_35_P"": 31, ""AC_40_BP"": 10, ""AC_40_P"": -14, ""AC_45_KO"": -150, ""AC_50_C"": 6, ""AC_50_CO"": 16, ""AC_50_C_2"": -9, ""AC_50_P"": 19}",-15,-150,10,16,-9,0,31,-14,0,19,6,0
377,-151.15342523275024,-80.88084359604937,952.013609343508,95.2013609343508,95.2013609343508,190.4027218687016,0.522,-1667.1968186870645,-1939.3706775577707,-2083.278591365775,2211.280536185902,-317.8731071014567,-567.9526299045164,-448.8336285029853,-258.3136064006912,-448.8336285029853,-663.1539908388671,-151.15342523275024,"{""AC"": 65, ""AC_35_P"": 32, ""AC_40_BP"": -9, ""AC_45_KO"": -150, ""AC_45_P"": 16, ""AC_50_C"": -47, ""AC_50_CO"": -27, ""AC_50_C_2"": -4, ""AC_50_P_2"": -14}",65,-150,-9,-27,-4,-14,32,0,16,0,-47,0
378,353.30350169733117,-50.265621013007916,1890.2616120142325,189.02616120142324,189.02616120142324,378.05232240284647,0.507,-1490.938394396696,-2591.614794891466,-3596.827977611746,14813.419059327432,204.20966225766156,-19.431096901842807,35.149661937115184,231.50004167714053,35.149661937115184,-208.45725810326604,353.30350169733117,"{""AC"": -35, ""AC_35_P"": 41, ""AC_40_BP"": -29, ""AC_45_KO"": -260, ""AC_50_C"": 25, ""AC_50_CO"": 25, ""AC_50_C_2"": 14, ""AC_50_P_2"": 28, ""AC_60_C"": 39}",-35,-260,-29,25,14,28,41,0,0,0,25,39
379,355.5494438207268,728.243568149918,5228.737796350628,522.8737796350628,522.8737796350628,1045.7475592701255,0.437,-7992.8946496972385,-16500.545357241008,-29427.282067918593,9110.543250774248,-443.7400211489971,-1642.6742186035829,-1104.8216434513904,-174.81373357290082,-1104.8216434513904,-2165.5479982386455,355.5494438207268,"{""AC"": -195, ""AC_35_P"": 38, ""AC_40_BP"": -36, ""AC_45_KO"": -500, ""AC_45_P"": 10, ""AC_50_C"": 47, ""AC_50_CO"": 7, ""AC_50_C_2"": 31, ""AC_60_C"": 30}",-195,-500,-36,7,31,0,38,0,10,0,47,30
380,63.42818087181539,-842.0805846508765,2427.814439867812,242.7814439867812,242.7814439867812,485.5628879735624,0.73,-1280.237739602279,-2109.352277610213,-3023.4978297656276,20313.018107011998,-64.5955930884125,-256.6312540287543,-249.99820206191706,-61.27906710499385,-249.99820206191706,-499.4126980155355,63.42818087181539,"{""AC"": 35, ""AC_40_BP"": 18, ""AC_45_KO"": -200, ""AC_50_C"": 43, ""AC_50_CO"": 14, ""AC_50_C_2"": -15, ""AC_50_P"": 17, ""AC_50_P_2"": -16, ""AC_60_C"": -12}",35,-200,18,14,-15,-16,0,0,0,17,43,-12
381,101.58338670511489,1608.8503244459466,6812.033388171347,681.2033388171346,681.2033388171346,1362.4066776342693,0.372,-11981.044940787157,-26414.628506593162,-46764.62208499125,8476.532273622495,-1096.521107373601,-2893.677848491674,-2036.1750238215259,-667.7696950385266,-2036.1750238215259,-3574.881187308809,101.58338670511489,"{""AC"": -170, ""AC_35_P"": 22, ""AC_40_BP"": -21, ""AC_45_KO"": -100, ""AC_45_P"": 2, ""AC_50_C"": 3, ""AC_50_CO"": -6, ""AC_50_P"": 13, ""AC_60_C"": 8}",-170,-100,-21,-6,0,0,22,0,2,13,3,8
382,-58.27982507524546,-950.480542701896,3732.2419457619617,373.22419457619617,373.22419457619617,746.4483891523923,0.608,-3971.9969605250953,-4536.297262686627,-4872.1219166004685,24820.025235643545,-455.47952112775505,-1051.2790652065194,-840.6914664421078,-350.1857217455493,-840.6914664421078,-1424.5032597827155,-58.27982507524546,"{""AC"": 85, ""AC_35_P"": -40, ""AC_40_BP"": -10, ""AC_45_KO"": -380, ""AC_45_P"": 15, ""AC_50_CO"": -6, ""AC_50_C_2"": 6, ""AC_50_P_2"": -6, ""AC_60_C"": 6}",85,-380,-10,-6,6,-6,-40,0,15,0,0,6
383,-191.2040014393294,-2257.959921977709,8470.779209551083,847.0779209551083,847.0779209551083,1694.1558419102166,0.609,-9125.496981089047,-10498.812582270235,-11206.174037833092,55761.96246408057,-1103.7536995482342,-2472.578246711591,-1983.5675090802406,-859.2483307325589,-1983.5675090802406,-3319.6561676666993,-191.2040014393294,"{""AC"": 200, ""AC_35_P"": -20, ""AC_40_BP"": 4, ""AC_45_KO"": -110, ""AC_45_P"": -15, ""AC_50_C"": 14, ""AC_50_CO"": -8, ""AC_50_P"": -26, ""AC_60_C"": -11}",200,-110,4,-8,0,0,-20,0,-15,-26,14,-11
384,64.63732685096849,1847.5945599258584,7118.540462995275,711.8540462995276,711.8540462995276,1423.7080925990551,0.378,-13119.143633730979,-27585.767084055613,-48287.088461957916,8600.450830492595,-1247.2770365221295,-3215.1485815817764,-2259.161241358442,-769.2833664104623,-2259.161241358442,-3927.002627881304,64.63732685096849,"{""AC"": -175, ""AC_35_P"": -9, ""AC_40_BP"": 8, ""AC_40_P"": 36, ""AC_45_KO"": -10, ""AC_50_C"": 14, ""AC_50_CO"": -4, ""AC_50_C_2"": -14, ""AC_50_P_2"": -3}",-175,-10,8,-4,-14,-3,-9,36,0,0,14,0
385,333.535865114055,782.5328766885243,5676.654289180217,567.6654289180217,567.6654289180217,1135.3308578360434,0.441,-9291.440265111623,-18316.258326579937,-32180.721981140607,9739.083345820702,-595.6081613971073,-1989.3242011638508,-1344.0128891116992,-272.9525053710316,-1344.0128891116992,-2556.9896300818727,333.535865114055,"{""AC"": -200, ""AC_35_P"": 41, ""AC_40_BP"": -41, ""AC_45_KO"": -380, ""AC_50_C"": 46, ""AC_50_CO"": 21, ""AC_50_C_2"": 18, ""AC_50_P"": 3, ""AC_60_C"": 17}",-200,-380,-41,21,18,0,41,0,0,3,46,17
386,-52.882335930431246,-1701.2301764559984,5716.51787148487,571.651787148487,571.651787148487,1143.303574296974,0.649,-5336.029087416218,-6042.253018018266,-6420.914912445966,39952.2297817198,-586.4852446720531,-1386.8896077844859,-1139.1125926171076,-462.59673708836385,-1139.1125926171076,-1958.5413949329727,-52.882335930431246,"{""AC"": 160, ""AC_35_P"": 19, ""AC_40_BP"": 25, ""AC_40_P"": -45, ""AC_45_KO"": -340, ""AC_45_P"": 27, ""AC_50_C"": -3, ""AC_50_CO"": 15, ""AC_60_C"": -31}",160,-340,25,15,0,0,19,-45,27,0,-3,-31
387,-197.28242488957312,306.74564332916464,2156.7377735109517,215.67377735109517,215.67377735109517,431.34755470219034,0.326,-3809.17970168273,-10293.771956707758,-19889.93921471676,1887.809637522786,-578.2003950578462,-1149.5773503102555,-876.4962688175302,-441.65985431148346,-876.4962688175302,-1365.2511276613507,-197.28242488957312,"{""AC"": -30, ""AC_40_BP"": 22, ""AC_45_KO"": -190, ""AC_50_C"": 8, ""AC_50_CO"": -21, ""AC_50_C_2"": 11, ""AC_50_P"": -29, ""AC_50_P_2"": -23, ""AC_60_C"": -37}",-30,-190,22,-21,11,-23,0,0,0,-29,8,-37
388,330.96769992896554,829.7173050044272,4929.228886645503,492.92288866455027,492.92288866455027,985.8457773291005,0.413,-7964.854543911631,-15921.43447508877,-29163.084185991218,8313.614790712309,-465.51775446219756,-1660.245936048942,-1110.2219259900542,-190.5057494327536,-1110.2219259900542,-2153.168824713492,330.96769992896554,"{""AC"": -200, ""AC_35_P"": 40, ""AC_40_BP"": -50, ""AC_45_KO"": -270, ""AC_50_C"": 24, ""AC_50_CO"": 10, ""AC_50_C_2"": 48, ""AC_50_P"": -20, ""AC_60_C"": 49}",-200,-270,-50,10,48,0,40,0,0,-20,24,49
389,276.99094900505145,-162.2660833694872,1958.1087188284046,195.81087188284044,195.81087188284044,391.6217437656809,0.563,-1063.811479548393,-3074.844789989473,-4484.878737929231,15927.49487145897,170.60980105021213,11.038079117953203,19.513791131372273,174.84765705692166,19.513791131372273,-184.77279276488724,276.99094900505145,"{""AC"": -40, ""AC_35_P"": 39, ""AC_40_BP"": -45, ""AC_45_KO"": -390, ""AC_50_C"": 34, ""AC_50_CO"": 10, ""AC_50_C_2"": 27, ""AC_50_P"": -14, ""AC_60_C"": 47}",-40,-390,-45,10,27,0,39,0,0,-14,34,47
390,276.7737121820763,299.5989856357746,3165.581463797465,316.5581463797465,316.5581463797465,633.116292759493,0.45,-4575.563417149027,-8708.091754004643,-15078.757832320305,6300.571832569845,-180.7826295328265,-867.1171421051806,-567.8398735801511,-31.143995270311734,-567.8398735801511,-1183.675288484927,276.7737121820763,"{""AC"": -130, ""AC_35_P"": 43, ""AC_40_BP"": -50, ""AC_45_KO"": -340, ""AC_45_P"": 4, ""AC_50_C"": 30, ""AC_50_CO"": 7, ""AC_50_C_2"": 13, ""AC_60_C"": 39}",-130,-340,-50,7,13,0,43,0,4,0,30,39
391,267.23292697197604,-27.315718147332376,1407.5824877766536,140.75824877766536,140.75824877766536,281.5164975553307,0.502,-1600.94692873207,-2283.425964272335,-3899.1606628888676,3670.9591253871235,107.13823409876903,-133.00380521104148,-43.28823672666715,151.9960183409562,-43.28823672666715,-273.76205398870684,267.23292697197604,"{""AC"": -80, ""AC_35_P"": 44, ""AC_40_BP"": -44, ""AC_45_KO"": -70, ""AC_45_P"": 10, ""AC_50_C"": 28, ""AC_50_CO"": -9, ""AC_50_C_2"": 29, ""AC_60_C"": 45}",-80,-70,-44,-9,29,0,44,0,10,0,28,45
392,15.535314271204268,-985.7518363217314,3154.575049177947,315.4575049177947,315.4575049177947,630.9150098355894,0.71,-2301.8689624296235,-2572.635922230245,-2922.81615377895,25073.08440426142,-214.65158197175808,-559.9319263362016,-487.47378255213664,-178.42251007972558,-487.47378255213664,-875.3894312539963,15.535314271204268,"{""AC"": 65, ""AC_40_BP"": 12, ""AC_40_P"": -13, ""AC_45_KO"": -170, ""AC_50_CO"": 25, ""AC_50_C_2"": -11, ""AC_50_P"": 19, ""AC_50_P_2"": -24, ""AC_60_C"": 5}",65,-170,12,25,-11,-24,0,-13,0,19,0,5
393,199.26187865542096,528.9771561701298,2491.874066934938,249.1874066934938,249.1874066934938,498.3748133869876,0.387,-3912.162906268785,-8131.444965942352,-15273.709160226872,4042.937049349959,-191.95441197145755,-778.7788479117753,-512.1562606316436,-58.64311833139175,-512.1562606316436,-1027.9662546052691,199.26187865542096,"{""AC"": -130, ""AC_35_P"": 21, ""AC_40_BP"": -24, ""AC_45_KO"": -360, ""AC_50_C"": 36, ""AC_50_CO"": -7, ""AC_50_C_2"": 45, ""AC_50_P"": -31, ""AC_60_C"": 32}",-130,-360,-24,-7,45,0,21,0,0,-31,36,32
394,-181.54042683928978,1863.1831116247236,5480.825010356736,548.0825010356737,548.0825010356737,1096.1650020713473,0.274,-10157.146486600568,-24503.253788371385,-44729.91407235494,3672.9597897208664,-1197.2550754993465,-2720.827048489432,-1979.1536503472116,-826.4183764282366,-1979.1536503472116,-3268.909549525106,-181.54042683928978,"{""AC"": -80, ""AC_40_BP"": -6, ""AC_40_P"": 7, ""AC_45_KO"": -140, ""AC_50_C"": -48, ""AC_50_CO"": -17, ""AC_50_P"": -46, ""AC_50_P_2"": 33, ""AC_60_C"": -19}",-80,-140,-6,-17,0,33,0,7,0,-46,-48,-19
395,389.99379461895313,688.8633077799365,5070.243965419315,507.0243965419315,507.0243965419315,1014.048793083863,0.427,-7921.197941869253,-15596.270057979835,-28149.083786020372,9186.44313288005,-402.1259995679722,-1590.30569084836,-1051.6980949324004,-132.82220160999242,-1051.6980949324004,-2097.3300873902913,389.99379461895313,"{""AC"": -190, ""AC_35_P"": 50, ""AC_40_BP"": -50, ""AC_45_KO"": -500, ""AC_50_C"": 32, ""AC_50_CO"": 9, ""AC_50_C_2"": 41, ""AC_50_P_2"": 11, ""AC_60_C"": 39}",-190,-500,-50,9,41,11,50,0,0,0,32,39
396,-58.60758407433823,-272.836771646232,1276.751158363993,127.6751158363993,127.6751158363993,255.3502316727986,0.55,-1726.2065466796569,-1937.323778241978,-2103.1345882581695,6046.757116441695,-231.22823874230394,-490.1592207442524,-381.37612399448636,-176.8366903674209,-381.37612399448636,-617.8343365806518,-58.60758407433823,"{""AC"": 40, ""AC_40_BP"": -18, ""AC_45_KO"": -160, ""AC_45_P"": 19, ""AC_50_C"": 14, ""AC_50_CO"": -32, ""AC_50_C_2"": -6, ""AC_50_P"": -6, ""AC_50_P_2"": 10}",40,-160,-18,-32,-6,10,0,0,19,-6,14,0
397,253.72156518805158,476.6745959372416,3505.7715920128835,350.57715920128834,350.57715920128834,701.1543184025767,0.442,-5382.546782463466,-10466.254157152815,-18039.38758067805,6465.6572079705775,-284.53311305829504,-1091.915130427815,-728.9490317821125,-103.05006373544383,-728.9490317821125,-1442.4922896291034,253.72156518805158,"{""AC"": -145, ""AC_35_P"": 43, ""AC_40_BP"": -43, ""AC_45_KO"": -480, ""AC_50_C"": 44, ""AC_50_CO"": 1, ""AC_50_C_2"": 8, ""AC_50_P_2"": -7, ""AC_60_C"": 37}",-145,-480,-43,1,8,-7,43,0,0,0,44,37
398,95.1042469052575,1962.0547869209936,8480.766654785732,848.0766654785732,848.0766654785732,1696.1533309571464,0.36,-15014.336275485191,-33374.515544794885,-59397.84066626153,10428.870577771151,-1406.3293806432619,-3658.47982196604,-2581.0845271568073,-867.6317332386454,-2581.0845271568073,-4506.556487444614,95.1042469052575,"{""AC"": -180, ""AC_40_BP"": -46, ""AC_40_P"": 22, ""AC_45_KO"": -10, ""AC_45_P"": 44, ""AC_50_C"": -26, ""AC_50_CO"": 10, ""AC_50_P"": -7, ""AC_60_C"": -15}",-180,-10,-46,10,0,0,0,22,44,-7,-26,-15
399,-323.28613442187464,3225.1318772033555,9232.646948476631,923.2646948476631,923.2646948476631,1846.5293896953262,0.281,-17375.221260889586,-41091.082754720584,-74641.52905907112,6180.468610081309,-2060.8082605108334,-4667.091449644271,-3391.2016709791437,-1422.8633711782697,-3391.2016709791437,-5590.356144491934,-323.28613442187464,"{""AC"": -175, ""AC_35_P"": -10, ""AC_40_BP"": -11, ""AC_45_KO"": -380, ""AC_50_C"": -47, ""AC_50_CO"": -49, ""AC_50_C_2"": -5, ""AC_50_P"": -47, ""AC_50_P_2"": 3}",-175,-380,-11,-49,-5,3,-10,0,0,-47,-47,0
400,-34.05296169398175,-162.48732870259147,546.4869627632219,54.648696276322184,54.648696276322184,109.29739255264437,0.639,-710.6642619892957,-845.9171914261738,-918.9158062618362,2724.246312416964,-105.11938789291133,-211.71902719130568,-167.9769491305372,-83.24834886252708,-167.9769491305372,-266.36772346762785,-34.05296169398175,"{""AC"": 10, ""AC_35_P"": 5, ""AC_40_BP"": 20, ""AC_45_KO"": -80, ""AC_45_P"": -13, ""AC_50_CO"": 10, ""AC_50_C_2"": 12, ""AC_50_P_2"": -18, ""AC_60_C"": -19}",10,-80,20,10,12,-18,5,0,-13,0,0,-19
401,314.0055946270142,96.370365420746,1376.821751337955,137.6821751337955,137.6821751337955,275.364350267591,0.484,-1371.0414269977155,-2920.273046313891,-4399.742402842486,5769.723827706659,176.90145192724265,-28.75476212241466,39.50829301045914,211.03297949367953,39.50829301045914,-166.43693725621017,314.0055946270142,"{""AC"": -75, ""AC_35_P"": 49, ""AC_40_BP"": -30, ""AC_45_KO"": -440, ""AC_45_P"": -1, ""AC_50_C"": 50, ""AC_50_CO"": 2, ""AC_50_C_2"": 28, ""AC_60_C"": 34}",-75,-440,-30,2,28,0,49,0,-1,0,50,34
402,282.48702853998645,180.79693589480627,1285.7987843811816,128.57987843811816,128.57987843811816,257.1597568762363,0.451,-1395.0373527063603,-2804.1376790746817,-4425.7485363511605,8806.132777053912,142.9832932693504,-66.27230963660361,8.941486414973355,180.59019129513888,8.941486414973355,-194.85218807472177,282.48702853998645,"{""AC"": -75, ""AC_35_P"": 9, ""AC_40_BP"": -45, ""AC_45_KO"": -440, ""AC_50_C"": 46, ""AC_50_CO"": 4, ""AC_50_C_2"": 50, ""AC_50_P"": -2, ""AC_60_C"": 27}",-75,-440,-45,4,50,0,9,0,0,-2,46,27
403,150.50070976286662,-4.306761481634293,975.2120848845537,97.52120848845537,97.52120848845537,195.04241697691074,0.502,-726.6417113693891,-1575.981934384801,-2166.649243346293,7743.472070879787,77.8365386259277,-31.159718079480655,-7.256151186769422,89.78832207228331,-7.256151186769422,-128.680926567936,150.50070976286662,"{""AC"": 25, ""AC_35_P"": -2, ""AC_40_BP"": -4, ""AC_40_P"": 35, ""AC_45_KO"": -180, ""AC_45_P"": 42, ""AC_50_C"": 6, ""AC_50_CO"": -5, ""AC_50_C_2"": 9}",25,-180,-4,-5,9,0,-2,35,42,0,6,0
404,-33.97175591349695,1723.1191792977506,5371.607686469839,537.1607686469839,537.1607686469839,1074.3215372939678,0.294,-9363.76290543137,-23048.42063609837,-43513.923540891876,5624.443125736526,-970.3480464566339,-2374.9124822713393,-1707.1165760516942,-636.4500933468114,-1707.1165760516942,-2912.073250918323,-33.97175591349695,"{""AC"": -120, ""AC_35_P"": 12, ""AC_40_BP"": 1, ""AC_45_KO"": -50, ""AC_45_P"": -7, ""AC_50_C"": -2, ""AC_50_CO"": -44, ""AC_50_C_2"": 43, ""AC_60_C"": -8}",-120,-50,1,-44,43,0,12,0,-7,0,-2,-8
405,52.03207785159416,-1293.2495208674186,3954.1459887829387,395.4145988782939,395.4145988782939,790.8291977565877,0.649,-3368.971502178237,-3772.2122741492904,-3987.839186253954,26532.002170384596,-284.8650723662296,-790.2107976929651,-651.0209469142883,-215.2701469768912,-651.0209469142883,-1185.625396571259,52.03207785159416,"{""AC"": 90, ""AC_35_P"": -9, ""AC_40_BP"": 23, ""AC_40_P"": 19, ""AC_45_KO"": -50, ""AC_50_C"": -30, ""AC_50_CO"": 18, ""AC_50_C_2"": 44, ""AC_50_P"": -20}",90,-50,23,18,44,0,-9,19,0,-20,-30,0
406,-211.93929577456302,146.65016160171623,1448.9591982826462,144.89591982826462,144.89591982826462,289.79183965652925,0.422,-3031.2393569725696,-6586.077242292071,-11370.66407586312,1025.5685860735045,-515.06323147182,-969.7491350177054,-739.0731592345808,-399.72524358025765,-739.0731592345808,-1114.64505484597,-211.93929577456302,"{""AC"": 5, ""AC_35_P"": -17, ""AC_40_BP"": 15, ""AC_40_P"": -29, ""AC_50_C"": -36, ""AC_50_CO"": -5, ""AC_50_C_2"": -24, ""AC_60_C"": 2}",5,0,15,-5,-24,0,-17,-29,0,0,-36,2
407,308.0742237425922,1110.079699328239,5407.6590175818055,540.7659017581806,540.7659017581806,1081.5318035163612,0.406,-8938.065919319617,-18548.665691932878,-34085.813372228746,8382.981079690628,-585.7323681893695,-1926.442256087312,-1303.0186150344405,-274.02054766293384,-1303.0186150344405,-2467.2081578454927,308.0742237425922,"{""AC"": -200, ""AC_35_P"": 33, ""AC_40_BP"": -31, ""AC_45_KO"": -360, ""AC_45_P"": -4, ""AC_50_C"": 35, ""AC_50_CO"": -6, ""AC_50_C_2"": 50, ""AC_60_C"": 35}",-200,-360,-31,-6,50,0,33,0,-4,0,35,35
408,-193.91069405550192,746.5916701579968,2912.7045402841313,291.27045402841316,291.27045402841316,582.5409080568263,0.23,-5701.050578725188,-13689.515085422503,-25039.736406529857,2291.9365737473017,-764.0157519280208,-1619.1733387367988,-1194.7035078784866,-551.7808364988646,-1194.7035078784866,-1910.443792765212,-193.91069405550192,"{""AC"": -30, ""AC_40_BP"": -22, ""AC_40_P"": -12, ""AC_45_P"": 21, ""AC_50_CO"": -39, ""AC_50_C_2"": -10, ""AC_50_P_2"": -13, ""AC_60_C"": -21}",-30,0,-22,-39,-10,-13,0,-12,21,0,0,-21
409,309.6993140910223,165.3392790441061,1725.1111074197456,172.51111074197456,172.51111074197456,345.0222214839491,0.47,-2383.644389284965,-3332.6165225425507,-5877.514232198393,4220.326943794076,71.33487516252578,-286.211783230219,-134.10289967270973,147.3893169412804,-134.10289967270973,-458.72289397219356,309.6993140910223,"{""AC"": -105, ""AC_35_P"": 31, ""AC_40_BP"": -49, ""AC_45_KO"": -360, ""AC_50_C"": 25, ""AC_50_CO"": 3, ""AC_50_C_2"": 50, ""AC_50_P_2"": -8, ""AC_60_C"": 50}",-105,-360,-49,3,50,-8,31,0,0,0,25,50
410,24.25775761482508,1403.287344026492,4950.940196938674,495.0940196938674,495.0940196938674,990.1880393877348,0.343,-9076.570705736984,-19875.303665424206,-35922.60587180491,5439.524633853396,-883.3993129588733,-2244.884918819421,-1584.7748580926561,-553.344282595491,-1584.7748580926561,-2739.978938513288,24.25775761482508,"{""AC"": -140, ""AC_35_P"": 2, ""AC_40_BP"": -25, ""AC_45_KO"": -110, ""AC_45_P"": -29, ""AC_50_CO"": 3, ""AC_50_C_2"": 11, ""AC_50_P_2"": 4, ""AC_60_C"": 5}",-140,-110,-25,3,11,4,2,0,-29,0,0,5
411,163.50534474099467,-2724.4784469519977,7632.0612838272245,763.2061283827225,763.2061283827225,1526.412256765445,0.656,-5875.835174282429,-6447.624569569762,-6742.139376346863,54358.30004337399,-424.0781726872482,-1305.4534488296126,-1099.472995592731,-321.08794606880736,-1099.472995592731,-2068.659577212335,163.50534474099467,"{""AC"": 170, ""AC_35_P"": 19, ""AC_40_BP"": -35, ""AC_40_P"": 17, ""AC_45_P"": 4, ""AC_50_CO"": 6, ""AC_50_C_2"": 49, ""AC_50_P"": 12}",170,0,-35,6,49,0,19,17,4,12,0,0
412,-39.51598501443236,-934.1739302971637,3748.721467107601,374.8721467107601,374.8721467107601,749.7442934215202,0.651,-3675.314546170241,-4236.89341654173,-4526.149030340668,26856.26421308582,-407.0474396314565,-958.3446215569926,-778.2492402953485,-316.99974900063444,-778.2492402953485,-1333.2167682677527,-39.51598501443236,"{""AC"": 55, ""AC_35_P"": -19, ""AC_40_BP"": 25, ""AC_45_KO"": -20, ""AC_45_P"": -6, ""AC_50_C"": 29, ""AC_50_CO"": -3, ""AC_50_P"": -27, ""AC_60_C"": 15}",55,-20,25,-3,0,0,-19,0,-6,-27,29,15
413,27.890430485546595,-109.40557559320762,690.6894455610304,69.06894455610305,69.06894455610305,138.1378891122061,0.607,-529.8639363861748,-1614.6499722793017,-2398.131560022217,4744.15621481728,-25.09596315307089,-104.5755536109971,-86.12363225043114,-15.87000247278791,-86.12363225043114,-173.64449816710015,27.890430485546595,"{""AC"": 10, ""AC_35_P"": -24, ""AC_40_BP"": -26, ""AC_40_P"": -10, ""AC_45_KO"": -240, ""AC_45_P"": 39, ""AC_50_C"": 24, ""AC_50_CO"": -17, ""AC_50_P"": 10}",10,-240,-26,-17,0,0,-24,-10,39,10,24,0
414,236.80931513410314,1309.7295185166695,6105.135534411697,610.5135534411697,610.5135534411697,1221.0271068823395,0.407,-10470.071566109586,-21741.574751623855,-38813.35568769005,8930.674098699921,-810.1978414768555,-2380.7085763932932,-1638.9581965029195,-439.3226515316686,-1638.9581965029195,-2991.222129834463,236.80931513410314,"{""AC"": -200, ""AC_35_P"": 29, ""AC_40_BP"": -31, ""AC_45_KO"": -500, ""AC_45_P"": -11, ""AC_50_C"": 11, ""AC_50_CO"": 8, ""AC_50_C_2"": 23, ""AC_60_C"": 38}",-200,-500,-31,8,23,0,29,0,-11,0,11,38
415,-55.10410874172059,-2076.91748819698,7497.043442209407,749.7043442209407,749.7043442209407,1499.4086884418814,0.62,-7429.4603236673665,-8491.354914915275,-9038.310984644175,50569.1738768335,-798.0501411084573,-1912.4691896585623,-1544.3753294022958,-614.0032109803242,-1544.3753294022958,-2662.173533879503,-55.10410874172059,"{""AC"": 155, ""AC_35_P"": -36, ""AC_40_BP"": -24, ""AC_40_P"": -12, ""AC_45_KO"": -130, ""AC_50_C"": 4, ""AC_50_CO"": 9, ""AC_50_C_2"": 28, ""AC_50_P"": -14}",155,-130,-24,9,28,0,-36,-12,0,-14,4,0
416,115.74920939766679,-556.7389988186188,1696.5575489027372,169.65575489027373,169.65575489027373,339.31150978054745,0.718,-953.3972521930092,-1596.743297116546,-2398.342906923283,11982.61217093157,20.409484178365858,-122.60010365058551,-112.08825587642144,25.66540806544789,-112.08825587642144,-292.2558585408592,115.74920939766679,"{""AC"": 5, ""AC_35_P"": 9, ""AC_40_BP"": -38, ""AC_45_KO"": -170, ""AC_50_C"": 11, ""AC_50_CO"": 19, ""AC_50_C_2"": 28, ""AC_50_P_2"": -14, ""AC_60_C"": -2}",5,-170,-38,19,28,-14,9,0,0,0,11,-2
417,372.97438028031087,62.371863080150035,2208.364170683595,220.8364170683595,220.8364170683595,441.672834136719,0.491,-2772.900264136518,-3539.0265388468692,-5136.064758870258,5346.1137185141,95.68435386665902,-320.2506857538187,-153.3788678743466,179.12026280639506,-153.3788678743466,-541.0871028221782,372.97438028031087,"{""AC"": -120, ""AC_35_P"": 19, ""AC_40_BP"": -25, ""AC_45_KO"": -400, ""AC_50_C"": 48, ""AC_50_CO"": 18, ""AC_50_C_2"": 40, ""AC_50_P"": 9, ""AC_60_C"": 34}",-120,-400,-25,18,40,0,19,0,0,9,48,34
418,-49.88253566059529,641.7052127093767,2924.297145508706,292.4297145508706,292.4297145508706,584.8594291017412,0.341,-5248.896697486873,-12509.42661240747,-22746.090048813778,2937.9584518307156,-574.7722054092826,-1362.1067100323135,-983.4318975590614,-385.4347991726566,-983.4318975590614,-1654.536424583184,-49.88253566059529,"{""AC"": -35, ""AC_40_BP"": 24, ""AC_40_P"": 25, ""AC_45_KO"": -40, ""AC_45_P"": 28, ""AC_50_C"": 3, ""AC_50_CO"": -10, ""AC_50_P_2"": -26, ""AC_60_C"": -41}",-35,-40,24,-10,0,-26,0,25,28,0,3,-41
419,124.32043347410008,-43.71043772612582,1734.4989881888825,173.44989881888824,173.44989881888824,346.8997976377765,0.509,-2667.7580879699753,-4478.110626469533,-7058.865660278492,3623.8510113313782,-142.45537532289745,-542.6190885183937,-362.56822913084034,-52.42994562912074,-362.56822913084034,-716.0689873372819,124.32043347410008,"{""AC"": -10, ""AC_35_P"": 3, ""AC_40_BP"": -27, ""AC_40_P"": 25, ""AC_45_KO"": -50, ""AC_45_P"": 18, ""AC_50_CO"": 9, ""AC_50_C_2"": -32, ""AC_50_P"": 42}",-10,-50,-27,9,-32,0,3,25,18,42,0,0
420,-131.7296463367879,835.118429699158,2725.2074941810765,272.52074941810764,272.52074941810764,545.0414988362153,0.334,-5764.884016654183,-11212.738227826338,-18522.942775351825,2090.37292220113,-708.2180480022063,-1572.9506505003337,-1132.7226235439691,-488.104034524024,-1132.7226235439691,-1845.4713999184414,-131.7296463367879,"{""AC"": -20, ""AC_40_BP"": 23, ""AC_45_KO"": -10, ""AC_45_P"": 1, ""AC_50_C"": -33, ""AC_50_CO"": 5, ""AC_50_C_2"": -42, ""AC_50_P_2"": 3, ""AC_60_C"": -3}",-20,-10,23,5,-42,3,0,0,1,0,-33,-3
421,-370.7279837497877,-599.4829434187546,3643.106816992061,364.3106816992061,364.3106816992061,728.6213633984122,0.553,-5481.787183106435,-6492.629149775115,-7013.289254613204,16717.067172863193,-918.9067020604311,-1741.1747795263964,-1375.151402065356,-735.895013329911,-1375.151402065356,-2105.4854612256026,-370.7279837497877,"{""AC"": 120, ""AC_40_BP"": 15, ""AC_45_KO"": -270, ""AC_45_P"": -35, ""AC_50_C"": 6, ""AC_50_CO"": -21, ""AC_50_C_2"": -45, ""AC_50_P"": -22, ""AC_60_C"": -35}",120,-270,15,-21,-45,0,0,0,-35,-22,6,-35
422,-26.15721864918289,-1917.7692408125306,6537.476119054382,653.7476119054382,653.7476119054382,1307.4952238108765,0.649,-5905.147108413965,-6670.93647710236,-7065.375950464547,47832.70723766568,-616.6719294905795,-1502.443995752674,-1238.8030908639967,-484.8514770462407,-1238.8030908639967,-2156.1916076581124,-26.15721864918289,"{""AC"": 145, ""AC_40_BP"": -29, ""AC_45_P"": -4, ""AC_50_C"": 21, ""AC_50_CO"": -17, ""AC_50_C_2"": -19, ""AC_50_P"": 16, ""AC_60_C"": 29}",145,0,-29,-17,-19,0,0,0,-4,16,21,29
423,42.57716717725011,-6.064614925702273,638.5635030579967,63.85635030579967,63.85635030579967,127.71270061159935,0.509,-323.5167068858952,-2451.941733267783,-3607.7608135333676,4838.229186237522,10.225496488660589,-38.30200954422369,-37.878514008534,10.437244256505432,-37.878514008534,-102.15835985002336,42.57716717725011,"{""AC"": 10, ""AC_40_BP"": 1, ""AC_45_KO"": -350, ""AC_45_P"": -21, ""AC_50_C"": -3, ""AC_50_CO"": 12, ""AC_50_C_2"": -2, ""AC_50_P"": 30, ""AC_50_P_2"": -4}",10,-350,1,12,-2,-4,0,0,-21,30,-3,0
424,-95.34846098956571,-1259.254452658967,5006.606199818706,500.6606199818706,500.6606199818706,1001.3212399637412,0.583,-5520.279859583465,-6226.80233073111,-6801.827435707225,31880.284402630485,-647.3764469479122,-1475.4184258854318,-1173.7207499180208,-496.5276089642066,-1173.7207499180208,-1976.0790458673023,-95.34846098956571,"{""AC"": 135, ""AC_35_P"": -9, ""AC_40_BP"": -11, ""AC_40_P"": 4, ""AC_45_KO"": -250, ""AC_50_C"": -1, ""AC_50_CO"": -23, ""AC_50_P"": -28, ""AC_50_P_2"": 41}",135,-250,-11,-23,0,41,-9,4,0,-28,-1,0
425,273.92535799509585,8.91955786418768,1892.5180491067538,189.2518049106754,189.2518049106754,378.5036098213508,0.496,-2474.18828708096,-4135.973877954857,-6819.809552024683,4467.496112924627,26.506529286999836,-344.62171377514414,-191.82878752238585,102.90299241337898,-191.82878752238585,-533.8735186858196,273.92535799509585,"{""AC"": -95, ""AC_35_P"": 47, ""AC_40_BP"": -42, ""AC_45_KO"": -340, ""AC_50_C"": 35, ""AC_50_CO"": -3, ""AC_50_C_2"": 27, ""AC_50_P_2"": 4, ""AC_60_C"": 33}",-95,-340,-42,-3,27,4,47,0,0,0,35,33
426,146.6764888028702,369.03939657496437,2515.29568810213,251.529568810213,251.529568810213,503.059137620426,0.423,-4064.4802126834934,-8080.301756423508,-13876.966593906602,4401.276106377833,-259.77153246547914,-869.4435643680031,-588.7603275047602,-119.42991403385771,-588.7603275047602,-1120.9731331782161,146.6764888028702,"{""AC"": -90, ""AC_35_P"": -2, ""AC_40_BP"": -43, ""AC_40_P"": 15, ""AC_45_P"": -2, ""AC_50_C"": 35, ""AC_50_CO"": 8, ""AC_50_P"": 13}",-90,0,-43,8,0,0,-2,15,-2,13,35,0
427,-179.65804730182288,-1557.1464604093676,5979.466662796737,597.9466662796738,597.9466662796738,1195.8933325593475,0.595,-6774.850625274714,-7801.008379317163,-8329.557273622495,37581.066642720376,-857.1431098292943,-1873.3707036205014,-1494.8589742328668,-667.8872451354771,-1494.8589742328668,-2471.3173699001754,-179.65804730182288,"{""AC"": 155, ""AC_35_P"": 6, ""AC_40_BP"": -2, ""AC_45_KO"": -100, ""AC_45_P"": -49, ""AC_50_C"": 5, ""AC_50_CO"": -9, ""AC_50_P"": 6, ""AC_60_C"": -21}",155,-100,-2,-9,0,0,6,0,-49,6,5,-21
428,-102.7081874381702,-583.0157121779328,2424.471511219377,242.4471511219377,242.4471511219377,484.8943022438754,0.592,-2818.6144321393353,-3247.6516767987346,-3483.602492164314,15758.26938121198,-384.5696306521038,-807.361795473004,-646.7239278200393,-304.2506968256214,-646.7239278200393,-1049.8089465949417,-102.7081874381702,"{""AC"": 60, ""AC_40_BP"": 1, ""AC_40_P"": -14, ""AC_45_KO"": -120, ""AC_45_P"": -7, ""AC_50_C_2"": -14, ""AC_50_P"": -11, ""AC_50_P_2"": 3}",60,-120,1,0,-14,3,0,-14,-7,-11,0,0
429,-127.45486840335585,-1755.4363503371683,6497.398741464611,649.739874146461,649.739874146461,1299.479748292922,0.636,-6725.715277414479,-7684.425683417103,-8164.056185755438,44491.071456974576,-800.0263961448037,-1808.8836877569756,-1461.1820970887584,-626.175600810695,-1461.1820970887584,-2458.623561903437,-127.45486840335585,"{""AC"": 150, ""AC_40_BP"": -5, ""AC_40_P"": -15, ""AC_50_C"": -1, ""AC_50_CO"": 8, ""AC_50_C_2"": -1, ""AC_50_P"": 11, ""AC_50_P_2"": -49}",150,0,-5,8,-1,-49,0,-15,0,11,-1,0
430,-20.83086935325172,279.41618763814074,1548.089759393486,154.8089759393486,154.8089759393486,309.6179518786972,0.324,-2843.5736210617515,-6324.153668122149,-11563.291235151824,1716.7022661300734,-305.1882314594269,-731.7242746186896,-524.7714004821887,-201.71179439117645,-524.7714004821887,-886.5332505580382,-20.83086935325172,"{""AC_35_P"": 10, ""AC_40_BP"": 3, ""AC_40_P"": 32, ""AC_45_KO"": -160, ""AC_50_C"": -18, ""AC_50_C_2"": -9, ""AC_60_C"": -21}",0,-160,3,0,-9,0,10,32,0,0,-18,-21
431,68.09250248905995,-217.72523091128312,1938.0342524237205,193.80342524237204,193.80342524237204,387.6068504847441,0.718,-1799.599070933755,-4110.906446747233,-6883.946130598242,16194.728261317368,-111.86740460431555,-381.8072652443788,-298.74907077218927,-70.33830736822081,-298.74907077218927,-575.6106904867509,68.09250248905995,"{""AC"": 45, ""AC_35_P"": -16, ""AC_40_BP"": -5, ""AC_40_P"": 24, ""AC_45_KO"": -500, ""AC_45_P"": 39, ""AC_50_C"": 15, ""AC_50_CO"": 17, ""AC_50_C_2"": -45}",45,-500,-5,17,-45,0,-16,24,39,0,15,0
432,298.84402878532654,251.44765649435556,2785.7986113039,278.57986113039,278.57986113039,557.15972226078,0.454,-3952.048061548255,-6884.698360099362,-12157.26829710364,5811.747429535779,-96.36077736949898,-689.1679866017373,-433.25311101210673,31.596660425316287,-433.25311101210673,-967.7478477321273,298.84402878532654,"{""AC"": -140, ""AC_35_P"": 50, ""AC_40_BP"": -50, ""AC_40_P"": -32, ""AC_45_KO"": -250, ""AC_50_C"": 35, ""AC_50_CO"": 15, ""AC_50_C_2"": 31, ""AC_60_C"": 40}",-140,-250,-50,15,31,0,50,-32,0,0,35,40
433,300.0488041008672,975.8852414883156,5948.263383450749,594.8263383450749,594.8263383450749,1189.6526766901497,0.421,-9837.338593433396,-20289.109264355775,-36004.54254869063,9428.345577771152,-683.6850552424725,-2159.285844257482,-1472.9651540866798,-340.52471015707135,-1472.9651540866798,-2754.112182602557,300.0488041008672,"{""AC"": -195, ""AC_35_P"": 34, ""AC_40_BP"": -25, ""AC_45_KO"": -260, ""AC_45_P"": 17, ""AC_50_C"": 32, ""AC_50_CO"": 3, ""AC_50_C_2"": 23, ""AC_60_C"": 28}",-195,-260,-25,3,23,0,34,0,17,0,32,28
434,139.86218922486765,2079.1347869289084,8011.694412869496,801.1694412869496,801.1694412869496,1602.3388825738991,0.358,-13891.843689775986,-31629.425569713014,-58375.04760456514,9295.47934965966,-1249.322179752731,-3333.098733219129,-2344.499084885005,-755.0223555856692,-2344.499084885005,-4134.268174506078,139.86218922486765,"{""AC"": -195, ""AC_40_BP"": 1, ""AC_45_KO"": -340, ""AC_45_P"": 26, ""AC_50_C"": 7, ""AC_50_CO"": -15, ""AC_50_C_2"": 46, ""AC_50_P"": 7, ""AC_60_C"": -22}",-195,-340,1,-15,46,0,0,0,26,7,7,-22
435,-10.602728872636629,162.74559807469763,1319.9470408778525,131.99470408778524,131.99470408778524,263.9894081755705,0.402,-2056.7905408484735,-5208.809145808341,-10271.563592676865,3117.373553040296,-216.28178295748398,-524.800364084755,-385.1186620438003,-146.4409319370066,-385.1186620438003,-656.7950681725401,-10.602728872636629,"{""AC"": -40, ""AC_35_P"": 29, ""AC_40_BP"": 21, ""AC_40_P"": -11, ""AC_45_KO"": -80, ""AC_50_CO"": -15, ""AC_50_C_2"": 40, ""AC_50_P_2"": -44, ""AC_60_C"": 2}",-40,-80,21,-15,40,-44,29,-11,0,0,0,2
436,281.3994886517252,1169.1884392012216,5723.835977327304,572.3835977327304,572.3835977327304,1144.7671954654609,0.403,-9413.107043030666,-19882.989063001714,-36384.490568387686,8618.168001576214,-659.9112156513415,-2071.8772721059413,-1416.7583666692399,-332.3517629329907,-1416.7583666692399,-2644.2608698386716,281.3994886517252,"{""AC"": -195, ""AC_35_P"": 18, ""AC_40_BP"": -31, ""AC_45_KO"": -500, ""AC_50_C"": 12, ""AC_50_CO"": 12, ""AC_50_C_2"": 46, ""AC_50_P_2"": -3, ""AC_60_C"": 28}",-195,-500,-31,12,46,-3,18,0,0,0,12,28
437,-107.19408180369894,-407.30498258679654,1670.966367524406,167.0966367524406,167.0966367524406,334.1932735048812,0.573,-2234.553898279849,-2680.1152003219045,-4010.348527273185,8570.55460817385,-330.6494716316838,-665.8325563736612,-525.9254849218966,-260.69593590580155,-525.9254849218966,-832.9291931261018,-107.19408180369894,"{""AC"": 60, ""AC_40_BP"": 1, ""AC_45_KO"": -350, ""AC_45_P"": 14, ""AC_50_CO"": -7, ""AC_50_C_2"": -11, ""AC_50_P"": -17, ""AC_60_C"": -21}",60,-350,1,-7,-11,0,0,0,14,-17,0,-21
438,87.86987212902991,8.500361992679757,702.0265375421194,70.20265375421194,70.20265375421194,140.40530750842387,0.49,-752.2869745427895,-1391.1932716387525,-2038.6691889017363,5093.670417590489,12.641174674750957,-100.20187150666746,-60.07450092949447,32.704859963337455,-60.07450092949447,-170.40452526087938,87.86987212902991,"{""AC"": 10, ""AC_40_BP"": -18, ""AC_40_P"": -3, ""AC_45_KO"": -150, ""AC_45_P"": 26, ""AC_50_CO"": 6, ""AC_50_C_2"": 8, ""AC_50_P"": -24, ""AC_50_P_2"": 30}",10,-150,-18,6,8,30,0,-3,26,-24,0,0
439,-96.8776044275567,-721.2389626313328,2229.0976681993266,222.90976681993266,222.90976681993266,445.8195336398653,0.557,-2625.8445183585604,-2998.5738150651964,-3198.4231482353716,12785.542975219098,-359.46205626341276,-753.3387340171968,-602.209165591307,-283.8972720504679,-602.209165591307,-976.2485008371294,-96.8776044275567,"{""AC"": 40, ""AC_40_BP"": -35, ""AC_45_KO"": -200, ""AC_45_P"": -31, ""AC_50_C"": 21, ""AC_50_CO"": 8, ""AC_50_C_2"": -3, ""AC_50_P"": -13, ""AC_60_C"": -25}",40,-200,-35,8,-3,0,0,0,-31,-13,21,-25
440,93.8834271559109,1861.3307224776045,6978.772521532641,697.8772521532641,697.8772521532641,1395.7545043065281,0.375,-12463.018185141556,-26822.18790499047,-47175.971706985896,8741.848143266305,-1152.418391358245,-3021.8711191294783,-2124.5079266919547,-703.736795139483,-2124.5079266919547,-3719.7483712827425,93.8834271559109,"{""AC"": -185, ""AC_35_P"": 18, ""AC_40_BP"": 1, ""AC_45_KO"": -10, ""AC_45_P"": -34, ""AC_50_C"": 11, ""AC_50_CO"": 10, ""AC_50_C_2"": -5, ""AC_50_P_2"": 26}",-185,-10,1,10,-5,26,18,0,-34,0,11,0
441,-117.0478362660272,-832.8213870758918,3879.578036513176,387.9578036513176,387.9578036513176,775.9156073026352,0.581,-4558.025074816013,-5221.312176562487,-5617.061084051281,24658.48408672271,-572.8503437476286,-1256.5541049700305,-994.730499314088,-441.93854091965727,-994.730499314088,-1644.511908621348,-117.0478362660272,"{""AC"": 95, ""AC_35_P"": -14, ""AC_40_BP"": -2, ""AC_40_P"": -43, ""AC_45_KO"": -130, ""AC_50_C"": -2, ""AC_50_CO"": -7, ""AC_50_P"": -1, ""AC_50_P_2"": 17}",95,-130,-2,-7,0,17,-14,-43,0,-1,-2,0
442,295.9183647411362,996.7951520945031,5982.287481388949,598.228748138895,598.228748138895,1196.45749627779,0.409,-9635.111590297,-20996.77974440143,-38229.466402484686,9313.743250774247,-667.5927942885638,-2112.859532833114,-1448.4627478728612,-335.3944018084376,-1448.4627478728612,-2711.0882809720088,295.9183647411362,"{""AC"": -185, ""AC_35_P"": 30, ""AC_40_BP"": -46, ""AC_40_P"": 33, ""AC_45_KO"": -500, ""AC_50_C"": 23, ""AC_50_CO"": 2, ""AC_50_C_2"": 35, ""AC_60_C"": 14}",-185,-500,-46,2,35,0,30,33,0,0,23,14
443,-149.882159482222,2192.589781305815,6518.424837679994,651.8424837679994,651.8424837679994,1303.6849675359988,0.308,-12096.440207772575,-27929.643998141593,-50252.97028717222,5850.030177746073,-1359.5261802594796,-3173.992211425366,-2290.269432532108,-917.6647908128507,-2290.269432532108,-3825.8346951933654,-149.882159482222,"{""AC"": -150, ""AC_35_P"": -31, ""AC_40_BP"": -5, ""AC_45_KO"": -160, ""AC_50_C"": -22, ""AC_50_CO"": -47, ""AC_50_P"": 13, ""AC_50_P_2"": -21, ""AC_60_C"": 38}",-150,-160,-5,-47,0,-21,-31,0,0,13,-22,38
444,92.98036696030509,92.58885349685904,640.6660309144072,64.06660309144073,64.06660309144073,128.13320618288145,0.467,-731.4075535308402,-841.7537190621074,-1036.3590584383808,4497.445754379782,19.83961160722106,-89.87152142240497,-48.7640676150413,40.39333851090289,-48.7640676150413,-153.9381245138457,92.98036696030509,"{""AC"": -5, ""AC_35_P"": -38, ""AC_40_BP"": 1, ""AC_40_P"": 20, ""AC_45_KO"": -40, ""AC_45_P"": 12, ""AC_50_CO"": 23, ""AC_50_C_2"": 1, ""AC_50_P"": 8}",-5,-40,1,23,1,0,-38,20,12,8,0,0
445,336.34049393164776,968.1389141619851,5654.169450213334,565.4169450213334,565.4169450213334,1130.8338900426668,0.423,-8906.682222120078,-18632.888941080048,-33336.26767668468,9171.936866749473,-554.3277282803601,-1890.3300615983717,-1282.3703118970307,-250.34785342968954,-1282.3703118970307,-2455.747006619705,336.34049393164776,"{""AC"": -200, ""AC_40_BP"": -40, ""AC_40_P"": 25, ""AC_45_KO"": -500, ""AC_45_P"": 18, ""AC_50_C"": 25, ""AC_50_CO"": -1, ""AC_50_C_2"": 34, ""AC_60_C"": 50}",-200,-500,-40,-1,34,0,0,25,18,0,25,50
446,204.40288538836444,133.61083696366177,3177.634549845295,317.7634549845295,317.7634549845295,635.526909969059,0.489,-4836.69543766232,-9126.335629310615,-15416.333644451839,5993.211302701486,-279.26665837786754,-1004.7709740272155,-679.9831577532483,-116.87275024088393,-679.9831577532483,-1322.534429011745,204.40288538836444,"{""AC"": -85, ""AC_35_P"": 36, ""AC_40_BP"": 16, ""AC_40_P"": 44, ""AC_45_KO"": -160, ""AC_45_P"": -8, ""AC_50_CO"": 23, ""AC_50_P_2"": -13, ""AC_60_C"": 11}",-85,-160,16,23,0,-13,36,44,-8,0,0,11
447,334.4022510156699,933.4976546100004,5498.50235678207,549.850235678207,549.850235678207,1099.700471356414,0.418,-8916.809926086044,-18051.60116398653,-32996.534835973376,9004.41186674947,-557.2787415929345,-1894.800230505841,-1278.04435573634,-248.90080420818404,-1278.04435573634,-2444.650466184048,334.4022510156699,"{""AC"": -195, ""AC_35_P"": 42, ""AC_40_BP"": -31, ""AC_40_P"": -15, ""AC_45_KO"": -390, ""AC_50_C"": 12, ""AC_50_CO"": 20, ""AC_50_C_2"": 49, ""AC_60_C"": 32}",-195,-390,-31,20,49,0,42,-15,0,0,12,32
448,74.5435000198593,-2287.5801403900537,6806.072700880678,680.6072700880678,680.6072700880678,1361.2145401761356,0.667,-5422.721993339586,-6047.14196241379,-7124.583452200965,50753.908299808536,-467.72869931409934,-1281.1369983150373,-1079.1684340251127,-366.74441716913697,-1079.1684340251127,-1961.7442684031053,74.5435000198593,"{""AC"": 170, ""AC_35_P"": 12, ""AC_40_BP"": -4, ""AC_45_KO"": -480, ""AC_45_P"": 8, ""AC_50_CO"": 3, ""AC_50_P"": 31, ""AC_50_P_2"": -5, ""AC_60_C"": 9}",170,-480,-4,3,0,-5,12,0,8,31,0,9
449,273.57343010972147,618.6031906531125,3158.3327125857554,315.83327125857556,315.83327125857556,631.6665425171511,0.409,-4889.930696186701,-9680.197961791435,-17959.956651959037,5395.303277461452,-215.4196395089487,-948.9092439369539,-617.8328099475716,-49.88142251425751,-617.8328099475716,-1264.7425151955294,273.57343010972147,"{""AC"": -160, ""AC_35_P"": 11, ""AC_40_BP"": -38, ""AC_45_KO"": -500, ""AC_45_P"": -16, ""AC_50_C"": 50, ""AC_50_CO"": -6, ""AC_50_C_2"": 50, ""AC_60_C"": 37}",-160,-500,-38,-6,50,0,11,0,-16,0,50,37
450,-180.63746534786924,-126.52638809657626,1027.9300008043672,102.79300008043671,102.79300008043671,205.58600016087343,0.537,-1772.1240317500794,-2830.007907997104,-5089.842633000009,2457.9966103781708,-357.84986852287716,-623.6684732853892,-497.8525701505995,-294.9419169554824,-497.8525701505995,-726.4614733658259,-180.63746534786924,"{""AC"": 20, ""AC_35_P"": -9, ""AC_40_BP"": -34, ""AC_45_KO"": -220, ""AC_45_P"": -4, ""AC_50_CO"": -34, ""AC_50_C_2"": -16, ""AC_60_C"": -2}",20,-220,-34,-34,-16,0,-9,0,-4,0,0,-2
451,83.24050037009849,23.568855450530066,939.6996224692602,93.96996224692603,93.96996224692603,187.93992449385206,0.48,-1475.2221753585982,-3049.7949279919826,-5269.794227453593,1843.043517405358,-64.28171716576134,-285.56504346955103,-185.02780705715423,-14.013098959562932,-185.02780705715423,-379.53500571647703,83.24050037009849,"{""AC"": -40, ""AC_35_P"": -5, ""AC_40_BP"": -27, ""AC_40_P"": 47, ""AC_45_KO"": -10, ""AC_45_P"": -10, ""AC_50_C"": 41, ""AC_50_CO"": -19, ""AC_50_P_2"": 6}",-40,-10,-27,-19,0,6,-5,47,-10,0,41,0
452,-187.58707830821484,278.63944724367536,1947.0657101117279,194.7065710111728,194.7065710111728,389.4131420223456,0.315,-3471.7964305014507,-9332.70612085904,-17596.03684663281,1213.3350729216781,-534.76672135836,-1055.5361859335776,-805.7098283890189,-409.8535425860806,-805.7098283890189,-1250.2427569447505,-187.58707830821484,"{""AC"": -40, ""AC_40_BP"": -20, ""AC_40_P"": -11, ""AC_45_KO"": -140, ""AC_45_P"": -3, ""AC_50_CO"": -12, ""AC_50_P"": -33, ""AC_50_P_2"": -15, ""AC_60_C"": -15}",-40,-140,-20,-12,0,-15,0,-11,-3,-33,0,-15
453,110.26199068447286,1311.788839006018,4551.916371839524,455.19163718395237,455.19163718395237,910.3832743679047,0.365,-7959.452835292754,-17637.78769771157,-33151.67146729719,5318.702306856494,-685.6832928448026,-1879.6012181387155,-1311.2517532014162,-401.508560376153,-1311.2517532014162,-2334.792855322668,110.26199068447286,"{""AC"": -140, ""AC_35_P"": -6, ""AC_40_BP"": -12, ""AC_40_P"": -10, ""AC_45_KO"": -470, ""AC_50_CO"": 5, ""AC_50_C_2"": 46, ""AC_50_P"": -12, ""AC_50_P_2"": 4}",-140,-470,-12,5,46,4,-6,-10,0,-12,0,0
454,376.62002690457075,106.9883774653909,1704.7588467696037,170.47588467696036,170.47588467696036,340.9517693539207,0.483,-1838.85688105293,-3373.6585878059514,-4907.338599160323,6195.483609899924,192.73433879927774,-83.09419335866176,15.553552408151077,242.05821168268417,15.553552408151077,-253.57007803562212,376.62002690457075,"{""AC"": -90, ""AC_35_P"": 36, ""AC_40_BP"": -50, ""AC_45_KO"": -500, ""AC_50_C"": 50, ""AC_50_CO"": 9, ""AC_50_C_2"": 29, ""AC_50_P"": 16, ""AC_60_C"": 46}",-90,-500,-50,9,29,0,36,0,0,16,50,46
455,4.3154127749211,216.48720326726325,1564.5600541418398,156.45600541418398,156.45600541418398,312.91201082836795,0.442,-2914.9683089979258,-5503.263269610032,-8774.019390537283,2385.533053188916,-287.18141812487147,-724.4266644745603,-511.1578362818597,-180.5470040285212,-511.1578362818597,-880.8826698887443,4.3154127749211,"{""AC"": -15, ""AC_40_BP"": -5, ""AC_40_P"": 34, ""AC_45_KO"": -200, ""AC_45_P"": -13, ""AC_50_CO"": 16, ""AC_50_C_2"": -38, ""AC_50_P"": 9, ""AC_60_C"": -9}",-15,-200,-5,16,-38,0,0,34,-13,9,0,-9
456,-69.19200684379139,-552.164851461662,1544.3247218416443,154.43247218416442,154.43247218416442,308.86494436832885,0.653,-1440.306698451325,-2197.5250861127197,-4082.288421381497,10724.277065750672,-213.2226766889239,-429.26868145662263,-362.4542477035724,-179.81545981239876,-362.4542477035724,-583.7011536407871,-69.19200684379139,"{""AC"": 60, ""AC_35_P"": -10, ""AC_40_BP"": -24, ""AC_40_P"": 5, ""AC_45_KO"": -200, ""AC_45_P"": 35, ""AC_50_CO"": -7, ""AC_50_C_2"": -41, ""AC_50_P_2"": 1}",60,-200,-24,-7,-41,1,-10,5,35,0,0,0
457,-77.38361595233556,3008.398101664737,9604.68316591351,960.4683165913509,960.4683165913509,1920.9366331827018,0.332,-17470.729271766737,-39864.65286477484,-71437.97623489553,9307.98519758533,-1824.4565431290093,-4445.0659338940195,-3178.227165013022,-1191.0371586885103,-3178.227165013022,-5405.534250485371,-77.38361595233556,"{""AC"": -185, ""AC_35_P"": 13, ""AC_40_BP"": 14, ""AC_40_P"": 26, ""AC_45_P"": -44, ""AC_50_C"": -47, ""AC_50_CO"": -24, ""AC_50_P"": 33}",-185,0,14,-24,0,0,13,26,-44,33,-47,0
458,65.53743052305174,965.2780502717345,4264.182381085043,426.4182381085043,426.4182381085043,852.8364762170086,0.377,-7513.183369556092,-16544.011209750002,-29444.743272960237,5397.424817399511,-685.7809064325575,-1812.758411865971,-1274.6491939646141,-416.72629748187893,-1274.6491939646141,-2239.1766499744754,65.53743052305174,"{""AC"": -115, ""AC_35_P"": 7, ""AC_40_BP"": -16, ""AC_45_KO"": -190, ""AC_45_P"": 34, ""AC_50_C"": 6, ""AC_50_CO"": 4, ""AC_50_C_2"": 2, ""AC_50_P"": -31}",-115,-190,-16,4,2,0,7,0,34,-31,6,0
459,-196.07719665333104,-1123.668240269666,4486.462419205682,448.6462419205682,448.6462419205682,897.2924838411363,0.569,-5602.301561439323,-6473.3281620584785,-6938.250043433752,25260.7310740864,-756.3073527972634,-1596.6525870131618,-1260.7455518295137,-588.3538352054393,-1260.7455518295137,-2045.29882893373,-196.07719665333104,"{""AC"": 130, ""AC_40_BP"": -22, ""AC_40_P"": -48, ""AC_45_KO"": -370, ""AC_50_C"": 9, ""AC_50_CO"": -10, ""AC_50_P"": 9, ""AC_50_P_2"": 3, ""AC_60_C"": -44}",130,-370,-22,-10,0,3,0,-48,0,9,9,-44
460,-58.22335011351455,-1507.7209520426002,5093.234847768664,509.3234847768664,509.3234847768664,1018.6469695537328,0.635,-4966.741455404291,-5640.636099850078,-5987.742836408802,35596.738278390025,-554.8974956539437,-1299.9087139645872,-1057.8963108125913,-433.89129407794564,-1057.8963108125913,-1809.2321987414534,-58.22335011351455,"{""AC"": 110, ""AC_40_BP"": -26, ""AC_40_P"": -16, ""AC_45_KO"": -50, ""AC_45_P"": 13, ""AC_50_C"": 42, ""AC_50_CO"": -19, ""AC_50_C_2"": -14, ""AC_60_C"": -2}",110,-50,-26,-19,-14,0,0,-16,13,0,42,-2
461,-1.506526028056429,352.08356527370756,1147.549275443039,114.75492754430391,114.75492754430391,229.50985508860782,0.306,-2170.755948669636,-4612.956918449148,-8535.72025544111,1235.1058483692852,-218.58212089502004,-544.1955131954654,-384.49738210065374,-138.7330553476142,-384.49738210065374,-658.9504407397693,-1.506526028056429,"{""AC"": -35, ""AC_40_BP"": -10, ""AC_40_P"": -9, ""AC_45_KO"": -370, ""AC_45_P"": -32, ""AC_50_CO"": -5, ""AC_50_C_2"": 6, ""AC_50_P_2"": 28, ""AC_60_C"": 7}",-35,-370,-10,-5,6,28,0,-9,-32,0,0,7
462,282.22290258870083,1001.2805507831133,4906.292121177293,490.62921211772925,490.62921211772925,981.2584242354585,0.415,-7829.167490514029,-16255.930906881016,-29157.6205409924,7807.475292631787,-500.6938464627021,-1675.0689700398063,-1137.466827047268,-231.89277496643294,-1137.466827047268,-2165.6981821575355,282.22290258870083,"{""AC"": -200, ""AC_35_P"": 3, ""AC_40_BP"": -50, ""AC_45_KO"": -400, ""AC_50_C"": 36, ""AC_50_CO"": 3, ""AC_50_C_2"": 32, ""AC_50_P"": -2, ""AC_60_C"": 50}",-200,-400,-50,3,32,0,3,0,0,-2,36,50
463,104.80009755303908,3.1427445922026678,983.9085179256871,98.39085179256871,98.39085179256871,196.78170358513742,0.499,-1291.9754930528245,-2193.6719004395454,-3550.3381389994156,2298.380129226081,-24.39745175224337,-218.19377571016705,-138.19165230116894,15.603609952255677,-138.19165230116894,-316.58462750273577,104.80009755303908,"{""AC"": -50, ""AC_35_P"": 33, ""AC_40_BP"": -43, ""AC_40_P"": -40, ""AC_45_KO"": -40, ""AC_45_P"": 19, ""AC_50_C"": 24, ""AC_50_CO"": 11, ""AC_60_C"": 4}",-50,-40,-43,11,0,0,33,-40,19,0,24,4
464,50.11491739096358,361.53900845964563,2021.407715093291,202.1407715093291,202.1407715093291,404.2815430186582,0.439,-3582.8798460320086,-6547.127616135801,-10518.666419266689,3142.7434942415643,-308.1730672122373,-845.6050441170386,-588.3874452685022,-179.56426778796913,-588.3874452685022,-1047.7458156263676,50.11491739096358,"{""AC"": -75, ""AC_35_P"": 5, ""AC_40_BP"": 2, ""AC_40_P"": 10, ""AC_45_KO"": -280, ""AC_50_C"": 35, ""AC_50_CO"": 12, ""AC_50_C_2"": -21, ""AC_50_P"": -24}",-75,-280,2,12,-21,0,5,10,0,-24,35,0
465,-57.268702505427456,70.2609675142553,533.8317006454802,53.38317006454802,53.38317006454802,106.76634012909604,0.423,-964.325442392115,-2523.8485151834575,-4020.0811603119646,528.0561393469311,-153.70124674463895,-298.3500631034562,-228.60910389651872,-118.83076714117021,-228.60910389651872,-351.73323316800423,-57.268702505427456,"{""AC"": 10, ""AC_35_P"": 4, ""AC_40_BP"": 25, ""AC_40_P"": -22, ""AC_45_KO"": -460, ""AC_45_P"": 13, ""AC_50_C"": -11, ""AC_50_CO"": -10, ""AC_50_C_2"": -2}",10,-460,25,-10,-2,0,4,-22,13,0,-11,0
466,-16.31445242896736,-36.546058498955674,602.021043090425,60.2021043090425,60.2021043090425,120.404208618085,0.533,-708.9684781949987,-1494.6396390805924,-2208.728570194132,3938.182176908348,-87.21130024846724,-193.55657197771706,-152.76077631273841,-66.81340241597793,-152.76077631273841,-253.75867628675957,-16.31445242896736,"{""AC"": -20, ""AC_35_P"": -29, ""AC_40_BP"": -14, ""AC_40_P"": -6, ""AC_45_KO"": -220, ""AC_50_C"": 27, ""AC_50_CO"": 4, ""AC_50_P"": -16, ""AC_60_C"": 3}",-20,-220,-14,4,0,0,-29,-6,0,-16,27,3
467,-185.52483034425637,-1566.2492199797434,6720.468139193173,672.0468139193173,672.0468139193173,1344.0936278386346,0.595,-7737.347487176196,-8877.64685592689,-9511.489929692543,42714.29417838351,-959.2595790618761,-2119.8617021383056,-1682.1503603803444,-740.4039081828955,-1682.1503603803444,-2791.908516057623,-185.52483034425637,"{""AC"": 195, ""AC_35_P"": -26, ""AC_40_BP"": -3, ""AC_40_P"": -16, ""AC_45_KO"": -380, ""AC_50_CO"": -43, ""AC_50_C_2"": -9, ""AC_50_P"": 25, ""AC_50_P_2"": 19}",195,-380,-3,-43,-9,19,-26,-16,0,25,0,0
468,323.0238341561372,406.7525725804782,3091.8850558567024,309.1885055856702,309.1885055856702,618.3770111713404,0.424,-4660.732508963725,-8742.285793825013,-15645.50953823224,5987.63511739417,-143.04941674023536,-842.1592930847942,-530.6802949812567,12.69008231153336,-530.6802949812567,-1151.3477986704643,323.0238341561372,"{""AC"": -145, ""AC_35_P"": 16, ""AC_40_BP"": -50, ""AC_45_KO"": -300, ""AC_50_C"": 35, ""AC_50_CO"": 9, ""AC_50_C_2"": 50, ""AC_50_P_2"": 5, ""AC_60_C"": 31}",-145,-300,-50,9,50,5,16,0,0,0,35,31
469,371.84089519167645,466.17760984696423,4290.738046591942,429.07380465919425,429.07380465919425,858.1476093183885,0.449,-6597.552933679364,-12666.840736077014,-22997.514558566778,8054.0851367185005,-287.91439817626,-1277.5473382281646,-832.3289471898252,-65.30520265709035,-832.3289471898252,-1706.621142887359,371.84089519167645,"{""AC"": -155, ""AC_35_P"": 47, ""AC_40_BP"": -31, ""AC_45_KO"": -280, ""AC_45_P"": 31, ""AC_50_C"": 33, ""AC_50_CO"": -1, ""AC_50_C_2"": 41, ""AC_60_C"": 31}",-155,-280,-31,-1,41,0,47,0,31,0,33,31
470,-89.70766774087963,2329.9109746745507,7245.96209133095,724.596209133095,724.596209133095,1449.19241826619,0.308,-13308.695837317764,-30803.948644355347,-55470.607527262124,6390.376298864548,-1420.577251472656,-3416.8816270703205,-2448.3101479050915,-936.2915118900416,-2448.3101479050915,-4141.477836203416,-89.70766774087963,"{""AC"": -165, ""AC_35_P"": -19, ""AC_40_BP"": -17, ""AC_40_P"": 2, ""AC_45_KO"": -160, ""AC_50_CO"": -28, ""AC_50_P"": -28, ""AC_50_P_2"": 31, ""AC_60_C"": -7}",-165,-160,-17,-28,0,31,-19,2,0,-28,0,-7
471,336.22933615146707,-25.31760089967935,1933.9780347609624,193.39780347609624,193.39780347609624,386.7956069521925,0.504,-2390.3371880480036,-3569.3732921643314,-5003.892756468207,4817.489315480033,97.1956173466667,-261.3549608605338,-119.0201437937816,168.3630258800428,-119.0201437937816,-454.7527643366301,336.22933615146707,"{""AC"": -100, ""AC_35_P"": 29, ""AC_40_BP"": -35, ""AC_45_KO"": -410, ""AC_45_P"": 13, ""AC_50_C"": 46, ""AC_50_CO"": 13, ""AC_50_C_2"": 37, ""AC_60_C"": 20}",-100,-410,-35,13,37,0,29,0,13,0,46,20
472,277.80880698953393,583.8064078381894,3102.390375362465,310.2390375362465,310.2390375362465,620.478075072493,0.407,-4741.027734840571,-9374.571045324852,-17207.157614050106,5412.723623467646,-196.29396649452315,-907.4481267206088,-588.4648720046748,-36.80233913655623,-588.4648720046748,-1217.6871642568553,277.80880698953393,"{""AC"": -155, ""AC_35_P"": 15, ""AC_40_BP"": -35, ""AC_45_KO"": -420, ""AC_50_C"": 33, ""AC_50_CO"": -4, ""AC_50_C_2"": 50, ""AC_50_P"": -15, ""AC_60_C"": 50}",-155,-420,-35,-4,50,0,15,0,0,-15,33,50
473,221.07281699891837,1408.2338374591486,6373.682929142754,637.3682929142753,637.3682929142753,1274.7365858285507,0.409,-10839.203948682201,-23348.309705714077,-40984.970806992416,9399.27782520899,-862.8475778693019,-2488.728170171632,-1723.4919217605493,-480.2294536637606,-1723.4919217605493,-3126.096463085907,221.07281699891837,"{""AC"": -165, ""AC_35_P"": 35, ""AC_40_BP"": -38, ""AC_40_P"": -3, ""AC_45_KO"": -320, ""AC_45_P"": 9, ""AC_50_C"": 21, ""AC_50_CO"": 1, ""AC_50_P_2"": 39}",-165,-320,-38,1,0,39,35,-3,9,0,21,0
474,339.83747706491766,274.9924401554733,2883.318894640597,288.3318894640597,288.3318894640597,576.6637789281194,0.465,-4023.4168655460016,-6885.081439242013,-11552.236040478052,6056.310794551265,-62.50420948968252,-666.0167393215827,-407.8409974990124,66.58366142160264,-407.8409974990124,-954.3486287856424,339.83747706491766,"{""AC"": -145, ""AC_35_P"": 35, ""AC_40_BP"": -22, ""AC_45_KO"": -500, ""AC_50_C"": 34, ""AC_50_CO"": 13, ""AC_50_C_2"": 41, ""AC_50_P"": -15, ""AC_60_C"": 47}",-145,-500,-22,13,41,0,35,0,0,-15,34,47
475,226.9208072125425,109.86892090843833,1021.0056859232744,102.10056859232745,102.10056859232745,204.2011371846549,0.475,-1180.9207073871426,-2004.2726703006203,-2638.6153008952197,4077.702414357101,108.82873647382826,-68.30936963424313,-1.2675831916925944,142.34962969510352,-1.2675831916925944,-170.40993822657057,226.9208072125425,"{""AC"": -60, ""AC_35_P"": 31, ""AC_40_BP"": -46, ""AC_45_KO"": -250, ""AC_50_C"": 43, ""AC_50_CO"": 5, ""AC_50_C_2"": 35}",-60,-250,-46,5,35,0,31,0,0,0,43,0
476,108.09089662505518,1383.7136819958898,5214.244215906256,521.4244215906256,521.4244215906256,1042.8488431812511,0.364,-8808.323436581924,-20079.584497446733,-37200.13025356387,6328.607931455257,-772.7414470331373,-2093.9899625204257,-1473.8698296575462,-462.68138060169747,-1473.8698296575462,-2615.4143841110513,108.09089662505518,"{""AC"": -160, ""AC_40_BP"": 7, ""AC_40_P"": 17, ""AC_45_KO"": -160, ""AC_45_P"": -14, ""AC_50_C"": -3, ""AC_50_CO"": 16, ""AC_50_C_2"": 41, ""AC_50_P"": -32}",-160,-160,7,16,41,0,0,17,-14,-32,-3,0
477,223.3746974862147,22.217473626229665,1214.2153791916894,121.42153791916894,121.42153791916894,242.84307583833788,0.498,-1305.032157287036,-1795.1911905457005,-2470.716635981965,2994.14358928802,92.8714817575111,-102.88334183554429,-33.09089506642516,127.76770514207067,-33.09089506642516,-224.30487975471323,223.3746974862147,"{""AC"": -10, ""AC_35_P"": -12, ""AC_40_BP"": 8, ""AC_40_P"": 30, ""AC_45_KO"": -280, ""AC_45_P"": 19, ""AC_50_CO"": 4, ""AC_50_C_2"": 20, ""AC_50_P"": 42}",-10,-280,8,4,20,0,-12,30,19,42,0,0
478,73.90803063563365,-207.78634386600504,1003.2952353637061,100.3295235363706,100.3295235363706,200.6590470727412,0.726,-677.5230391672998,-986.6963251250633,-1321.294198628466,8228.00347415777,6.155726718903665,-95.47272915619129,-77.8851870076466,14.949497793176008,-77.8851870076466,-195.8022526925619,73.90803063563365,"{""AC"": 25, ""AC_40_BP"": 12, ""AC_45_KO"": -80, ""AC_45_P"": 32, ""AC_50_CO"": 4, ""AC_50_C_2"": 4, ""AC_50_P"": -20, ""AC_50_P_2"": 18}",25,-80,12,4,4,18,0,0,32,-20,0,0
479,-78.91780071223914,-572.9841942392303,2803.6590658156797,280.36590658156797,280.36590658156797,560.7318131631359,0.576,-3277.7960445192816,-3751.9607843661047,-4068.1282857220485,17763.285215309003,-406.6974051641673,-898.3668118420595,-710.7701606809153,-312.89907958359527,-710.7701606809153,-1178.7327184236274,-78.91780071223914,"{""AC"": 70, ""AC_35_P"": -28, ""AC_40_BP"": -7, ""AC_40_P"": -13, ""AC_45_KO"": -310, ""AC_50_C"": 3, ""AC_50_CO"": -10, ""AC_50_C_2"": -3, ""AC_50_P_2"": 18}",70,-310,-7,-10,-3,18,-28,-13,0,0,3,0
480,396.0799054001698,570.9701246454342,4989.072446428898,498.9072446428898,498.9072446428898,997.8144892857796,0.439,-7949.22881961582,-15014.020800401187,-27464.863056320984,9046.958942786636,-398.8429765614122,-1591.2272995037852,-1045.758039863648,-126.10834674134362,-1045.758039863648,-2090.134544146675,396.0799054001698,"{""AC"": -200, ""AC_35_P"": 34, ""AC_40_BP"": -43, ""AC_40_P"": 1, ""AC_45_KO"": -420, ""AC_50_C"": 50, ""AC_50_CO"": 19, ""AC_50_C_2"": 50, ""AC_60_C"": 20}",-200,-420,-43,19,50,0,34,1,0,0,50,20
481,296.23184661428934,1003.3158616986505,5405.295222951018,540.5295222951019,540.5295222951019,1081.0590445902037,0.414,-8686.267807837203,-18418.0090762639,-33366.50907996265,8439.533406687535,-572.3949341694309,-1875.3351053450115,-1276.973085708842,-273.21392435134624,-1276.973085708842,-2415.864627640113,296.23184661428934,"{""AC"": -190, ""AC_35_P"": 29, ""AC_40_BP"": -24, ""AC_45_KO"": -390, ""AC_45_P"": 6, ""AC_50_C"": 25, ""AC_50_CO"": -3, ""AC_50_C_2"": 39, ""AC_60_C"": 39}",-190,-390,-24,-3,39,0,29,0,6,0,25,39
482,-333.7472942953494,-145.45603705648313,1897.6987362743314,189.76987362743313,189.76987362743313,379.53974725486626,0.531,-3463.019213903445,-4128.950595332252,-7902.738454907183,2421.5113849680497,-680.0492156856939,-1199.5020977712106,-948.0851131945825,-554.34072339738,-948.0851131945825,-1389.2719713986437,-333.7472942953494,"{""AC"": 40, ""AC_35_P"": 11, ""AC_40_BP"": -45, ""AC_40_P"": -10, ""AC_45_KO"": -360, ""AC_50_C"": -37, ""AC_50_CO"": -39, ""AC_50_P"": -38, ""AC_50_P_2"": -20}",40,-360,-45,-39,0,-20,11,-10,0,-38,-37,0
483,-212.46343976871466,-30.820165732101373,1722.0585052582,172.20585052582,172.20585052582,344.41170105164,0.506,-3004.3339180580556,-3555.7022635137,-3839.698684334475,4765.205772696132,-512.8968315745202,-963.5469192832286,-749.216452740333,-405.7315983030725,-749.216452740333,-1135.7527698090487,-212.46343976871466,"{""AC"": 40, ""AC_35_P"": 12, ""AC_40_BP"": 7, ""AC_45_KO"": -20, ""AC_50_C"": 31, ""AC_50_CO"": -40, ""AC_50_C_2"": -9, ""AC_50_P"": -40, ""AC_60_C"": -22}",40,-20,7,-40,-9,0,12,0,0,-40,31,-22
484,134.7108025690011,-208.71417795668555,917.1704542320517,91.71704542320518,91.71704542320518,183.43409084641036,0.565,-932.6407251195326,-1457.4983093306603,-2197.4980758178644,2445.90685925705,41.44673005704783,-98.44937871088206,-51.04382891053139,65.14950495722317,-51.04382891053139,-190.16642413408724,134.7108025690011,"{""AC"": -40, ""AC_35_P"": 37, ""AC_40_BP"": -14, ""AC_40_P"": 17, ""AC_45_KO"": -30, ""AC_45_P"": -7, ""AC_50_C"": 38, ""AC_50_CO"": -4}",-40,-30,-14,-4,0,0,37,17,-7,0,38,0
485,47.73848586173474,689.1583611572769,3337.1291247177037,333.7129124717704,333.7129124717704,667.4258249435408,0.365,-6145.560002617842,-13250.29294351821,-24277.352312500105,4179.62031931899,-566.8175144000495,-1488.6515147927257,-1040.9519707668267,-342.9677423871,-1040.9519707668267,-1822.364427264496,47.73848586173474,"{""AC"": -70, ""AC_35_P"": -12, ""AC_40_BP"": -25, ""AC_40_P"": 26, ""AC_45_KO"": -10, ""AC_50_CO"": 18, ""AC_50_C_2"": 13, ""AC_50_P"": 1, ""AC_60_C"": -40}",-70,-10,-25,18,13,0,-12,26,0,1,0,-40
486,-196.54454885128519,-47.20253346453819,980.7134227242923,98.07134227242923,98.07134227242923,196.14268454485847,0.523,-1714.406128993268,-3711.2718284315256,-7287.937366453008,1193.9382689322808,-367.985161750612,-625.1460810996023,-502.74113933649,-306.78269086905595,-502.74113933649,-723.2174233720315,-196.54454885128519,"{""AC"": -25, ""AC_35_P"": -19, ""AC_40_BP"": 8, ""AC_40_P"": -37, ""AC_45_KO"": -320, ""AC_50_CO"": -3, ""AC_50_P"": -2, ""AC_50_P_2"": -47, ""AC_60_C"": -1}",-25,-320,8,-3,0,-47,-19,-37,0,-2,0,-1
487,251.47558452530188,458.20866702687545,3563.7861664850743,356.37861664850743,356.37861664850743,712.7572332970149,0.436,-5450.941395037335,-10933.971520654028,-19493.35281578461,6437.128813560555,-293.6185549784316,-1111.2597642340318,-744.354933054552,-110.1661393886917,-744.354933054552,-1467.6383808825392,251.47558452530188,"{""AC"": -140, ""AC_35_P"": 47, ""AC_40_BP"": -25, ""AC_45_KO"": -280, ""AC_50_C"": 17, ""AC_50_CO"": 14, ""AC_50_C_2"": 23, ""AC_50_P"": -20, ""AC_60_C"": 35}",-140,-280,-25,14,23,0,47,0,0,-20,17,35
488,242.22396792963792,986.4175716435096,4381.6905660917555,438.1690566091755,438.1690566091755,876.338113218351,0.396,-7327.885881275775,-15134.367198942376,-27909.038284366812,6625.87242953578,-490.56462019793963,-1589.747502389306,-1076.0434425663161,-233.71259028644474,-1076.0434425663161,-2027.9165589984814,242.22396792963792,"{""AC"": -185, ""AC_35_P"": 14, ""AC_40_BP"": -50, ""AC_40_P"": -24, ""AC_45_KO"": -430, ""AC_50_C"": 50, ""AC_50_CO"": -2, ""AC_50_C_2"": 42, ""AC_60_C"": 25}",-185,-430,-50,-2,42,0,14,-24,0,0,50,25
489,392.17271649914784,101.36431708995246,1886.0688972979478,188.60688972979477,188.60688972979477,377.21377945958955,0.48,-1820.278732308753,-3634.436260967229,-5202.958397582251,11627.397357761332,210.14484326827252,-62.896966578040406,24.827461787937494,254.00705745126146,24.827461787937494,-251.50385630783518,392.17271649914784,"{""AC"": -75, ""AC_35_P"": 34, ""AC_40_BP"": -46, ""AC_45_KO"": -500, ""AC_45_P"": 9, ""AC_50_C"": 49, ""AC_50_CO"": 22, ""AC_50_C_2"": 34, ""AC_60_C"": 39}",-75,-500,-46,22,34,0,34,0,9,0,49,39
490,21.57383739397768,-947.5049432590445,3576.719754633092,357.6719754633092,357.6719754633092,715.3439509266184,0.604,-3600.5295407846434,-4071.4692499497723,-4446.459579330036,23866.65090216139,-338.4791166844867,-878.5585478021832,-697.3415814553734,-247.87063351108182,-697.3415814553734,-1236.2305232654924,21.57383739397768,"{""AC"": 70, ""AC_35_P"": -19, ""AC_40_BP"": -7, ""AC_45_KO"": -120, ""AC_45_P"": -5, ""AC_50_C"": 41, ""AC_50_CO"": -32, ""AC_50_C_2"": 15, ""AC_50_P_2"": 37}",70,-120,-7,-32,15,37,-19,0,-5,0,41,0
491,-118.5570486543236,1246.8938753354935,3542.488791777077,354.2488791777077,354.2488791777077,708.4977583554154,0.286,-6667.79337335171,-15543.14864580316,-28628.530136675712,2443.207130667611,-785.3363859894946,-1785.5053919922511,-1295.850494245934,-540.508937116336,-1295.850494245934,-2139.754271169959,-118.5570486543236,"{""AC"": -95, ""AC_35_P"": -32, ""AC_40_BP"": -11, ""AC_40_P"": -49, ""AC_45_KO"": -40, ""AC_50_CO"": -12, ""AC_50_C_2"": 8, ""AC_50_P"": -29, ""AC_50_P_2"": 40}",-95,-40,-11,-12,8,40,-32,-49,0,-29,0,0
492,261.1839261768229,269.9120403821957,2665.5225944770846,266.5522594477085,266.5522594477085,533.104518895417,0.449,-3748.156668291487,-6783.816112733377,-11618.150153758386,5475.150353498617,-113.63174065232585,-675.8552408960488,-434.31570379075436,7.138027900321418,-434.31570379075436,-942.4075003437573,261.1839261768229,"{""AC"": -125, ""AC_35_P"": 49, ""AC_40_BP"": -40, ""AC_40_P"": -15, ""AC_45_KO"": -350, ""AC_50_C"": 34, ""AC_50_CO"": 2, ""AC_50_C_2"": 14, ""AC_60_C"": 47}",-125,-350,-40,2,14,0,49,-15,0,0,34,47
493,-35.71300902062531,-1769.770009729782,6073.1193406833445,607.3119340683345,607.3119340683345,1214.623868136669,0.652,-5655.605550582245,-6436.710706644408,-6839.03896947384,43436.25886355969,-601.2735640788499,-1449.6143966661866,-1187.7098086421292,-470.32127006682117,-1187.7098086421292,-2056.926330734521,-35.71300902062531,"{""AC"": 155, ""AC_35_P"": -1, ""AC_40_BP"": -13, ""AC_40_P"": -39, ""AC_45_KO"": -130, ""AC_45_P"": 3, ""AC_50_CO"": 1, ""AC_50_C_2"": -4, ""AC_50_P"": 38}",155,-130,-13,1,-4,0,-1,-39,3,38,0,0
494,105.68203964753184,-1751.5887833721797,4934.94254594511,493.49425459451106,493.49425459451106,986.9885091890221,0.662,-3794.96743547158,-4141.687543481167,-4506.888927044222,34377.329956059024,-273.8147038996262,-843.0598192203631,-710.3102029704608,-207.43989577467494,-710.3102029704608,-1336.5540738148743,105.68203964753184,"{""AC"": 115, ""AC_35_P"": 18, ""AC_40_BP"": 8, ""AC_40_P"": -4, ""AC_45_KO"": -290, ""AC_50_CO"": 22, ""AC_50_C_2"": 41, ""AC_50_P_2"": 5, ""AC_60_C"": -30}",115,-290,8,22,41,5,18,-4,0,0,0,-30
495,68.75593731164626,1882.2932918878992,6812.180780633386,681.2180780633387,681.2180780633387,1362.4361561266774,0.389,-12462.541205276326,-25792.501712389505,-44717.94285319182,8355.199505572942,-1177.4981832159865,-3046.879364007435,-2141.234282511472,-724.6756424680048,-2141.234282511472,-3728.0974420707735,68.75593731164626,"{""AC"": -160, ""AC_35_P"": -6, ""AC_40_BP"": 16, ""AC_45_KO"": -30, ""AC_50_C"": -13, ""AC_50_CO"": 7, ""AC_50_C_2"": -17, ""AC_50_P"": 24, ""AC_60_C"": 16}",-160,-30,16,7,-17,0,-6,0,0,24,-13,16
496,-130.29055873852067,1440.6646451877882,3747.1442231748374,374.71442231748375,374.71442231748375,749.4288446349675,0.298,-7222.208697069998,-16344.395660763415,-29343.32747573344,2745.79297061715,-852.5114284455206,-1935.8427330060204,-1400.9790744577624,-585.0795991713916,-1400.9790744577624,-2310.557155323504,-130.29055873852067,"{""AC"": -65, ""AC_40_BP"": 19, ""AC_45_KO"": -80, ""AC_45_P"": -31, ""AC_50_C"": -29, ""AC_50_CO"": -24, ""AC_50_C_2"": -6, ""AC_50_P"": 16, ""AC_60_C"": 14}",-65,-80,19,-24,-6,0,0,0,-31,16,-29,14
497,18.00066206511161,1968.370374036809,7051.610953169742,705.1610953169742,705.1610953169742,1410.3221906339484,0.349,-12688.198545807667,-28211.63522723402,-50337.30769375734,7734.731450622321,-1250.8191925156552,-3154.048974386805,-2237.8096674645253,-792.6995390545154,-2237.8096674645253,-3859.2100697037795,18.00066206511161,"{""AC"": -165, ""AC_35_P"": -5, ""AC_40_BP"": 4, ""AC_45_KO"": -120, ""AC_45_P"": -2, ""AC_50_C"": -19, ""AC_50_CO"": 4, ""AC_50_C_2"": 3, ""AC_50_P_2"": 3}",-165,-120,4,4,3,3,-5,0,-2,0,-19,0
498,-76.00793314084467,-591.69262451037,2165.774959928592,216.5774959928592,216.5774959928592,433.1549919857184,0.571,-2521.96689144002,-2844.135278985451,-3105.105875203164,13140.554213632802,-328.20462228484666,-706.4996560008497,-562.5917148532773,-256.25065171106047,-562.5917148532773,-923.0771519937089,-76.00793314084467,"{""AC"": 70, ""AC_35_P"": -11, ""AC_40_BP"": -44, ""AC_45_KO"": -30, ""AC_45_P"": 23, ""AC_50_CO"": -19, ""AC_50_C_2"": -16, ""AC_50_P"": -9, ""AC_50_P_2"": 20}",70,-30,-44,-19,-16,20,-11,0,23,-9,0,0
499,370.20936486306607,861.9664607746049,5436.572568195209,543.6572568195209,543.6572568195209,1087.3145136390417,0.418,-8471.083524607333,-17534.682026149898,-31275.490102520387,9403.982757479318,-476.8989875976673,-1747.561516288767,-1172.2817922377942,-189.25912557218084,-1172.2817922377942,-2291.2187731082877,370.20936486306607,"{""AC"": -200, ""AC_35_P"": 48, ""AC_40_BP"": -50, ""AC_45_KO"": -360, ""AC_50_C"": 36, ""AC_50_CO"": -4, ""AC_50_C_2"": 33, ""AC_50_P_2"": 18, ""AC_60_C"": 50}",-200,-360,-50,-4,33,18,48,0,0,0,36,50
500,335.51807527438325,468.05389367172137,3349.4895483620517,334.9489548362052,334.9489548362052,669.8979096724104,0.434,-4908.506879432823,-9376.767628158235,-16899.566588777485,6414.619505572943,-155.33261266889906,-891.6086445838224,-568.2324340586426,6.355492593690798,-568.2324340586426,-1226.5575994200276,335.51807527438325,"{""AC"": -150, ""AC_35_P"": 25, ""AC_40_BP"": -30, ""AC_45_KO"": -240, ""AC_50_C"": 37, ""AC_50_CO"": 8, ""AC_50_C_2"": 50, ""AC_50_P"": 2, ""AC_60_C"": 31}",-150,-240,-30,8,50,0,25,0,0,2,37,31
