run_id,mean,median,std,score_std_100,score_std_100_sims,mean_ci95_100_sims,p_loss,p05,p01,worst,best,score_p05_10,score_p05_25,score,score_aggressive,score_balanced,score_safe,score_mean_only,positions,AC,AC_45_KO,AC_40_BP,AC_50_CO,AC_50_C_2,AC_50_P_2,AC_35_P,AC_40_P,AC_45_P,AC_50_P,AC_50_C,AC_60_C
1,292.28306961204015,146.3836021864028,2252.5436042585716,225.25436042585716,225.25436042585716,450.5087208517143,0.467,-3120.671366076128,-5137.488090795083,-8933.087354630465,4922.166355575866,-19.784066995572687,-487.88477190699183,-288.44481551230757,79.93591120176944,-288.44481551230757,-713.1391323328489,292.28306961204015,"{""AC"": -115, ""AC_35_P"": 29, ""AC_40_BP"": -37, ""AC_45_KO"": -320, ""AC_50_C"": 36, ""AC_50_CO"": 3, ""AC_50_C_2"": 35, ""AC_50_P_2"": 3, ""AC_60_C"": 36}",-115,-320,-37,3,35,3,29,0,0,0,36,36
2,354.4251811340428,109.6955759213331,3178.779916825378,317.8779916825378,317.8779916825378,635.7559833650756,0.487,-4365.935640978392,-7273.832296274491,-12726.044487240542,6882.568311641076,-82.16838296379643,-737.0587291105553,-459.4041608539849,56.65890116448874,-459.4041608539849,-1054.9367207930932,354.4251811340428,"{""AC"": -140, ""AC_35_P"": 43, ""AC_40_BP"": -50, ""AC_40_P"": 13, ""AC_45_KO"": -270, ""AC_50_C"": 31, ""AC_50_CO"": 11, ""AC_50_C_2"": 23, ""AC_60_C"": 50}",-140,-270,-50,11,23,0,43,13,0,0,31,50
3,399.60776169501406,694.0365218205482,5097.301053120876,509.7301053120876,509.7301053120876,1019.4602106241751,0.437,-8134.70290226215,-14901.206222001441,-27798.95271953169,9346.237999814508,-413.862528531201,-1634.0679638705235,-1075.4627263003524,-134.55990974611535,-1075.4627263003524,-2143.798069182611,399.60776169501406,"{""AC"": -200, ""AC_35_P"": 50, ""AC_40_BP"": -50, ""AC_45_KO"": -490, ""AC_50_C"": 25, ""AC_50_CO"": 16, ""AC_50_C_2"": 43, ""AC_50_P"": -3, ""AC_60_C"": 50}",-200,-490,-50,16,43,0,50,0,0,-3,25,50
4,19.39648906761574,848.1093560665939,2730.265789438411,273.0265789438411,273.0265789438411,546.0531578876822,0.3345,-5202.370346712444,-11289.991055379978,-19974.60893839412,3071.8371990325004,-500.84054560362875,-1281.1960976104954,-897.4723524111713,-308.9786730039668,-897.4723524111713,-1554.2226765543364,19.39648906761574,"{""AC"": -75, ""AC_40_BP"": -24, ""AC_40_P"": 4, ""AC_45_KO"": -60, ""AC_45_P"": -5, ""AC_50_CO"": -17, ""AC_50_C_2"": -2, ""AC_50_P_2"": 13, ""AC_60_C"": 22}",-75,-60,-24,-17,-2,13,0,4,-5,0,0,22
5,283.805762606719,-31.70030458823817,1782.2769737836918,178.2276973783692,178.2276973783692,356.4553947567384,0.5105,-2203.370108914399,-3214.5533970234333,-5798.547939136463,4375.64223944287,63.46875171527904,-267.0367646218808,-135.81360241962545,129.08033281640672,-135.81360241962545,-445.26446200025,283.805762606719,"{""AC"": -105, ""AC_35_P"": 50, ""AC_40_BP"": -44, ""AC_45_KO"": -240, ""AC_45_P"": -10, ""AC_50_C"": 50, ""AC_50_CO"": -2, ""AC_50_C_2"": 29, ""AC_60_C"": 32}",-105,-240,-44,-2,29,0,50,0,-10,0,50,32
6,152.82447723419492,-172.52030462004944,1002.650005499412,100.2650005499412,100.2650005499412,200.5300010998824,0.555,-1053.2965196266157,-2324.4926611917085,-3388.9534196814766,2568.752205263244,47.494825271533344,-110.499652672459,-55.302500984768024,75.09340111537884,-55.302500984768024,-210.76465322240023,152.82447723419492,"{""AC_35_P"": 9, ""AC_40_BP"": -47, ""AC_40_P"": 15, ""AC_45_KO"": -320, ""AC_45_P"": 12, ""AC_50_CO"": 3, ""AC_50_C_2"": -10, ""AC_50_P"": 46}",0,-320,-47,3,-10,0,9,15,12,46,0,0
7,202.96723798031215,-69.02295005800265,1906.334923586853,190.6334923586853,190.6334923586853,381.2669847173706,0.5185,-2570.736902095334,-4644.7903077015635,-7728.900315907766,4411.766651101485,-54.10645222922122,-439.7169875435213,-277.96004351333056,26.772019785874143,-277.96004351333056,-630.3504799022066,202.96723798031215,"{""AC"": -30, ""AC_35_P"": 47, ""AC_40_BP"": -20, ""AC_40_P"": 27, ""AC_45_KO"": -210, ""AC_50_C"": -11, ""AC_50_CO"": 16, ""AC_50_P"": 2, ""AC_50_P_2"": 18}",-30,-210,-20,16,0,18,47,27,0,2,-11,0
8,289.3056641550089,749.7386918975653,4565.2959189921385,456.52959189921387,456.52959189921387,913.0591837984277,0.433,-7565.722976921939,-14611.89083512068,-26684.989658618564,7803.956676656562,-467.26663353718504,-1602.125080075476,-1073.8175783328888,-203.11288266589153,-1073.8175783328888,-2058.65467197469,289.3056641550089,"{""AC"": -180, ""AC_35_P"": 27, ""AC_40_BP"": -50, ""AC_45_KO"": -490, ""AC_50_C"": 46, ""AC_50_CO"": 7, ""AC_50_C_2"": 22, ""AC_50_P"": -2, ""AC_60_C"": 28}",-180,-490,-50,7,22,0,27,0,0,-2,46,28
9,-273.92633797813824,-84.5643152506529,1430.3142585703315,143.03142585703316,143.03142585703316,286.0628517140663,0.5265,-2131.9643869139445,-6215.80298350923,-12350.508850532187,1363.9205069483878,-487.1227766695327,-806.9174347066244,-665.2367089437465,-416.2824137880937,-665.2367089437465,-949.9488605636575,-273.92633797813824,"{""AC"": 35, ""AC_40_BP"": -7, ""AC_40_P"": -35, ""AC_45_KO"": -180, ""AC_45_P"": -10, ""AC_50_C"": -38, ""AC_50_CO"": -4, ""AC_50_C_2"": -10, ""AC_60_C"": -39}",35,-180,-7,-4,-10,0,0,-35,-10,0,-38,-39
10,16.282972405428378,-694.3792639183052,2056.1639976398046,205.61639976398047,205.61639976398047,411.23279952796094,0.6345,-1728.702163527295,-1880.562413102789,-1967.3732091022007,14445.931526379209,-156.58724394730112,-415.89256847639535,-345.83055200565605,-121.55623571193149,-345.83055200565605,-621.5089682403758,16.282972405428378,"{""AC"": 30, ""AC_35_P"": 40, ""AC_40_BP"": 1, ""AC_45_KO"": -10, ""AC_45_P"": -50, ""AC_50_CO"": 11, ""AC_50_C_2"": 17, ""AC_50_P"": -4, ""AC_60_C"": 4}",30,-10,1,11,17,0,40,0,-50,-4,0,4
11,-26.94860062732277,-633.1341158482085,2472.0430827056875,247.20430827056876,247.20430827056876,494.4086165411375,0.5785,-2630.1396133565468,-2922.0062020029077,-3165.1760740335617,17423.84678345126,-289.9625619629775,-684.4835039664595,-545.0716967660892,-220.2566583627923,-545.0716967660892,-931.6878122370282,-26.94860062732277,"{""AC"": 50, ""AC_35_P"": -20, ""AC_40_BP"": -22, ""AC_45_KO"": -210, ""AC_45_P"": -14, ""AC_50_CO"": -12, ""AC_50_P"": 10, ""AC_50_P_2"": 12, ""AC_60_C"": 24}",50,-210,-22,-12,0,12,-20,0,-14,10,0,24
12,384.3687645129917,220.00709862570085,2648.0302031413257,264.8030203141326,264.8030203141326,529.6060406282652,0.478,-3565.131555250224,-5133.29345875211,-8924.863933861856,5956.703813560555,27.85560898796922,-506.9141242995644,-282.8024789316083,139.9114316719473,-282.8024789316083,-771.717144613697,384.3687645129917,"{""AC"": -145, ""AC_35_P"": 26, ""AC_40_BP"": -29, ""AC_40_P"": -8, ""AC_45_KO"": -400, ""AC_50_C"": 50, ""AC_50_CO"": 18, ""AC_50_C_2"": 50, ""AC_60_C"": 38}",-145,-400,-29,18,50,0,26,-8,0,0,50,38
13,129.27980343338294,-14.876913337809455,1184.2059361795045,118.42059361795046,118.42059361795046,236.84118723590092,0.509,-788.4779987447291,-2327.251025929358,-3614.197396822977,10770.188476872667,50.432003558910026,-67.83969625279934,-48.20219318730166,60.25075509165887,-48.20219318730166,-186.2602898707498,129.27980343338294,"{""AC"": -5, ""AC_40_BP"": 12, ""AC_40_P"": 9, ""AC_45_KO"": -310, ""AC_45_P"": -5, ""AC_50_C"": 17, ""AC_50_CO"": 22, ""AC_50_C_2"": -2, ""AC_60_C"": 8}",-5,-310,12,22,-2,0,0,9,-5,0,17,8
14,125.4212085040927,-369.8398819905405,2072.5090138375767,207.25090138375768,207.25090138375768,414.50180276751536,0.7905,-1359.4344684703842,-2529.481562937977,-3771.399492990608,19873.19798336379,-10.522238342945712,-214.43740861350335,-182.1194124583438,5.636759734634076,-182.1194124583438,-421.68830999726106,125.4212085040927,"{""AC"": 30, ""AC_40_BP"": 22, ""AC_40_P"": -1, ""AC_45_KO"": -250, ""AC_45_P"": 21, ""AC_50_C"": -8, ""AC_50_CO"": 21, ""AC_50_C_2"": -21, ""AC_60_C"": 40}",30,-250,22,21,-21,0,0,-1,21,0,-8,40
15,376.9068035431439,768.9870840724514,5156.866986194611,515.6866986194611,515.6866986194611,1031.3733972389223,0.4345,-8353.606935058086,-15693.469947878668,-29574.10880798586,9131.258942786635,-458.45388996266473,-1711.4949302213774,-1133.9775860252994,-169.6952178646257,-1133.9775860252994,-2227.1816288408386,376.9068035431439,"{""AC"": -200, ""AC_35_P"": 41, ""AC_40_BP"": -50, ""AC_45_KO"": -460, ""AC_45_P"": 4, ""AC_50_C"": 37, ""AC_50_CO"": 9, ""AC_50_C_2"": 43, ""AC_60_C"": 38}",-200,-460,-50,9,43,0,41,0,4,0,37,38
16,2.3103770869237286,-708.8228790824176,3072.6305099646183,307.26305099646186,307.26305099646186,614.5261019929237,0.629,-3081.425904017458,-3506.4168110953997,-3740.5428972756313,21196.57853407744,-305.83221331482207,-768.0460989174408,-613.535034013926,-228.57668086306464,-613.535034013926,-1075.3091499139027,2.3103770869237286,"{""AC"": 40, ""AC_40_BP"": 12, ""AC_40_P"": -37, ""AC_45_KO"": -180, ""AC_45_P"": -3, ""AC_50_C"": 19, ""AC_50_CO"": -9, ""AC_50_C_2"": 26, ""AC_60_C"": 16}",40,-180,12,-9,26,0,0,-37,-3,0,19,16
17,-113.11905352114509,-664.5487799110527,2753.372042269508,275.3372042269508,275.3372042269508,550.6744084539016,0.5595,-3493.55332992536,-3956.7210980581417,-4260.0579973269005,15596.899669724462,-462.47438651368105,-986.5073860024851,-774.8206551234246,-356.6310210741508,-774.8206551234246,-1261.8445902294359,-113.11905352114509,"{""AC"": 55, ""AC_40_BP"": -12, ""AC_40_P"": 12, ""AC_45_KO"": -260, ""AC_50_C"": 6, ""AC_50_CO"": -25, ""AC_50_P"": -49, ""AC_50_P_2"": 13, ""AC_60_C"": 17}",55,-260,-12,-25,0,13,0,12,0,-49,6,17
18,-286.9105292984288,-1247.5217596598268,5205.121067997219,520.5121067997219,520.5121067997219,1041.0242135994438,0.5555,-6844.8337566344,-7884.419428026412,-8496.01518959288,29457.64185477751,-971.3939049618689,-1998.1189684570288,-1573.8916461934498,-759.2802438300793,-1573.8916461934498,-2518.6310752567506,-286.9105292984288,"{""AC"": 140, ""AC_40_BP"": -37, ""AC_40_P"": 11, ""AC_45_KO"": -50, ""AC_45_P"": -20, ""AC_50_CO"": -34, ""AC_50_C_2"": -18, ""AC_50_P"": -16, ""AC_50_P_2"": -16}",140,-50,-37,-34,-18,-16,0,11,-20,-16,0,0
19,227.67815990661452,531.0028959838623,2704.1578981094212,270.4157898109421,270.4157898109421,540.8315796218842,0.431,-4351.803586642199,-7907.856212522761,-14782.929950392936,4751.652490402608,-207.50219875760538,-860.2727367539352,-560.3002729951863,-57.515966878230955,-560.3002729951863,-1130.6885265648773,227.67815990661452,"{""AC"": -75, ""AC_35_P"": -1, ""AC_40_BP"": -10, ""AC_45_KO"": -10, ""AC_45_P"": 27, ""AC_50_CO"": -13, ""AC_50_C_2"": 30, ""AC_50_P"": 42, ""AC_60_C"": 28}",-75,-10,-10,-13,30,0,-1,0,27,42,0,28
20,4.375912059256283,139.29515637748568,696.6862297946458,69.66862297946457,69.66862297946457,139.33724595892915,0.4415,-1200.521705809216,-2050.33871503115,-5121.398614860219,2959.6730883047308,-115.67625852166532,-295.7545143930477,-210.5366553018584,-73.06732897607066,-210.5366553018584,-365.4231373725123,4.375912059256283,"{""AC"": -15, ""AC_35_P"": -5, ""AC_40_BP"": 22, ""AC_45_KO"": -150, ""AC_50_C"": 17, ""AC_50_CO"": 17, ""AC_50_C_2"": -29, ""AC_50_P"": 7, ""AC_50_P_2"": -21}",-15,-150,22,17,-29,-21,-5,0,0,7,17,0
21,57.911998326621585,-1098.0002216830665,2316.0278466061727,231.60278466061726,231.60278466061726,463.2055693212345,0.628,-1686.7344777891553,-1750.7885994981527,-1787.617422043358,14824.551272022054,-110.76144945229396,-363.77162112066725,-310.89956567206036,-84.3254217279905,-310.89956567206036,-595.3744057812845,57.911998326621585,"{""AC"": 60, ""AC_35_P"": 45, ""AC_40_BP"": -15, ""AC_40_P"": 18, ""AC_45_KO"": -40, ""AC_50_CO"": 6, ""AC_50_C_2"": 28, ""AC_50_P"": -23, ""AC_60_C"": -25}",60,-40,-15,6,28,0,45,18,0,-23,0,-25
22,-171.99308678697952,-2492.4263240423606,8323.670967873393,832.3670967873393,832.3670967873393,1664.7341935746786,0.616,-8641.138653439944,-9777.631191468598,-10403.72117473708,59149.840404060385,-1036.106952130974,-2332.2777501469654,-1884.3474331966408,-812.1417936558116,-1884.3474331966408,-3164.644846934305,-171.99308678697952,"{""AC"": 185, ""AC_40_BP"": -34, ""AC_45_KO"": -110, ""AC_45_P"": 2, ""AC_50_C"": 15, ""AC_50_CO"": -7, ""AC_50_C_2"": -33, ""AC_50_P"": -48, ""AC_60_C"": 28}",185,-110,-34,-7,-33,0,0,0,2,-48,15,28
23,-82.51553787664396,1144.9555074678237,3602.2531740765216,360.22531740765214,360.22531740765214,720.4506348153043,0.3205,-7148.014274023791,-15939.835680038506,-28769.7333141763,3567.4936823549983,-797.3169652790231,-1869.5191063825916,-1334.8303376840386,-529.9725809297465,-1334.8303376840386,-2229.7444237902437,-82.51553787664396,"{""AC"": -90, ""AC_40_BP"": 14, ""AC_40_P"": -1, ""AC_45_KO"": -110, ""AC_45_P"": -8, ""AC_50_C"": 9, ""AC_50_CO"": -23, ""AC_50_P"": 6, ""AC_50_P_2"": -23}",-90,-110,14,-23,0,-23,0,-1,-8,6,9,0
24,-112.32192638388533,73.91808323929477,813.6608252273448,81.36608252273449,81.36608252273449,162.73216504546897,0.44,-1585.3855344028416,-3939.611144625752,-7393.814353816698,705.347980236216,-270.8604798241695,-508.66830998459574,-390.81279780567877,-211.93272373471103,-390.81279780567877,-590.0343925073303,-112.32192638388533,"{""AC_35_P"": -7, ""AC_40_BP"": 22, ""AC_40_P"": -23, ""AC_45_KO"": -190, ""AC_50_C"": -24, ""AC_50_CO"": -4, ""AC_50_P"": -2, ""AC_50_P_2"": -1}",0,-190,22,-4,0,-1,-7,-23,0,-2,-24,0
25,291.93015268443185,972.0574561977569,5068.050139119579,506.80501391195793,506.80501391195793,1013.6100278239159,0.421,-8569.04654561083,-16763.76041857156,-30936.943238804903,8275.935733684435,-564.9745018766513,-1850.3314837182756,-1246.8293361131716,-263.2234280740992,-1246.8293361131716,-2357.1364976302334,291.93015268443185,"{""AC"": -200, ""AC_35_P"": 28, ""AC_40_BP"": -50, ""AC_45_KO"": -500, ""AC_45_P"": -7, ""AC_50_C"": 50, ""AC_50_C_2"": 27, ""AC_60_C"": 34}",-200,-500,-50,0,27,0,28,0,-7,0,50,34
26,-146.70474592977462,1061.347804837239,2668.455640807942,266.8455640807942,266.8455640807942,533.6911281615884,0.262,-5456.428981894544,-12771.344270801443,-23504.04709935902,1530.2922320489654,-692.3476441192291,-1510.8119914034107,-1098.5918752543532,-486.23758604470044,-1098.5918752543532,-1777.657555484205,-146.70474592977462,"{""AC"": -40, ""AC_35_P"": -10, ""AC_40_BP"": 10, ""AC_40_P"": -27, ""AC_45_KO"": -10, ""AC_45_P"": 18, ""AC_50_CO"": -14, ""AC_50_P"": -9, ""AC_60_C"": -33}",-40,-10,10,-14,0,0,-10,-27,18,-9,0,-33
27,135.11206472209153,61.14112088189205,705.8620216915241,70.58620216915241,70.58620216915241,141.17240433830483,0.467,-761.4805283823341,-1371.1811135792457,-2002.5698812413807,4639.12686208454,58.96401188385812,-55.258067373492,-14.403115619834793,79.39148776068672,-14.403115619834793,-125.84426954264441,135.11206472209153,"{""AC"": -30, ""AC_40_BP"": -4, ""AC_40_P"": 5, ""AC_45_KO"": -180, ""AC_45_P"": -16, ""AC_50_CO"": 12, ""AC_50_C_2"": 5, ""AC_50_P_2"": 17, ""AC_60_C"": 36}",-30,-180,-4,12,5,17,0,5,-16,0,0,36
28,-107.21576676773556,-159.86127609335225,826.8199827550259,82.6819982755026,82.6819982755026,165.3639965510052,0.557,-1244.1124827705855,-2354.8626790764533,-4225.2120086578,3201.949191711883,-231.62701504479412,-418.2438874603819,-335.1736383210747,-190.09189047514047,-335.1736383210747,-500.92588573588455,-107.21576676773556,"{""AC"": 25, ""AC_35_P"": 5, ""AC_40_BP"": -24, ""AC_40_P"": -33, ""AC_45_KO"": -340, ""AC_50_CO"": -14, ""AC_50_C_2"": -26, ""AC_50_P"": 6, ""AC_50_P_2"": 18}",25,-340,-24,-14,-26,18,5,-33,0,6,0,0
29,23.78783970033421,-48.75975801982441,484.8080188587669,48.48080188587669,48.48080188587669,96.96160377175337,0.5825,-570.0686956061495,-1452.5800044003477,-3285.102607613613,2811.896134801028,-33.21902986028074,-118.72933420120316,-85.96286558352655,-16.835795551442438,-85.96286558352655,-167.21013608707983,23.78783970033421,"{""AC"": -15, ""AC_35_P"": 37, ""AC_40_BP"": 5, ""AC_45_KO"": -180, ""AC_50_C"": 36, ""AC_50_CO"": -34, ""AC_50_C_2"": 19, ""AC_50_P_2"": -12, ""AC_60_C"": -6}",-15,-180,5,-34,19,-12,37,0,0,0,36,-6
30,38.34495725389781,16.75812250834676,573.0464732945487,57.30464732945487,57.30464732945487,114.60929465890975,0.492,-613.3026950112039,-2356.2855115222433,-4182.352468701484,1299.0599741770382,-22.985312247222588,-114.98071649890318,-82.30277066251021,-6.646339329026107,-82.30277066251021,-172.28536382835804,38.34495725389781,"{""AC"": -45, ""AC_40_BP"": -8, ""AC_40_P"": 34, ""AC_45_KO"": -460, ""AC_50_C"": 5, ""AC_50_CO"": 8, ""AC_50_P"": -40, ""AC_50_P_2"": -25, ""AC_60_C"": 31}",-45,-460,-8,8,0,-25,0,34,0,-40,5,31
31,-2.3659606599297405,-2034.865476197835,6152.142624994855,615.2142624994856,615.2142624994856,1230.4285249989712,0.6825,-5042.855047977746,-5628.1739199388885,-5938.911452384026,49326.95040297642,-506.6514654577043,-1263.0797226543662,-1066.4013491063345,-408.3122786836884,-1066.4013491063345,-1878.2939851538517,-2.3659606599297405,"{""AC"": 140, ""AC_40_BP"": 16, ""AC_45_KO"": -30, ""AC_45_P"": -6, ""AC_50_C"": 21, ""AC_50_CO"": 22, ""AC_50_C_2"": -38, ""AC_60_C"": 9}",140,-30,16,22,-38,0,0,0,-6,0,21,9
32,105.86271263492719,6.190682522231953,929.1565314616045,92.91565314616045,92.91565314616045,185.8313062923209,0.497,-1190.9393435311588,-1785.1902861564379,-2648.741088454174,1987.5823611765286,-13.231221718188692,-191.8721232478625,-119.23601546782685,23.086832171829137,-119.23601546782685,-284.78777639402296,105.86271263492719,"{""AC"": -35, ""AC_35_P"": -3, ""AC_40_BP"": -6, ""AC_40_P"": 4, ""AC_45_KO"": -40, ""AC_45_P"": 38, ""AC_50_CO"": -3, ""AC_50_P"": -14, ""AC_60_C"": 31}",-35,-40,-6,-3,0,0,-3,4,38,-14,0,31
33,300.8580399077371,955.0323704488328,5547.465939002989,554.7465939002989,554.7465939002989,1109.4931878005978,0.436,-9463.921831530435,-18236.861536328484,-32964.459114117984,9193.854885758761,-645.5341432453065,-2065.1224179748715,-1396.1035317719775,-311.0247001438594,-1396.1035317719775,-2619.86901187517,300.8580399077371,"{""AC"": -195, ""AC_35_P"": 26, ""AC_40_BP"": -50, ""AC_45_KO"": -420, ""AC_50_C"": 44, ""AC_50_CO"": 16, ""AC_50_C_2"": 14, ""AC_50_P"": 8, ""AC_60_C"": 17}",-195,-420,-50,16,14,0,26,0,0,8,44,17
34,-154.7138334335515,335.00853756222637,1828.6089599796958,182.86089599796958,182.86089599796958,365.72179199593916,0.2735,-3658.257977389392,-8874.064462621474,-17460.654088353655,1566.1981838864922,-520.5396311724908,-1069.2783277808996,-794.8829780409451,-383.3419563025135,-794.8829780409451,-1252.139223778869,-154.7138334335515,"{""AC"": -5, ""AC_35_P"": -16, ""AC_40_BP"": 6, ""AC_40_P"": -2, ""AC_45_KO"": -80, ""AC_50_C"": -28, ""AC_50_CO"": -19, ""AC_50_C_2"": 11, ""AC_60_C"": -18}",-5,-80,6,-19,11,0,-16,-2,0,0,-28,-18
35,160.54807663975245,-2031.4081355999308,5469.0570595977715,546.9057059597772,546.9057059597772,1093.8114119195543,0.666,-4000.6203677558356,-4360.003447484146,-5698.135185483713,40761.16192254119,-239.51396013583113,-839.6070152992064,-712.9978315035114,-176.20936823798363,-712.9978315035114,-1386.5127212589837,160.54807663975245,"{""AC"": 95, ""AC_40_BP"": -37, ""AC_40_P"": -3, ""AC_45_KO"": -390, ""AC_45_P"": 10, ""AC_50_C"": -7, ""AC_50_CO"": 15, ""AC_50_C_2"": 48, ""AC_60_C"": 26}",95,-390,-37,15,48,0,0,-3,10,0,-7,26
36,118.15542993252558,962.040268481973,3951.230470762339,395.1230470762339,395.1230470762339,790.2460941524678,0.437,-7055.925332523293,-14331.034270801443,-25063.73709935903,5652.398182414997,-587.4371033198038,-1645.8259031982977,-1137.7948934840854,-333.42159846269755,-1137.7948934840854,-2040.9489502745316,118.15542993252558,"{""AC"": -120, ""AC_35_P"": -2, ""AC_40_BP"": 8, ""AC_45_KO"": -310, ""AC_45_P"": -1, ""AC_50_C"": 20, ""AC_50_CO"": 18, ""AC_50_P"": -1, ""AC_60_C"": -5}",-120,-310,8,18,0,0,-2,0,-1,-1,20,-5
37,261.3597424053545,939.4435592520158,4599.011922586274,459.90119225862736,459.90119225862736,919.8023845172547,0.4055,-7975.9905675306245,-15680.50750181725,-30292.567220593017,7170.032480332403,-536.239314347708,-1732.6378994773017,-1164.9894388535527,-252.41508403583362,-1164.9894388535527,-2192.539091735929,261.3597424053545,"{""AC"": -170, ""AC_35_P"": 15, ""AC_40_BP"": -41, ""AC_45_KO"": -460, ""AC_50_C"": 37, ""AC_50_CO"": 4, ""AC_50_C_2"": 50, ""AC_50_P_2"": 2, ""AC_60_C"": 5}",-170,-460,-41,4,50,2,15,0,0,0,37,5
38,-87.24616876860766,-164.44670875287562,520.4010378644689,52.04010378644689,52.04010378644689,104.08020757289378,0.601,-801.7774803190783,-1060.1741717634527,-2217.3098302793637,1937.1059035481012,-167.42391680051549,-287.69053884837723,-233.53284270969286,-140.3450687311733,-233.53284270969286,-339.7306426348241,-87.24616876860766,"{""AC"": 40, ""AC_40_BP"": 6, ""AC_40_P"": -8, ""AC_45_KO"": -40, ""AC_45_P"": 11, ""AC_50_CO"": 15, ""AC_50_C_2"": -16, ""AC_50_P"": -5, ""AC_60_C"": -47}",40,-40,6,15,-16,0,0,-8,11,-5,0,-47
39,322.8585305265815,419.3828166828828,3694.5062568015273,369.4506256801527,369.4506256801527,738.9012513603054,0.445,-5831.192178805151,-10818.05670585817,-20178.375835481653,6970.350594072099,-260.2606873539337,-1134.9395141747063,-736.5456091342676,-61.06373483371428,-736.5456091342676,-1504.3901398548592,322.8585305265815,"{""AC"": -155, ""AC_35_P"": 50, ""AC_40_BP"": -50, ""AC_45_KO"": -330, ""AC_50_C"": 32, ""AC_50_CO"": 13, ""AC_50_C_2"": 46, ""AC_50_P_2"": -15, ""AC_60_C"": 25}",-155,-330,-50,13,46,-15,50,0,0,0,32,25
40,361.9072915760044,106.90567532189499,2370.312143727539,237.0312143727539,237.0312143727539,474.0624287455078,0.4855,-3124.8203304886715,-4640.534388145794,-8546.89840750367,5502.320102538876,49.42525852713726,-419.29779104616347,-225.33136518367326,146.40847145838237,-225.33136518367326,-656.3290054189174,361.9072915760044,"{""AC"": -125, ""AC_35_P"": 40, ""AC_40_BP"": -50, ""AC_45_KO"": -500, ""AC_45_P"": 15, ""AC_50_C"": 50, ""AC_50_CO"": -6, ""AC_50_C_2"": 42, ""AC_60_C"": 43}",-125,-500,-50,-6,42,0,40,0,15,0,50,43
41,-192.0628877624944,-381.03589566315344,2562.146381512235,256.21463815122354,256.21463815122354,512.4292763024471,0.533,-3798.629436478493,-4415.277253620465,-4762.3155094119,12034.687492816116,-571.9258314103437,-1141.7202468821176,-889.96462230988,-446.0480191242249,-889.96462230988,-1397.9348850333413,-192.0628877624944,"{""AC"": 55, ""AC_35_P"": 5, ""AC_40_BP"": -1, ""AC_40_P"": -24, ""AC_45_KO"": -410, ""AC_45_P"": -50, ""AC_50_C"": 7, ""AC_50_CO"": -9, ""AC_60_C"": -14}",55,-410,-1,-9,0,0,5,-24,-50,0,7,-14
42,206.09940494247533,-133.10292770815036,1489.2191945686523,148.92191945686523,148.92191945686523,297.84383891373045,0.518,-1517.5299106760829,-2047.1328574083589,-3333.716164268239,3512.1637137290127,54.34641387486704,-173.28307272654538,-95.9910413873697,92.99242954445486,-95.9910413873697,-322.2049921834106,206.09940494247533,"{""AC"": -80, ""AC_40_BP"": -25, ""AC_40_P"": -3, ""AC_45_KO"": -260, ""AC_50_C"": 47, ""AC_50_CO"": 22, ""AC_50_P"": 12, ""AC_50_P_2"": -7, ""AC_60_C"": 11}",-80,-260,-25,22,0,-7,0,-3,0,12,47,11
43,266.40272706004527,-44.08014667725608,1156.421516837932,115.64215168379319,115.64215168379319,231.28430336758638,0.512,-1129.7749999999999,-1691.5153838568249,-1915.394208355195,5077.701277998833,153.42522706004527,-16.0410229399547,39.1154012181487,181.003439139097,39.1154012181487,-131.6831746237479,266.40272706004527,"{""AC"": -5, ""AC_40_BP"": -40, ""AC_40_P"": 29, ""AC_45_KO"": -90, ""AC_45_P"": 36, ""AC_50_C"": 18, ""AC_50_CO"": 9, ""AC_50_P"": -5, ""AC_50_P_2"": 48}",-5,-90,-40,9,0,48,0,29,36,-5,18,0
44,28.78671442130832,-86.98216600645819,596.9645898715693,59.69645898715693,59.69645898715693,119.39291797431386,0.64,-430.6484091060296,-1686.6748236386086,-3501.795664599601,5074.689131240303,-14.278126489294639,-78.87538785519908,-65.65877643817458,-7.669820780782391,-65.65877643817458,-138.57184684235602,28.78671442130832,"{""AC"": -20, ""AC_35_P"": -15, ""AC_40_BP"": 11, ""AC_45_KO"": -390, ""AC_50_C"": 11, ""AC_50_CO"": -10, ""AC_50_C_2"": 25, ""AC_50_P"": -12, ""AC_60_C"": 15}",-20,-390,11,-10,25,0,-15,0,0,-12,11,15
45,-27.050264827175464,994.517583518088,1998.1649763568043,199.81649763568043,199.81649763568043,399.63299527136087,0.368,-3822.4185129723546,-7752.6497784789435,-13550.7765939066,1813.2464790712306,-409.29211612441094,-982.6548930702642,-700.3212905908689,-268.1253148847133,-700.3212905908689,-1182.4713907059445,-27.050264827175464,"{""AC"": -100, ""AC_40_BP"": 11, ""AC_40_P"": -26, ""AC_45_KO"": -390, ""AC_45_P"": -45, ""AC_50_C"": -1, ""AC_50_CO"": 8, ""AC_50_P"": -14, ""AC_60_C"": 46}",-100,-390,11,8,0,0,0,-26,-45,-14,-1,46
46,452.50666141644047,196.48041647865045,3800.298907494626,380.0298907494626,380.0298907494626,760.0597814989252,0.478,-5214.006778538888,-8755.457039457411,-15194.442528903066,8162.707212755666,-68.89401643744839,-850.9950332182816,-519.609300739124,96.79884980213039,-519.609300739124,-1231.0249239677441,452.50666141644047,"{""AC"": -175, ""AC_35_P"": 43, ""AC_40_BP"": -45, ""AC_40_P"": 10, ""AC_45_KO"": -490, ""AC_50_C"": 44, ""AC_50_CO"": 16, ""AC_50_C_2"": 48, ""AC_60_C"": 50}",-175,-490,-45,16,48,0,43,10,0,0,44,50
47,230.43362794488763,1734.1442023442517,7674.066779978371,767.4066779978372,767.4066779978372,1534.8133559956743,0.404,-13984.975342475105,-28867.044378527076,-50702.54323662698,10995.667610190581,-1168.063906302623,-3265.8102076738887,-2251.016012425297,-660.666808678327,-2251.016012425297,-4033.216885671726,230.43362794488763,"{""AC"": -185, ""AC_35_P"": 19, ""AC_40_BP"": -8, ""AC_40_P"": 27, ""AC_45_KO"": -250, ""AC_50_C"": -6, ""AC_50_CO"": 9, ""AC_50_P_2"": 36, ""AC_60_C"": 5}",-185,-250,-8,9,0,36,19,27,0,0,-6,5
48,303.84025331572826,189.9632937442068,1656.4242358200017,165.64242358200016,165.64242358200016,331.2848471640003,0.4615,-2172.149645296353,-3059.1134934319616,-4553.647062495507,6901.177636629754,86.62528878609297,-239.19715800835996,-104.80340526972472,153.82216515541057,-104.80340526972472,-404.8395815903601,303.84025331572826,"{""AC"": -105, ""AC_35_P"": 30, ""AC_40_BP"": -28, ""AC_45_KO"": -500, ""AC_45_P"": -20, ""AC_50_C"": 37, ""AC_50_CO"": 11, ""AC_50_C_2"": 44, ""AC_60_C"": 41}",-105,-500,-28,11,44,0,30,0,-20,0,37,41
49,102.05157352116838,-1710.666434472962,4542.430574947165,454.2430574947165,454.2430574947165,908.486114989433,0.6885,-3172.335620393963,-3469.343079437629,-3636.631595519773,36463.607667993,-215.1819885182279,-691.0323315773223,-600.9202982852843,-170.12597187220888,-600.9202982852843,-1145.2753890720387,102.05157352116838,"{""AC"": 80, ""AC_40_BP"": 4, ""AC_40_P"": 37, ""AC_45_KO"": -80, ""AC_45_P"": -14, ""AC_50_C"": 38, ""AC_50_CO"": 6, ""AC_50_P_2"": -9, ""AC_60_C"": 8}",80,-80,4,6,0,-9,0,37,-14,0,38,8
50,251.29119487543025,355.2554270189599,2829.896775050858,282.9896775050858,282.9896775050858,565.9793550101716,0.4535,-4302.574593836869,-7577.677495606336,-13674.259550422092,5440.5689694738385,-178.96626450825667,-824.352453583787,-535.589832952643,-34.58495419268466,-535.589832952643,-1107.3421310888727,251.29119487543025,"{""AC"": -125, ""AC_35_P"": 26, ""AC_40_BP"": -27, ""AC_40_P"": -11, ""AC_45_KO"": -340, ""AC_50_C"": 26, ""AC_50_CO"": 13, ""AC_50_C_2"": 23, ""AC_60_C"": 33}",-125,-340,-27,13,23,0,26,-11,0,0,26,33
51,294.75998660870323,65.406524469368,2040.0253754063353,204.00253754063354,204.00253754063354,408.0050750812671,0.4915,-2697.6059073079946,-3673.3776536435025,-5494.908337522185,4621.632659093431,24.999395877903737,-379.6414902182954,-211.88216825781268,108.8790568581451,-211.88216825781268,-583.6440277589289,294.75998660870323,"{""AC"": -115, ""AC_40_BP"": -46, ""AC_45_KO"": -500, ""AC_50_C"": 45, ""AC_50_CO"": 18, ""AC_50_C_2"": 28, ""AC_50_P"": 14, ""AC_50_P_2"": -9, ""AC_60_C"": 30}",-115,-500,-46,18,28,-9,0,0,0,14,45,30
52,388.85278776082254,637.4407871778884,4802.4721527515485,480.2472152751549,480.2472152751549,960.4944305503097,0.437,-7693.041135116619,-14288.181105270432,-26710.775545338238,8794.37057777115,-380.45132575083943,-1534.4074960183323,-1005.2269901442476,-115.86107281379716,-1005.2269901442476,-2014.6547112934873,388.85278776082254,"{""AC"": -200, ""AC_35_P"": 41, ""AC_40_BP"": -50, ""AC_45_KO"": -390, ""AC_45_P"": -4, ""AC_50_C"": 50, ""AC_50_CO"": 12, ""AC_50_C_2"": 49, ""AC_60_C"": 30}",-200,-390,-50,12,49,0,41,0,-4,0,50,30
53,-129.79369774149419,-1598.8222061150882,5065.034966717559,506.5034966717559,506.5034966717559,1013.0069933435118,0.601,-5683.555640900507,-6464.186840788956,-6917.251400457794,30920.600735666172,-698.1492618315449,-1550.682607966621,-1235.578792212448,-540.5973539544585,-1235.578792212448,-2057.186104638377,-129.79369774149419,"{""AC"": 140, ""AC_35_P"": 29, ""AC_40_BP"": -13, ""AC_45_KO"": -200, ""AC_45_P"": -3, ""AC_50_CO"": -10, ""AC_50_C_2"": 18, ""AC_50_P_2"": -35, ""AC_60_C"": -31}",140,-200,-13,-10,18,-35,29,0,-3,0,0,-31
54,55.44490823996983,125.70140384078633,592.193480963437,59.219348096343694,59.219348096343694,118.43869619268739,0.468,-898.7355565704169,-1368.1132891622751,-2721.5439789119405,1969.3887063107193,-34.428647417071865,-169.23898090263438,-108.97509929376454,-4.296706612636942,-108.97509929376454,-228.45832899897806,55.44490823996983,"{""AC"": -45, ""AC_40_BP"": 16, ""AC_45_KO"": -10, ""AC_45_P"": -28, ""AC_50_C"": 44, ""AC_50_CO"": 6, ""AC_50_C_2"": -15, ""AC_50_P_2"": 6, ""AC_60_C"": 9}",-45,-10,16,6,-15,6,0,0,-28,0,44,9
55,34.183055255218044,-1604.7323261344113,4653.091798268839,465.3091798268839,465.3091798268839,930.6183596537678,0.682,-3672.8376027446416,-4041.1306361030306,-5374.611275298784,37289.75411954779,-333.1007050192461,-884.0263454309423,-749.3971750699202,-265.786119838735,-749.3971750699202,-1349.3355252578262,34.183055255218044,"{""AC"": 90, ""AC_40_BP"": 6, ""AC_45_KO"": -310, ""AC_45_P"": 2, ""AC_50_C"": 46, ""AC_50_CO"": 12, ""AC_50_C_2"": -26, ""AC_50_P"": -7, ""AC_60_C"": -4}",90,-310,6,12,-26,0,0,0,2,-7,46,-4
56,335.93101100814795,330.91591762305416,2619.4859121675745,261.94859121675745,261.94859121675745,523.8971824335149,0.4535,-3749.9431971021236,-5991.289177558254,-10844.280351914742,5540.4113915171965,-39.06330870206443,-601.554788267383,-357.5347641655493,82.9467033488524,-357.5347641655493,-863.5033794841404,335.93101100814795,"{""AC"": -140, ""AC_35_P"": 25, ""AC_40_BP"": -37, ""AC_40_P"": -5, ""AC_45_KO"": -130, ""AC_50_C"": 34, ""AC_50_CO"": 7, ""AC_50_C_2"": 50, ""AC_60_C"": 50}",-140,-130,-37,7,50,0,25,-5,0,0,34,50
57,-139.4150379606917,-390.10801651234937,2069.9216000716265,206.99216000716265,206.99216000716265,413.9843200143253,0.5575,-2895.743387037666,-3387.4328014232074,-3656.871173791457,10632.880442270873,-428.9893766644583,-863.3508847201082,-677.2726260199229,-335.9502473143657,-677.2726260199229,-1070.3430447272708,-139.4150379606917,"{""AC"": 50, ""AC_40_BP"": 3, ""AC_40_P"": -24, ""AC_45_KO"": -220, ""AC_45_P"": 3, ""AC_50_CO"": -1, ""AC_50_P"": -24, ""AC_50_P_2"": -4, ""AC_60_C"": -14}",50,-220,3,-1,0,-4,0,-24,3,-24,0,-14
58,-82.23403039790118,2057.5249522995396,6590.578255027821,659.0578255027821,659.0578255027821,1318.1156510055641,0.3075,-13027.55052775569,-29343.14217545608,-53152.471438807945,5949.238971551595,-1384.9890831734704,-3339.1216623368236,-2365.8955223126454,-898.3760131613813,-2365.8955223126454,-3998.179487839606,-82.23403039790118,"{""AC"": -115, ""AC_35_P"": 4, ""AC_40_BP"": -2, ""AC_40_P"": 12, ""AC_45_KO"": -340, ""AC_45_P"": 14, ""AC_50_CO"": -41, ""AC_50_P_2"": 14, ""AC_60_C"": -37}",-115,-340,-2,-41,0,14,4,12,14,0,0,-37
59,162.24398249648837,-2531.2406553670767,7179.227294937815,717.9227294937815,717.9227294937815,1435.845458987563,0.678,-5212.997612847818,-5617.7892955685475,-5942.8347789154805,56953.70060308,-359.05577878829354,-1141.0054207154662,-978.6670241775751,-277.88658051934794,-978.6670241775751,-1858.9281502092476,162.24398249648837,"{""AC"": 170, ""AC_35_P"": 45, ""AC_40_BP"": 21, ""AC_45_KO"": -170, ""AC_50_C"": 31, ""AC_50_CO"": -10, ""AC_50_P"": 24, ""AC_50_P_2"": 17, ""AC_60_C"": 15}",170,-170,21,-10,0,17,45,0,0,24,31,15
60,23.63384553175458,519.2205431580101,1883.446106162854,188.3446106162854,188.3446106162854,376.6892212325708,0.395,-3535.1098585980317,-7138.452035119458,-13187.92193069589,2239.0014941157488,-329.87714032804865,-860.1436191177534,-600.8049385660928,-200.20780005221837,-600.8049385660928,-1048.4882297340387,23.63384553175458,"{""AC"": -55, ""AC_35_P"": -23, ""AC_40_BP"": 4, ""AC_45_KO"": -60, ""AC_45_P"": 20, ""AC_50_CO"": 6, ""AC_50_C_2"": 7, ""AC_50_P"": -5, ""AC_50_P_2"": -9}",-55,-60,4,6,7,-9,-23,0,20,-5,0,0
61,-36.879698982289035,1104.0298001861229,3408.8059105733846,340.88059105733845,340.88059105733845,681.7611821146769,0.291,-6463.196415800945,-14664.084267488715,-29339.29960086681,3585.3151518858717,-683.1993405623836,-1652.6788029325253,-1176.7994568811,-445.2596675366709,-1176.7994568811,-1993.5593939898638,-36.879698982289035,"{""AC"": -90, ""AC_35_P"": -14, ""AC_40_BP"": -29, ""AC_40_P"": 45, ""AC_45_KO"": -310, ""AC_45_P"": -48, ""AC_50_CO"": -21, ""AC_50_C_2"": 34, ""AC_60_C"": -9}",-90,-310,-29,-21,34,0,-14,45,-48,0,0,-9
62,-19.434682027583833,-1693.6795567904246,5690.21469146934,569.021469146934,569.021469146934,1138.042938293868,0.643,-5451.959496443996,-6152.671739487139,-6595.343860204191,40311.55190763644,-564.6306316719833,-1382.4245561385828,-1121.7393410676502,-434.28802413651715,-1121.7393410676502,-1951.446025285517,-19.434682027583833,"{""AC"": 120, ""AC_40_BP"": 5, ""AC_40_P"": -21, ""AC_45_KO"": -90, ""AC_50_C"": 4, ""AC_50_CO"": 9, ""AC_50_C_2"": 27, ""AC_50_P"": 12, ""AC_50_P_2"": -29}",120,-90,5,9,27,-29,0,-21,0,12,4,0
63,307.8574773756858,110.00044756562932,2450.1282521199637,245.01282521199636,245.01282521199636,490.0256504239927,0.48,-3275.2833529005898,-5281.346196394398,-8967.018631178029,5352.46954327598,-19.670857914373187,-510.96336084946165,-305.9414381654009,82.84010342765721,-305.9414381654009,-755.9761860614581,307.8574773756858,"{""AC"": -125, ""AC_35_P"": 33, ""AC_40_BP"": -36, ""AC_45_KO"": -380, ""AC_50_C"": 37, ""AC_50_CO"": 9, ""AC_50_C_2"": 32, ""AC_50_P_2"": -6, ""AC_60_C"": 40}",-125,-380,-36,9,32,-6,33,0,0,0,37,40
64,-60.950663753941576,2482.480529575567,7395.351475872745,739.5351475872745,739.5351475872745,1479.070295174549,0.342,-14332.407955396846,-29988.74091724617,-53688.047869180526,7502.010797261117,-1494.1914592936264,-3644.052652603153,-2580.5794308571058,-962.4548484206026,-2580.5794308571058,-4383.5878001904275,-60.950663753941576,"{""AC"": -165, ""AC_40_BP"": -15, ""AC_40_P"": 5, ""AC_45_KO"": -110, ""AC_45_P"": -22, ""AC_50_CO"": -41, ""AC_50_C_2"": -43, ""AC_50_P_2"": 48, ""AC_60_C"": 31}",-165,-110,-15,-41,-43,48,0,5,-22,0,0,31
65,437.89363607213045,-4.046218826185395,3242.7263162241898,324.272631622419,324.272631622419,648.545263244838,0.5005,-4043.8988294444716,-5861.9766125630995,-9534.110240536358,7661.544805883652,33.50375312768324,-573.0810712889875,-330.82750415574975,154.6305366943021,-330.82750415574975,-897.3537029114065,437.89363607213045,"{""AC"": -140, ""AC_35_P"": 50, ""AC_40_BP"": -48, ""AC_45_KO"": -500, ""AC_50_C"": 41, ""AC_50_CO"": 25, ""AC_50_C_2"": 27, ""AC_50_P_2"": 22, ""AC_60_C"": 37}",-140,-500,-48,25,27,22,50,0,0,0,41,37
66,346.2975391838742,10.65487063625801,1652.672908245036,165.26729082450362,165.26729082450362,330.53458164900724,0.497,-1873.7025170915247,-2769.6390259322943,-4024.316080906328,6198.038572857495,158.92728747472174,-122.12809008900695,-17.3914837921063,211.29559062317207,-17.3914837921063,-287.39538091351056,346.2975391838742,"{""AC"": -90, ""AC_35_P"": 38, ""AC_40_BP"": -42, ""AC_40_P"": 13, ""AC_45_KO"": -410, ""AC_50_C"": 46, ""AC_50_CO"": 8, ""AC_50_C_2"": 37, ""AC_60_C"": 30}",-90,-410,-42,8,37,0,38,13,0,0,46,30
67,374.58777050451914,128.41361651860427,3396.8083969959935,339.68083969959935,339.68083969959935,679.3616793991987,0.4815,-4458.938456379073,-7084.665752279709,-12003.825531763745,7307.42934965966,-71.30607513338816,-740.1468435902491,-464.09341780214146,66.72063776066565,-464.09341780214146,-1079.8276832898484,374.58777050451914,"{""AC"": -145, ""AC_35_P"": 44, ""AC_40_BP"": -22, ""AC_45_KO"": -500, ""AC_45_P"": 1, ""AC_50_C"": 29, ""AC_50_CO"": 23, ""AC_50_C_2"": 19, ""AC_60_C"": 50}",-145,-500,-22,23,19,0,44,0,1,0,29,50
68,-330.4258508657856,-11.734106031491848,1788.47092053341,178.847092053341,178.847092053341,357.694184106682,0.5035,-3430.5399668981267,-4125.583212201977,-4552.3865034967,4400.319794084444,-673.4798475555983,-1188.0608425903174,-934.430391927175,-546.6646222240272,-934.430391927175,-1366.9079346436583,-330.4258508657856,"{""AC"": 35, ""AC_40_BP"": -4, ""AC_40_P"": -23, ""AC_45_KO"": -380, ""AC_50_C"": -8, ""AC_50_CO"": -30, ""AC_50_C_2"": -22, ""AC_50_P"": -41, ""AC_50_P_2"": -19}",35,-380,-4,-30,-22,-19,0,-23,0,-41,-8,0
69,-245.00813403508673,181.5370372924701,1687.5364084976202,168.753640849762,168.753640849762,337.507281699524,0.4725,-3207.163096437604,-3835.895297852627,-4174.558285769951,3286.468784580854,-565.7244436788471,-1046.7989081444878,-810.4594189256082,-447.55469906940743,-810.4594189256082,-1215.5525489942497,-245.00813403508673,"{""AC"": 45, ""AC_35_P"": -26, ""AC_40_BP"": -2, ""AC_45_KO"": -50, ""AC_50_C"": -32, ""AC_50_CO"": -24, ""AC_50_C_2"": 13, ""AC_50_P"": -33, ""AC_50_P_2"": -1}",45,-50,-2,-24,13,-1,-26,0,0,-33,-32,0
70,361.85931709815213,95.93016851381736,2869.969686941796,286.9969686941796,286.9969686941796,573.9939373883592,0.486,-3764.872257110984,-5626.609946613073,-9225.77214546792,6340.562524582234,-14.627908612946271,-579.3587471795938,-346.3700058155852,101.86646206905803,-346.3700058155852,-866.3557158737734,361.85931709815213,"{""AC"": -150, ""AC_35_P"": 24, ""AC_40_BP"": -36, ""AC_45_KO"": -370, ""AC_45_P"": -4, ""AC_50_C"": 47, ""AC_50_CO"": 18, ""AC_50_C_2"": 31, ""AC_60_C"": 47}",-150,-370,-36,18,31,0,24,0,-4,0,47,47
71,-60.60450916766579,412.2079009643663,1102.0641326444365,110.20641326444365,110.20641326444365,220.4128265288873,0.2925,-2401.1778886183442,-4928.6822542462,-7894.715330812513,951.2322518116987,-300.7222980295002,-660.8989813222519,-475.8843990926393,-208.21500691469393,-475.8843990926393,-771.1053945866955,-60.60450916766579,"{""AC_35_P"": -24, ""AC_40_BP"": 6, ""AC_40_P"": 41, ""AC_45_KO"": -120, ""AC_50_C"": -11, ""AC_50_CO"": -14, ""AC_50_C_2"": -21, ""AC_60_C"": 4}",0,-120,6,-14,-21,0,-24,41,0,0,-11,4
72,14.89465451031748,2210.2120058230303,7642.2366288213225,764.2236628821322,764.2236628821322,1528.4473257642644,0.3385,-14922.828031713221,-32337.248206834658,-57948.493574500215,8101.6904485450705,-1477.3881486610048,-3715.8123534179877,-2605.6413816877316,-922.3026627958766,-2605.6413816877316,-4480.03601630012,14.89465451031748,"{""AC"": -180, ""AC_35_P"": 16, ""AC_40_BP"": -6, ""AC_45_KO"": -100, ""AC_45_P"": 26, ""AC_50_C"": 20, ""AC_50_CO"": -48, ""AC_50_C_2"": 2, ""AC_50_P"": 2}",-180,-100,-6,-48,2,0,16,0,26,2,20,0
73,230.70645629365114,931.3895342593705,4476.27940051083,447.627940051083,447.627940051083,895.255880102166,0.3995,-7781.878044543257,-15296.492865852322,-29627.726195320385,6849.492193115283,-547.4813481606745,-1714.763054842163,-1160.3892204133788,-270.29443094628243,-1160.3892204133788,-2162.390994893246,230.70645629365114,"{""AC"": -155, ""AC_35_P"": 26, ""AC_40_BP"": -46, ""AC_40_P"": -5, ""AC_45_KO"": -500, ""AC_50_CO"": 17, ""AC_50_C_2"": 50, ""AC_50_P_2"": -12, ""AC_60_C"": 16}",-155,-500,-46,17,50,-12,26,-5,0,0,0,16
74,334.9928817616962,1084.8187305852039,5450.002983290255,545.0002983290254,545.0002983290254,1090.0005966580509,0.4285,-9071.124613736658,-17257.035561667646,-32287.067448638845,8970.948501733987,-572.1195796119696,-1932.7882716724682,-1298.1759594633152,-254.81342350739308,-1298.1759594633152,-2477.7885700014936,334.9928817616962,"{""AC"": -200, ""AC_35_P"": 34, ""AC_40_BP"": -6, ""AC_45_KO"": -340, ""AC_50_C"": 20, ""AC_50_CO"": 6, ""AC_50_C_2"": 42, ""AC_50_P"": -3, ""AC_60_C"": 49}",-200,-340,-6,6,42,0,34,0,0,-3,20,49
75,-15.371117863394,-1169.8123559951364,4422.472240935929,442.24722409359293,442.24722409359293,884.4944481871859,0.5925,-4535.415387821438,-5085.36773549834,-5694.316282960733,30710.198377357858,-468.9126566455378,-1149.2249648187535,-916.8070380834062,-352.70369327786415,-916.8070380834062,-1591.4721889123464,-15.371117863394,"{""AC"": 115, ""AC_35_P"": 17, ""AC_40_BP"": -7, ""AC_40_P"": -19, ""AC_45_KO"": -220, ""AC_50_C"": 9, ""AC_50_CO"": -40, ""AC_50_P_2"": 48, ""AC_60_C"": 25}",115,-220,-7,-40,0,48,17,-19,0,0,9,25
76,-56.16435580862898,287.5340084732446,1258.2125266731468,125.82125266731468,125.82125266731468,251.64250533462936,0.2035,-2461.1279227003038,-6281.3125538628165,-11832.710568633976,1485.2567928339647,-302.27714807865937,-671.446336483705,-488.2441705473318,-210.67606511047285,-488.2441705473318,-797.2675891510196,-56.16435580862898,"{""AC_35_P"": 8, ""AC_40_BP"": -18, ""AC_45_KO"": -130, ""AC_50_C"": 31, ""AC_50_CO"": -36, ""AC_50_P"": 33, ""AC_50_P_2"": -1, ""AC_60_C"": -40}",0,-130,-18,-36,0,-1,8,0,0,33,31,-40
77,369.97907357037633,71.38795128905298,2466.073761226669,246.6073761226669,246.6073761226669,493.2147522453338,0.4865,-3208.2361814118376,-4654.735319237997,-8099.617789811357,5856.621531129532,49.15545542919256,-432.0799717825831,-234.56004170273275,147.91542046911772,-234.56004170273275,-678.6873479052499,369.97907357037633,"{""AC"": -120, ""AC_35_P"": 40, ""AC_40_BP"": -50, ""AC_45_KO"": -500, ""AC_50_C"": 37, ""AC_50_CO"": 10, ""AC_50_C_2"": 38, ""AC_50_P_2"": 15, ""AC_60_C"": 38}",-120,-500,-50,10,38,15,40,0,0,0,37,38
78,266.42824337728786,273.6214590319674,1984.0913715843742,198.40913715843743,198.40913715843743,396.81827431687486,0.4435,-3032.1351340608376,-4849.522827629151,-9493.017926498878,6061.766107857746,-36.785270028795935,-491.60554013792154,-287.5965953110565,65.2192023846366,-287.5965953110565,-690.014677296359,266.42824337728786,"{""AC"": -95, ""AC_35_P"": 32, ""AC_40_BP"": -33, ""AC_45_KO"": -500, ""AC_50_C"": 20, ""AC_50_CO"": 4, ""AC_50_C_2"": 50, ""AC_50_P"": -3, ""AC_60_C"": 25}",-95,-500,-33,4,50,0,32,0,0,-3,20,25
79,-108.58013777416392,1204.471474154891,3224.9507845179623,322.49507845179625,322.49507845179625,644.9901569035925,0.2865,-6559.126988196836,-14849.902363506133,-27166.613209778683,2448.477384045761,-764.4928365938474,-1748.3618848233727,-1253.6967252295874,-517.1602567969547,-1253.6967252295874,-2070.856963275169,-108.58013777416392,"{""AC"": -75, ""AC_35_P"": -33, ""AC_40_BP"": -22, ""AC_45_KO"": -160, ""AC_45_P"": 20, ""AC_50_C"": -2, ""AC_50_CO"": -23, ""AC_50_C_2"": 2, ""AC_50_P"": -18}",-75,-160,-22,-23,2,0,-33,0,20,-18,-2,0
80,-60.829783292285896,-947.606603916259,3130.3470805979455,313.0347080597945,313.0347080597945,626.069416119589,0.5915,-3363.7606498905193,-3799.3874407901994,-4010.2242753857126,20908.909922450675,-397.2058482813378,-901.7699457649157,-721.9112348057611,-307.27649280176047,-721.9112348057611,-1214.8046538247104,-60.829783292285896,"{""AC"": 75, ""AC_35_P"": -5, ""AC_40_BP"": -48, ""AC_40_P"": 35, ""AC_45_KO"": -30, ""AC_50_C"": -14, ""AC_50_CO"": -13, ""AC_50_P_2"": -30, ""AC_60_C"": 25}",75,-30,-48,-13,0,-30,-5,35,0,0,-14,25
81,334.48937429153034,298.3331211187326,2450.225570473418,245.0225570473418,245.0225570473418,490.0451140946836,0.4535,-3475.5599931342035,-5661.387077889515,-10444.25121010945,5355.50757340391,-13.066625021890047,-534.4006239920205,-309.3559032022711,99.45573537298469,-309.3559032022711,-779.4231810393624,334.48937429153034,"{""AC"": -130, ""AC_35_P"": 23, ""AC_40_BP"": -50, ""AC_45_KO"": -380, ""AC_45_P"": 10, ""AC_50_C"": 34, ""AC_50_CO"": -2, ""AC_50_C_2"": 50, ""AC_60_C"": 50}",-130,-380,-50,-2,50,0,23,0,10,0,34,50
82,-88.59409283997707,-740.2201114246184,2398.1736580725674,239.81736580725675,239.81736580725675,479.6347316145135,0.6065,-2699.3725881848104,-3076.979321318893,-4139.5043890107945,15839.051203711388,-358.5313516584581,-763.4372398861797,-613.408663971327,-283.51706370103176,-613.408663971327,-1003.2546056934364,-88.59409283997707,"{""AC"": 70, ""AC_35_P"": 17, ""AC_40_BP"": 8, ""AC_45_KO"": -310, ""AC_45_P"": 15, ""AC_50_C"": 4, ""AC_50_CO"": -11, ""AC_50_C_2"": -22, ""AC_50_P"": -28}",70,-310,8,-11,-22,0,17,0,15,-28,4,0
83,-53.98058645931491,-2640.6923691090888,8482.089194353975,848.2089194353975,848.2089194353975,1696.417838870795,0.603,-8716.902303251773,-9733.113240865721,-10333.659864356674,56272.25433564007,-925.6708167844922,-2233.206162272258,-1785.6203916647796,-701.877931480753,-1785.6203916647796,-3081.4150817076556,-53.98058645931491,"{""AC"": 190, ""AC_40_BP"": -50, ""AC_45_KO"": -330, ""AC_45_P"": -12, ""AC_50_C"": 27, ""AC_50_CO"": -30, ""AC_50_C_2"": 38, ""AC_50_P_2"": 9, ""AC_60_C"": -4}",190,-330,-50,-30,38,9,0,0,-12,0,27,-4
84,-187.79090592719575,-1744.7550134911169,6300.390901897423,630.0390901897423,630.0390901897423,1260.0781803794846,0.604,-7103.675247546083,-8145.461314372186,-8773.549873297274,41626.06183226503,-898.158430681804,-1963.7097178137165,-1568.3617381539793,-700.4844408519355,-1568.3617381539793,-2593.7488080034586,-187.79090592719575,"{""AC"": 140, ""AC_40_BP"": -4, ""AC_40_P"": -17, ""AC_45_KO"": -140, ""AC_45_P"": 8, ""AC_50_P"": -40, ""AC_50_P_2"": -26, ""AC_60_C"": 5}",140,-140,-4,0,0,-26,0,-17,8,-40,0,5
85,-71.72624967605188,-618.9895547269132,2118.422824661102,211.8422824661102,211.8422824661102,423.6845649322204,0.661,-2118.482183791684,-2425.1034030306905,-2737.138957548517,16131.665537193545,-283.5744680552203,-601.3467956239729,-495.41971847785953,-230.6109294821636,-495.41971847785953,-813.1890780900831,-71.72624967605188,"{""AC"": 65, ""AC_35_P"": -9, ""AC_40_BP"": 8, ""AC_45_KO"": -30, ""AC_45_P"": -6, ""AC_50_CO"": 6, ""AC_50_C_2"": -31, ""AC_50_P"": 9, ""AC_60_C"": -2}",65,-30,8,6,-31,0,-9,0,-6,9,0,-2
86,-221.96460713719244,-78.72794130256014,927.7843044259215,92.77843044259215,92.77843044259215,185.5568608851843,0.5275,-1825.1160718068927,-2329.660680734142,-5967.934294385904,1871.1303770365382,-404.4762143178817,-678.2436250889157,-542.1212331295225,-336.4150183381852,-542.1212331295225,-771.0220555315078,-221.96460713719244,"{""AC"": 20, ""AC_40_BP"": 23, ""AC_40_P"": -14, ""AC_45_KO"": -260, ""AC_45_P"": -12, ""AC_50_C"": -9, ""AC_50_CO"": -3, ""AC_50_C_2"": -34, ""AC_50_P_2"": -40}",20,-260,23,-3,-34,-40,0,-14,-12,0,-9,0
87,293.95950349732925,122.68898653648165,1957.2598012662388,195.72598012662388,195.72598012662388,391.45196025324776,0.481,-2683.840422002665,-4134.1824518231315,-8074.099551711009,5508.74900564349,25.57546129706276,-377.000602003337,-206.47954986638246,110.83598736554003,-206.47954986638246,-572.7265821299609,293.95950349732925,"{""AC"": -105, ""AC_35_P"": 40, ""AC_40_BP"": -42, ""AC_45_KO"": -250, ""AC_50_C"": 42, ""AC_50_CO"": 8, ""AC_50_C_2"": 45, ""AC_50_P"": -7, ""AC_60_C"": 17}",-105,-250,-42,8,45,0,40,0,0,-7,42,17
88,18.67765181838984,89.72721862595847,335.9249615306852,33.592496153068524,33.592496153068524,67.18499230613705,0.341,-646.2726304169315,-1378.6457747033019,-1928.1076565964345,506.21276804955164,-45.949611223303314,-142.89050578584303,-95.05949082068415,-22.034103740723868,-95.05949082068415,-176.48300193891157,18.67765181838984,"{""AC"": -30, ""AC_40_BP"": -22, ""AC_40_P"": 9, ""AC_45_KO"": -200, ""AC_45_P"": -17, ""AC_50_C"": 40, ""AC_50_CO"": -6, ""AC_50_C_2"": -3, ""AC_60_C"": -10}",-30,-200,-22,-6,-3,0,0,9,-17,0,40,-10
89,-142.7464044218472,-303.6143284070722,1833.843872824308,183.3843872824308,183.3843872824308,366.7687745648616,0.5295,-2679.9233603777934,-3124.0149823805864,-3368.6635892880195,9059.925420305388,-410.73874045962657,-812.7272445162955,-636.4271021197317,-322.58866926134453,-636.4271021197317,-996.1116317987263,-142.7464044218472,"{""AC"": 20, ""AC_35_P"": -4, ""AC_40_BP"": -18, ""AC_40_P"": -27, ""AC_45_KO"": -110, ""AC_45_P"": -13, ""AC_50_CO"": 9, ""AC_50_C_2"": 2, ""AC_50_P"": -38}",20,-110,-18,9,2,0,-4,-27,-13,-38,0,0
90,110.92654956338414,880.9426452691627,2723.570349285604,272.35703492856044,272.35703492856044,544.7140698571209,0.4225,-4905.848114907193,-9646.039213162463,-16930.46163783756,3806.8868595731,-379.6582619273352,-1115.535479163414,-761.1291851369751,-202.45511491411563,-761.1291851369751,-1387.8925140919746,110.92654956338414,"{""AC"": -65, ""AC_35_P"": -3, ""AC_40_BP"": 25, ""AC_45_KO"": -200, ""AC_50_CO"": -24, ""AC_50_C_2"": 4, ""AC_50_P"": 34, ""AC_50_P_2"": 17, ""AC_60_C"": 30}",-65,-200,25,-24,4,17,-3,0,0,34,0,30
91,-104.71861007780821,-8.028865319949176,938.0907986012754,93.80907986012754,93.80907986012754,187.61815972025508,0.5035,-1729.576904431616,-3416.235333549318,-8581.094242832172,3683.7456625751915,-277.6763005209698,-537.1128361857122,-411.05968567261436,-214.64972526442088,-411.05968567261436,-630.9219160458398,-104.71861007780821,"{""AC"": -15, ""AC_35_P"": -44, ""AC_40_BP"": 7, ""AC_45_KO"": -20, ""AC_45_P"": -43, ""AC_50_C_2"": -47, ""AC_50_P_2"": 36, ""AC_60_C"": 39}",-15,-20,7,0,-47,36,-44,0,-43,0,0,39
92,360.9080876122586,17.168382016519672,2032.4033652820783,203.24033652820782,203.24033652820782,406.48067305641564,0.4955,-2431.9657747873503,-3078.9958301621477,-5565.290085612177,5546.2364502749915,117.71151013352357,-247.08335608457895,-105.50694686994783,188.49971474083912,-105.50694686994783,-450.3236926127868,360.9080876122586,"{""AC"": -100, ""AC_35_P"": 34, ""AC_40_BP"": -14, ""AC_45_KO"": -330, ""AC_50_C"": 40, ""AC_50_CO"": 25, ""AC_50_C_2"": 38, ""AC_50_P_2"": 4, ""AC_60_C"": 22}",-100,-330,-14,25,38,4,34,0,0,0,40,22
93,-2.249416293011979,-439.91303763523933,1010.2974673832615,101.02974673832615,101.02974673832615,202.0594934766523,0.635,-826.457707079849,-2033.5298957945533,-3399.8270252754573,6257.293265362525,-84.89518700099688,-208.86384306297424,-176.7329457241524,-68.82973833158597,-176.7329457241524,-309.8935898013004,-2.249416293011979,"{""AC"": 55, ""AC_40_BP"": -10, ""AC_40_P"": 6, ""AC_45_KO"": -290, ""AC_45_P"": 19, ""AC_50_C"": -13, ""AC_50_CO"": 11, ""AC_50_P"": 5, ""AC_60_C"": -32}",55,-290,-10,11,0,0,0,6,19,5,-13,-32
94,315.4242980793426,-43.351042921974624,1982.594898366685,198.25948983666848,198.25948983666848,396.51897967333696,0.5175,-1291.6496964254363,-3160.636033931663,-5497.903586009735,14787.822164023775,186.25932843679894,-7.488126027016506,22.547098697192894,201.27694079890364,22.547098697192894,-205.74761586368498,315.4242980793426,"{""AC"": -35, ""AC_35_P"": 44, ""AC_40_BP"": -29, ""AC_40_P"": -7, ""AC_45_KO"": -500, ""AC_50_C"": 43, ""AC_50_CO"": 12, ""AC_50_C_2"": 49, ""AC_60_C"": 17}",-35,-500,-29,12,49,0,44,-7,0,0,43,17
95,-67.69027962407374,2162.674826600186,6588.688847742397,658.8688847742397,658.8688847742397,1317.7377695484795,0.3415,-12856.79859493245,-27907.026603143207,-49989.2542618996,6333.037306540445,-1353.370139117319,-3281.8899283571864,-2325.644511251061,-875.2474305642562,-2325.644511251061,-3940.758813131426,-67.69027962407374,"{""AC"": -160, ""AC_35_P"": -16, ""AC_40_BP"": 14, ""AC_40_P"": -8, ""AC_45_KO"": -290, ""AC_45_P"": -7, ""AC_50_C"": -18, ""AC_50_CO"": -1, ""AC_50_P_2"": -13}",-160,-290,14,-1,0,-13,-16,-8,-7,0,-18,0
96,273.22757865270137,1866.6533600105527,8289.857167620443,828.9857167620443,828.9857167620443,1657.9714335240885,0.393,-15025.205391433838,-30501.989651193377,-55565.09152830082,11707.11721131001,-1229.2929604906824,-3483.0737692057583,-2395.0460884433965,-685.2791201095016,-2395.0460884433965,-4312.059485967802,273.22757865270137,"{""AC"": -195, ""AC_40_BP"": -6, ""AC_40_P"": 32, ""AC_45_KO"": -100, ""AC_45_P"": 10, ""AC_50_CO"": -6, ""AC_50_C_2"": 19, ""AC_50_P"": 40, ""AC_50_P_2"": 20}",-195,-100,-6,-6,19,20,0,32,10,40,0,0
97,-5.208922975323307,431.7553045876484,1621.6177123944346,162.16177123944345,162.16177123944345,324.3235424788869,0.347,-3028.1212188099976,-6675.90649510291,-13188.238292757804,2475.031726709274,-308.0210448563231,-762.2392276778227,-540.5079914165447,-197.15542672568404,-540.5079914165447,-924.4009989172662,-5.208922975323307,"{""AC"": -35, ""AC_35_P"": 18, ""AC_40_BP"": 12, ""AC_45_P"": 17, ""AC_50_C"": -1, ""AC_50_CO"": -17, ""AC_50_C_2"": 14, ""AC_50_P_2"": -24}",-35,0,12,-17,14,-24,18,0,17,0,-1,0
98,354.68651855317114,180.42652222902393,1731.2238241180698,173.122382411807,173.122382411807,346.244764823614,0.4695,-2223.927187237467,-2776.7454669884783,-4376.4920378784045,8921.35356416136,132.29379982942442,-201.29527825619562,-65.46375073835239,200.20956358834604,-65.46375073835239,-374.4176606680026,354.68651855317114,"{""AC"": -100, ""AC_35_P"": 32, ""AC_40_BP"": -26, ""AC_45_KO"": -310, ""AC_45_P"": -11, ""AC_50_C"": 39, ""AC_50_CO"": 20, ""AC_50_C_2"": 50, ""AC_60_C"": 36}",-100,-310,-26,20,50,0,32,0,-11,0,39,36
99,263.3905417426121,530.4530155943852,3322.0473912571247,332.2047391257125,332.2047391257125,664.409478251425,0.415,-5448.414189559535,-10414.54856144002,-19720.197527272125,5923.854410526488,-281.4508772133414,-1098.7130056472715,-719.9739562541744,-92.08135251679279,-719.9739562541744,-1430.917744772984,263.3905417426121,"{""AC"": -140, ""AC_35_P"": 48, ""AC_40_BP"": -50, ""AC_40_P"": -13, ""AC_45_KO"": -490, ""AC_50_C"": 34, ""AC_50_CO"": -5, ""AC_50_C_2"": 37, ""AC_60_C"": 30}",-140,-490,-50,-5,37,0,48,-13,0,0,34,30
100,-24.83560648301847,833.0515581651425,2856.9893990584947,285.69893990584944,285.69893990584944,571.3978798116989,0.301,-5603.802742878353,-12819.707046185316,-23305.681074086402,2757.815527655688,-585.2158807708538,-1425.7862922026065,-1008.255487867696,-376.45047860339844,-1008.255487867696,-1711.4852321084559,-24.83560648301847,"{""AC"": -10, ""AC_35_P"": -20, ""AC_40_BP"": -8, ""AC_40_P"": 1, ""AC_45_KO"": -10, ""AC_45_P"": 39, ""AC_50_CO"": -27, ""AC_50_P"": 49, ""AC_60_C"": -48}",-10,-10,-8,-27,0,0,-20,1,39,49,0,-48
101,32.88904437320101,1304.5739099867262,5498.656300881707,549.8656300881706,549.8656300881706,1099.7312601763413,0.387,-10340.624419556865,-21943.59349851264,-38967.880743810856,6705.642406594695,-1001.1733975824856,-2552.267060516015,-1793.1374336044141,-621.608584126685,-1793.1374336044141,-3102.132690604186,32.88904437320101,"{""AC"": -135, ""AC_35_P"": 9, ""AC_40_BP"": 19, ""AC_40_P"": 15, ""AC_45_KO"": -180, ""AC_45_P"": -16, ""AC_50_CO"": -3, ""AC_50_P"": 42, ""AC_50_P_2"": -49}",-135,-180,19,-3,0,-49,9,15,-16,42,0,0
102,246.94888337636917,122.52206150370122,1139.7686174583168,113.97686174583168,113.97686174583168,227.95372349166337,0.474,-1316.9431895859564,-2019.5819484839376,-3754.33634529356,5664.777580833819,115.25456441777354,-82.28691402011992,-7.5810259344401345,152.60750846061342,-7.5810259344401345,-196.2637757659516,246.94888337636917,"{""AC"": -70, ""AC_35_P"": 19, ""AC_40_BP"": -43, ""AC_40_P"": 12, ""AC_45_KO"": -390, ""AC_50_C"": 20, ""AC_50_CO"": -4, ""AC_50_C_2"": 33, ""AC_60_C"": 48}",-70,-390,-43,-4,33,0,19,12,0,0,20,48
103,-193.29244314252608,1039.5766578971218,3004.679117147797,300.4679117147797,300.4679117147797,600.9358234295594,0.256,-6207.488419685302,-13636.601492180713,-24215.437402776257,2676.8661465284345,-814.0412851110563,-1745.1645480638515,-1274.6496619527113,-578.7838420554862,-1274.6496619527113,-2045.632459778631,-193.29244314252608,"{""AC"": -50, ""AC_40_BP"": 9, ""AC_40_P"": -9, ""AC_45_KO"": -140, ""AC_50_C"": 16, ""AC_50_CO"": -50, ""AC_50_C_2"": -35, ""AC_50_P_2"": -3, ""AC_60_C"": 8}",-50,-140,9,-50,-35,-3,0,-9,0,0,16,8
104,341.04776628791154,296.11715582860074,3122.539387969752,312.2539387969752,312.2539387969752,624.5078775939504,0.4565,-4485.451149765353,-7855.226000404222,-14004.898195420912,6386.462524582234,-107.49734868862379,-780.3150211534266,-487.896875575379,38.711724100400076,-487.896875575379,-1092.568959950402,341.04776628791154,"{""AC"": -160, ""AC_35_P"": 32, ""AC_40_BP"": -50, ""AC_40_P"": -10, ""AC_45_KO"": -310, ""AC_50_C"": 50, ""AC_50_CO"": 6, ""AC_50_C_2"": 39, ""AC_60_C"": 45}",-160,-310,-50,6,39,0,32,-10,0,0,50,45
105,344.6284608676976,448.5722150660132,4097.968354527202,409.7968354527202,409.7968354527202,819.5936709054404,0.449,-6249.360484886266,-11461.20636148958,-21081.604783897717,7845.228752693726,-280.30758762092904,-1217.7116603538689,-797.6740295916024,-70.28877223979578,-797.6740295916024,-1627.508495806589,344.6284608676976,"{""AC"": -160, ""AC_35_P"": 46, ""AC_40_BP"": -46, ""AC_45_KO"": -500, ""AC_50_C"": 31, ""AC_50_CO"": 15, ""AC_50_C_2"": 27, ""AC_50_P"": 3, ""AC_60_C"": 34}",-160,-500,-46,15,27,0,46,0,0,3,31,34
106,228.5322473901718,63.96128439063094,1847.950458902263,184.7950458902263,184.7950458902263,369.5900917804526,0.4935,-2212.927601035713,-3411.988037488529,-4550.209882006835,4165.97626915396,7.239487286600479,-324.69965286875646,-195.80441571029831,71.68710586582955,-195.80441571029831,-509.49469875898274,228.5322473901718,"{""AC"": -75, ""AC_40_BP"": -5, ""AC_45_KO"": -470, ""AC_45_P"": 1, ""AC_50_C"": 48, ""AC_50_CO"": 19, ""AC_50_P"": 5, ""AC_50_P_2"": 21, ""AC_60_C"": -3}",-75,-470,-5,19,0,21,0,0,1,5,48,-3
107,227.09414488190524,86.42208190392967,2215.5165079248304,221.55165079248303,221.55165079248303,443.10330158496606,0.4895,-3129.5413711424985,-4754.653622057383,-7536.709290635143,4769.051547430482,-85.85999223234464,-555.2911979037194,-353.11288618571103,15.229163626659542,-353.11288618571103,-776.8428486962025,227.09414488190524,"{""AC"": -115, ""AC_35_P"": 3, ""AC_40_BP"": -50, ""AC_40_P"": 14, ""AC_45_KO"": -500, ""AC_50_C"": 50, ""AC_50_CO"": 25, ""AC_50_P"": -18, ""AC_60_C"": 17}",-115,-500,-50,25,0,0,3,14,0,-18,50,17
108,141.5738114249911,1038.2154420045806,4396.30158987007,439.63015898700695,439.63015898700695,879.2603179740139,0.3995,-8003.612622867291,-16411.56123080626,-28748.001263631057,6268.7846614862265,-658.7874508617381,-1859.3293442918316,-1278.7831614986058,-368.5143594651252,-1278.7831614986058,-2298.9595032788384,141.5738114249911,"{""AC"": -150, ""AC_35_P"": 23, ""AC_40_BP"": -35, ""AC_45_KO"": -400, ""AC_45_P"": 7, ""AC_50_C"": 20, ""AC_50_CO"": -8, ""AC_50_P"": -15, ""AC_60_C"": 38}",-150,-400,-35,-8,0,0,23,0,7,-15,20,38
109,-144.93952111683382,926.7669573026878,2616.1528619940123,261.6152861994012,261.6152861994012,523.2305723988025,0.2505,-5200.582663762076,-12728.67202682172,-23288.840276859613,1812.9008639161093,-664.9977874930414,-1445.0851870573529,-1055.8345637808457,-470.3724758547879,-1055.8345637808457,-1706.700473256754,-144.93952111683382,"{""AC"": -15, ""AC_35_P"": 10, ""AC_40_BP"": 2, ""AC_45_KO"": -220, ""AC_45_P"": 6, ""AC_50_C"": -11, ""AC_50_CO"": -26, ""AC_50_C_2"": -8, ""AC_60_C"": -32}",-15,-220,2,-26,-8,0,10,0,6,0,-11,-32
110,375.27246089523425,744.3800883524165,5040.284655396512,504.02846553965117,504.02846553965117,1008.0569310793023,0.4485,-7952.999858322865,-14419.995345620147,-26068.934554220956,9187.414075852177,-420.0275249370523,-1612.9775036854821,-1069.691750623021,-148.38464840582182,-1069.691750623021,-2117.0059692251334,375.27246089523425,"{""AC"": -200, ""AC_35_P"": 18, ""AC_40_BP"": -44, ""AC_45_KO"": -470, ""AC_50_C"": 33, ""AC_50_CO"": 22, ""AC_50_C_2"": 24, ""AC_50_P_2"": 11, ""AC_60_C"": 50}",-200,-470,-44,22,24,11,18,0,0,0,33,50
111,6.993254430620873,-2068.5720429553567,6767.672792534865,676.7672792534865,676.7672792534865,1353.534558506973,0.6525,-6267.365402489164,-6950.272262101727,-7380.273431296979,50120.859261899604,-619.7432858182956,-1559.84809619167,-1271.495195569497,-475.56683550720896,-1271.495195569497,-2236.6153754451566,6.993254430620873,"{""AC"": 185, ""AC_35_P"": -15, ""AC_40_BP"": -3, ""AC_45_KO"": -30, ""AC_45_P"": 17, ""AC_50_CO"": -15, ""AC_50_P"": 28, ""AC_50_P_2"": 14, ""AC_60_C"": 9}",185,-30,-3,-15,0,14,-15,0,17,28,0,9
112,332.09970241042333,253.80424085380042,3361.145648113891,336.11456481138913,336.11456481138913,672.2291296227783,0.4695,-4863.395904102416,-8588.421833018338,-15452.827921813174,6740.167273306445,-154.23988799981834,-883.7492736151808,-565.4669656106337,4.901266002455216,-565.4669656106337,-1219.8638384265698,332.09970241042333,"{""AC"": -160, ""AC_35_P"": 36, ""AC_40_BP"": -47, ""AC_45_KO"": -500, ""AC_50_C"": 50, ""AC_50_CO"": 16, ""AC_50_C_2"": 32, ""AC_50_P_2"": -17, ""AC_60_C"": 32}",-160,-500,-47,16,32,-17,36,0,0,0,50,32
113,292.841821827592,956.9812316008071,5545.046211101934,554.5046211101934,554.5046211101934,1109.0092422203868,0.4245,-9465.535824419638,-18833.074616283124,-34251.90443165669,8990.739193746376,-653.7117606143718,-2073.5421342773175,-1404.2408623904505,-319.0611246709383,-1404.2408623904505,-2628.046755387511,292.841821827592,"{""AC"": -180, ""AC_35_P"": 45, ""AC_40_BP"": -31, ""AC_45_KO"": -220, ""AC_50_C"": 23, ""AC_50_CO"": 7, ""AC_50_C_2"": 25, ""AC_50_P"": 9, ""AC_60_C"": 23}",-180,-220,-31,7,25,0,45,0,0,9,23,23
114,-11.324675829588642,485.40599515793616,1673.3680536205768,167.33680536205767,167.33680536205767,334.67361072411535,0.2875,-3263.5304047181075,-7423.287003095065,-13468.142619179223,2452.7213536189643,-337.6777163013994,-827.2072770091155,-584.5226392183336,-216.33539740600847,-584.5226392183336,-994.5440823711732,-11.324675829588642,"{""AC"": -30, ""AC_40_BP"": 17, ""AC_40_P"": 31, ""AC_45_KO"": -350, ""AC_45_P"": 4, ""AC_50_C"": 19, ""AC_50_CO"": -38, ""AC_50_P"": 5, ""AC_50_P_2"": -8}",-30,-350,17,-38,0,-8,0,31,4,5,19,0
115,-16.87695798688716,-945.8541470882178,2685.050208274473,268.5050208274473,268.5050208274473,537.0100416548946,0.678,-2235.1712420022996,-2469.2370987796394,-3028.330049847579,21334.515954784038,-240.39408218711714,-575.6697684874621,-486.40515470095573,-195.76177529386396,-486.40515470095573,-844.1747893149094,-16.87695798688716,"{""AC"": 75, ""AC_40_BP"": -2, ""AC_40_P"": 6, ""AC_45_KO"": -80, ""AC_50_C"": -5, ""AC_50_CO"": 19, ""AC_50_C_2"": -23, ""AC_50_P"": -2, ""AC_60_C"": -4}",75,-80,-2,19,-23,0,0,6,0,-2,-5,-4
116,339.3446047977684,174.95282297301117,2293.8049676170804,229.38049676170803,229.38049676170803,458.76099352341606,0.472,-3057.9589776745765,-4181.481203722428,-7480.264460533719,5217.577680495519,33.54870703031071,-425.14513962087574,-234.03949023427208,129.10153172361254,-234.03949023427208,-654.5256363825838,339.3446047977684,"{""AC"": -140, ""AC_35_P"": 29, ""AC_40_BP"": -48, ""AC_40_P"": -17, ""AC_45_KO"": -450, ""AC_50_C"": 50, ""AC_50_CO"": 8, ""AC_50_C_2"": 40, ""AC_60_C"": 50}",-140,-450,-48,8,40,0,29,-17,0,0,50,50
117,398.66150137397676,682.7687823327142,5053.9965996197,505.39965996197,505.39965996197,1010.79931992394,0.4505,-7861.421445553193,-14480.318368831217,-26407.427525641186,9341.706601250487,-387.48064318134254,-1566.6938600143214,-1033.251545439987,-120.75948589417538,-1033.251545439987,-2072.0935199762916,398.66150137397676,"{""AC"": -200, ""AC_35_P"": 44, ""AC_40_BP"": -30, ""AC_45_KO"": -500, ""AC_50_C"": 49, ""AC_50_CO"": 4, ""AC_50_C_2"": 26, ""AC_50_P_2"": 12, ""AC_60_C"": 50}",-200,-500,-30,4,26,12,44,0,0,0,49,50
118,-224.5136332446854,-2044.4532097609099,8122.434654366861,812.243465436686,812.243465436686,1624.486930873372,0.599,-9395.501837467145,-10775.088489296722,-11603.58135092285,50848.80793399303,-1164.0638169914,-2573.389092611472,-2039.9606415831004,-897.3495914772142,-2039.9606415831004,-3385.632558048158,-224.5136332446854,"{""AC"": 195, ""AC_40_BP"": 2, ""AC_40_P"": -23, ""AC_45_KO"": -110, ""AC_50_CO"": -17, ""AC_50_C_2"": 32, ""AC_50_P"": -4, ""AC_50_P_2"": -46, ""AC_60_C"": -14}",195,-110,2,-17,32,-46,0,-23,0,-4,0,-14
119,372.6724976417951,825.8440591286865,5335.5339500533455,533.5533950053346,533.5533950053346,1067.106790010669,0.4385,-8652.462291409056,-16379.501440676559,-30267.609620117393,9402.293132880051,-492.5737314991105,-1790.443075210469,-1191.9735435722305,-193.33896567999136,-1191.9735435722305,-2323.9964702158036,372.6724976417951,"{""AC"": -200, ""AC_35_P"": 50, ""AC_40_BP"": -24, ""AC_45_KO"": -260, ""AC_50_C"": 50, ""AC_50_CO"": -1, ""AC_50_C_2"": 30, ""AC_50_P_2"": 11, ""AC_60_C"": 38}",-200,-260,-24,-1,30,11,50,0,0,0,50,38
120,-72.84411442630697,-1653.6314311174515,4719.40885384842,471.94088538484203,471.94088538484203,943.8817707696841,0.6045,-4770.41555490014,-5348.212181376893,-5666.518433374736,32283.605427903105,-549.8856699163209,-1265.448003151342,-1024.3768903537489,-429.35011351752445,-1024.3768903537489,-1737.388888536184,-72.84411442630697,"{""AC"": 140, ""AC_40_BP"": -36, ""AC_40_P"": 24, ""AC_45_KO"": -210, ""AC_45_P"": 21, ""AC_50_C"": -46, ""AC_50_CO"": 4, ""AC_50_P"": -30, ""AC_60_C"": 15}",140,-210,-36,4,0,0,0,24,21,-30,-46,15
121,363.211325106649,997.1680016030773,5610.711436904921,561.0711436904921,561.0711436904921,1122.1422873809843,0.4195,-9388.55171494365,-18269.27471818422,-34371.416508513255,9461.067742624025,-575.6438463877159,-1983.9266036292634,-1325.6070039801446,-246.48404656315654,-1325.6070039801446,-2544.9977473197555,363.211325106649,"{""AC"": -200, ""AC_35_P"": 50, ""AC_40_BP"": -50, ""AC_45_KO"": -500, ""AC_50_C"": 26, ""AC_50_CO"": -2, ""AC_50_C_2"": 44, ""AC_50_P_2"": 13, ""AC_60_C"": 42}",-200,-500,-50,-2,44,13,50,0,0,0,26,42
122,228.77699375475814,374.09584627019336,2612.9544537993784,261.29544537993786,261.29544537993786,522.5908907598757,0.464,-3923.5274974987,-6886.938166744578,-11756.34138511135,4972.706201424287,-163.5757559951119,-752.1048806199169,-490.39985356001586,-32.72324246516135,-490.39985356001586,-1013.4003259998548,228.77699375475814,"{""AC"": -115, ""AC_35_P"": 26, ""AC_40_BP"": -8, ""AC_45_KO"": -500, ""AC_45_P"": 5, ""AC_50_C"": 42, ""AC_50_CO"": -9, ""AC_50_C_2"": 4, ""AC_60_C"": 43}",-115,-500,-8,-9,4,0,26,0,5,0,42,43
123,173.92262583469335,-256.7790158639558,1802.0591735439266,180.20591735439265,180.20591735439265,360.4118347087853,0.6745,-1137.0528724050907,-1219.4064374371721,-1245.7061160244825,17077.860821360187,60.21733859418427,-110.34059226657934,-86.73826370326658,72.01850287584065,-86.73826370326658,-290.54650962097196,173.92262583469335,"{""AC"": -10, ""AC_35_P"": -3, ""AC_40_BP"": -6, ""AC_45_KO"": -10, ""AC_45_P"": -13, ""AC_50_C"": 35, ""AC_50_CO"": 24, ""AC_50_P_2"": 17, ""AC_60_C"": 16}",-10,-10,-6,24,0,17,-3,0,-13,0,35,16
124,406.26756549880304,101.82736542500459,2266.285520736127,226.62855207361272,226.62855207361272,453.25710414722545,0.4805,-2854.398590587423,-3847.8417626024757,-6392.73923219839,6834.784685169175,120.82770644006075,-307.3320821480527,-135.20649912611674,206.89049795102872,-135.20649912611674,-533.9606342216654,406.26756549880304,"{""AC"": -120, ""AC_35_P"": 21, ""AC_40_BP"": -49, ""AC_45_KO"": -400, ""AC_50_C"": 43, ""AC_50_CO"": 10, ""AC_50_C_2"": 50, ""AC_50_P_2"": 31, ""AC_60_C"": 40}",-120,-400,-49,10,50,31,21,0,0,0,43,40
125,362.0751286462306,49.19281684037128,2965.372199871928,296.53721998719277,296.53721998719277,593.0744399743855,0.493,-3853.053199350514,-6253.481972942864,-10685.550303717915,6627.229946625592,-23.230191288820834,-601.1881711913979,-364.1514612499429,95.2881636819067,-364.1514612499429,-897.7253911785907,362.0751286462306,"{""AC"": -140, ""AC_35_P"": 45, ""AC_40_BP"": -50, ""AC_45_KO"": -190, ""AC_45_P"": 5, ""AC_50_C"": 36, ""AC_50_CO"": 12, ""AC_50_C_2"": 27, ""AC_60_C"": 50}",-140,-190,-50,12,27,0,45,0,5,0,36,50
126,-205.65053491763993,-245.34357908978103,2232.7263099314164,223.27263099314163,223.27263099314163,446.54526198628326,0.5355,-3604.0148753505587,-4205.687395483376,-4537.14679839022,6611.561143673737,-566.0520224526958,-1106.6542537552796,-857.8890817167944,-441.66943643345326,-857.8890817167944,-1329.9268847484211,-205.65053491763993,"{""AC"": 60, ""AC_35_P"": -2, ""AC_40_BP"": 18, ""AC_45_KO"": -110, ""AC_50_C"": -1, ""AC_50_CO"": -16, ""AC_50_C_2"": 16, ""AC_50_P"": -48, ""AC_60_C"": -31}",60,-110,18,-16,16,0,-2,0,0,-48,-1,-31
127,38.069883606576454,-979.6065035967396,2370.8498001266553,237.08498001266554,237.08498001266554,474.1699600253311,0.64,-1835.572786792598,-1983.6033274601955,-2065.1528630960065,17853.304418082207,-145.48739507268334,-420.823313091573,-355.808524418646,-112.98000073621984,-355.808524418646,-657.9082931042385,38.069883606576454,"{""AC"": 65, ""AC_35_P"": 14, ""AC_40_BP"": -38, ""AC_45_KO"": -80, ""AC_50_C"": -21, ""AC_50_CO"": 4, ""AC_50_C_2"": 5, ""AC_50_P"": 16, ""AC_60_C"": 14}",65,-80,-38,4,5,0,14,0,0,16,-21,14
128,-80.61187201871077,-1001.670101374349,3894.501909131893,389.4501909131893,389.4501909131893,778.9003818263786,0.602,-4302.313812747651,-4824.278684873843,-5299.640801564081,26106.155889971546,-510.8432532934759,-1156.1903252056236,-920.6840393874531,-393.0901103843907,-920.6840393874531,-1545.640516118813,-80.61187201871077,"{""AC"": 135, ""AC_35_P"": 1, ""AC_40_BP"": 13, ""AC_45_KO"": -20, ""AC_50_CO"": -31, ""AC_50_C_2"": -12, ""AC_50_P"": 16, ""AC_50_P_2"": 33, ""AC_60_C"": -8}",135,-20,13,-31,-12,33,1,0,0,16,0,-8
129,101.54217651445846,-2884.8143833686145,8427.86158208707,842.7861582087069,842.7861582087069,1685.5723164174137,0.66,-6947.96735847524,-7760.4650790828755,-8223.403145028009,62427.84080046866,-593.2545593330656,-1635.4496631043514,-1362.0460063611808,-456.5527309614803,-1362.0460063611808,-2478.2358213130583,101.54217651445846,"{""AC"": 185, ""AC_40_BP"": 19, ""AC_40_P"": 5, ""AC_45_KO"": -270, ""AC_45_P"": 22, ""AC_50_CO"": 22, ""AC_50_C_2"": 44, ""AC_50_P"": -5, ""AC_50_P_2"": -23}",185,-270,19,22,44,-23,0,5,22,-5,0,0
130,-448.7840893382982,-707.6629161012271,5312.699300369871,531.269930036987,531.269930036987,1062.539860073974,0.54,-8063.929993854051,-9434.406289712131,-10189.397151888836,25647.98204323821,-1255.1770887237033,-2464.766587801811,-1924.008553434899,-984.7980715402475,-1924.008553434899,-2996.0365178387983,-448.7840893382982,"{""AC"": 185, ""AC_35_P"": -37, ""AC_40_BP"": -1, ""AC_40_P"": -44, ""AC_45_KO"": -130, ""AC_50_C"": -34, ""AC_50_CO"": -21, ""AC_50_C_2"": -23, ""AC_60_C"": -38}",185,-130,-1,-21,-23,0,-37,-44,0,0,-34,-38
131,-183.33495182205655,1773.2744801812482,5269.863797540241,526.986379754024,526.986379754024,1053.972759508048,0.27,-10651.396601653098,-23924.236303325724,-45918.39121239306,4983.596017532998,-1248.4746119873664,-2846.184102235331,-2044.5376319470333,-847.6513768432173,-2044.5376319470333,-3373.170481989355,-183.33495182205655,"{""AC"": -105, ""AC_40_BP"": -19, ""AC_45_KO"": -50, ""AC_45_P"": -7, ""AC_50_CO"": -46, ""AC_50_C_2"": 19, ""AC_50_P"": 9, ""AC_50_P_2"": -25, ""AC_60_C"": -25}",-105,-50,-19,-46,19,-25,0,0,-7,9,0,-25
132,85.23319824490052,-1137.093331534417,3225.989063433678,322.5989063433678,322.5989063433678,645.1978126867356,0.7195,-2069.0448120181168,-2254.6566216146125,-2359.0199570214836,26998.65329221082,-121.67128295691116,-432.0280047596287,-386.4229767295009,-98.86876894184726,-386.4229767295009,-754.6269111029965,85.23319824490052,"{""AC"": 75, ""AC_35_P"": -14, ""AC_40_BP"": 25, ""AC_45_P"": 9, ""AC_50_CO"": 23, ""AC_50_C_2"": 2, ""AC_50_P"": 21, ""AC_50_P_2"": -6}",75,0,25,23,2,-6,-14,0,9,21,0,0
133,358.1902735711952,450.1117593882769,4243.50699847964,424.350699847964,424.350699847964,848.701399695928,0.459,-6543.84961945407,-11586.234920789364,-21053.85673004533,8115.094444706113,-296.1946883742119,-1277.7721312923225,-835.5625192708973,-75.08988236349937,-835.5625192708973,-1702.1228311402865,358.1902735711952,"{""AC"": -165, ""AC_35_P"": 27, ""AC_40_BP"": -37, ""AC_40_P"": 12, ""AC_45_KO"": -500, ""AC_50_C"": 24, ""AC_50_CO"": 24, ""AC_50_C_2"": 29, ""AC_60_C"": 37}",-165,-500,-37,24,29,0,27,12,0,0,24,37
134,188.0758524054964,1085.7350033324492,4796.750785902093,479.67507859020935,479.67507859020935,959.3501571804187,0.379,-8528.048305362567,-17606.988781222248,-33954.90071128647,6747.1904485450705,-664.7289781307604,-1943.9362239351453,-1330.9689326939933,-358.2453325101843,-1330.9689326939933,-2423.611302525355,188.0758524054964,"{""AC"": -160, ""AC_35_P"": 29, ""AC_40_BP"": -50, ""AC_45_KO"": -340, ""AC_45_P"": 3, ""AC_50_C"": 27, ""AC_50_CO"": -16, ""AC_50_C_2"": 36, ""AC_60_C"": 16}",-160,-340,-50,-16,36,0,29,0,3,0,27,16
135,206.95364720055588,523.3317419491641,3222.2424660963993,322.2242466096399,322.2242466096399,644.4484932192798,0.402,-5466.481672692865,-10749.951937179354,-20668.757714101892,5401.066642476936,-339.69452006873064,-1159.6667709726603,-774.1307270081937,-146.92649808649736,-774.1307270081937,-1481.8910175823003,206.95364720055588,"{""AC"": -115, ""AC_35_P"": 47, ""AC_40_BP"": -39, ""AC_40_P"": -2, ""AC_45_KO"": -160, ""AC_50_C"": 18, ""AC_50_CO"": -6, ""AC_50_C_2"": 31, ""AC_60_C"": 20}",-115,-160,-39,-6,31,0,47,-2,0,0,18,20
136,216.50922471695924,1014.0781370607672,4850.181499063511,485.01814990635114,485.01814990635114,970.0362998127023,0.3905,-8535.834113888252,-17463.341551551704,-32873.16378438944,7201.415138480207,-637.074186671866,-1917.4493037551038,-1306.3749673194538,-331.5370184540411,-1306.3749673194538,-2402.467453661455,216.50922471695924,"{""AC"": -170, ""AC_35_P"": 40, ""AC_40_BP"": -50, ""AC_45_KO"": -350, ""AC_50_C"": 32, ""AC_50_CO"": -16, ""AC_50_C_2"": 30, ""AC_50_P_2"": -3, ""AC_60_C"": 28}",-170,-350,-50,-16,30,-3,40,0,0,0,32,28
137,329.72427499735227,616.696607894459,4390.92787201909,439.09278720190895,439.09278720190895,878.1855744038179,0.436,-7098.481961506813,-13520.654490364845,-25659.442738782276,7863.333406687532,-380.1239211533291,-1444.896215379351,-954.594412829624,-134.97301987846566,-954.594412829624,-1883.98900258126,329.72427499735227,"{""AC"": -160, ""AC_35_P"": 48, ""AC_40_BP"": -37, ""AC_45_KO"": -500, ""AC_45_P"": 8, ""AC_50_C"": 37, ""AC_50_CO"": 6, ""AC_50_C_2"": 39, ""AC_60_C"": 15}",-160,-500,-37,6,39,0,48,0,8,0,37,15
138,333.0889450232659,66.3080107998014,1618.3051909691837,161.83051909691838,161.83051909691838,323.66103819383676,0.4815,-1309.354387238015,-2649.1252282775517,-4325.742944767536,11327.623319852399,202.1535062994644,5.750348213762152,55.77052738910449,227.16359588713556,55.77052738910449,-156.08017088315623,333.0889450232659,"{""AC"": -45, ""AC_35_P"": 50, ""AC_40_BP"": -36, ""AC_40_P"": 11, ""AC_45_KO"": -380, ""AC_50_C"": 50, ""AC_50_CO"": 9, ""AC_50_C_2"": 34, ""AC_60_C"": 18}",-45,-380,-36,9,34,0,50,11,0,0,50,18
139,225.68033535934416,753.0258349592589,4156.388387910022,415.63883879100223,415.63883879100223,831.2776775820045,0.415,-7040.0383450401305,-14092.410570492684,-25771.138674562015,6674.97184710909,-478.3234991446689,-1534.3292509006885,-1038.1448357921765,-230.23129159041292,-1038.1448357921765,-1949.9680896916907,225.68033535934416,"{""AC"": -150, ""AC_35_P"": 50, ""AC_40_BP"": -32, ""AC_45_KO"": -470, ""AC_50_C"": 18, ""AC_50_CO"": -9, ""AC_50_C_2"": 20, ""AC_50_P_2"": -12, ""AC_60_C"": 45}",-150,-470,-32,-9,20,-12,50,0,0,0,18,45
140,355.0119213354299,807.6351507887023,4879.097878057785,487.90978780577854,487.90978780577854,975.8195756115571,0.434,-7904.352616529898,-14553.619584596681,-27226.523221185253,8596.553155727792,-435.42334031755996,-1621.0762327970447,-1074.5958650469443,-162.18315644250964,-1074.5958650469443,-2108.9860206028234,355.0119213354299,"{""AC"": -200, ""AC_35_P"": 35, ""AC_40_BP"": -44, ""AC_40_P"": -17, ""AC_45_KO"": -500, ""AC_50_C"": 31, ""AC_50_CO"": 17, ""AC_50_C_2"": 42, ""AC_60_C"": 45}",-200,-500,-44,17,42,0,35,-17,0,0,31,45
141,-134.1571030482294,333.33174815658333,1519.1847730030636,151.91847730030636,151.91847730030636,303.8369546006127,0.2405,-3195.7618622809337,-7081.241367518384,-12212.836208840501,1054.988863443013,-453.7332892763228,-933.0975686184628,-689.4806210405227,-331.9248154873527,-689.4806210405227,-1085.0160459187691,-134.1571030482294,"{""AC"": -5, ""AC_35_P"": 16, ""AC_40_BP"": -20, ""AC_45_KO"": -380, ""AC_50_C"": -8, ""AC_50_CO"": -19, ""AC_50_C_2"": -28, ""AC_50_P"": -12, ""AC_60_C"": -4}",-5,-380,-20,-19,-28,0,16,0,0,-12,-8,-4
142,-181.23324713477376,390.1694499290288,1805.029545278544,180.5029545278544,180.5029545278544,361.0059090557088,0.249,-3704.985011922659,-8509.391646640455,-15334.98273848159,1099.09271214083,-551.7317483270397,-1107.4795001154384,-827.2324761870998,-411.60823636287034,-827.2324761870998,-1287.9824546432928,-181.23324713477376,"{""AC"": -10, ""AC_40_BP"": -15, ""AC_40_P"": 6, ""AC_45_KO"": -60, ""AC_45_P"": -31, ""AC_50_C"": -34, ""AC_50_CO"": -5, ""AC_50_C_2"": -23, ""AC_50_P"": -1}",-10,-60,-15,-5,-23,0,0,6,-31,-1,-34,0
143,94.8006431983758,-34.60756737654006,762.3675014236602,76.23675014236602,76.23675014236602,152.47350028473204,0.545,-582.7928073447972,-1220.9529761119227,-1877.8916608693748,6655.750315907768,36.52136246389607,-50.89755863782351,-30.73665297452679,46.60181529554443,-30.73665297452679,-127.13430878018953,94.8006431983758,"{""AC"": 40, ""AC_40_BP"": 1, ""AC_40_P"": -2, ""AC_45_KO"": -170, ""AC_45_P"": 37, ""AC_50_CO"": -7, ""AC_50_P"": 38, ""AC_50_P_2"": -6, ""AC_60_C"": -8}",40,-170,1,-7,0,-6,0,-2,37,38,0,-8
144,-30.80117009096355,-2410.346682367128,7372.650663873126,737.2650663873126,737.2650663873126,1474.5301327746251,0.64,-6971.36344621218,-7804.098964109971,-8323.436841510444,52630.08509599663,-727.9375147121816,-1773.6420316440085,-1445.1382202164468,-563.6856089984008,-1445.1382202164468,-2510.907098031321,-30.80117009096355,"{""AC"": 185, ""AC_40_BP"": -37, ""AC_45_KO"": -20, ""AC_45_P"": 40, ""AC_50_C"": -3, ""AC_50_C_2"": 11, ""AC_50_P"": 4, ""AC_50_P_2"": -35}",185,-20,-37,0,11,-35,0,0,40,4,-3,0
145,326.3336257572486,-85.63796510282896,2000.0884488028596,200.00884488028595,200.00884488028595,400.0176897605719,0.5145,-2144.286973855257,-2681.1127540064435,-3924.9698048509917,4901.693969473839,111.90492837172289,-209.73811770656567,-95.31384276118294,169.11706584441424,-95.31384276118294,-409.7469625868516,326.3336257572486,"{""AC"": -100, ""AC_35_P"": 35, ""AC_40_BP"": -22, ""AC_45_KO"": -370, ""AC_50_C"": 48, ""AC_50_CO"": -2, ""AC_50_C_2"": 20, ""AC_50_P"": 20, ""AC_60_C"": 41}",-100,-370,-22,-2,20,0,35,0,0,20,48,41
146,58.62009218782647,-414.6770359891899,1214.4605479223235,121.44605479223235,121.44605479223235,242.8921095844647,0.726,-682.2227468075397,-1987.5980639380007,-3038.530910032424,10452.339652104816,-9.602182492927497,-111.93559451405845,-104.43634722942065,-5.852558850608599,-104.43634722942065,-233.3816493062908,58.62009218782647,"{""AC"": 25, ""AC_35_P"": -2, ""AC_40_BP"": 17, ""AC_40_P"": 37, ""AC_45_KO"": -250, ""AC_45_P"": 1, ""AC_50_C"": 29, ""AC_50_CO"": -10, ""AC_50_C_2"": -15}",25,-250,17,-10,-15,0,-2,37,1,0,29,0
147,350.07162737382595,290.6541555062206,2593.4959039324763,259.34959039324764,259.34959039324764,518.6991807864953,0.461,-3609.6679741234875,-5731.31838795434,-10328.947068304169,5642.551693273562,-10.89517003852285,-552.3453661570459,-321.053363941321,104.75083106933964,-321.053363941321,-811.6949565502935,350.07162737382595,"{""AC"": -125, ""AC_35_P"": 34, ""AC_40_BP"": -38, ""AC_45_KO"": -500, ""AC_50_C"": 18, ""AC_50_CO"": 11, ""AC_50_C_2"": 50, ""AC_50_P_2"": 2, ""AC_60_C"": 49}",-125,-500,-38,11,50,2,34,0,0,0,18,49
148,-166.84902079167705,5.741733181429623,1571.9575071791683,157.19575071791684,157.19575071791684,314.3915014358337,0.4995,-2707.131786699895,-3237.520474837926,-3525.989657333238,5275.606338465489,-437.5621994616666,-843.6319674666508,-651.5166641556198,-341.504547806151,-651.5166641556198,-1000.8277181845676,-166.84902079167705,"{""AC"": 45, ""AC_40_BP"": 10, ""AC_45_KO"": -240, ""AC_45_P"": -11, ""AC_50_C"": -44, ""AC_50_CO"": -24, ""AC_50_C_2"": 6, ""AC_50_P_2"": -27, ""AC_60_C"": 37}",45,-240,10,-24,6,-27,0,0,-11,0,-44,37
149,-90.06879014980476,723.717044920068,1993.8060944837935,199.38060944837935,199.38060944837935,398.7612188967587,0.3025,-4232.379985042957,-9041.133809895075,-13936.772585921697,1520.2086206765105,-513.3067886541005,-1148.163786410544,-824.616092630438,-351.53294176404745,-824.616092630438,-1347.5443958589233,-90.06879014980476,"{""AC_35_P"": 28, ""AC_40_BP"": 4, ""AC_45_KO"": -220, ""AC_50_C"": -14, ""AC_50_CO"": -18, ""AC_50_C_2"": -45, ""AC_50_P"": -2, ""AC_50_P_2"": 19}",0,-220,4,-18,-45,19,28,0,0,-2,-14,0
150,207.00692971474703,183.26562938148516,1135.5916125355432,113.55916125355432,113.55916125355432,227.11832250710864,0.449,-1604.3143887434721,-2456.3087000448777,-4498.879472700792,7445.065762053168,46.575490840399794,-194.071667471121,-90.41980922355093,98.40141996418484,-90.41980922355093,-307.6308287246753,207.00692971474703,"{""AC"": -65, ""AC_35_P"": 22, ""AC_40_BP"": -33, ""AC_45_KO"": -260, ""AC_45_P"": -8, ""AC_50_C"": 24, ""AC_50_CO"": 5, ""AC_50_C_2"": 46, ""AC_60_C"": 13}",-65,-260,-33,5,46,0,22,0,-8,0,24,13
151,405.07851634465464,767.4283533664619,5376.912947628068,537.6912947628068,537.6912947628068,1075.3825895256136,0.446,-8608.47069673843,-15913.319947878666,-29793.958807985855,9637.9810188238,-455.7685533291884,-1747.0391578399528,-1155.0377355475134,-159.7678421829686,-1155.0377355475134,-2284.7304526027597,405.07851634465464,"{""AC"": -200, ""AC_35_P"": 36, ""AC_40_BP"": -34, ""AC_45_KO"": -490, ""AC_45_P"": 17, ""AC_50_C"": 32, ""AC_50_CO"": 13, ""AC_50_C_2"": 43, ""AC_60_C"": 39}",-200,-490,-34,13,43,0,36,0,17,0,32,39
152,297.8322094549417,1105.7587405757147,5760.359286149467,576.0359286149467,576.0359286149467,1152.0718572298933,0.4235,-9825.440322850458,-18933.863428176046,-35229.16029206505,9174.496174737083,-684.7118228301042,-2158.527871257673,-1464.0018032801004,-337.44878884131793,-1464.0018032801004,-2734.5637998726197,297.8322094549417,"{""AC"": -200, ""AC_35_P"": 18, ""AC_40_BP"": -35, ""AC_40_P"": -3, ""AC_45_KO"": -460, ""AC_50_C"": 10, ""AC_50_CO"": 23, ""AC_50_C_2"": 33, ""AC_60_C"": 34}",-200,-460,-35,23,33,0,18,-3,0,0,10,34
153,275.6408974273039,95.20006294114148,2782.057325569821,278.20573255698207,278.20573255698207,556.4114651139641,0.4845,-3968.9903240419644,-7041.000080350047,-12796.033566365542,5772.503931454752,-121.25813497689256,-716.6066835831872,-458.8105174574818,7.639948085960157,-458.8105174574818,-994.8124161401693,275.6408974273039,"{""AC"": -120, ""AC_35_P"": 41, ""AC_40_BP"": -42, ""AC_45_KO"": -500, ""AC_50_C"": 48, ""AC_50_CO"": 22, ""AC_50_C_2"": 21, ""AC_50_P"": -1, ""AC_50_P_2"": -11}",-120,-500,-42,22,21,-11,41,0,0,-1,48,0
154,-39.753408413800834,-215.84411598365006,824.0881089914268,82.40881089914268,82.40881089914268,164.81762179828536,0.528,-1162.1563764464074,-1338.4129540328872,-2292.168234524756,2991.5326743902747,-155.9690460584416,-330.2925025254027,-255.28127033033329,-118.46342996090688,-255.28127033033329,-412.7013134245454,-39.753408413800834,"{""AC"": 15, ""AC_40_BP"": -43, ""AC_45_KO"": -210, ""AC_45_P"": 15, ""AC_50_CO"": -17, ""AC_50_C_2"": 12, ""AC_50_P"": -21, ""AC_50_P_2"": 10, ""AC_60_C"": -1}",15,-210,-43,-17,12,10,0,0,15,-21,0,-1
155,74.51809195996982,-694.6088164156683,2129.7722947945194,212.97722947945195,212.97722947945195,425.9544589589039,0.6415,-1557.0155181467237,-3200.7656554849514,-5334.693661442213,15267.64209121433,-81.18345985470255,-314.7357875767111,-265.5228505017647,-56.57699131722935,-265.5228505017647,-527.713017056163,74.51809195996982,"{""AC"": 50, ""AC_35_P"": 16, ""AC_40_BP"": 9, ""AC_45_KO"": -500, ""AC_50_CO"": -5, ""AC_50_C_2"": 18, ""AC_50_P"": 1, ""AC_50_P_2"": 13, ""AC_60_C"": 3}",50,-500,9,-5,18,13,16,0,0,1,0,3
156,-2.2361940906316575,-241.9050738851991,1047.312266218658,104.73122662186579,104.73122662186579,209.46245324373157,0.6255,-1057.9151002543701,-1535.7346504273833,-2789.258048586054,7338.408328544076,-108.02770411606868,-266.7149691542242,-213.2890724397201,-81.31475575881662,-213.2890724397201,-371.44619577609,-2.2361940906316575,"{""AC"": 30, ""AC_40_P"": -17, ""AC_45_KO"": -260, ""AC_45_P"": 7, ""AC_50_CO"": -4, ""AC_50_P"": 11, ""AC_50_P_2"": 4}",30,-260,0,-4,0,4,0,-17,7,11,0,0
157,-310.8232560209432,2587.081854054676,6607.735720707246,660.7735720707246,660.7735720707246,1321.5471441414493,0.274,-13415.517284086502,-31168.23358469314,-57074.757653625216,4293.034218257069,-1652.3749844295935,-3664.7025770425685,-2653.537634669281,-1146.7925132429496,-2653.537634669281,-4325.476149113293,-310.8232560209432,"{""AC"": -155, ""AC_35_P"": -15, ""AC_40_BP"": -29, ""AC_40_P"": 9, ""AC_45_KO"": -350, ""AC_45_P"": -48, ""AC_50_C"": -13, ""AC_50_CO"": -42, ""AC_50_P"": -38}",-155,-350,-29,-42,0,0,-15,9,-48,-38,-13,0
158,242.38136895439135,488.53152456589083,3483.5887494481976,348.3588749448198,348.3588749448198,696.7177498896395,0.447,-5584.055829647153,-10416.376035695472,-19415.214342710806,6142.907908291466,-316.024214010324,-1153.6325884573969,-769.4064429650913,-123.91114126417126,-769.4064429650913,-1501.9914634022166,242.38136895439135,"{""AC"": -145, ""AC_35_P"": 7, ""AC_40_BP"": -37, ""AC_45_KO"": -500, ""AC_50_C"": 48, ""AC_50_CO"": 20, ""AC_50_C_2"": 22, ""AC_50_P_2"": -6, ""AC_60_C"": 3}",-145,-500,-37,20,22,-6,7,0,0,0,48,3
159,-82.78492746681984,-1882.930187562966,6797.916758499067,679.7916758499067,679.7916758499067,1359.5833516998134,0.6225,-6927.095448935755,-7824.829050403767,-8319.387524582235,47281.14789712279,-775.4944723603953,-1814.5587897007586,-1461.7450827321366,-599.0876188760843,-1461.7450827321366,-2494.3504655506654,-82.78492746681984,"{""AC"": 165, ""AC_35_P"": 28, ""AC_40_BP"": 24, ""AC_40_P"": -26, ""AC_45_KO"": -110, ""AC_45_P"": -11, ""AC_50_CO"": -3, ""AC_50_C_2"": 13, ""AC_50_P"": -11}",165,-110,24,-3,13,0,28,-26,-11,-11,0,0
160,252.40645863524077,285.2994543924646,2579.6667066589007,257.9666706658901,257.9666706658901,515.9333413317802,0.44,-3896.5223482443907,-6994.743204998048,-12823.24038886495,5156.368969473838,-137.24577618919835,-721.7241284258569,-461.05522893436284,-6.9113264434513155,-461.05522893436284,-979.690799091747,252.40645863524077,"{""AC"": -115, ""AC_35_P"": 40, ""AC_40_BP"": -50, ""AC_45_KO"": -420, ""AC_45_P"": -12, ""AC_50_C"": 16, ""AC_50_CO"": 10, ""AC_50_C_2"": 29, ""AC_60_C"": 36}",-115,-420,-50,10,29,0,40,0,-12,0,16,36
161,329.1392311491016,344.9673892920068,2851.0286923652993,285.10286923652995,285.10286923652995,570.2057384730599,0.447,-4258.231261452744,-7419.681295470046,-13189.062424505455,5884.916604773901,-96.6838949961728,-735.4185842140844,-452.1468926870749,44.95195076733191,-452.1468926870749,-1020.5214534506143,329.1392311491016,"{""AC"": -120, ""AC_35_P"": 44, ""AC_40_BP"": -35, ""AC_45_KO"": -310, ""AC_50_C"": 8, ""AC_50_CO"": 8, ""AC_50_C_2"": 50, ""AC_50_P_2"": 6, ""AC_60_C"": 43}",-120,-310,-35,8,50,6,44,0,0,0,8,43
162,-61.07693428092527,421.92356770473066,1263.4850327364838,126.34850327364839,126.34850327364839,252.69700654729678,0.2515,-2565.140440682499,-6045.753104630567,-11103.693518088736,916.6236772511161,-317.5909783491752,-702.36204445155,-509.0222520201243,-220.9210821334623,-509.0222520201243,-828.7105477251984,-61.07693428092527,"{""AC"": -25, ""AC_35_P"": -12, ""AC_40_BP"": -38, ""AC_40_P"": -37, ""AC_45_KO"": -30, ""AC_45_P"": 31, ""AC_50_CO"": -16, ""AC_50_P"": 3, ""AC_50_P_2"": 6}",-25,-30,-38,-16,0,6,-12,-37,31,3,0,0
163,366.3062565260271,393.55840842842633,4058.204673913369,405.8204673913369,405.8204673913369,811.6409347826738,0.4715,-5906.585610838191,-10155.033933532382,-17988.380324052458,7991.753752693725,-224.35230455779202,-1110.3401461835208,-722.59181879537,-30.47814086371669,-722.59181879537,-1516.1606135748577,366.3062565260271,"{""AC"": -165, ""AC_35_P"": 37, ""AC_40_BP"": -14, ""AC_40_P"": 6, ""AC_45_KO"": -500, ""AC_50_C"": 35, ""AC_50_CO"": 16, ""AC_50_C_2"": 18, ""AC_60_C"": 50}",-165,-500,-14,16,18,0,37,6,0,0,35,50
164,-110.84513978268821,-911.9930644410075,3445.910784254475,344.5910784254475,344.5910784254475,689.182156850895,0.604,-4050.931373574139,-4698.201715551233,-4982.812484803963,21231.294709309597,-515.9382771401022,-1123.577983176223,-890.7803850315328,-399.53947806775705,-890.7803850315328,-1468.1690616016704,-110.84513978268821,"{""AC"": 75, ""AC_40_BP"": -4, ""AC_40_P"": -4, ""AC_45_KO"": -340, ""AC_45_P"": -4, ""AC_50_CO"": 3, ""AC_50_C_2"": 13, ""AC_50_P_2"": -47, ""AC_60_C"": -10}",75,-340,-4,3,13,-47,0,-4,-4,0,0,-10
165,-126.30822174389637,317.8053440723139,1579.1843962986513,157.91843962986513,157.91843962986513,315.83687925973027,0.2655,-3191.925494123982,-7510.17954924481,-14630.147558712568,1241.0098028384903,-445.50077115629455,-924.2895952748919,-684.0562656774263,-325.38410635756173,-684.0562656774263,-1082.208034904757,-126.30822174389637,"{""AC"": -30, ""AC_35_P"": -33, ""AC_40_BP"": -27, ""AC_40_P"": -8, ""AC_45_KO"": -120, ""AC_50_C"": -12, ""AC_50_CO"": -15, ""AC_50_C_2"": 6, ""AC_50_P"": -1}",-30,-120,-27,-15,6,0,-33,-8,0,-1,-12,0
166,382.5750933397514,459.09363275728504,4094.6909943746673,409.46909943746675,409.46909943746675,818.9381988749335,0.4455,-6293.020791043582,-11343.014551702996,-21011.47876568584,7870.37409869992,-246.7269857646068,-1190.680104421144,-766.1125750355193,-34.4432210717944,-766.1125750355193,-1600.1492038586107,382.5750933397514,"{""AC"": -160, ""AC_35_P"": 35, ""AC_40_BP"": -39, ""AC_45_KO"": -390, ""AC_50_C"": 27, ""AC_50_CO"": 15, ""AC_50_C_2"": 50, ""AC_50_P"": 16, ""AC_60_C"": 30}",-160,-390,-39,15,50,0,35,0,0,16,27,30
167,341.8529039447451,-161.81430554580407,2319.470217024948,231.9470217024948,231.9470217024948,463.8940434049896,0.524,-2701.0807510050645,-3483.3814682571174,-5240.8867037518385,5626.057701581556,71.74482884423861,-333.417283806521,-179.28271955726194,148.81211096886815,-179.28271955726194,-565.3643055090158,341.8529039447451,"{""AC"": -125, ""AC_35_P"": 45, ""AC_40_BP"": -38, ""AC_45_KO"": -240, ""AC_50_C"": 50, ""AC_50_CO"": 14, ""AC_50_C_2"": 21, ""AC_50_P_2"": -8, ""AC_60_C"": 42}",-125,-240,-38,14,21,-8,45,0,0,0,50,42
168,-95.64625483654632,-1036.8078632403103,3786.525417422937,378.6525417422937,378.6525417422937,757.3050834845874,0.579,-4335.4083303013485,-4940.347162812317,-5758.646323522437,24415.422937801886,-529.1870878666812,-1179.4983374118835,-935.2837752528953,-407.0798067871872,-935.2837752528953,-1558.1508791541773,-95.64625483654632,"{""AC"": 115, ""AC_35_P"": -9, ""AC_40_BP"": -21, ""AC_45_KO"": -490, ""AC_45_P"": -22, ""AC_50_C"": -2, ""AC_50_CO"": -26, ""AC_50_C_2"": -6, ""AC_50_P"": 44}",115,-490,-21,-26,-6,0,-9,0,-22,44,-2,0
169,-185.9623146400504,-998.0201023858507,3861.1267674534583,386.1126767453458,386.1126767453458,772.2253534906916,0.574,-4904.139028090848,-5660.60405465718,-6090.332526659988,22200.900947723294,-676.3762174491353,-1411.9970716627624,-1114.6395072263506,-527.6974352309293,-1114.6395072263506,-1798.1097484081083,-185.9623146400504,"{""AC"": 80, ""AC_40_BP"": -15, ""AC_40_P"": -2, ""AC_45_KO"": -70, ""AC_50_C"": 17, ""AC_50_CO"": -10, ""AC_50_P"": -47, ""AC_50_P_2"": -14, ""AC_60_C"": -12}",80,-70,-15,-10,0,-14,0,-2,0,-47,17,-12
170,244.93372401092572,224.70114246266186,2351.483054435339,235.1483054435339,235.1483054435339,470.2966108870678,0.456,-3482.1504946651035,-6153.830327182681,-11313.606976257797,4764.9218934366745,-103.28132545558466,-625.6038996553501,-394.96300291060675,12.03912291678705,-394.96300291060675,-860.752205098884,244.93372401092572,"{""AC"": -120, ""AC_35_P"": 23, ""AC_40_BP"": -50, ""AC_45_KO"": -340, ""AC_50_C"": 50, ""AC_50_CO"": -3, ""AC_50_C_2"": 22, ""AC_50_P"": 1, ""AC_60_C"": 28}",-120,-340,-50,-3,22,0,23,0,0,1,50,28
171,83.53155175718994,-2462.362321138666,6914.58506998191,691.4585069981911,691.4585069981911,1382.9170139963821,0.665,-5522.956234449721,-6076.876967270408,-6382.03006835925,53223.68041353534,-468.7640716877821,-1297.2075068552404,-1090.6411369093637,-365.48088671484385,-1090.6411369093637,-1988.6660138534314,83.53155175718994,"{""AC"": 170, ""AC_35_P"": 16, ""AC_40_BP"": 10, ""AC_40_P"": 38, ""AC_45_KO"": -70, ""AC_45_P"": -18, ""AC_50_C"": 20, ""AC_50_CO"": 1, ""AC_50_P"": 17}",170,-70,10,1,0,0,16,38,-18,17,20,0
172,65.26420787129712,-357.63549718257775,1316.5958810895474,131.65958810895475,131.65958810895475,263.3191762179095,0.733,-833.2622658974494,-941.505801465914,-1096.6129100375426,11101.508222515513,-18.06201871844783,-143.05135860306524,-125.55492606779767,-9.313802450814045,-125.55492606779767,-274.71094671202,65.26420787129712,"{""AC"": 5, ""AC_40_BP"": 3, ""AC_40_P"": -20, ""AC_45_KO"": -70, ""AC_50_C"": 11, ""AC_50_CO"": -1, ""AC_50_C_2"": 9, ""AC_50_P_2"": 13, ""AC_60_C"": 23}",5,-70,3,-1,9,13,0,-20,0,0,11,23
173,-5.395194325938474,-377.55246576016197,1655.40311388909,165.540311388909,165.540311388909,331.080622777818,0.6095,-1729.0626344139102,-2022.7827046740242,-2725.1123878231215,11617.67288572622,-178.3014577673295,-437.660852929416,-347.5247451824795,-133.23340389386124,-347.5247451824795,-603.201164318325,-5.395194325938474,"{""AC_40_BP"": 16, ""AC_40_P"": -17, ""AC_45_KO"": -250, ""AC_50_C"": 10, ""AC_50_CO"": -6, ""AC_50_C_2"": 16, ""AC_50_P_2"": -35, ""AC_60_C"": 32}",0,-250,16,-6,16,-35,0,-17,0,0,10,32
174,-41.77649074087567,335.7360269528372,1065.47388349355,106.54738834935499,106.54738834935499,213.09477669870998,0.2395,-2261.353952051979,-4896.632818474128,-9091.02242963456,1049.9665027727583,-267.9118859460736,-607.1149787538704,-434.25327772335,-181.48103543081336,-434.25327772335,-713.6623671032254,-41.77649074087567,"{""AC"": -30, ""AC_35_P"": 8, ""AC_40_BP"": -13, ""AC_40_P"": 19, ""AC_45_KO"": -440, ""AC_50_C"": 2, ""AC_50_CO"": -21, ""AC_50_P"": -31, ""AC_60_C"": 15}",-30,-440,-13,-21,0,0,8,19,0,-31,2,15
175,352.8103578700688,810.5364556986134,5224.375780080302,522.4375780080302,522.4375780080302,1044.8751560160604,0.438,-8504.488520099227,-16114.48355871731,-29960.769956906686,9058.825231764955,-497.6384941398539,-1773.3117721547378,-1184.0817091488302,-203.0234626369001,-1184.0817091488302,-2295.7493501627678,352.8103578700688,"{""AC"": -200, ""AC_35_P"": 31, ""AC_40_BP"": -41, ""AC_45_KO"": -360, ""AC_50_C"": 34, ""AC_50_CO"": 15, ""AC_50_C_2"": 37, ""AC_50_P"": 1, ""AC_60_C"": 36}",-200,-360,-41,15,37,0,31,0,0,1,34,36
176,365.4491776020623,185.77990750918855,3409.449383430329,340.9449383430329,340.9449383430329,681.8898766860658,0.48,-4634.894225701169,-7628.836188470851,-13117.915972950661,7152.250969788881,-98.04024496805454,-793.2743788232299,-500.25742542462945,48.468231731245666,-500.25742542462945,-1134.2193171662627,365.4491776020623,"{""AC"": -160, ""AC_35_P"": 35, ""AC_40_BP"": -29, ""AC_45_KO"": -370, ""AC_50_C"": 44, ""AC_50_CO"": 17, ""AC_50_C_2"": 24, ""AC_50_P_2"": -5, ""AC_60_C"": 50}",-160,-370,-29,17,24,-5,35,0,0,0,44,50
177,32.273136381799546,1694.928397761995,6338.205361826073,633.8205361826074,633.8205361826074,1267.6410723652148,0.374,-11949.316921239562,-24453.958415044213,-43720.18127798881,7694.636273622999,-1162.6585557421568,-2955.056093928091,-2077.0346698954386,-723.6478437258304,-2077.0346698954386,-3588.876630110698,32.273136381799546,"{""AC"": -140, ""AC_35_P"": 35, ""AC_40_BP"": 1, ""AC_45_KO"": -180, ""AC_50_C"": 9, ""AC_50_CO"": -9, ""AC_50_C_2"": -37, ""AC_50_P_2"": 11, ""AC_60_C"": -1}",-140,-180,1,-9,-37,11,35,0,0,0,9,-1
178,195.30748874285888,952.9663694477467,4157.730937463363,415.7730937463363,415.7730937463363,831.5461874926726,0.3985,-7183.966534487203,-14194.526763946398,-27187.463868452505,6203.282334489325,-523.0891647058615,-1600.6841448789419,-1090.1740383033896,-267.8341114180854,-1090.1740383033896,-2016.4572386252783,195.30748874285888,"{""AC"": -160, ""AC_35_P"": 1, ""AC_40_BP"": -40, ""AC_45_KO"": -370, ""AC_45_P"": -16, ""AC_50_C"": 17, ""AC_50_CO"": 13, ""AC_50_C_2"": 37, ""AC_60_C"": 22}",-160,-370,-40,13,37,0,1,0,-16,0,17,22
179,206.49997812155493,123.6062733988213,1385.0630761023185,138.50630761023186,138.50630761023186,277.0126152204637,0.4605,-2076.3252302027904,-3697.986412950534,-5485.908511161712,4765.505965080391,-1.1325448987241202,-312.58132942914267,-174.20196021397953,68.05713970885745,-174.20196021397953,-451.0876370393745,206.49997812155493,"{""AC"": -75, ""AC_35_P"": 24, ""AC_40_BP"": -39, ""AC_40_P"": -19, ""AC_45_KO"": -480, ""AC_50_C"": 41, ""AC_50_CO"": 19, ""AC_50_C_2"": 35, ""AC_60_C"": -12}",-75,-480,-39,19,35,0,24,-19,0,0,41,-12
180,-185.92464967247554,-900.5851016973929,3356.696802663831,335.6696802663831,335.6696802663831,671.3393605327662,0.5685,-4421.592923981146,-5056.691695232452,-5406.565509411899,18167.28932074533,-628.0839420705902,-1291.322880667762,-1016.998428402839,-490.9217159381286,-1016.998428402839,-1626.9925609341453,-185.92464967247554,"{""AC"": 135, ""AC_40_BP"": -12, ""AC_40_P"": 33, ""AC_45_KO"": -140, ""AC_45_P"": 26, ""AC_50_C"": -25, ""AC_50_CO"": -42, ""AC_50_C_2"": -20, ""AC_50_P"": -15}",135,-140,-12,-42,-20,0,0,33,26,-15,-25,0
181,378.37851013981685,625.6568717945805,5147.024087984303,514.7024087984303,514.7024087984303,1029.4048175968605,0.4545,-8258.172450688635,-15308.920971397622,-27222.054699834636,9456.899141188043,-447.43873492904663,-1686.1646025323419,-1117.6985618626936,-163.20571459422246,-1117.6985618626936,-2200.867011330772,378.37851013981685,"{""AC"": -200, ""AC_35_P"": 50, ""AC_40_BP"": -38, ""AC_45_KO"": -290, ""AC_50_C"": 50, ""AC_50_CO"": 13, ""AC_50_C_2"": 20, ""AC_50_P_2"": 1, ""AC_60_C"": 39}",-200,-290,-38,13,20,1,50,0,0,0,50,39
182,-28.05603248409462,-1073.7610447733086,3611.3592468059464,361.13592468059466,361.13592468059466,722.2718493611893,0.594,-3802.407496065953,-4253.528045647667,-4520.1657538248455,22660.355708270894,-408.29678209068993,-978.657906500583,-778.9851192342849,-308.46038845754094,-778.9851192342849,-1339.7938311811777,-28.05603248409462,"{""AC"": 60, ""AC_40_BP"": -28, ""AC_40_P"": -14, ""AC_45_KO"": -120, ""AC_50_C"": 10, ""AC_50_CO"": -3, ""AC_50_C_2"": 32, ""AC_50_P"": -26, ""AC_50_P_2"": 4}",60,-120,-28,-3,32,4,0,-14,0,-26,10,0
183,283.01792615781187,1020.5909089787126,5628.636281357005,562.8636281357005,562.8636281357005,1125.727256271401,0.431,-9683.907799982258,-18806.6751721926,-33496.930221822746,9098.789974258421,-685.372853840414,-2137.9590238377527,-1451.0000579073771,-341.8933708752262,-1451.0000579073771,-2700.8226519734535,283.01792615781187,"{""AC"": -200, ""AC_35_P"": 35, ""AC_40_BP"": -33, ""AC_45_KO"": -300, ""AC_50_C"": 37, ""AC_50_CO"": 8, ""AC_50_C_2"": 10, ""AC_50_P_2"": -4, ""AC_60_C"": 37}",-200,-300,-33,8,10,-4,35,0,0,0,37,37
184,158.49474731314507,-110.8942284174582,1469.7519280006707,146.97519280006708,146.97519280006708,293.95038560013415,0.548,-1056.1110685098383,-2179.1115576091374,-3215.4411568887813,13024.99261917922,52.883640462161225,-105.53301981431451,-73.40950936336421,68.94539568763638,-73.40950936336421,-252.5082126143816,158.49474731314507,"{""AC"": 10, ""AC_35_P"": 35, ""AC_40_BP"": 25, ""AC_45_KO"": -250, ""AC_45_P"": 6, ""AC_50_C"": 33, ""AC_50_CO"": 23, ""AC_50_P_2"": -9, ""AC_60_C"": -17}",10,-250,25,23,0,-9,35,0,6,0,33,-17
185,-19.12017734271827,1769.509943294665,5767.5482489070055,576.7548248907005,576.7548248907005,1153.509649781401,0.352,-11261.1228572286,-23582.237388208563,-43113.48420034899,6060.300760371639,-1145.2324630655783,-2834.4008916498683,-1996.6660183723586,-726.3650264268234,-1996.6660183723586,-3411.155716540569,-19.12017734271827,"{""AC"": -160, ""AC_35_P"": -36, ""AC_40_BP"": 1, ""AC_45_KO"": -10, ""AC_45_P"": -3, ""AC_50_CO"": 22, ""AC_50_C_2"": 11, ""AC_50_P"": -23, ""AC_60_C"": -20}",-160,-10,1,22,11,0,-36,0,-3,-23,0,-20
186,338.56719142755423,1029.053595504199,6002.773052180609,600.2773052180609,600.2773052180609,1200.5546104361217,0.4315,-10154.36215237282,-19551.41873095399,-36754.220272814455,9884.183345820704,-676.8690238097278,-2200.023346665651,-1484.725784037399,-319.22024249560195,-1484.725784037399,-2800.300651883712,338.56719142755423,"{""AC"": -200, ""AC_35_P"": 50, ""AC_40_BP"": -24, ""AC_40_P"": -3, ""AC_45_KO"": -430, ""AC_50_C"": 23, ""AC_50_CO"": 18, ""AC_50_C_2"": 37, ""AC_60_C"": 19}",-200,-430,-24,18,37,0,50,-3,0,0,23,19
187,0.07713118588952785,-2389.916859511616,7376.4212164891205,737.642121648912,737.642121648912,1475.284243297824,0.66,-6530.0622976745335,-7391.154522680315,-7871.593718830149,55219.16348935319,-652.9290985815638,-1632.4384432327438,-1348.2532742897465,-510.8365141100652,-1348.2532742897465,-2370.080564881656,0.07713118588952785,"{""AC"": 185, ""AC_35_P"": -12, ""AC_40_BP"": 18, ""AC_40_P"": -5, ""AC_45_KO"": -390, ""AC_45_P"": 38, ""AC_50_CO"": 12, ""AC_50_P"": -3, ""AC_50_P_2"": -17}",185,-390,18,12,0,-17,-12,-5,38,-3,0,0
188,369.9770185668259,579.4331162888031,4496.039339666882,449.60393396668826,449.60393396668826,899.2078679333765,0.4435,-7073.881071985915,-12768.59866400776,-23640.945625055472,8390.075828730889,-337.41108863176567,-1398.4932494296527,-915.9071092144054,-96.11801852414195,-915.9071092144054,-1848.0971833963408,369.9770185668259,"{""AC"": -175, ""AC_35_P"": 30, ""AC_40_BP"": -50, ""AC_45_KO"": -400, ""AC_50_C"": 24, ""AC_50_CO"": 20, ""AC_50_C_2"": 39, ""AC_50_P"": 11, ""AC_60_C"": 38}",-175,-400,-50,20,39,0,30,0,0,11,24,38
189,210.64529724107382,1345.2824798091792,6176.746249902181,617.6746249902181,617.6746249902181,1235.3492499804363,0.399,-11305.874050995737,-22881.366311683018,-42177.1313376722,8813.478752693723,-919.9421078584999,-2615.8232155078604,-1794.0731229033956,-509.0670615562676,-1794.0731229033956,-3233.4978404980784,210.64529724107382,"{""AC"": -190, ""AC_35_P"": 42, ""AC_40_BP"": -30, ""AC_45_KO"": -480, ""AC_50_C"": 19, ""AC_50_CO"": 2, ""AC_50_C_2"": 24, ""AC_50_P"": -10, ""AC_60_C"": 12}",-190,-480,-30,2,24,0,42,0,0,-10,19,12
190,-118.40342533549394,-56.20710616727307,734.6879840397665,73.46879840397665,73.46879840397665,146.9375968079533,0.5355,-1292.6526494688912,-3185.1867686971086,-5055.569876676302,2227.737508840573,-247.66869028238307,-441.56658770271673,-349.03572195781595,-201.40325740993265,-349.03572195781595,-515.0353861066934,-118.40342533549394,"{""AC"": 5, ""AC_40_BP"": 7, ""AC_40_P"": -2, ""AC_45_KO"": -60, ""AC_45_P"": 6, ""AC_50_CO"": -30, ""AC_50_C_2"": -17, ""AC_50_P_2"": -9, ""AC_60_C"": 12}",5,-60,7,-30,-17,-9,0,-2,6,0,0,12
191,374.57389775093526,86.79078464442287,1749.4283264500598,174.94283264500598,174.94283264500598,349.88566529001196,0.4795,-1482.5646152818842,-2791.9655854505,-4650.746196131813,12141.88350668216,226.31743622274684,3.9327439304641985,64.71778913614963,256.7099588255895,64.71778913614963,-171.01008871454178,374.57389775093526,"{""AC"": -60, ""AC_35_P"": 29, ""AC_40_BP"": -49, ""AC_45_KO"": -410, ""AC_50_C"": 44, ""AC_50_CO"": 13, ""AC_50_C_2"": 40, ""AC_50_P_2"": 23, ""AC_60_C"": 37}",-60,-410,-49,13,40,23,29,0,0,0,44,37
192,-28.147501199705516,1072.1658297432748,3365.6852317253456,336.5685231725346,336.5685231725346,673.1370463450692,0.3425,-6702.58114227131,-14222.470532053418,-25843.55708010844,3210.2481199185368,-698.4056154268366,-1703.792786767533,-1201.8189341266693,-447.4186891064047,-1201.8189341266693,-2040.3613099400677,-28.147501199705516,"{""AC"": -100, ""AC_40_BP"": 4, ""AC_45_KO"": -70, ""AC_45_P"": -31, ""AC_50_C"": 19, ""AC_50_CO"": -13, ""AC_50_C_2"": 4, ""AC_50_P"": 13, ""AC_50_P_2"": -10}",-100,-70,4,-13,4,-10,0,0,-31,13,19,0
193,-31.812250160041152,1017.6166736921261,2963.957158112756,296.39571581127564,296.39571581127564,592.7914316225513,0.351,-5679.640368455211,-11863.62108069163,-21075.6289120828,2973.990034179625,-599.7762870055622,-1451.7223422738439,-1031.9561633339606,-389.89319753562063,-1031.9561633339606,-1748.1180580851196,-31.812250160041152,"{""AC"": -65, ""AC_35_P"": 16, ""AC_40_BP"": 10, ""AC_40_P"": -20, ""AC_45_KO"": -90, ""AC_45_P"": 14, ""AC_50_CO"": -17, ""AC_50_C_2"": -21, ""AC_60_C"": 15}",-65,-90,10,-17,-21,0,16,-20,14,0,0,15
194,-27.089223627143387,754.9699991100574,2521.083600124262,252.1083600124262,252.1083600124262,504.2167200248524,0.313,-4959.445340921796,-11181.327310796629,-20310.29293508698,2463.1748212389725,-523.033757719323,-1266.9505588575923,-897.0602047716258,-338.08858067633975,-897.0602047716258,-1519.0589188700185,-27.089223627143387,"{""AC"": -40, ""AC_35_P"": 3, ""AC_40_BP"": -14, ""AC_40_P"": -12, ""AC_45_KO"": -100, ""AC_45_P"": 13, ""AC_50_CO"": -2, ""AC_50_P_2"": 11, ""AC_60_C"": -32}",-40,-100,-14,-2,0,11,3,-12,13,0,0,-32
195,202.7168198361299,-54.61863948195414,1330.0124961775414,133.00124961775413,133.00124961775413,266.00249923550825,0.528,-778.2577123324097,-2881.779019589954,-5237.561117414316,9640.997435982752,124.89104860288893,8.152391753027473,19.47753817739138,130.55362181507087,19.47753817739138,-124.84885786472665,202.7168198361299,"{""AC"": -30, ""AC_35_P"": 24, ""AC_40_BP"": -43, ""AC_40_P"": -5, ""AC_45_KO"": -500, ""AC_50_C"": 49, ""AC_50_CO"": 4, ""AC_50_C_2"": 33, ""AC_60_C"": -2}",-30,-500,-43,4,33,0,24,-5,0,0,49,-2
196,358.9171782693135,-39.70365534141044,2042.0506664190639,204.2050666419064,204.2050666419064,408.4101332838128,0.505,-2454.2942724695836,-3085.65828760722,-4682.348763938945,5131.511391517198,113.48775102235516,-254.65638984808237,-111.3294959220772,185.15119798535773,-111.3294959220772,-458.86145648998877,358.9171782693135,"{""AC"": -110, ""AC_35_P"": 38, ""AC_40_BP"": -50, ""AC_45_KO"": -320, ""AC_45_P"": 8, ""AC_50_C"": 31, ""AC_50_CO"": 11, ""AC_50_C_2"": 37, ""AC_60_C"": 50}",-110,-320,-50,11,37,0,38,0,8,0,31,50
197,379.3799796821681,-116.61693418107484,2188.856585802172,218.8856585802172,218.8856585802172,437.7713171604344,0.518,-2238.7781453549246,-2693.0072417307115,-4102.095309592023,5621.935581926661,155.50216514667562,-180.31455665656307,-65.87957141117921,212.71965776936756,-65.87957141117921,-399.2002152367803,379.3799796821681,"{""AC"": -115, ""AC_35_P"": 20, ""AC_40_BP"": -38, ""AC_45_KO"": -280, ""AC_50_C"": 49, ""AC_50_CO"": 16, ""AC_50_C_2"": 21, ""AC_50_P_2"": 28, ""AC_60_C"": 44}",-115,-280,-38,16,21,28,20,0,0,0,49,44
198,396.3206792474454,-20.28554856591427,2798.0787974520786,279.80787974520786,279.80787974520786,559.6157594904157,0.503,-3297.289958958357,-4597.8153893713115,-7326.426268414101,6471.746235603912,66.59168335160967,-428.0018104921439,-238.17675446891207,161.50421136322558,-238.17675446891207,-707.8096902373518,396.3206792474454,"{""AC"": -130, ""AC_35_P"": 31, ""AC_40_BP"": -24, ""AC_45_KO"": -390, ""AC_50_C"": 50, ""AC_50_CO"": 7, ""AC_50_C_2"": 27, ""AC_50_P"": 27, ""AC_60_C"": 45}",-130,-390,-24,7,27,0,31,0,0,27,50,45
199,-204.6898475243632,-45.6948524735868,854.8548147915194,85.48548147915194,85.48548147915194,170.9709629583039,0.5165,-1700.1707988671712,-2766.7966953935015,-5727.542303271454,924.1296061500528,-374.7069274110803,-629.732547241156,-502.4582080940148,-311.06975783750977,-502.4582080940148,-715.218028720308,-204.6898475243632,"{""AC"": -10, ""AC_40_BP"": 14, ""AC_45_KO"": -60, ""AC_45_P"": -34, ""AC_50_C"": -5, ""AC_50_CO"": 3, ""AC_50_P"": -12, ""AC_50_P_2"": -45, ""AC_60_C"": -12}",-10,-60,14,3,0,-45,0,0,-34,-12,-5,-12
200,-136.5384078666491,-789.4118481783103,2692.5586798243785,269.25586798243785,269.25586798243785,538.5117359648757,0.5925,-3247.129319177806,-3707.909219651873,-4539.77320832487,17329.554739966752,-461.2513397844297,-948.3207376611006,-758.2357397345388,-366.2088408211489,-758.2357397345388,-1217.5766056435384,-136.5384078666491,"{""AC"": 90, ""AC_40_BP"": -13, ""AC_40_P"": 14, ""AC_45_KO"": -340, ""AC_45_P"": -12, ""AC_50_C"": -27, ""AC_50_CO"": 5, ""AC_50_C_2"": -23, ""AC_50_P_2"": -17}",90,-340,-13,5,-23,-17,0,14,-12,0,-27,0
201,91.70473631576021,-1011.4479945598166,2332.1726743335275,233.21726743335276,233.21726743335276,466.4345348667055,0.694,-1338.040837398886,-1543.7234755781778,-1796.0478431491304,18246.545188997676,-42.09934742412838,-242.80547303396128,-225.61002301074905,-33.50162241252227,-225.61002301074905,-476.02274046731407,91.70473631576021,"{""AC"": 40, ""AC_35_P"": -1, ""AC_40_BP"": -24, ""AC_40_P"": 23, ""AC_45_KO"": -70, ""AC_50_CO"": 20, ""AC_50_C_2"": 16, ""AC_50_P"": -4, ""AC_50_P_2"": -9}",40,-70,-24,20,16,-9,-1,23,0,-4,0,0
202,-24.619737580558883,-47.27096276044702,746.3140954610167,74.63140954610166,74.63140954610166,149.26281909220333,0.5155,-1001.6349139555701,-1395.4878798194816,-2978.3454231535047,4069.762176908348,-124.78322897611591,-275.02846606945144,-212.18067944694522,-93.35933566486281,-212.18067944694522,-349.6598756155531,-24.619737580558883,"{""AC"": -40, ""AC_35_P"": 3, ""AC_40_BP"": -44, ""AC_45_KO"": -290, ""AC_45_P"": -26, ""AC_50_C"": 43, ""AC_50_CO"": -12, ""AC_50_P_2"": -33, ""AC_60_C"": 23}",-40,-290,-44,-12,0,-33,3,0,-26,0,43,23
203,-28.691842432559987,-227.59647386756035,1385.443696115895,138.5443696115895,138.5443696115895,277.088739223179,0.545,-1793.8523396736337,-2033.9416817597091,-2296.8357502770314,7228.8076639599,-208.07707639992336,-477.1549273509684,-367.04187818939977,-153.02055181913903,-367.04187818939977,-615.6992969625579,-28.691842432559987,"{""AC"": 35, ""AC_35_P"": 5, ""AC_40_BP"": 5, ""AC_45_KO"": -170, ""AC_50_CO"": -22, ""AC_50_C_2"": 28, ""AC_50_P"": -17, ""AC_50_P_2"": 21, ""AC_60_C"": -8}",35,-170,5,-22,28,21,5,0,0,-17,0,-8
204,53.082044415451016,2271.3542370990995,7055.39188593318,705.5391885933179,705.5391885933179,1411.0783771866359,0.348,-13718.15740801704,-28325.441962843703,-52786.09874805618,7712.503041357006,-1318.733696386253,-3376.457307588809,-2357.4111610837635,-809.2106231337305,-2357.4111610837635,-4081.996496182127,53.082044415451016,"{""AC"": -185, ""AC_35_P"": -8, ""AC_40_BP"": 25, ""AC_45_KO"": -90, ""AC_50_C"": 4, ""AC_50_CO"": -19, ""AC_50_C_2"": 28, ""AC_50_P_2"": 5, ""AC_60_C"": 2}",-185,-90,25,-19,28,5,-8,0,0,0,4,2
205,290.3607943106756,868.0855473493076,5194.993443257561,519.499344325756,519.499344325756,1038.998688651512,0.4405,-8699.209289925082,-17087.348015790605,-30692.666876742987,8509.883406687532,-579.5601346818327,-1884.441528170595,-1274.2702713409649,-274.47450626701755,-1274.2702713409649,-2403.940872496351,290.3607943106756,"{""AC"": -180, ""AC_40_BP"": -26, ""AC_40_P"": 16, ""AC_45_KO"": -350, ""AC_50_C"": 40, ""AC_50_CO"": 12, ""AC_50_C_2"": 20, ""AC_50_P"": 14, ""AC_60_C"": 16}",-180,-350,-26,12,20,0,0,16,0,14,40,16
206,320.6865664381489,926.3742822992665,5705.9275432221875,570.5927543222188,570.5927543222188,1141.1855086444375,0.439,-9686.43758651848,-18609.6253201068,-33508.46204432216,9582.751961795928,-647.957192213699,-2100.922830191471,-1417.5754487007323,-306.2835014683298,-1417.5754487007323,-2671.5155845136896,320.6865664381489,"{""AC"": -190, ""AC_35_P"": 50, ""AC_40_BP"": -30, ""AC_40_P"": -1, ""AC_45_KO"": -500, ""AC_50_C"": 20, ""AC_50_CO"": 18, ""AC_50_C_2"": 18, ""AC_60_C"": 31}",-190,-500,-30,18,18,0,50,-1,0,0,20,31
207,372.62811757142066,788.4488991426051,4883.252048177568,488.3252048177568,488.3252048177568,976.6504096355136,0.44,-7943.265467237127,-14778.360816093002,-27677.186110173352,8662.041520743278,-421.69842915229214,-1613.188249237861,-1063.0243049230269,-146.61645699487494,-1063.0243049230269,-2101.513454055618,372.62811757142066,"{""AC"": -190, ""AC_35_P"": 50, ""AC_40_BP"": -16, ""AC_45_KO"": -440, ""AC_45_P"": -4, ""AC_50_C"": 37, ""AC_50_CO"": 4, ""AC_50_C_2"": 48, ""AC_60_C"": 38}",-190,-440,-16,4,48,0,50,0,-4,0,37,38
208,-41.42692987632798,84.21328930380803,440.73511880940134,44.07351188094013,44.07351188094013,88.14702376188026,0.4425,-752.2671410247619,-1265.5989387759153,-2430.106060241353,1546.9904471934033,-116.65364397880418,-229.49371513251847,-176.30375697051235,-90.05866489780112,-176.30375697051235,-273.5672270134586,-41.42692987632798,"{""AC_35_P"": -16, ""AC_40_BP"": 3, ""AC_40_P"": 9, ""AC_45_KO"": -270, ""AC_50_CO"": -11, ""AC_50_P"": -15, ""AC_50_P_2"": 2, ""AC_60_C"": 14}",0,-270,3,-11,0,2,-16,9,0,-15,0,14
209,-20.314914006786516,-523.7541289909888,1564.3878185281471,156.4387818528147,156.4387818528147,312.8775637056294,0.588,-1606.3209734647276,-1768.710403887636,-1918.234690152157,10581.321467543492,-180.94701135325928,-421.8951573729684,-339.482450952903,-139.74065814322657,-339.482450952903,-578.3339392257831,-20.314914006786516,"{""AC"": 35, ""AC_40_BP"": -17, ""AC_40_P"": 4, ""AC_45_KO"": -130, ""AC_45_P"": -3, ""AC_50_CO"": -1, ""AC_50_P"": -10, ""AC_50_P_2"": 5, ""AC_60_C"": 3}",35,-130,-17,-1,0,5,0,4,-3,-10,0,3
210,-334.46239282085253,-1146.2401824410786,6475.486789082358,647.5486789082358,647.5486789082358,1295.0973578164717,0.572,-8523.58955667075,-9878.530552330643,-10671.683603643283,37326.06760481145,-1186.8213484879275,-2465.35978198854,-1936.775165775583,-922.529040381449,-1936.775165775583,-3112.908460896776,-334.46239282085253,"{""AC"": 180, ""AC_40_BP"": 19, ""AC_40_P"": -18, ""AC_45_KO"": -10, ""AC_45_P"": -8, ""AC_50_C"": -19, ""AC_50_CO"": -34, ""AC_50_P"": -18, ""AC_50_P_2"": -21}",180,-10,19,-34,0,-21,0,-18,-8,-18,-19,0
211,-33.37234909369347,-1426.0897746488372,4505.143794847464,450.5143794847464,450.5143794847464,901.0287589694929,0.6405,-4334.448735246667,-4944.203957189157,-5275.986298864546,32079.5082686144,-466.8172226183602,-1116.98453290536,-908.7968491230667,-362.72338072721345,-908.7968491230667,-1567.4989123901064,-33.37234909369347,"{""AC"": 95, ""AC_35_P"": -14, ""AC_40_BP"": -2, ""AC_45_KO"": -270, ""AC_50_C"": -6, ""AC_50_CO"": 17, ""AC_50_C_2"": 15, ""AC_50_P_2"": -31, ""AC_60_C"": 2}",95,-270,-2,17,15,-31,-14,0,0,0,-6,2
212,11.082780931953057,-1132.6160182113886,3486.2378239819077,348.62378239819077,348.62378239819077,697.2475647963815,0.673,-2969.117969251499,-3382.1745461511546,-4825.9952870619245,26791.56921308582,-285.82901599319683,-731.1967113809217,-608.5968056548672,-224.52906313016956,-608.5968056548672,-1079.8204937791124,11.082780931953057,"{""AC"": 80, ""AC_40_BP"": 9, ""AC_45_KO"": -380, ""AC_45_P"": -18, ""AC_50_C"": -2, ""AC_50_CO"": 18, ""AC_50_P"": 26, ""AC_50_P_2"": -23}",80,-380,9,18,0,-23,0,0,-18,26,-2,0
213,211.0236858279237,161.2051092693876,1081.3823740943683,108.13823740943683,108.13823740943683,216.27647481887365,0.4565,-1338.6670059938115,-2182.2113161785105,-4588.658614506079,7477.773994826251,77.15698522854257,-123.64306567052915,-43.84548377586642,117.05577617587393,-43.84548377586642,-231.781303079966,211.0236858279237,"{""AC"": -15, ""AC_35_P"": 50, ""AC_40_BP"": 4, ""AC_45_KO"": -210, ""AC_45_P"": 8, ""AC_50_CO"": -9, ""AC_50_C_2"": 46, ""AC_50_P"": 22}",-15,-210,4,-9,46,0,50,0,8,22,0,0
214,-43.296538484461635,1534.6005250573044,4781.117873776089,478.11178737760895,478.11178737760895,956.2235747552179,0.3305,-9369.993147596462,-20745.65404928039,-37276.48369326561,4481.396301152239,-980.2958532441079,-2385.794825383577,-1687.8514043127354,-631.324142708687,-1687.8514043127354,-2863.906612761186,-43.296538484461635,"{""AC"": -100, ""AC_35_P"": -18, ""AC_40_BP"": -9, ""AC_40_P"": 15, ""AC_45_KO"": -220, ""AC_45_P"": -17, ""AC_50_CO"": -34, ""AC_50_P"": 39, ""AC_50_P_2"": -4}",-100,-220,-9,-34,0,-4,-18,15,-17,39,0,0
215,-34.55856149767652,-789.898950036191,2562.1635728249817,256.21635728249817,256.21635728249817,512.4327145649963,0.64,-2517.677171146723,-2843.497997490764,-3027.6421102167888,18178.80780872388,-286.32627861234886,-663.9778542843574,-540.3183158109341,-224.49650937563723,-540.3183158109341,-920.1942115668555,-34.55856149767652,"{""AC"": 65, ""AC_35_P"": -14, ""AC_40_BP"": -4, ""AC_45_KO"": -170, ""AC_50_C"": -2, ""AC_50_CO"": 14, ""AC_50_P"": -5, ""AC_60_C"": -13}",65,-170,-4,14,0,0,-14,0,0,-5,-2,-13
216,88.17191041767796,1705.1352275851732,7393.689819657586,739.3689819657586,739.3689819657586,1478.7379639315172,0.373,-13878.657780654092,-29439.37531267846,-52360.878823427585,9271.496984108244,-1299.6938676477314,-3381.4925347458448,-2363.311247663315,-790.6032241064663,-2363.311247663315,-4120.861516711603,88.17191041767796,"{""AC"": -195, ""AC_35_P"": 4, ""AC_40_BP"": -20, ""AC_40_P"": 40, ""AC_45_KO"": -220, ""AC_50_C"": 2, ""AC_50_CO"": 7, ""AC_50_C_2"": 1, ""AC_50_P_2"": -36}",-195,-220,-20,7,1,-36,4,40,0,0,2,0
217,118.68030924482463,-2760.70138673964,8110.326353045367,811.0326353045367,811.0326353045367,1622.0652706090734,0.657,-6658.799276738153,-7249.584884917276,-7715.742263240719,60684.17980150737,-547.1996184289908,-1546.0195099397135,-1285.6558999181666,-417.0178134182172,-1285.6558999181666,-2357.0521452442504,118.68030924482463,"{""AC"": 190, ""AC_35_P"": 12, ""AC_40_BP"": -16, ""AC_45_KO"": -70, ""AC_45_P"": 15, ""AC_50_C"": 16, ""AC_50_CO"": 2, ""AC_50_C_2"": 25, ""AC_50_P_2"": 24}",190,-70,-16,2,25,24,12,0,15,0,16,0
218,143.0015266752512,38.13900694155758,681.143075702908,68.1143075702908,68.1143075702908,136.2286151405816,0.4405,-701.753120544452,-2479.6433101470207,-3824.253183604418,1932.4077353557386,72.826214620806,-32.43675346086181,3.681404808437989,90.88529375545589,3.681404808437989,-100.55106103115261,143.0015266752512,"{""AC"": 35, ""AC_35_P"": 44, ""AC_40_BP"": -15, ""AC_40_P"": 41, ""AC_45_KO"": -320, ""AC_45_P"": 4, ""AC_50_CO"": -10, ""AC_50_P_2"": 37, ""AC_60_C"": -23}",35,-320,-15,-10,0,37,44,41,4,0,0,-23
219,276.20279287109895,839.1641004240817,5037.347950125542,503.73479501255423,503.73479501255423,1007.4695900251085,0.462,-8376.793684967164,-16070.012332341757,-27419.53716254058,8400.068885443217,-561.4765756256176,-1817.995628370692,-1232.1836573802527,-268.5705901303979,-1232.1836573802527,-2321.730423383246,276.20279287109895,"{""AC"": -170, ""AC_40_BP"": 10, ""AC_40_P"": 24, ""AC_45_KO"": -350, ""AC_45_P"": 12, ""AC_50_C"": 40, ""AC_50_CO"": 15, ""AC_50_P_2"": -6, ""AC_60_C"": 23}",-170,-350,10,15,0,-6,0,24,12,0,40,23
220,-44.446576709584065,-1617.727065156395,5024.142655006305,502.4142655006305,502.4142655006305,1004.828531001261,0.618,-4981.869398063746,-5560.5193718058135,-6639.02474554829,35223.29856690252,-542.6335165159587,-1289.9139262255208,-1042.9341191694612,-419.14361298792903,-1042.9341191694612,-1792.3281917261513,-44.446576709584065,"{""AC"": 115, ""AC_35_P"": -1, ""AC_40_BP"": -12, ""AC_40_P"": 15, ""AC_45_KO"": -500, ""AC_45_P"": -13, ""AC_50_C"": 11, ""AC_50_CO"": -2, ""AC_50_P"": -14}",115,-500,-12,-2,0,0,-1,15,-13,-14,11,0
221,282.2151268523609,849.1581226766643,4749.466138320525,474.9466138320525,474.9466138320525,949.893227664105,0.4215,-7978.613126889465,-15415.94094176079,-28902.732445923946,7786.526646945976,-515.6461858365856,-1712.4381548700053,-1152.050149097085,-235.45218295012546,-1152.050149097085,-2187.384768702058,282.2151268523609,"{""AC"": -170, ""AC_35_P"": 50, ""AC_40_BP"": -18, ""AC_45_KO"": -210, ""AC_50_C"": 14, ""AC_50_C_2"": 36, ""AC_50_P_2"": -10, ""AC_60_C"": 44}",-170,-210,-18,0,36,-10,50,0,0,0,14,44
222,38.540796056671105,-2070.1441824950753,7304.431556684493,730.4431556684493,730.4431556684493,1460.8863113368986,0.639,-6693.7836366132,-7536.264503115603,-8032.696060682346,52422.078913703735,-630.8375676046489,-1634.9051130966288,-1330.7483272695335,-478.7591746911012,-1330.7483272695335,-2365.348268765078,38.540796056671105,"{""AC"": 130, ""AC_35_P"": 3, ""AC_45_KO"": -10, ""AC_45_P"": -18, ""AC_50_CO"": -5, ""AC_50_C_2"": 47, ""AC_50_P_2"": -22, ""AC_60_C"": 45}",130,-10,0,-5,47,-22,3,0,-18,0,0,45
223,392.30381503068503,20.481985587389374,1898.2298859824289,189.8229885982429,189.8229885982429,379.6459771964858,0.4965,-2288.1352543793696,-2805.2873968632616,-4118.708630302723,7143.210221917507,163.49028959274807,-179.72999856415737,-45.82796742534185,230.44130516215583,-45.82796742534185,-369.55298716240026,392.30381503068503,"{""AC"": -115, ""AC_35_P"": 49, ""AC_40_BP"": -44, ""AC_45_KO"": -210, ""AC_45_P"": -18, ""AC_50_C"": 47, ""AC_50_CO"": 23, ""AC_50_C_2"": 40, ""AC_60_C"": 48}",-115,-210,-44,23,40,0,49,0,-18,0,47,48
224,198.2514423727376,768.1097275775991,4014.329155739228,401.4329155739228,401.4329155739228,802.8658311478456,0.415,-6919.345373062389,-13720.295588288593,-24788.494719085225,6374.309064520295,-493.68309493350125,-1531.5849008928597,-1040.3668213735818,-248.07405517386252,-1040.3668213735818,-1933.0178164667825,198.2514423727376,"{""AC"": -170, ""AC_35_P"": 25, ""AC_40_BP"": -34, ""AC_45_KO"": -290, ""AC_50_C"": 39, ""AC_50_CO"": 5, ""AC_50_C_2"": 16, ""AC_50_P"": -32, ""AC_60_C"": 35}",-170,-290,-34,5,16,0,25,0,0,-32,39,35
225,307.332216226012,219.73038679343043,2097.6768682160473,209.76768682160474,209.76768682160474,419.5353736432095,0.459,-2965.776636829224,-4511.601922441309,-8617.168075667145,6202.69171121925,10.754552543089574,-434.111942981294,-242.41812270917396,106.6014626791496,-242.41812270917396,-643.8796298028988,307.332216226012,"{""AC"": -100, ""AC_35_P"": 26, ""AC_40_BP"": -22, ""AC_45_KO"": -140, ""AC_50_C"": 28, ""AC_50_CO"": 11, ""AC_50_C_2"": 50, ""AC_50_P_2"": 10, ""AC_60_C"": 21}",-100,-140,-22,11,50,10,26,0,0,0,28,21
226,274.0197003973549,108.12695826177782,2852.346586590474,285.2346586590474,285.2346586590474,570.4693173180948,0.482,-4170.807291112494,-7282.9565415781935,-13131.3784839334,5846.58387234963,-143.06102871389453,-768.6821223807685,-494.21872259904285,-5.829328823031673,-494.21872259904285,-1053.916781039816,274.0197003973549,"{""AC"": -115, ""AC_35_P"": 50, ""AC_40_BP"": -32, ""AC_45_KO"": -200, ""AC_50_C"": 19, ""AC_50_CO"": 22, ""AC_50_C_2"": 25, ""AC_50_P_2"": -14, ""AC_60_C"": 22}",-115,-200,-32,22,25,-14,50,0,0,0,19,22
227,-106.22307616207287,9.19756085714969,942.8966325571074,94.28966325571074,94.28966325571074,188.57932651142147,0.4975,-1564.0766399575866,-2419.4087976021374,-4057.275936734416,4285.985500254039,-262.63074015783155,-497.2422361514695,-387.9794037835662,-207.99932397387988,-387.9794037835662,-591.5318994071803,-106.22307616207287,"{""AC"": 15, ""AC_40_BP"": 23, ""AC_40_P"": -11, ""AC_45_KO"": -450, ""AC_50_C"": -14, ""AC_50_CO"": -21, ""AC_50_C_2"": 26, ""AC_50_P"": -17, ""AC_60_C"": -6}",15,-450,23,-21,26,0,0,-11,0,-17,-14,-6
228,110.13910910231259,247.70413973731826,2587.392364166175,258.7392364166175,258.7392364166175,517.478472833235,0.4535,-4501.430195034356,-9293.960901559569,-16325.731720269707,4180.2519069471655,-340.00391040112305,-1015.2184396562765,-694.4450383611495,-179.61720975355962,-694.4450383611495,-1273.957676072894,110.13910910231259,"{""AC"": -55, ""AC_40_BP"": -18, ""AC_40_P"": 49, ""AC_45_KO"": -180, ""AC_45_P"": 9, ""AC_50_C"": 6, ""AC_50_CO"": -8, ""AC_50_P"": 30, ""AC_50_P_2"": -31}",-55,-180,-18,-8,0,-31,0,49,9,30,6,0
229,296.26873922841264,167.85867236162827,1783.2992104462955,178.32992104462954,178.32992104462954,356.6598420892591,0.4695,-2489.308117721057,-3740.091854834678,-6056.625181727232,6499.756925918582,47.33792745630694,-326.0582902018516,-166.29243895206068,127.2208530812024,-166.29243895206068,-504.38821124648115,296.26873922841264,"{""AC"": -75, ""AC_35_P"": 28, ""AC_40_BP"": -36, ""AC_40_P"": 10, ""AC_45_KO"": -500, ""AC_50_CO"": 11, ""AC_50_C_2"": 46, ""AC_50_P"": 9, ""AC_60_C"": 36}",-75,-500,-36,11,46,0,28,10,0,9,0,36
230,74.79861309607924,795.4624028763282,3026.876135126561,302.6876135126561,302.6876135126561,605.3752270253123,0.423,-5423.768158507402,-10876.343913048462,-18919.72709392923,4189.635422673944,-467.57820275466105,-1281.1434265307714,-890.1104174363592,-272.0616982074549,-890.1104174363592,-1583.8310400434275,74.79861309607924,"{""AC"": -110, ""AC_35_P"": 6, ""AC_40_BP"": -3, ""AC_40_P"": -21, ""AC_45_KO"": -160, ""AC_50_C"": 47, ""AC_50_CO"": 2, ""AC_50_C_2"": -12, ""AC_50_P_2"": 1}",-110,-160,-3,2,-12,1,6,-21,0,0,47,0
231,149.92175018691674,1844.5125056891525,8114.188058806857,811.4188058806857,811.4188058806857,1622.8376117613714,0.3755,-15016.109971945005,-31981.068697542636,-56504.40760969426,10652.939649654316,-1351.6892470075838,-3604.1057427993346,-2508.204148545177,-803.7384498805051,-2508.204148545177,-4415.52454868002,149.92175018691674,"{""AC"": -195, ""AC_35_P"": 35, ""AC_40_BP"": -10, ""AC_40_P"": 30, ""AC_45_KO"": -160, ""AC_50_CO"": -3, ""AC_50_C_2"": -4, ""AC_50_P"": -3, ""AC_50_P_2"": 5}",-195,-160,-10,-3,-4,5,35,30,0,-3,0,0
232,-114.8742182849659,729.0288759096418,2332.1873610217353,233.21873610217352,233.21873610217352,466.43747220434705,0.32,-4889.322339329937,-10163.633881781474,-17038.58415666432,1584.6235191670635,-603.8064522179596,-1337.2048031174502,-964.8819372355432,-417.64501927700616,-964.8819372355432,-1570.4235392196238,-114.8742182849659,"{""AC"": -15, ""AC_40_BP"": 25, ""AC_40_P"": 6, ""AC_45_KO"": -340, ""AC_50_C"": 3, ""AC_50_CO"": -6, ""AC_50_C_2"": -39, ""AC_50_P_2"": 3, ""AC_60_C"": -30}",-15,-340,25,-6,-39,3,0,6,0,0,3,-30
233,-190.5430957688135,-1189.2890860267803,3961.947639979803,396.1947639979803,396.1947639979803,792.3895279959606,0.564,-5117.642472489973,-5815.105996212697,-6205.217136087914,20446.811846632816,-702.3073430178108,-1469.953713891307,-1156.2868486412997,-545.4739103928073,-1156.2868486412997,-1866.1484778892873,-190.5430957688135,"{""AC"": 125, ""AC_40_BP"": -44, ""AC_40_P"": 2, ""AC_45_KO"": -260, ""AC_45_P"": 42, ""AC_50_CO"": -25, ""AC_50_P"": -43, ""AC_50_P_2"": 1, ""AC_60_C"": -33}",125,-260,-44,-25,0,1,0,2,42,-43,0,-33
234,261.3517708930125,142.9267977934033,1193.3749675840136,119.33749675840136,119.33749675840136,238.67499351680272,0.457,-1325.2330071107524,-1805.059789827285,-3148.2322275655893,9839.637098615192,128.82847018193723,-69.95648088467561,2.8980714471989586,165.25574634787452,2.8980714471989586,-189.29397764307697,261.3517708930125,"{""AC"": -70, ""AC_35_P"": 23, ""AC_40_BP"": -48, ""AC_45_KO"": -290, ""AC_45_P"": -8, ""AC_50_C"": 45, ""AC_50_CO"": 5, ""AC_50_C_2"": 50, ""AC_60_C"": 17}",-70,-290,-48,5,50,0,23,0,-8,0,45,17
235,-96.10303061941886,-1703.5076043832412,5824.172970856707,582.4172970856707,582.4172970856707,1164.8345941713415,0.6225,-6008.575283594586,-6859.23955672301,-7363.26214295076,41269.91984490134,-696.9605589788774,-1598.2468515180653,-1288.597971701442,-542.1361190705659,-1288.597971701442,-2180.664148603736,-96.10303061941886,"{""AC"": 120, ""AC_35_P"": -25, ""AC_40_BP"": -25, ""AC_45_KO"": -140, ""AC_45_P"": -14, ""AC_50_C"": 1, ""AC_50_CO"": 4, ""AC_50_P_2"": -20, ""AC_60_C"": 21}",120,-140,-25,4,0,-20,-25,0,-14,0,1,21
236,276.60681132322424,45.41500704334862,1625.3609105190244,162.53609105190245,162.53609105190245,325.0721821038049,0.483,-1276.6214592913545,-2999.7065905605596,-5097.6583216225035,12975.016313238124,148.94466539408876,-42.5485534996144,3.8455469035698258,172.1417155956809,3.8455469035698258,-205.08464455151685,276.60681132322424,"{""AC"": -70, ""AC_35_P"": 22, ""AC_40_BP"": -28, ""AC_45_KO"": -500, ""AC_45_P"": -29, ""AC_50_C"": 50, ""AC_50_CO"": 12, ""AC_50_C_2"": 30, ""AC_60_C"": 48}",-70,-500,-28,12,30,0,22,0,-29,0,50,48
237,41.221995324173335,567.8022903619936,2010.9584426054596,201.09584426054596,201.09584426054596,402.1916885210919,0.401,-3691.179524371761,-7356.7314919094015,-13474.174984548266,2615.6500341796254,-327.8959571130028,-881.5728857687669,-613.0028554618639,-193.61094195955124,-613.0028554618639,-1082.6687300293129,41.221995324173335,"{""AC"": -65, ""AC_35_P"": -22, ""AC_40_BP"": -26, ""AC_40_P"": -16, ""AC_45_KO"": -140, ""AC_45_P"": 9, ""AC_50_CO"": 16, ""AC_50_C_2"": 5, ""AC_50_P"": 6}",-65,-140,-26,16,5,0,-22,-16,9,6,0,0
238,-42.88149693569171,-553.7956577640723,1600.1692296451051,160.0169229645105,160.0169229645105,320.033845929021,0.62,-1724.4706713490714,-1961.9900736837108,-2072.1776554041962,10267.255442270869,-215.32856407059884,-473.99916477295955,-381.56055912030763,-169.10926124427291,-381.56055912030763,-634.0160877374701,-42.88149693569171,"{""AC"": 15, ""AC_40_BP"": -32, ""AC_40_P"": -25, ""AC_45_KO"": -140, ""AC_50_C"": 42, ""AC_50_CO"": 11, ""AC_50_P"": 2, ""AC_50_P_2"": -21, ""AC_60_C"": -33}",15,-140,-32,11,0,-21,0,-25,0,2,42,-33
239,11.827060521456675,618.1272498454313,2752.022680776188,275.2022680776188,275.2022680776188,550.4045361552376,0.366,-5148.816120938919,-11430.275275385979,-20484.932976303055,3498.2299832762337,-503.05455157243523,-1275.3769697132732,-898.0964916581905,-314.41431254489396,-898.0964916581905,-1550.579237790892,11.827060521456675,"{""AC"": -75, ""AC_35_P"": 32, ""AC_40_BP"": -28, ""AC_45_KO"": -250, ""AC_45_P"": 5, ""AC_50_C"": 7, ""AC_50_CO"": -5, ""AC_50_C_2"": -2, ""AC_50_P_2"": -31}",-75,-250,-28,-5,-2,-31,32,0,5,0,7,0
240,352.6938249408712,683.3341646088109,4765.1721391305255,476.51721391305256,476.51721391305256,953.0344278261051,0.4395,-7643.7329317899275,-14401.873839597703,-26723.173427265603,8582.216520743277,-411.67946823812156,-1558.2394080066106,-1032.1247217841442,-148.6221251268883,-1032.1247217841442,-2034.756621919663,352.6938249408712,"{""AC"": -175, ""AC_35_P"": 42, ""AC_40_BP"": -50, ""AC_45_KO"": -500, ""AC_45_P"": 15, ""AC_50_C"": 25, ""AC_50_CO"": 8, ""AC_50_C_2"": 32, ""AC_60_C"": 40}",-175,-500,-50,8,32,0,42,0,15,0,25,40
241,-146.05800974827503,-1004.4109369748319,3580.8486448781746,358.08486448781747,358.08486448781747,716.1697289756349,0.5565,-4480.309195800979,-5105.857609589858,-5450.470163405706,20415.177871905442,-594.088929328373,-1266.1353086985198,-997.1468213623306,-459.59468566027834,-997.1468213623306,-1624.2201731863372,-146.05800974827503,"{""AC"": 125, ""AC_35_P"": 6, ""AC_40_BP"": -40, ""AC_40_P"": -11, ""AC_45_KO"": -220, ""AC_45_P"": 10, ""AC_50_C"": -33, ""AC_50_CO"": -23, ""AC_50_P"": 12}",125,-220,-40,-23,0,0,6,-11,10,12,-33,0
242,-97.01718954136884,-1048.1574916854543,3321.1439244765556,332.1143924476556,332.1143924476556,664.2287848953112,0.5995,-3665.085137188548,-4152.153367772256,-4420.477646315892,21931.027351001278,-463.5257032602237,-1013.2884738385058,-812.8371563434787,-363.30004451271014,-812.8371563434787,-1345.4028662861613,-97.01718954136884,"{""AC"": 75, ""AC_35_P"": -12, ""AC_40_BP"": -12, ""AC_40_P"": 38, ""AC_45_KO"": -40, ""AC_45_P"": -12, ""AC_50_CO"": 3, ""AC_50_C_2"": -5, ""AC_50_P"": -44}",75,-40,-12,3,-5,0,-12,38,-12,-44,0,0
243,-280.4235189495682,-165.3731292771407,1646.5264178107777,164.65264178107776,164.65264178107776,329.3052835621555,0.5235,-2911.125822313245,-3444.3295084224987,-5089.618493408356,4252.638674848129,-571.5361011808927,-1008.2049745278794,-799.4187131870938,-467.1429705104999,-799.4187131870938,-1172.8576163089572,-280.4235189495682,"{""AC"": 60, ""AC_35_P"": 43, ""AC_40_BP"": 19, ""AC_45_KO"": -290, ""AC_45_P"": -38, ""AC_50_CO"": -45, ""AC_50_C_2"": -8, ""AC_50_P"": -12, ""AC_60_C"": -37}",60,-290,19,-45,-8,0,43,0,-38,-12,0,-37
244,10.642447474197873,393.2817644275447,1461.757482622192,146.1757482622192,146.1757482622192,292.3514965244384,0.34,-2820.015049146916,-6183.194492322504,-11117.770505452425,1760.4581864812717,-271.35905744049376,-694.3613148125312,-485.4476840289492,-166.90224204870276,-485.4476840289492,-840.5370630747504,10.642447474197873,"{""AC"": -30, ""AC_40_BP"": -3, ""AC_40_P"": 43, ""AC_45_KO"": -140, ""AC_45_P"": -44, ""AC_50_C"": 1, ""AC_50_CO"": -5, ""AC_50_P_2"": 20, ""AC_60_C"": -6}",-30,-140,-3,-5,0,20,0,43,-44,0,1,-6
245,293.9188039270764,723.7308651689248,4301.380873494371,430.1380873494371,430.1380873494371,860.2761746988742,0.4255,-7115.465027187978,-13762.897124889925,-26238.49529098108,7305.179946625591,-417.6276987917215,-1484.9474528699182,-988.4699938258389,-169.38896926968184,-988.4699938258389,-1915.0855402193552,293.9188039270764,"{""AC"": -150, ""AC_35_P"": 45, ""AC_40_BP"": -33, ""AC_45_KO"": -500, ""AC_50_C"": 24, ""AC_50_CO"": -6, ""AC_50_C_2"": 38, ""AC_50_P"": 13, ""AC_60_C"": 28}",-150,-500,-33,-6,38,0,45,0,0,13,24,28
246,-56.983335130139984,123.28751971538026,856.8297079446567,85.68297079446566,85.68297079446566,171.36594158893132,0.3095,-1537.125710303706,-3890.7729715478677,-8227.558522434574,1872.2072185854722,-210.6959061605106,-441.2647627060665,-330.3936770729287,-155.2603633439417,-330.3936770729287,-526.9477335005322,-56.983335130139984,"{""AC"": -5, ""AC_40_BP"": -15, ""AC_45_KO"": -30, ""AC_50_C"": -15, ""AC_50_CO"": 10, ""AC_50_C_2"": 17, ""AC_50_P_2"": -19, ""AC_60_C"": -28}",-5,-30,-15,10,17,-19,0,0,0,0,-15,-28
247,189.75152179416628,399.3452618392828,2428.751597187174,242.87515971871738,242.87515971871738,485.75031943743477,0.4585,-3752.3234671070722,-6679.09143078219,-10996.845442270867,4569.70622490413,-185.48082491654097,-748.3293449826018,-494.5345781312533,-58.58344149086669,-494.5345781312533,-991.2045047013191,189.75152179416628,"{""AC"": -75, ""AC_35_P"": -7, ""AC_40_BP"": -11, ""AC_40_P"": -2, ""AC_45_KO"": -150, ""AC_45_P"": 25, ""AC_50_CO"": 10, ""AC_50_P_2"": 23, ""AC_60_C"": 30}",-75,-150,-11,10,0,23,-7,-2,25,0,0,30
248,307.5051635661485,460.1098953549224,3828.5976884205174,382.8597688420517,382.8597688420517,765.7195376841034,0.4415,-6030.195420361779,-11023.845481792132,-20577.395203119144,7196.970638637979,-295.5143784700294,-1200.0436915242963,-788.4540339091443,-89.71954966245337,-788.4540339091443,-1582.903460366348,307.5051635661485,"{""AC"": -150, ""AC_35_P"": 42, ""AC_40_BP"": -50, ""AC_45_KO"": -330, ""AC_45_P"": -3, ""AC_50_C"": 22, ""AC_50_CO"": 17, ""AC_50_C_2"": 30, ""AC_60_C"": 31}",-150,-330,-50,17,30,0,42,0,-3,0,22,31
249,337.1645483685459,1080.588561169407,6031.411336752537,603.1411336752537,603.1411336752537,1206.2822673505075,0.4195,-10310.800433164648,-20023.573568803888,-37847.23571400138,9754.79032681141,-693.9154949479189,-2240.535559922616,-1511.0260834437781,-329.1607567084999,-1511.0260834437781,-2843.6766935978694,337.1645483685459,"{""AC"": -200, ""AC_35_P"": 36, ""AC_40_BP"": -44, ""AC_45_KO"": -350, ""AC_45_P"": 18, ""AC_50_C"": 19, ""AC_50_CO"": 8, ""AC_50_C_2"": 42, ""AC_60_C"": 27}",-200,-350,-44,8,42,0,36,0,18,0,19,27
250,30.701096051316455,623.6757103621836,1841.91595008484,184.191595008484,184.191595008484,368.383190016968,0.3835,-3424.9733016042624,-6956.311716938628,-12137.616530725045,2242.414983699051,-311.79623410910983,-825.5422293497492,-575.1406966935649,-186.59546778101767,-575.1406966935649,-1009.7338243582332,30.701096051316455,"{""AC"": -30, ""AC_35_P"": -44, ""AC_40_BP"": -18, ""AC_45_KO"": -10, ""AC_50_C"": -23, ""AC_50_CO"": 6, ""AC_50_P"": 39, ""AC_50_P_2"": 15, ""AC_60_C"": 5}",-30,-10,-18,6,0,15,-44,0,0,39,-23,5
251,-22.359278058594892,-1970.9982472924903,6259.609092410279,625.9609092410279,625.9609092410279,1251.9218184820559,0.627,-6028.604610672038,-6818.4220028679365,-7260.722828416352,42933.197281295965,-625.2197391257987,-1529.5104307266042,-1239.6304242799145,-480.2797359024538,-1239.6304242799145,-2155.471339967632,-22.359278058594892,"{""AC"": 135, ""AC_40_BP"": -16, ""AC_40_P"": -1, ""AC_45_KO"": -110, ""AC_45_P"": -19, ""AC_50_C"": -11, ""AC_50_CO"": 13, ""AC_50_C_2"": 39, ""AC_50_P_2"": -16}",135,-110,-16,13,39,-16,0,-1,-19,0,-11,0
252,-143.49027518584288,-993.5463461385758,4161.111041017016,416.1111041017016,416.1111041017016,832.2222082034032,0.5825,-5008.05461351257,-5724.331423194494,-6118.925950464548,25825.739692773906,-644.2957365370999,-1395.5039285639853,-1102.754019263579,-497.92078188689675,-1102.754019263579,-1811.6150326656868,-143.49027518584288,"{""AC"": 75, ""AC_40_BP"": -2, ""AC_45_KO"": -60, ""AC_45_P"": -17, ""AC_50_C"": 30, ""AC_50_CO"": -16, ""AC_50_C_2"": 3, ""AC_50_P"": -42, ""AC_60_C"": -1}",75,-60,-2,-16,3,0,0,0,-17,-42,30,-1
253,46.777229735737606,-372.57848222025655,1289.253039434802,128.9253039434802,128.9253039434802,257.8506078869604,0.6435,-1225.9750624829014,-1478.3444675959117,-2042.9735469842105,8780.29576979164,-75.82027651255254,-259.71653588498776,-201.5816816084377,-46.75284937427752,-201.5816816084377,-388.64183982846794,46.777229735737606,"{""AC"": -10, ""AC_35_P"": 15, ""AC_40_BP"": -43, ""AC_40_P"": 23, ""AC_45_KO"": -130, ""AC_50_CO"": 19, ""AC_50_C_2"": 34, ""AC_50_P"": -24, ""AC_50_P_2"": -44}",-10,-130,-43,19,34,-44,15,23,0,-24,0,0
254,295.35477352842065,739.8365505355921,4734.89429876946,473.489429876946,473.489429876946,946.978859753892,0.44,-7887.885983086134,-15299.828873170793,-27980.268194873934,8091.860733684433,-493.4338247801928,-1676.6167222431127,-1124.5728388729724,-217.4118830951226,-1124.5728388729724,-2150.1061521200586,295.35477352842065,"{""AC"": -175, ""AC_35_P"": 50, ""AC_40_BP"": -22, ""AC_45_KO"": -390, ""AC_45_P"": -8, ""AC_50_C"": 49, ""AC_50_CO"": 4, ""AC_50_C_2"": 23, ""AC_60_C"": 18}",-175,-390,-22,4,23,0,50,0,-8,0,49,18
255,58.377229195856685,202.06452168724516,1879.044045294992,187.9044045294992,187.9044045294992,375.8088090589984,0.469,-3273.70995741273,-6286.351773881997,-10258.216797272049,2991.315009262673,-268.99376654541635,-760.0502601573259,-526.6314666808024,-152.28436980715463,-526.6314666808024,-947.954664686825,58.377229195856685,"{""AC"": -40, ""AC_40_BP"": 13, ""AC_40_P"": 39, ""AC_45_KO"": -60, ""AC_45_P"": 7, ""AC_50_CO"": 3, ""AC_50_C_2"": -16, ""AC_50_P_2"": -17, ""AC_60_C"": 8}",-40,-60,13,3,-16,-17,0,39,7,0,0,8
256,360.6945604787101,326.32329630690697,3595.2282883019298,359.52282883019296,359.52282883019296,719.0456576603859,0.4645,-5185.297359469734,-8664.047402559583,-15176.16541083044,7281.440984644175,-157.83517546826334,-935.6297793887234,-596.8614578568464,11.548985297675145,-596.8614578568464,-1295.1526082189164,360.6945604787101,"{""AC"": -175, ""AC_35_P"": 25, ""AC_40_BP"": -37, ""AC_45_KO"": -330, ""AC_45_P"": -14, ""AC_50_C"": 44, ""AC_50_CO"": 22, ""AC_50_C_2"": 31, ""AC_60_C"": 50}",-175,-330,-37,22,31,0,25,0,-14,0,44,50
257,372.01410984633907,736.4500503239326,5157.4110079202455,515.7411007920246,515.7411007920246,1031.482201584049,0.441,-8341.523295085773,-15525.322131336048,-29209.56426842335,9108.918250774248,-462.1382196622383,-1713.3667139251042,-1137.0849348125391,-173.99733010595577,-1137.0849348125391,-2229.107814717129,372.01410984633907,"{""AC"": -190, ""AC_35_P"": 25, ""AC_40_BP"": -39, ""AC_45_KO"": -430, ""AC_45_P"": 14, ""AC_50_C"": 27, ""AC_50_CO"": 21, ""AC_50_C_2"": 44, ""AC_60_C"": 27}",-190,-430,-39,21,44,0,25,0,14,0,27,27
258,321.6386749384708,327.9348290628611,3321.988952020389,332.1988952020389,332.1988952020389,664.3977904040778,0.469,-4664.523926344773,-7762.542551548802,-13476.69021693994,6656.09217857604,-144.8137176960065,-844.4923066477224,-544.1393616142645,5.362754820722415,-544.1393616142645,-1176.6912018497615,321.6386749384708,"{""AC"": -145, ""AC_35_P"": 17, ""AC_40_BP"": -27, ""AC_45_KO"": -500, ""AC_50_C"": 35, ""AC_50_CO"": 13, ""AC_50_C_2"": 14, ""AC_50_P"": 11, ""AC_60_C"": 50}",-145,-500,-27,13,14,0,17,0,0,11,35,50
259,378.2964769554668,16.9234980779583,3228.1046921673765,322.81046921673766,322.81046921673766,645.6209384334753,0.498,-3862.4041323623655,-5637.854551533144,-8298.951277998829,7219.084003653464,-7.943936280769776,-587.3045561351246,-362.4693775072568,104.4736530331641,-362.4693775072568,-910.1150253518622,378.2964769554668,"{""AC"": -135, ""AC_35_P"": 25, ""AC_40_BP"": -32, ""AC_45_KO"": -460, ""AC_45_P"": 15, ""AC_50_C"": 42, ""AC_50_CO"": 24, ""AC_50_P"": 12, ""AC_60_C"": 47}",-135,-460,-32,24,0,0,25,0,15,12,42,47
260,58.38528298419379,-54.57996982317378,1012.5589916774935,101.25589916774935,101.25589916774935,202.5117983354987,0.5105,-1493.4854659034775,-2614.1119873392754,-4307.537176908348,2103.4718832309454,-90.96326360615396,-314.9860834916756,-216.2654864852025,-41.60296510291742,-216.2654864852025,-416.24198265942493,58.38528298419379,"{""AC"": -45, ""AC_35_P"": 11, ""AC_40_BP"": 25, ""AC_40_P"": 16, ""AC_45_KO"": -90, ""AC_50_C"": 21, ""AC_50_CO"": 10, ""AC_50_P"": -12, ""AC_50_P_2"": -25}",-45,-90,25,10,0,-25,11,16,0,-12,21,0
261,-38.7838943059239,1266.4832763872819,3837.8449088686916,383.78449088686915,383.78449088686915,767.5689817737383,0.329,-7431.96549794419,-16072.625386296033,-28386.726525832226,3847.542788005983,-781.980444100343,-1896.7752687919715,-1345.470964440987,-506.32829192485076,-1345.470964440987,-2280.5597596788407,-38.7838943059239,"{""AC"": -50, ""AC_40_BP"": -48, ""AC_40_P"": -2, ""AC_45_KO"": -240, ""AC_50_CO"": -30, ""AC_50_C_2"": -33, ""AC_50_P"": 38, ""AC_50_P_2"": 29, ""AC_60_C"": -10}",-50,-240,-48,-30,-33,29,0,-2,0,38,0,-10
262,406.5894160630146,108.70684895537886,1838.4112539116463,183.84112539116464,183.84112539116464,367.6822507823293,0.481,-1707.4859918831737,-3327.31688264636,-5180.857465651647,11219.486208840504,235.84081687469723,-20.28208190777883,58.54595458495622,275.25483512106473,58.54595458495622,-204.12320729894347,406.5894160630146,"{""AC"": -65, ""AC_35_P"": 50, ""AC_40_BP"": -38, ""AC_40_P"": 26, ""AC_45_KO"": -490, ""AC_50_C"": 38, ""AC_50_CO"": 13, ""AC_50_C_2"": 28, ""AC_60_C"": 50}",-65,-490,-38,13,28,0,50,26,0,0,38,50
263,78.32592908528387,21.821228886839208,654.4337916408275,65.44337916408276,65.44337916408276,130.8867583281655,0.494,-632.031041629006,-1946.1502493405499,-3292.4124400572778,1355.6115741176854,15.122824922383266,-79.68183132196764,-49.20041674110841,30.363532212812878,-49.20041674110841,-145.12521048605038,78.32592908528387,"{""AC"": -30, ""AC_40_BP"": 9, ""AC_40_P"": 14, ""AC_45_KO"": -340, ""AC_45_P"": 13, ""AC_50_CO"": 8, ""AC_50_C_2"": -4, ""AC_50_P"": -27, ""AC_60_C"": 27}",-30,-340,9,8,-4,0,0,14,13,-27,0,27
264,-123.20978893030784,-448.5283834743379,2340.0666559894444,234.00666559894444,234.00666559894444,468.0133311978889,0.54,-3094.7931684080086,-3564.20174581929,-3841.5027645261407,13443.11858127029,-432.68910577110876,-896.90808103231,-704.4320969909813,-336.4511137504444,-704.4320969909813,-1130.9147466312543,-123.20978893030784,"{""AC"": 40, ""AC_35_P"": 47, ""AC_40_P"": -37, ""AC_45_KO"": -130, ""AC_45_P"": -45, ""AC_50_CO"": -17, ""AC_50_P_2"": -6, ""AC_60_C"": 23}",40,-130,0,-17,0,-6,47,-37,-45,0,0,23
265,278.4396498074352,-0.09710220799514957,1906.7130100481652,190.6713010048165,190.6713010048165,381.342602009633,0.5,-2435.1313456082753,-3501.4724605859496,-6045.260032872644,4517.844566439771,34.926515246607664,-330.3431865946336,-182.16570253621433,109.0152572758173,-182.16570253621433,-521.0144875994501,278.4396498074352,"{""AC"": -105, ""AC_35_P"": 43, ""AC_40_BP"": -19, ""AC_45_KO"": -320, ""AC_50_C"": 48, ""AC_50_CO"": 10, ""AC_50_C_2"": 28, ""AC_50_P"": -16, ""AC_60_C"": 21}",-105,-320,-19,10,28,0,43,0,0,-16,48,21
266,-64.19964019509456,-1452.0047568096238,4806.838820281746,480.6838820281746,480.6838820281746,961.3677640563492,0.6145,-4899.2606002380635,-5537.9680611834,-5887.969773149681,33713.353503720966,-554.1257002189009,-1289.0147902546105,-1039.4306712448913,-429.3336407140414,-1039.4306712448913,-1769.698672282785,-64.19964019509456,"{""AC"": 120, ""AC_40_BP"": -14, ""AC_45_KO"": -90, ""AC_45_P"": 11, ""AC_50_C"": -12, ""AC_50_CO"": -6, ""AC_50_P"": -15, ""AC_50_P_2"": -2, ""AC_60_C"": 17}",120,-90,-14,-6,0,-2,0,0,11,-15,-12,17
267,315.24087335051274,644.4946374443934,4163.680288666334,416.3680288666334,416.3680288666334,832.7360577332668,0.4325,-6644.93376799812,-12302.917846513956,-23008.219262993567,7466.043311641076,-349.2525034492993,-1345.9925686490174,-889.683206282522,-121.09782226605162,-889.683206282522,-1762.3605975156506,315.24087335051274,"{""AC"": -165, ""AC_35_P"": 23, ""AC_40_BP"": -50, ""AC_40_P"": 12, ""AC_45_KO"": -500, ""AC_50_C"": 19, ""AC_50_CO"": 7, ""AC_50_C_2"": 32, ""AC_60_C"": 50}",-165,-500,-50,7,32,0,23,12,0,0,19,50
268,344.8316945225647,198.4116663047856,3320.9337287231488,332.0933728723149,332.0933728723149,664.1867457446298,0.475,-4735.719059169795,-8181.265840134174,-14756.783588331025,6948.54563863798,-128.74021139441487,-839.0980702698841,-531.572850789062,25.022398345996194,-531.572850789062,-1171.191443142199,344.8316945225647,"{""AC"": -145, ""AC_35_P"": 46, ""AC_40_BP"": -48, ""AC_45_KO"": -450, ""AC_50_C"": 50, ""AC_50_CO"": 11, ""AC_50_C_2"": 23, ""AC_50_P"": 4, ""AC_60_C"": 28}",-145,-450,-48,11,23,0,46,0,0,4,50,28
269,282.4649335153031,780.0141263355831,4526.079070041043,452.60790700410433,452.60790700410433,905.2158140082087,0.4145,-7616.285958654114,-14825.946279258307,-27926.008408015015,7522.654843270636,-479.16366235010844,-1621.6065561482255,-1086.2819137848662,-211.50134116842878,-1086.2819137848662,-2074.2144631523297,282.4649335153031,"{""AC"": -170, ""AC_35_P"": 42, ""AC_40_BP"": -39, ""AC_45_KO"": -200, ""AC_50_C"": 32, ""AC_50_CO"": -4, ""AC_50_C_2"": 36, ""AC_50_P_2"": -1, ""AC_60_C"": 33}",-170,-200,-39,-4,36,-1,42,0,0,0,32,33
270,300.20057927644854,1146.9481602644396,5683.694955521869,568.3694955521869,568.3694955521869,1136.7389911043738,0.4085,-9813.074318248084,-19292.99768453184,-35939.45932997398,9035.129687673403,-681.1068525483599,-2153.0680002855725,-1455.9453162368575,-332.5455105240024,-1455.9453162368575,-2721.4374958377593,300.20057927644854,"{""AC"": -195, ""AC_35_P"": 28, ""AC_40_BP"": -50, ""AC_45_KO"": -340, ""AC_50_C"": 21, ""AC_50_CO"": 2, ""AC_50_C_2"": 33, ""AC_50_P_2"": 16, ""AC_60_C"": 36}",-195,-340,-50,2,33,16,28,0,0,0,21,36
271,358.3611436883464,184.04262263553517,1734.0823881445783,173.40823881445783,173.40823881445783,346.81647762891566,0.4635,-2291.3516706883343,-3113.383878237157,-4477.70046241152,9340.12063306903,129.22597661951295,-214.4767739837372,-72.04572632213268,200.4415004503152,-72.04572632213268,-387.885012798195,358.3611436883464,"{""AC"": -100, ""AC_35_P"": 31, ""AC_40_BP"": -50, ""AC_45_KO"": -450, ""AC_50_C"": 35, ""AC_50_CO"": 22, ""AC_50_C_2"": 50, ""AC_50_P_2"": -13, ""AC_60_C"": 42}",-100,-450,-50,22,50,-13,31,0,0,0,35,42
272,265.62794798380924,727.3252690463195,4065.7592642229215,406.5759264222921,406.5759264222921,813.1518528445843,0.405,-6825.305375159211,-13147.123960379884,-24687.67535144773,6880.705153335501,-416.90258953211185,-1440.6983958059934,-961.4558215012185,-177.28130237972434,-961.4558215012185,-1847.2743222282857,265.62794798380924,"{""AC"": -155, ""AC_35_P"": 42, ""AC_40_BP"": -36, ""AC_45_KO"": -50, ""AC_50_C"": 32, ""AC_50_CO"": -7, ""AC_50_C_2"": 32, ""AC_50_P_2"": 2, ""AC_60_C"": 34}",-155,-50,-36,-7,32,2,42,0,0,0,32,34
273,321.75576285578273,1030.1671022418914,5401.342486495203,540.1342486495203,540.1342486495203,1080.2684972990405,0.42,-9046.968999352432,-17501.925318570262,-32759.88661019598,8827.80082873089,-582.9411370794605,-1939.9864869823252,-1305.3567113718423,-265.62624927421894,-1305.3567113718423,-2480.1207356318455,321.75576285578273,"{""AC"": -200, ""AC_35_P"": 34, ""AC_40_BP"": -37, ""AC_45_KO"": -340, ""AC_50_C"": 28, ""AC_50_CO"": -3, ""AC_50_C_2"": 36, ""AC_50_P"": 5, ""AC_60_C"": 50}",-200,-340,-37,-3,36,0,34,0,0,5,28,50
274,-226.9703791084907,-481.41547008147666,3089.9553991464095,308.995539914641,308.995539914641,617.991079829282,0.544,-4553.607487244746,-5284.881760657099,-5688.093292316744,13787.077555997668,-682.3311278329654,-1365.3722509196773,-1064.5092721525232,-531.8996384493882,-1064.5092721525232,-1674.3677908343184,-226.9703791084907,"{""AC"": 95, ""AC_40_BP"": -3, ""AC_45_P"": 14, ""AC_50_C"": -7, ""AC_50_CO"": -28, ""AC_50_P"": -36, ""AC_50_P_2"": -5, ""AC_60_C"": -16}",95,0,-3,-28,0,-5,0,0,14,-36,-7,-16
275,-31.997970158530027,-1976.558951730559,5730.862911656758,573.0862911656758,573.0862911656758,1146.1725823313516,0.617,-5402.562649086412,-6020.190996064472,-6449.373274400401,40251.446013072775,-572.2542350671713,-1382.6386324301332,-1128.9255131043299,-445.39767540426965,-1128.9255131043299,-1955.7249235958088,-31.997970158530027,"{""AC"": 115, ""AC_35_P"": 32, ""AC_40_BP"": -26, ""AC_40_P"": -17, ""AC_45_KO"": -430, ""AC_50_C"": 7, ""AC_50_CO"": 16, ""AC_50_C_2"": 10, ""AC_50_P"": -47}",115,-430,-26,16,10,0,32,-17,0,-47,7,0
276,340.20169097178484,833.8423153988925,5198.263764389821,519.826376438982,519.826376438982,1039.652752877964,0.4275,-8529.635932332645,-16388.797467700693,-30568.274077247755,8896.982212755664,-512.7619022614797,-1792.2072921113763,-1199.1568870976027,-216.23669975459293,-1199.1568870976027,-2312.0336685503585,340.20169097178484,"{""AC"": -200, ""AC_35_P"": 31, ""AC_40_BP"": -50, ""AC_40_P"": 11, ""AC_45_KO"": -290, ""AC_50_C"": 41, ""AC_50_CO"": 2, ""AC_50_C_2"": 33, ""AC_60_C"": 41}",-200,-290,-50,2,33,0,31,11,0,0,41,41
277,378.89673882353816,571.9258819682905,4796.2972661356625,479.6297266135663,479.6297266135663,959.2594532271326,0.451,-7551.681996110997,-13982.977788516153,-25721.53141793642,8868.07057777115,-376.2714607875615,-1509.0237602042112,-993.6704238998946,-118.59479263540325,-993.6704238998946,-1988.6534868177773,378.89673882353816,"{""AC"": -180, ""AC_35_P"": 37, ""AC_40_BP"": -44, ""AC_45_KO"": -340, ""AC_50_C"": 50, ""AC_50_CO"": 8, ""AC_50_C_2"": 30, ""AC_50_P"": 24, ""AC_60_C"": 25}",-180,-340,-44,8,30,0,37,0,0,24,50,25
278,73.49990794850156,-2346.4852685969854,6480.809781975491,648.0809781975491,648.0809781975491,1296.1619563950983,0.665,-5166.707120031295,-5709.769045607333,-6022.471055897259,49128.97001084958,-443.170804054628,-1218.1768720593222,-1025.546649154967,-346.8556926024505,-1025.546649154967,-1866.2578502568713,73.49990794850156,"{""AC"": 155, ""AC_35_P"": 19, ""AC_40_BP"": 5, ""AC_40_P"": 29, ""AC_45_KO"": -60, ""AC_50_CO"": 16, ""AC_50_C_2"": 13, ""AC_50_P"": -4, ""AC_50_P_2"": -15}",155,-60,5,16,13,-15,19,29,0,-4,0,0
279,371.64060933870877,791.0443547377182,5075.871682635026,507.58716826350263,507.58716826350263,1015.1743365270053,0.423,-8414.539820486625,-15707.683411904942,-29617.677157411465,8957.287139111297,-469.81337270995374,-1731.9943457829474,-1144.3339478660362,-175.98317375149816,-1144.3339478660362,-2239.58151404645,371.64060933870877,"{""AC"": -200, ""AC_35_P"": 28, ""AC_40_BP"": -50, ""AC_45_KO"": -130, ""AC_50_C"": 50, ""AC_50_CO"": 14, ""AC_50_C_2"": 50, ""AC_50_P_2"": 9, ""AC_60_C"": 17}",-200,-130,-50,14,50,9,28,0,0,0,50,17
280,-125.29427954126689,-682.6884489208971,3018.809955954135,301.88099559541354,301.88099559541354,603.7619911908271,0.5535,-3968.798690810056,-4541.820138555595,-4857.495760371638,15727.699497799453,-522.1741486222725,-1117.493952243781,-871.5545809604821,-399.204462980623,-871.5545809604821,-1419.3749478391946,-125.29427954126689,"{""AC"": 75, ""AC_40_BP"": -19, ""AC_45_KO"": -100, ""AC_45_P"": -10, ""AC_50_C"": 3, ""AC_50_CO"": -28, ""AC_50_C_2"": 15, ""AC_50_P"": -7, ""AC_60_C"": -3}",75,-100,-19,-28,15,0,0,0,-10,-7,3,-3
281,-123.13734538428392,840.8187469441561,2837.5480762519996,283.7548076252,283.7548076252,567.5096152504,0.2395,-5580.782906765434,-13666.743774479584,-24893.653393893543,2400.2332988274206,-681.2156360608273,-1518.3330720756423,-1102.132185211699,-473.11519262885565,-1102.132185211699,-1802.0878797008422,-123.13734538428392,"{""AC"": -5, ""AC_35_P"": 30, ""AC_40_BP"": 21, ""AC_40_P"": 28, ""AC_45_KO"": -70, ""AC_50_C"": -6, ""AC_50_CO"": -35, ""AC_50_C_2"": -10, ""AC_60_C"": -43}",-5,-70,21,-35,-10,0,30,28,0,0,-6,-43
282,364.927840499848,464.7484251004445,4184.119872430747,418.4119872430747,418.4119872430747,836.8239744861494,0.453,-6477.1636598302775,-11653.562814753019,-21517.529577817368,7986.371771703018,-282.7885254831798,-1254.3630744577213,-815.8527020962309,-63.53333930243457,-815.8527020962309,-1672.775061700796,364.927840499848,"{""AC"": -180, ""AC_35_P"": 35, ""AC_40_BP"": -42, ""AC_45_KO"": -450, ""AC_50_C"": 50, ""AC_50_CO"": 16, ""AC_50_C_2"": 37, ""AC_50_P"": -4, ""AC_60_C"": 29}",-180,-450,-42,16,37,0,35,0,0,-4,50,29
283,-71.87484180322717,117.93255620828832,462.0808262555529,46.20808262555529,46.20808262555529,92.41616525111058,0.3855,-910.5617954245952,-1433.5199519562855,-3142.6726112409438,731.3275521988107,-162.9310213456867,-299.515290659376,-231.5631524296941,-128.95495223084575,-231.5631524296941,-345.72337328493126,-71.87484180322717,"{""AC"": -15, ""AC_40_BP"": 19, ""AC_40_P"": -37, ""AC_45_KO"": -360, ""AC_45_P"": -23, ""AC_50_C"": -4, ""AC_50_CO"": -2, ""AC_50_C_2"": 1, ""AC_60_C"": 23}",-15,-360,19,-2,1,0,0,-37,-23,0,-4,23
284,-58.92162405666858,-80.88646025158138,611.2456891430094,61.12456891430094,61.12456891430094,122.24913782860187,0.5385,-801.3827327570096,-2092.1495971349286,-4281.595208996109,2637.5917454810105,-139.05989733236953,-259.26730724592096,-209.69131842737048,-114.27190292309429,-209.69131842737048,-320.3918761602219,-58.92162405666858,"{""AC"": 10, ""AC_35_P"": 27, ""AC_40_BP"": 21, ""AC_40_P"": 38, ""AC_45_KO"": -460, ""AC_45_P"": -37, ""AC_50_C"": 12, ""AC_50_CO"": -29, ""AC_50_P_2"": -16}",10,-460,21,-29,0,-16,27,38,-37,0,12,0
285,323.84351022050214,715.1839596457816,4891.301077397808,489.1301077397808,489.1301077397808,978.2602154795616,0.438,-7988.61510734352,-14920.620307696423,-27572.08907453285,8590.95082873089,-475.01800051385,-1673.310266615378,-1119.0138097509162,-197.86977208161912,-1119.0138097509162,-2162.440374355159,323.84351022050214,"{""AC"": -180, ""AC_35_P"": 32, ""AC_40_BP"": -50, ""AC_40_P"": 4, ""AC_45_KO"": -310, ""AC_50_C"": 16, ""AC_50_CO"": 20, ""AC_50_C_2"": 27, ""AC_60_C"": 41}",-180,-310,-50,20,27,0,32,4,0,0,16,41
286,-124.45187436107031,220.35163060385568,1304.0128077170132,130.40128077170132,130.40128077170132,260.80256154340265,0.3195,-2490.182645467763,-6408.414920825421,-11836.902177992306,1345.8077916715556,-373.4701389078466,-746.997535728011,-563.1799115670854,-281.5613268273838,-563.1799115670854,-877.3988164997123,-124.45187436107031,"{""AC"": -5, ""AC_40_BP"": 17, ""AC_45_KO"": -310, ""AC_50_C"": -4, ""AC_50_CO"": -25, ""AC_50_C_2"": -5, ""AC_50_P"": 8, ""AC_50_P_2"": -18, ""AC_60_C"": -9}",-5,-310,17,-25,-5,-18,0,0,0,8,-4,-9
287,2.767602905935793,-1431.3288526445644,4030.395609238818,403.0395609238818,403.0395609238818,806.0791218477636,0.6445,-3494.9914658200523,-3842.09687600588,-5092.572595294554,30518.775495430495,-346.73154367606946,-870.9802635490773,-723.0008974290131,-272.7418606160373,-723.0008974290131,-1274.019824472959,2.767602905935793,"{""AC"": 105, ""AC_35_P"": 35, ""AC_40_BP"": 2, ""AC_45_KO"": -290, ""AC_45_P"": 1, ""AC_50_CO"": 10, ""AC_50_C_2"": -17, ""AC_50_P"": -29, ""AC_50_P_2"": 18}",105,-290,2,10,-17,18,35,0,1,-29,0,0
288,62.358658031047455,206.18252785447999,927.49603808512,92.74960380851199,92.74960380851199,185.49920761702398,0.3765,-1657.8747084172758,-2638.159543618041,-4211.715447209503,1676.763950392976,-103.42881281068013,-352.1100190732715,-232.69735013579992,-43.72247834194434,-232.69735013579992,-444.8596228817835,62.358658031047455,"{""AC"": -30, ""AC_35_P"": 6, ""AC_40_BP"": -17, ""AC_40_P"": 8, ""AC_45_KO"": -280, ""AC_45_P"": 20, ""AC_50_CO"": -23, ""AC_50_C_2"": -14, ""AC_60_C"": 48}",-30,-280,-17,-23,-14,0,6,8,20,0,0,48
289,9.95971162634211,182.86824229784392,621.081506489457,62.108150648945696,62.108150648945696,124.21630129789139,0.265,-1185.9328741788565,-2532.586993254748,-5384.815465867296,1240.7213123152146,-108.63357579154355,-286.52350691837205,-198.98429482495922,-64.86396974483715,-198.98429482495922,-348.63165756731775,9.95971162634211,"{""AC"": -30, ""AC_35_P"": -7, ""AC_40_BP"": -26, ""AC_45_KO"": -210, ""AC_45_P"": 42, ""AC_50_C"": 7, ""AC_50_CO"": -2, ""AC_50_C_2"": 13, ""AC_50_P"": -47}",-30,-210,-26,-2,13,0,-7,0,42,-47,7,0
290,322.6989428874414,704.1991619154229,4522.069413394021,452.2069413394021,452.2069413394021,904.4138826788042,0.418,-7597.29347326635,-14668.885686039095,-28017.52010686622,7799.860733684434,-437.0304044391936,-1576.624425429146,-1042.9985487722122,-170.21746611072663,-1042.9985487722122,-2028.831366768548,322.6989428874414,"{""AC"": -175, ""AC_35_P"": 50, ""AC_40_BP"": -44, ""AC_45_KO"": -320, ""AC_45_P"": -4, ""AC_50_C"": 50, ""AC_50_C_2"": 50, ""AC_60_C"": 10}",-175,-320,-44,0,50,0,50,0,-4,0,50,10
291,-216.04228855189473,-205.89233871715496,1262.2186200606757,126.22186200606757,126.22186200606757,252.44372401213514,0.544,-2205.7150725921024,-2591.71469201748,-3375.010154449464,4250.650445454083,-436.613795811105,-767.4710566999204,-610.0104804437439,-357.8835076830168,-610.0104804437439,-893.692918705988,-216.04228855189473,"{""AC"": 30, ""AC_35_P"": 45, ""AC_40_BP"": 16, ""AC_40_P"": 14, ""AC_45_KO"": -140, ""AC_45_P"": -42, ""AC_50_CO"": -27, ""AC_50_C_2"": -22, ""AC_50_P"": -41}",30,-140,16,-27,-22,0,45,14,-42,-41,0,0
292,-68.7131780077373,2299.1928374665094,8386.582755855734,838.6582755855734,838.6582755855734,1677.3165511711468,0.339,-16076.329223486193,-35096.7257766621,-62736.36521638294,8776.957870588429,-1676.3461003563566,-4087.7954838792857,-2899.491699323453,-1082.1942080784402,-2899.491699323453,-4926.453759464859,-68.7131780077373,"{""AC"": -180, ""AC_35_P"": 27, ""AC_40_BP"": -14, ""AC_40_P"": 45, ""AC_45_KO"": -370, ""AC_45_P"": 14, ""AC_50_CO"": -31, ""AC_50_C_2"": -39, ""AC_50_P"": -45}",-180,-370,-14,-31,-39,0,27,45,14,-45,0,0
293,-15.508620690777882,-51.49475058672003,535.1159021198508,53.51159021198508,53.51159021198508,107.02318042397016,0.5455,-616.0573819289848,-1594.4800660238616,-2961.6112817283165,2570.159018658347,-77.11435888367637,-169.5229661730241,-134.67302308611815,-59.68938734022339,-134.67302308611815,-223.03455638500918,-15.508620690777882,"{""AC"": 35, ""AC_40_BP"": 6, ""AC_45_KO"": -310, ""AC_50_C"": -4, ""AC_50_CO"": -13, ""AC_50_C_2"": -4, ""AC_50_P"": 30, ""AC_50_P_2"": -2, ""AC_60_C"": -8}",35,-310,6,-13,-4,-2,0,0,0,30,-4,-8
294,377.7496614631349,591.1867075985215,4773.194067354234,477.3194067354234,477.3194067354234,954.6388134708468,0.4485,-7469.606434771892,-13586.60653204852,-24890.12398938582,9008.018236235004,-369.21098201405437,-1489.6519472298382,-981.3510071203606,-115.06051195931559,-981.3510071203606,-1966.9713539652616,377.7496614631349,"{""AC"": -180, ""AC_35_P"": 43, ""AC_40_BP"": -50, ""AC_45_KO"": -450, ""AC_50_C"": 32, ""AC_50_CO"": 20, ""AC_50_C_2"": 25, ""AC_50_P_2"": 12, ""AC_60_C"": 36}",-180,-450,-50,20,25,12,43,0,0,0,32,36
295,124.71677307943307,-263.22338887441197,1312.0010863991224,131.20010863991223,131.20010863991223,262.40021727982446,0.752,-687.7861183854285,-881.9409428993595,-921.876827710954,12168.843581270288,55.93816124089021,-47.229756516924056,-44.05119899833731,57.527440000183574,-44.05119899833731,-178.42986515683629,124.71677307943307,"{""AC"": 35, ""AC_35_P"": -25, ""AC_40_BP"": -29, ""AC_45_KO"": -20, ""AC_45_P"": 16, ""AC_50_CO"": -3, ""AC_50_P"": 43, ""AC_50_P_2"": 21, ""AC_60_C"": 14}",35,-20,-29,-3,0,21,-25,0,16,43,0,14
296,237.07807687332166,1418.3290528202388,6371.625273410344,637.1625273410343,637.1625273410343,1274.3250546820686,0.391,-11337.601061116433,-23277.52362487441,-42558.51472831387,9173.110136718502,-896.6820292383218,-2597.3221884057866,-1782.1433459646605,-489.0926080177586,-1782.1433459646605,-3234.484715746821,237.07807687332166,"{""AC"": -200, ""AC_35_P"": 28, ""AC_40_BP"": -19, ""AC_45_KO"": -140, ""AC_45_P"": 5, ""AC_50_C"": 22, ""AC_50_CO"": -1, ""AC_50_C_2"": 29, ""AC_60_C"": 20}",-200,-140,-19,-1,29,0,28,0,5,0,22,20
297,-145.95580214950732,771.5403515676608,2251.4611479766363,225.14611479766364,225.14611479766364,450.2922295953273,0.2725,-4620.506214693123,-10758.308698488569,-19763.90992245067,1212.2960511256922,-608.0064236188197,-1301.082355822788,-951.6047917523076,-433.2676415835794,-951.6047917523076,-1526.2284706204516,-145.95580214950732,"{""AC"": -45, ""AC_35_P"": -30, ""AC_40_BP"": 4, ""AC_40_P"": 1, ""AC_45_KO"": -160, ""AC_45_P"": 2, ""AC_50_C"": -18, ""AC_50_CO"": -10, ""AC_50_P"": -24}",-45,-160,4,-10,0,0,-30,1,2,-24,-18,0
298,96.84929066138173,156.40087859361267,1187.2640571158038,118.72640571158038,118.72640571158038,237.45281142316077,0.4265,-1945.6918378727132,-3189.662523835988,-7382.885611845907,7775.083830360651,-97.7198931258896,-389.5736688067966,-254.36768787531543,-30.11690266014903,-254.36768787531543,-508.30007451837696,96.84929066138173,"{""AC"": 5, ""AC_40_BP"": -31, ""AC_45_KO"": -90, ""AC_45_P"": -18, ""AC_50_C"": 19, ""AC_50_CO"": 22, ""AC_50_C_2"": -48, ""AC_50_P"": 40, ""AC_50_P_2"": 22}",5,-90,-31,22,-48,22,0,0,-18,40,19,0
299,226.00476073822387,743.4869735259084,4017.7517584623433,401.77517584623433,401.77517584623433,803.5503516924687,0.453,-6685.546957146785,-13040.814535412756,-22416.50896035961,6855.284712598901,-442.5499349764546,-1445.3819785484723,-977.714870756911,-208.71638108067395,-977.714870756911,-1847.1571543947066,226.00476073822387,"{""AC"": -110, ""AC_35_P"": 29, ""AC_40_BP"": 13, ""AC_45_KO"": -480, ""AC_45_P"": -2, ""AC_50_C"": 18, ""AC_50_CO"": 16, ""AC_50_P"": 9, ""AC_50_P_2"": 19}",-110,-480,13,16,0,19,29,0,-2,9,18,0
300,149.33778221829107,-85.3743583665981,981.7347451867321,98.1734745186732,98.1734745186732,196.3469490373464,0.521,-988.6314144358386,-2289.4386250300236,-3389.2372185703143,2343.5483404060365,50.47464077470721,-97.82007139066857,-48.04366720642132,75.36284286683085,-48.04366720642132,-195.99354590934178,149.33778221829107,"{""AC"": -35, ""AC_35_P"": -15, ""AC_40_BP"": -2, ""AC_40_P"": 26, ""AC_45_KO"": -320, ""AC_45_P"": -12, ""AC_50_C"": 18, ""AC_50_CO"": 23, ""AC_50_P_2"": 14}",-35,-320,-2,23,0,14,-15,26,-12,0,18,0
301,-12.136571860432326,748.7878516666428,2246.7404035178656,224.67404035178657,224.67404035178657,449.34808070357315,0.325,-4254.162135301808,-8816.554916151896,-17281.88386030782,2304.017958142461,-437.55278539061317,-1075.6771056858843,-762.5979123315968,-281.0131887134694,-762.5979123315968,-1300.3511460376708,-12.136571860432326,"{""AC"": -65, ""AC_35_P"": 10, ""AC_40_BP"": 15, ""AC_40_P"": -16, ""AC_45_KO"": -80, ""AC_50_C"": -25, ""AC_50_CO"": 21, ""AC_50_C_2"": 19, ""AC_50_P"": -34}",-65,-80,15,21,19,0,10,-16,0,-34,-25,0
302,-195.23784326507908,-1692.478291007406,6107.51049668416,610.751049668416,610.751049668416,1221.502099336832,0.5905,-7212.776451428114,-8256.75166088822,-8868.950130487756,38251.72766799301,-916.5154884078905,-1998.4319561221077,-1582.5298358135042,-708.5644282535889,-1582.5298358135042,-2609.1830057905236,-195.23784326507908,"{""AC"": 180, ""AC_35_P"": -14, ""AC_40_BP"": -13, ""AC_40_P"": 9, ""AC_45_KO"": -230, ""AC_45_P"": 13, ""AC_50_C"": -16, ""AC_50_CO"": -32, ""AC_50_P_2"": -13}",180,-230,-13,-32,0,-13,-14,9,13,0,-16,0
303,118.00705818037363,-62.100906082817524,874.3314673588592,87.43314673588591,87.43314673588591,174.86629347177183,0.556,-714.1435184754861,-909.0058580648368,-1196.7053944022714,8748.70536257376,46.59270633282502,-60.528821438497886,-32.831042958892226,60.44159557262784,-32.831042958892226,-147.9619681743838,118.00705818037363,"{""AC"": 10, ""AC_40_BP"": 25, ""AC_40_P"": -3, ""AC_45_KO"": -50, ""AC_50_CO"": -27, ""AC_50_C_2"": 43, ""AC_50_P"": 10, ""AC_50_P_2"": 42, ""AC_60_C"": 14}",10,-50,25,-27,43,42,0,-3,0,10,0,14
304,398.15614767521225,52.04504454852622,2868.001669287937,286.8001669287937,286.8001669287937,573.6003338575874,0.492,-3776.978049520986,-5706.195799663963,-9949.932354473627,6609.972965634883,20.458342723113617,-546.0883647050343,-311.7906432173325,137.6072034669645,-311.7906432173325,-832.888531633828,398.15614767521225,"{""AC"": -130, ""AC_35_P"": 42, ""AC_40_BP"": -35, ""AC_40_P"": 12, ""AC_45_KO"": -440, ""AC_50_C"": 41, ""AC_50_CO"": 21, ""AC_50_C_2"": 44, ""AC_60_C"": 24}",-130,-440,-35,21,44,0,42,12,0,0,41,24
305,-21.075389649742288,1196.528561895584,3587.973434254194,358.7973434254194,358.7973434254194,717.5946868508388,0.3945,-6940.324598872402,-13927.282388066196,-24524.356673076858,3878.2878022291766,-715.1078495369826,-1756.1565393678427,-1241.5227511933122,-457.79095544971733,-1241.5227511933122,-2114.953882793262,-21.075389649742288,"{""AC"": -80, ""AC_35_P"": -17, ""AC_40_BP"": 24, ""AC_45_KO"": -210, ""AC_45_P"": 23, ""AC_50_C"": 5, ""AC_50_CO"": -2, ""AC_50_C_2"": -26, ""AC_50_P"": -10}",-80,-210,24,-2,-26,0,-17,0,23,-10,5,0
306,-176.56425916394736,456.1882774696879,1845.5969240777106,184.55969240777105,184.55969240777105,369.1193848155421,0.2805,-3761.387215410436,-8831.785350791819,-16357.013770814945,1195.6324538109434,-552.702980704991,-1116.9110630165565,-833.0521876793982,-410.7735430364119,-833.0521876793982,-1301.4707554243275,-176.56425916394736,"{""AC"": -75, ""AC_40_BP"": -6, ""AC_40_P"": -39, ""AC_45_KO"": -140, ""AC_45_P"": -44, ""AC_50_CO"": 24, ""AC_50_P"": -45, ""AC_50_P_2"": 4, ""AC_60_C"": -10}",-75,-140,-6,24,0,4,0,-39,-44,-45,0,-10
307,84.48133098675119,1065.4001056168904,3630.518137712134,363.0518137712134,363.0518137712134,726.1036275424268,0.3575,-6898.2958454006075,-14538.665107725636,-25641.461137267954,4521.995092155144,-605.3482535533095,-1640.0926303634008,-1131.7889527089467,-351.19641472608254,-1131.7889527089467,-2003.144444134614,84.48133098675119,"{""AC"": -110, ""AC_35_P"": -2, ""AC_40_BP"": -8, ""AC_40_P"": -2, ""AC_45_KO"": -70, ""AC_50_C"": 48, ""AC_50_CO"": -37, ""AC_50_P_2"": 40, ""AC_60_C"": 9}",-110,-70,-8,-37,0,40,-2,-2,0,0,48,9
308,96.38298068891807,1389.8883267969477,6114.982382062307,611.4982382062307,611.4982382062307,1222.9964764124613,0.3735,-11447.76006833438,-24185.91442661998,-42321.05172352158,8015.641581610106,-1048.39302614452,-2765.557036394677,-1926.5301486643546,-628.8795822793586,-1926.5301486643546,-3377.055274600908,96.38298068891807,"{""AC"": -140, ""AC_35_P"": 43, ""AC_40_BP"": -28, ""AC_40_P"": -11, ""AC_45_KO"": -50, ""AC_45_P"": 28, ""AC_50_C"": -1, ""AC_50_CO"": -3, ""AC_50_C_2"": -15}",-140,-50,-28,-3,-15,0,43,-11,28,0,-1,0
309,-2.5371314417601827,-905.6400675377225,2879.3788892936973,287.9378889293697,287.9378889293697,575.8757778587394,0.6145,-2863.8253224907403,-3184.2347290710104,-4043.5932719251805,19878.945884541747,-288.9196636908342,-718.4934620644452,-576.0798742800562,-217.71286979863962,-576.0798742800562,-1006.4313509938149,-2.5371314417601827,"{""AC"": 95, ""AC_35_P"": -2, ""AC_40_BP"": -25, ""AC_40_P"": -18, ""AC_45_KO"": -330, ""AC_45_P"": 33, ""AC_50_CO"": -25, ""AC_50_P"": 32, ""AC_50_P_2"": 4}",95,-330,-25,-25,0,4,-2,-18,33,32,0,0
310,269.5084134077438,532.293524812216,3240.696281996174,324.0696281996174,324.0696281996174,648.1392563992348,0.412,-5187.03963060599,-9928.326018321615,-19023.706880004866,5737.218372507907,-249.19554965285522,-1027.2514942437538,-670.5823452829635,-70.86097517246007,-670.5823452829635,-1351.3211224433712,269.5084134077438,"{""AC"": -140, ""AC_35_P"": 41, ""AC_40_BP"": -43, ""AC_45_KO"": -500, ""AC_50_C"": 24, ""AC_50_CO"": -13, ""AC_50_C_2"": 42, ""AC_50_P"": -4, ""AC_60_C"": 49}",-140,-500,-43,-13,42,0,41,0,0,-4,24,49
311,87.24879575358462,1676.863065378545,5797.806118621771,579.7806118621771,579.7806118621771,1159.5612237243542,0.3605,-10799.68994166724,-22935.20523068869,-42701.51372500673,6747.1179314552555,-992.7201984131394,-2612.6736896632256,-1822.59500142759,-597.6808542953218,-1822.59500142759,-3192.4543015254026,87.24879575358462,"{""AC"": -150, ""AC_35_P"": -27, ""AC_40_BP"": 1, ""AC_45_KO"": -230, ""AC_45_P"": 27, ""AC_50_C"": -7, ""AC_50_CO"": -3, ""AC_50_C_2"": 31, ""AC_60_C"": -3}",-150,-230,1,-3,31,0,-27,0,27,0,-7,-3
312,-0.97197789639455,660.6482187648852,2066.46996525285,206.64699652528503,206.64699652528503,413.29399305057007,0.3355,-4015.137816348337,-8555.430064635379,-15217.107682360773,2238.7806460008524,-402.48575953122827,-1004.7564319834788,-706.5661486112876,-253.39061784513268,-706.5661486112876,-1211.403428508764,-0.97197789639455,"{""AC"": -45, ""AC_35_P"": 7, ""AC_40_BP"": -5, ""AC_45_KO"": -80, ""AC_45_P"": -6, ""AC_50_C"": -25, ""AC_50_CO"": -3, ""AC_50_P_2"": 5, ""AC_60_C"": 19}",-45,-80,-5,-3,0,5,7,0,-6,0,-25,19
313,313.32291976887115,768.0221247181772,5055.982067222659,505.5982067222659,505.5982067222659,1011.1964134445318,0.4395,-8306.57488341944,-15789.854285591417,-28726.397693220366,8705.178155727792,-517.3345685730728,-1763.320801085989,-1185.4624161051777,-228.40537608266735,-1185.4624161051777,-2268.9190078082547,313.32291976887115,"{""AC"": -185, ""AC_35_P"": 25, ""AC_40_BP"": -42, ""AC_45_KO"": -290, ""AC_45_P"": 1, ""AC_50_C"": 23, ""AC_50_CO"": 24, ""AC_50_C_2"": 24, ""AC_60_C"": 32}",-185,-290,-42,24,24,0,25,0,1,0,23,32
314,-31.278879912628817,6.200591488510952,223.8617295079758,22.38617295079758,22.38617295079758,44.77234590159516,0.4915,-342.17521620808725,-851.2525252172345,-1708.6052858443738,493.2973094991528,-65.49640153343753,-116.82268396465062,-93.79824881924068,-53.98418396073257,-93.79824881924068,-139.2088569154482,-31.278879912628817,"{""AC"": 10, ""AC_40_BP"": 8, ""AC_40_P"": -7, ""AC_45_KO"": -180, ""AC_45_P"": 1, ""AC_50_C"": -7, ""AC_50_CO"": -4, ""AC_50_C_2"": -3, ""AC_50_P_2"": 5}",10,-180,8,-4,-3,5,0,-7,1,0,-7,0
315,264.8901236381595,1267.6305981068158,5949.575369762805,594.9575369762805,594.9575369762805,1189.915073952561,0.4215,-10323.794386818592,-20557.628088024358,-37225.621084946,9131.7578097216,-767.4893150436998,-2316.0584730664887,-1581.1578028727695,-400.0389799468403,-1581.1578028727695,-2911.0160100427693,264.8901236381595,"{""AC"": -200, ""AC_35_P"": 38, ""AC_40_BP"": -11, ""AC_40_P"": -19, ""AC_45_KO"": -320, ""AC_50_C"": 21, ""AC_50_CO"": 14, ""AC_50_C_2"": 24, ""AC_60_C"": 28}",-200,-320,-11,14,24,0,38,-19,0,0,21,28
316,265.1021236317273,1292.8791057220114,5901.267860028304,590.1267860028304,590.1267860028304,1180.2535720056608,0.3915,-10294.803334112617,-20677.4729170864,-39405.60527552935,8677.63107969063,-764.3782097795346,-2308.598709896427,-1574.1817694865804,-397.16973957461124,-1574.1817694865804,-2898.725495899257,265.1021236317273,"{""AC"": -200, ""AC_35_P"": 10, ""AC_40_BP"": -39, ""AC_45_KO"": -220, ""AC_45_P"": 19, ""AC_50_C"": 30, ""AC_50_CO"": -6, ""AC_50_C_2"": 43, ""AC_60_C"": 23}",-200,-220,-39,-6,43,0,10,0,19,0,30,23
317,100.3457576293131,-1533.7616430517473,4217.605509864946,421.7605509864946,421.7605509864946,843.5211019729892,0.6855,-2968.31733167349,-3231.634397992611,-3378.9496881734317,33519.19423342036,-196.48597553803592,-641.7335752890594,-555.7821176149578,-153.51024670098505,-555.7821176149578,-1063.494126275554,100.3457576293131,"{""AC"": 100, ""AC_35_P"": -9, ""AC_40_BP"": 9, ""AC_40_P"": 24, ""AC_45_KO"": -10, ""AC_45_P"": 17, ""AC_50_CO"": 12, ""AC_50_C_2"": 9, ""AC_60_C"": 6}",100,-10,9,12,9,0,-9,24,17,0,0,6
318,310.44860205390023,729.2709656030468,4825.475485216978,482.5475485216978,482.5475485216978,965.0950970433956,0.446,-7939.622476299415,-15068.395405044828,-26960.166226760823,8419.380976335675,-483.5136455760413,-1674.4570170209536,-1121.768543651861,-207.16940889149498,-1121.768543651861,-2157.0045655426516,310.44860205390023,"{""AC"": -175, ""AC_35_P"": 37, ""AC_40_BP"": -30, ""AC_45_KO"": -470, ""AC_50_C"": 27, ""AC_50_CO"": 17, ""AC_50_C_2"": 19, ""AC_50_P_2"": -1, ""AC_60_C"": 33}",-175,-470,-30,17,19,-1,37,0,0,0,27,33
319,-205.22974174661357,1356.7464090081874,4093.7817549867927,409.3781754986793,409.3781754986793,818.7563509973586,0.2695,-8261.001286083107,-19381.9832123562,-35542.71965535668,3945.6134889808604,-1031.3298703549242,-2270.48006326739,-1649.0690224084192,-720.6243499254388,-1649.0690224084192,-2679.8582387660695,-205.22974174661357,"{""AC"": -90, ""AC_35_P"": -16, ""AC_40_BP"": -12, ""AC_45_KO"": -100, ""AC_45_P"": 15, ""AC_50_C"": 3, ""AC_50_CO"": -44, ""AC_50_P"": -12, ""AC_50_P_2"": -34}",-90,-100,-12,-44,0,-34,-16,0,15,-12,3,0
320,261.8783655838352,693.1865728878252,4109.566134070642,410.9566134070642,410.9566134070642,821.9132268141284,0.423,-6902.414069929035,-13308.02121374607,-24283.565598744157,7010.625889597718,-428.36304140906833,-1463.7251518984235,-978.9620516090522,-185.9814912643826,-978.9620516090522,-1874.6817653054877,261.8783655838352,"{""AC"": -165, ""AC_35_P"": 36, ""AC_40_BP"": -50, ""AC_45_KO"": -340, ""AC_45_P"": -4, ""AC_50_C"": 41, ""AC_50_CO"": -4, ""AC_50_C_2"": 20, ""AC_60_C"": 38}",-165,-340,-50,-4,20,0,36,0,-4,0,41,38
321,225.64015328758612,1736.0751830441573,7796.365753172657,779.6365753172656,779.6365753172656,1559.2731506345312,0.386,-14479.495374806698,-29225.21812805009,-52385.958093728186,10993.464517220875,-1222.3093841930838,-3394.2336904140884,-2336.1024405920516,-693.2437592820652,-2336.1024405920516,-4173.870265731354,225.64015328758612,"{""AC"": -195, ""AC_35_P"": 14, ""AC_40_BP"": 9, ""AC_40_P"": 44, ""AC_45_KO"": -140, ""AC_50_CO"": 8, ""AC_50_C_2"": 10, ""AC_50_P"": -15, ""AC_50_P_2"": 28}",-195,-140,9,8,10,28,14,44,0,-15,0,0
322,301.5998151428736,172.86144049925775,2783.518140294871,278.3518140294871,278.3518140294871,556.7036280589742,0.477,-3830.9409787103036,-6338.396901527068,-11074.354424058982,5883.166619313143,-81.4942827281568,-656.1354295347023,-412.21723867841547,40.46481269998661,-412.21723867841547,-934.4872435641894,301.5998151428736,"{""AC"": -130, ""AC_35_P"": 31, ""AC_40_BP"": -47, ""AC_45_KO"": -430, ""AC_50_C"": 26, ""AC_50_CO"": 18, ""AC_50_C_2"": 23, ""AC_50_P_2"": -6, ""AC_60_C"": 43}",-130,-430,-47,18,23,-6,31,0,0,0,26,43
323,-219.01910724844578,-1049.5956607408152,4321.529673996149,432.15296739961485,432.15296739961485,864.3059347992297,0.571,-5530.644351674581,-6361.525450905614,-6819.255102538876,25616.602312500112,-772.0835424159038,-1601.6801951670911,-1264.6922436994403,-603.5895666820785,-1264.6922436994403,-2033.833162566706,-219.01910724844578,"{""AC"": 130, ""AC_35_P"": -3, ""AC_40_BP"": -7, ""AC_45_KO"": -210, ""AC_45_P"": -2, ""AC_50_C"": -25, ""AC_50_CO"": -13, ""AC_50_C_2"": -13, ""AC_50_P"": -26}",130,-210,-7,-13,-13,0,-3,0,-2,-26,-25,0
324,-213.35092506767103,1120.8349292998828,3686.9641122523103,368.69641122523103,368.69641122523103,737.3928224504621,0.252,-7479.487526126769,-17821.264313891694,-32995.08555426621,2943.3111602448266,-961.2996776803479,-2083.222806599363,-1519.6222595993017,-679.4994041803172,-1519.6222595993017,-2451.919217824594,-213.35092506767103,"{""AC"": -30, ""AC_40_BP"": -23, ""AC_45_P"": 46, ""AC_50_C"": -49, ""AC_50_CO"": -20, ""AC_50_P"": -16, ""AC_50_P_2"": -35, ""AC_60_C"": -24}",-30,0,-23,-20,0,-35,0,0,46,-16,-49,-24
325,-135.20993995750277,-531.2297890757393,2481.5103402542277,248.15103402542277,248.15103402542277,496.30206805084555,0.6115,-3167.9400499092185,-3693.209710342629,-3982.579030340669,16034.52264820544,-452.00394494842465,-927.1949524348074,-734.476464456597,-355.64470095931944,-734.476464456597,-1175.3459864602303,-135.20993995750277,"{""AC"": 85, ""AC_35_P"": -33, ""AC_40_BP"": 15, ""AC_45_KO"": -100, ""AC_45_P"": 25, ""AC_50_C"": -3, ""AC_50_CO"": -17, ""AC_50_C_2"": -25}",85,-100,15,-17,-25,0,-33,0,25,0,-3,0
326,-258.06346381952363,-16.903785006538726,2475.668106370628,247.5668106370628,247.5668106370628,495.1336212741256,0.5015,-4269.1790256626155,-5021.028894228757,-5444.560353498615,7447.019253938437,-684.9813663857851,-1325.3582202351774,-1022.2237229874473,-533.4141177619201,-1022.2237229874473,-1572.9250308722403,-258.06346381952363,"{""AC"": 65, ""AC_35_P"": -3, ""AC_40_BP"": -22, ""AC_40_P"": -47, ""AC_45_KO"": -480, ""AC_45_P"": -34, ""AC_50_C"": -3, ""AC_50_CO"": -43, ""AC_50_P"": 31}",65,-480,-22,-43,0,0,-3,-47,-34,31,-3,0
327,-139.68372112986762,-298.2411783944301,1521.7625333089347,152.17625333089347,152.17625333089347,304.35250666178695,0.55,-2331.746882560655,-2735.1436006919935,-3298.980622444144,6350.340589515502,-372.85840938593316,-722.6204417700314,-565.5338801794126,-294.3151285906238,-565.5338801794126,-874.7966951009249,-139.68372112986762,"{""AC"": 50, ""AC_35_P"": -9, ""AC_40_BP"": 1, ""AC_45_KO"": -300, ""AC_50_CO"": -1, ""AC_50_C_2"": -7, ""AC_50_P"": -14, ""AC_50_P_2"": -9, ""AC_60_C"": -27}",50,-300,1,-1,-7,-9,-9,0,0,-14,0,-27
328,-75.85549869552892,-551.7976105636554,2151.492011439647,215.1492011439647,215.1492011439647,430.2984022879294,0.568,-2573.6139084025954,-2990.3959067242135,-5259.522120482707,13150.46056863398,-333.2168895357885,-719.2589757961778,-569.4721855279006,-258.3234944016499,-569.4721855279006,-934.4081769401424,-75.85549869552892,"{""AC"": 50, ""AC_40_BP"": -8, ""AC_40_P"": -5, ""AC_45_KO"": -470, ""AC_45_P"": -14, ""AC_50_C"": -7, ""AC_50_CO"": 5, ""AC_50_P"": -13, ""AC_60_C"": -3}",50,-470,-8,5,0,0,0,-5,-14,-13,-7,-3
329,322.5180699088428,920.8732967253607,5362.406698796765,536.2406698796765,536.2406698796765,1072.481339759353,0.4325,-8938.172004114846,-17173.511204200797,-32245.992070633474,8959.739193746374,-571.2991305026418,-1912.0249311198686,-1286.328065648222,-258.4506977668186,-1286.328065648222,-2448.2656009995453,322.5180699088428,"{""AC"": -190, ""AC_35_P"": 42, ""AC_40_BP"": -22, ""AC_45_KO"": -410, ""AC_45_P"": -7, ""AC_50_C"": 28, ""AC_50_CO"": 16, ""AC_50_C_2"": 37, ""AC_60_C"": 22}",-190,-410,-22,16,37,0,42,0,-7,0,28,22
330,-215.43392893679413,-793.9266014248608,3554.2330671620043,355.42330671620044,355.42330671620044,710.8466134324009,0.5995,-4472.961917571625,-5170.5642491075905,-5569.863218356327,23374.33652667989,-662.7301206939567,-1333.6744083297003,-1064.089869930638,-527.9378514944256,-1064.089869930638,-1689.0977150459007,-215.43392893679413,"{""AC"": 95, ""AC_35_P"": -24, ""AC_40_BP"": 10, ""AC_45_KO"": -60, ""AC_50_CO"": -5, ""AC_50_C_2"": -45, ""AC_50_P"": -30, ""AC_50_P_2"": 3, ""AC_60_C"": 8}",95,-60,10,-5,-45,3,-24,0,0,-30,0,8
331,137.063750121876,746.1288457056414,3861.024285042143,386.10242850421434,386.10242850421434,772.2048570084287,0.4315,-6915.416913024562,-12949.422079203576,-22159.851965935177,6008.6346410322885,-554.4779411805803,-1591.7904781342645,-1093.3000010839155,-305.23270265540566,-1093.3000010839155,-1977.892906638479,137.063750121876,"{""AC"": -75, ""AC_35_P"": -5, ""AC_40_BP"": 20, ""AC_40_P"": 30, ""AC_45_KO"": -50, ""AC_50_C"": -3, ""AC_50_CO"": 11, ""AC_50_C_2"": -23, ""AC_50_P_2"": 42}",-75,-50,20,11,-23,42,-5,30,0,0,-3,0
332,229.17639397236536,864.0325935917406,4652.908591613242,465.2908591613242,465.2908591613242,930.5817183226484,0.4315,-8044.652868262024,-16362.53558281131,-28476.52176528463,7653.180109717769,-575.2888928538371,-1781.9868230931406,-1210.1669658476003,-289.3789642310669,-1210.1669658476003,-2247.2776822544647,229.17639397236536,"{""AC"": -100, ""AC_40_BP"": -39, ""AC_40_P"": 28, ""AC_45_KO"": -330, ""AC_45_P"": 30, ""AC_50_C"": -9, ""AC_50_CO"": 11, ""AC_50_C_2"": -1, ""AC_50_P_2"": 38}",-100,-330,-39,11,-1,38,0,28,30,0,-9,0
333,400.2762243535791,300.3030981256378,3965.6159824765123,396.5615982476512,396.5615982476512,793.1231964953024,0.471,-5684.088892225323,-9723.97885233967,-17284.206458068544,8067.601999498962,-168.13266486895327,-1020.7459987027518,-650.6179086040449,16.93138018040011,-650.6179086040449,-1417.307596950403,400.2762243535791,"{""AC"": -175, ""AC_35_P"": 50, ""AC_40_BP"": -24, ""AC_45_KO"": -380, ""AC_50_C"": 44, ""AC_50_CO"": 14, ""AC_50_C_2"": 33, ""AC_50_P_2"": -6, ""AC_60_C"": 50}",-175,-380,-24,14,33,-6,50,0,0,0,44,50
334,-153.3963551641681,1137.9241071660194,3010.220496673893,301.0220496673893,301.0220496673893,602.0440993347786,0.3045,-6070.6914646617015,-13223.162456571114,-24126.843035138772,1876.555787058843,-760.4655016303383,-1671.0692213295936,-1214.511099697118,-532.1864408141005,-1214.511099697118,-1972.091270996983,-153.3963551641681,"{""AC"": -80, ""AC_35_P"": 7, ""AC_40_BP"": -7, ""AC_40_P"": -32, ""AC_45_KO"": -80, ""AC_50_C"": -10, ""AC_50_CO"": 9, ""AC_50_C_2"": -19, ""AC_50_P"": -45}",-80,-80,-7,9,-19,0,7,-32,0,-45,-10,0
335,5.703195224613904,-941.3710994728422,2645.6684249382215,264.56684249382215,264.56684249382215,529.1336849876443,0.6445,-2367.406929471492,-2651.866376720529,-2986.84347293199,18862.69663349173,-231.0374977225353,-586.1485371432591,-481.69126544302094,-178.80886187241623,-481.69126544302094,-850.7153796370812,5.703195224613904,"{""AC"": 85, ""AC_35_P"": 3, ""AC_40_BP"": 24, ""AC_40_P"": 31, ""AC_45_KO"": -220, ""AC_50_C"": -29, ""AC_50_CO"": 6, ""AC_50_C_2"": 13, ""AC_50_P_2"": -13}",85,-220,24,6,13,-13,3,31,0,0,-29,0
336,343.00232494012306,897.0596479176263,4938.627743241015,493.8627743241015,493.8627743241015,987.725548648203,0.435,-8092.98839340812,-14868.920042863589,-27795.11267831562,8451.351425696825,-466.296514400689,-1680.2447734119069,-1117.8773212331455,-185.11278831130835,-1117.8773212331455,-2174.107547736008,343.00232494012306,"{""AC"": -195, ""AC_35_P"": 15, ""AC_40_BP"": -29, ""AC_40_P"": -4, ""AC_45_KO"": -500, ""AC_50_C"": 16, ""AC_50_CO"": 19, ""AC_50_C_2"": 45, ""AC_60_C"": 50}",-195,-500,-29,19,45,0,15,-4,0,0,16,50
337,206.79355648127594,-2313.819093864571,6387.446537768282,638.7446537768282,638.7446537768282,1277.4893075536563,0.687,-4246.496648941306,-4990.445537474616,-6730.509862101277,51788.706375626396,-217.8561084128547,-854.8306057540507,-749.5532677483341,-165.21743940999642,-749.5532677483341,-1493.5752595308788,206.79355648127594,"{""AC"": 150, ""AC_35_P"": 22, ""AC_40_BP"": -1, ""AC_45_KO"": -370, ""AC_45_P"": 23, ""AC_50_C"": 19, ""AC_50_CO"": 12, ""AC_50_P_2"": 39, ""AC_60_C"": 7}",150,-370,-1,12,0,39,22,0,23,0,19,7
338,-183.96642032545705,-50.26332583039634,984.3693343440054,98.43693343440054,98.43693343440054,196.8738668688011,0.524,-1840.067208037942,-3990.551267124943,-6506.878131143321,1050.3502683129545,-367.9731411292513,-643.9832223349425,-509.1949682483486,-300.5790140859543,-509.1949682483486,-742.4201557693431,-183.96642032545705,"{""AC"": -15, ""AC_35_P"": -5, ""AC_40_BP"": -7, ""AC_40_P"": -45, ""AC_45_KO"": -460, ""AC_45_P"": -20, ""AC_50_CO"": -13, ""AC_50_C_2"": -24, ""AC_60_C"": 14}",-15,-460,-7,-13,-24,0,-5,-45,-20,0,0,14
339,200.45068156441698,719.7116856463872,4048.750217905888,404.8750217905888,404.8750217905888,809.7500435811776,0.4315,-6857.768113276331,-13607.844548985537,-23255.43613455305,6705.916125702164,-485.32612976321616,-1513.9913467546658,-1030.652046322327,-243.65647954704679,-1030.652046322327,-1918.8663685452545,200.45068156441698,"{""AC"": -140, ""AC_35_P"": 35, ""AC_40_BP"": -47, ""AC_45_KO"": -420, ""AC_50_C"": 17, ""AC_50_CO"": 9, ""AC_50_C_2"": -6, ""AC_50_P_2"": -5, ""AC_60_C"": 37}",-140,-420,-47,9,-6,-5,35,0,0,0,17,37
340,-99.60674091497127,-76.19810188784967,732.0462173382281,73.2046217338228,73.2046217338228,146.4092434676456,0.5375,-1219.9872031550647,-1938.422796929001,-3912.2532021809693,3492.802708181993,-221.60546123047774,-404.60354170373745,-319.20713225514237,-178.9072565061802,-319.20713225514237,-477.80816343756027,-99.60674091497127,"{""AC"": 5, ""AC_40_BP"": -6, ""AC_40_P"": -6, ""AC_45_KO"": -110, ""AC_50_C"": 15, ""AC_50_CO"": -47, ""AC_50_P"": 30, ""AC_50_P_2"": -23, ""AC_60_C"": 11}",5,-110,-6,-47,0,-23,0,-6,0,30,15,11
341,-115.9681937539814,1940.249114695555,6386.732768276763,638.6732768276763,638.6732768276763,1277.3465536553526,0.319,-12660.113352304488,-28214.818276991577,-51037.23233771747,5662.274564326687,-1381.9795289844303,-3280.9965318301033,-2334.321835013493,-908.6421805761249,-2334.321835013493,-3919.66980865778,-115.9681937539814,"{""AC"": -120, ""AC_40_BP"": 10, ""AC_40_P"": 8, ""AC_45_KO"": -80, ""AC_45_P"": 13, ""AC_50_C"": -17, ""AC_50_CO"": -19, ""AC_50_P_2"": -21, ""AC_60_C"": -29}",-120,-80,10,-19,0,-21,0,8,13,0,-17,-29
342,309.16103961046485,50.04569825247884,1903.8905784347926,190.38905784347926,190.38905784347926,380.77811568695853,0.491,-2497.8777655397794,-3340.9054178732804,-5781.47637175847,4820.185243551983,59.373263056486905,-315.30840177448,-160.71515414224166,136.66988687260607,-160.71515414224166,-505.6974596179592,309.16103961046485,"{""AC"": -100, ""AC_35_P"": 41, ""AC_40_BP"": -39, ""AC_40_P"": -5, ""AC_45_KO"": -360, ""AC_50_C"": 25, ""AC_50_CO"": 11, ""AC_50_C_2"": 38, ""AC_60_C"": 39}",-100,-360,-39,11,38,0,41,-5,0,0,25,39
343,-49.898393734692704,-667.694743141187,2540.14209186017,254.01420918601698,254.01420918601698,508.02841837203397,0.602,-2838.8355169411225,-3203.4172991157616,-3406.9434942415655,15934.465694997085,-333.781945428805,-759.6072729699733,-602.7308258688696,-255.3437218782531,-602.7308258688696,-1013.6214821559903,-49.898393734692704,"{""AC"": 75, ""AC_35_P"": 26, ""AC_40_BP"": 18, ""AC_40_P"": -8, ""AC_45_KO"": -260, ""AC_50_C"": 24, ""AC_50_CO"": -30, ""AC_50_P"": 9, ""AC_60_C"": -14}",75,-260,18,-30,0,0,26,-8,0,9,24,-14
344,-126.68910378562028,921.3305912646949,3287.2874115120203,328.72874115120203,328.72874115120203,657.4574823024041,0.2755,-6551.858254010656,-15380.20429234657,-28333.466326812617,2862.1104309686198,-781.874929186686,-1764.6536672882844,-1273.8322124628196,-536.4642017739536,-1273.8322124628196,-2093.3824084394864,-126.68910378562028,"{""AC"": -35, ""AC_35_P"": 22, ""AC_40_BP"": -1, ""AC_45_KO"": -220, ""AC_45_P"": 17, ""AC_50_C"": -24, ""AC_50_CO"": -7, ""AC_50_P_2"": -34, ""AC_60_C"": -39}",-35,-220,-1,-7,0,-34,22,0,17,0,-24,-39
345,348.1074301972878,199.7090052361201,3116.0699274492104,311.60699274492106,311.60699274492106,623.2139854898421,0.4775,-4328.894597738209,-6757.975139237286,-11523.781164126252,6470.325886898246,-84.78202957653315,-734.1162192372644,-457.0302558359041,53.76095212414705,-457.0302558359041,-1045.7232119821856,348.1074301972878,"{""AC"": -165, ""AC_35_P"": 21, ""AC_40_BP"": -39, ""AC_45_KO"": -500, ""AC_50_C"": 45, ""AC_50_CO"": 22, ""AC_50_C_2"": 35, ""AC_50_P_2"": -23, ""AC_60_C"": 50}",-165,-500,-39,22,35,-23,21,0,0,0,45,50
346,335.17560798138254,241.68839057695237,2702.1444368920197,270.21444368920197,270.21444368920197,540.4288873784039,0.4575,-3934.0932238507985,-7003.975501246048,-12628.654411869136,5832.585780012021,-58.23371440369732,-648.3476979813171,-390.04559744083815,70.91733586654212,-390.04559744083815,-918.562141670519,335.17560798138254,"{""AC"": -110, ""AC_35_P"": 50, ""AC_40_BP"": -50, ""AC_45_KO"": -440, ""AC_50_C"": 24, ""AC_50_CO"": 11, ""AC_50_C_2"": 50, ""AC_50_P_2"": 12, ""AC_60_C"": 15}",-110,-440,-50,11,50,12,50,0,0,0,24,15
347,-364.38148642393435,-136.76112349024106,2966.273092730076,296.6273092730076,296.6273092730076,593.2546185460152,0.5085,-5193.246041206006,-6105.305178867657,-6607.755543591526,6444.22018954466,-883.706090544535,-1662.692996725436,-1291.682047241339,-698.2006158024866,-1291.682047241339,-1959.3203059984435,-364.38148642393435,"{""AC"": 50, ""AC_40_BP"": -20, ""AC_40_P"": -40, ""AC_45_KO"": -130, ""AC_45_P"": -36, ""AC_50_C"": 32, ""AC_50_CO"": -17, ""AC_50_P"": -48, ""AC_60_C"": -50}",50,-130,-20,-17,0,0,0,-40,-36,-48,32,-50
348,296.8405425724193,446.3391987500821,3467.2550590683136,346.72550590683136,346.72550590683136,693.4510118136627,0.446,-5310.018833700737,-9481.744887624936,-17080.374257563773,6596.71717857604,-234.16134079765436,-1030.6641658527649,-673.0250354361069,-55.34177558932538,-673.0250354361069,-1377.3896717595962,296.8405425724193,"{""AC"": -160, ""AC_35_P"": 28, ""AC_40_BP"": -46, ""AC_40_P"": -6, ""AC_45_KO"": -310, ""AC_50_C"": 43, ""AC_50_CO"": 4, ""AC_50_C_2"": 20, ""AC_60_C"": 50}",-160,-310,-46,4,20,0,28,-6,0,0,43,50
349,-126.96666631553627,2646.296457045307,9050.466916417206,905.0466916417206,905.0466916417206,1810.0933832834412,0.3275,-17766.95544076894,-39375.38336317208,-71080.03424753182,8670.371017075193,-1903.6622103924303,-4568.7055265077715,-3244.5333282517377,-1241.5761112644134,-3244.5333282517377,-5473.752218149492,-126.96666631553627,"{""AC"": -195, ""AC_35_P"": 8, ""AC_40_BP"": -12, ""AC_40_P"": 7, ""AC_45_KO"": -280, ""AC_50_C"": -23, ""AC_50_CO"": -9, ""AC_50_P_2"": -39, ""AC_60_C"": -30}",-195,-280,-12,-9,0,-39,8,7,0,0,-23,-30
350,94.59594802018901,12.835692446900811,500.9922824634117,50.09922824634117,50.09922824634117,100.19845649268234,0.485,-521.0240232735651,-902.870570286038,-1305.7810575489266,3498.7723417726274,42.4935456928325,-35.660057798202274,-8.607269594016344,56.01993979492546,-8.607269594016344,-85.75928604454344,94.59594802018901,"{""AC"": 10, ""AC_40_BP"": -46, ""AC_40_P"": 39, ""AC_45_KO"": -90, ""AC_45_P"": -11, ""AC_50_CO"": 1, ""AC_50_C_2"": 8, ""AC_50_P"": 19, ""AC_60_C"": -1}",10,-90,-46,1,8,0,0,39,-11,19,0,-1
351,-271.01239883314736,-50.13962828545749,2243.8653332619824,224.38653332619825,224.38653332619825,448.7730666523965,0.506,-3926.9401822989303,-4597.213729017481,-4980.980317557283,6426.896990724013,-663.7064170630404,-1252.7474444078798,-972.2466928410861,-523.4560412796435,-972.2466928410861,-1477.1339777340781,-271.01239883314736,"{""AC"": 85, ""AC_35_P"": 9, ""AC_40_BP"": -3, ""AC_40_P"": -9, ""AC_45_KO"": -450, ""AC_45_P"": -10, ""AC_50_CO"": -46, ""AC_50_P_2"": -3, ""AC_60_C"": -39}",85,-450,-3,-46,0,-3,9,-9,-10,0,0,-39
352,-166.8198503822383,163.8029987448653,1049.671973223567,104.9671973223567,104.9671973223567,209.9343946447134,0.4475,-2063.9264962877096,-2503.2429395592903,-2745.2609162849226,3674.248257383531,-373.2125000110093,-682.8014744541657,-528.8924234865731,-296.2579745272129,-528.8924234865731,-787.7686717765224,-166.8198503822383,"{""AC"": 25, ""AC_35_P"": -30, ""AC_40_BP"": 24, ""AC_45_KO"": -30, ""AC_45_P"": -17, ""AC_50_C"": -35, ""AC_50_CO"": -2, ""AC_50_C_2"": 18, ""AC_50_P"": -18}",25,-30,24,-2,18,0,-30,0,-17,-18,-35,0
353,80.21659062415148,1221.4173098829947,4648.901933499486,464.8901933499486,464.8901933499486,929.7803866998972,0.3325,-8873.512898374063,-19186.995701583637,-34237.45254162989,5941.93386052024,-807.1346992132549,-2138.161633969364,-1483.2554408069325,-479.6816026320389,-1483.2554408069325,-2603.051827319313,80.21659062415148,"{""AC"": -55, ""AC_35_P"": 31, ""AC_40_BP"": -45, ""AC_45_KO"": -10, ""AC_45_P"": 19, ""AC_50_C"": -46, ""AC_50_CO"": -21, ""AC_50_P"": 25, ""AC_50_P_2"": 46}",-55,-10,-45,-21,0,46,31,0,19,25,-46,0
354,12.738979445302423,-2379.53747990667,7383.321203039882,738.3321203039882,738.3321203039882,1476.6642406079764,0.6485,-6642.742861458236,-7393.229114970409,-7812.216539121982,54237.016184450804,-651.5353067005212,-1647.9467359192565,-1352.838509925427,-503.98119370360644,-1352.838509925427,-2386.2788562232445,12.738979445302423,"{""AC"": 180, ""AC_35_P"": 11, ""AC_40_BP"": -13, ""AC_40_P"": -12, ""AC_45_KO"": -50, ""AC_45_P"": 12, ""AC_50_CO"": 9, ""AC_50_C_2"": 11, ""AC_50_P_2"": 1}",180,-50,-13,9,11,1,11,-12,12,0,0,0
355,11.49271130334121,1767.0485511031961,6323.624170934393,632.3624170934393,632.3624170934393,1264.7248341868785,0.352,-12107.355827731031,-25980.471030830326,-46335.597084991256,7058.971597911057,-1199.2428714697621,-3015.3462456294164,-2120.791871403033,-751.9656843565701,-2120.791871403033,-3647.7086627228555,11.49271130334121,"{""AC"": -175, ""AC_40_BP"": -22, ""AC_40_P"": 1, ""AC_45_KO"": -170, ""AC_45_P"": -15, ""AC_50_C"": 3, ""AC_50_CO"": 5, ""AC_50_P_2"": -15, ""AC_60_C"": 2}",-175,-170,-22,5,0,-15,0,1,-15,0,3,2
356,349.6907813115444,1076.6283436213714,6179.511208881603,617.9511208881603,617.9511208881603,1235.9022417763206,0.423,-10414.680342244033,-20531.323396320604,-38914.79958704602,9994.778691826898,-691.777252912859,-2253.979304249464,-1521.4868304691406,-325.5310160226974,-1521.4868304691406,-2871.9304251376243,349.6907813115444,"{""AC"": -200, ""AC_35_P"": 28, ""AC_40_BP"": -37, ""AC_45_KO"": -380, ""AC_45_P"": 1, ""AC_50_C"": 28, ""AC_50_CO"": 19, ""AC_50_C_2"": 50, ""AC_50_P"": 19}",-200,-380,-37,19,50,0,28,0,1,19,28,0
357,239.64057480885444,735.08779128443,4164.681297577506,416.46812975775055,416.46812975775055,832.9362595155011,0.415,-7023.743297230223,-13635.563896255473,-24984.30310972689,6899.99217857604,-462.7337549141679,-1516.2952494987014,-1022.1549846545543,-215.66362249209436,-1022.1549846545543,-1932.763379256452,239.64057480885444,"{""AC"": -155, ""AC_35_P"": 17, ""AC_40_BP"": -50, ""AC_45_KO"": -180, ""AC_45_P"": 6, ""AC_50_C"": 22, ""AC_50_CO"": 8, ""AC_50_C_2"": 21, ""AC_60_C"": 32}",-155,-180,-50,8,21,0,17,0,6,0,22,32
358,277.69543370669896,100.04614212449215,2512.500790147809,251.25007901478088,251.25007901478088,502.50015802956176,0.487,-3556.590111319807,-6008.942848765938,-10821.494465275056,5322.955007492421,-77.96357742528176,-611.4520941232528,-381.4181224986625,37.053408387013384,-381.4181224986625,-862.7021731380337,277.69543370669896,"{""AC"": -105, ""AC_35_P"": 31, ""AC_40_BP"": -27, ""AC_45_KO"": -130, ""AC_45_P"": 22, ""AC_50_C"": 36, ""AC_50_CO"": 1, ""AC_50_C_2"": 21, ""AC_60_C"": 26}",-105,-130,-27,1,21,0,31,0,22,0,36,26
359,28.38020702361207,187.78929412803947,636.171829716527,63.617182971652696,63.617182971652696,127.23436594330539,0.3995,-1093.086739157858,-2545.825029380763,-4074.642045494369,818.983114055746,-80.92846689217372,-244.89147776585241,-167.39139533589298,-42.178425677194,-167.39139533589298,-308.5086607375051,28.38020702361207,"{""AC"": -5, ""AC_40_BP"": 2, ""AC_40_P"": -11, ""AC_45_KO"": -430, ""AC_50_C"": 20, ""AC_50_CO"": -5, ""AC_50_C_2"": -13, ""AC_50_P"": 29, ""AC_60_C"": -11}",-5,-430,2,-5,-13,0,0,-11,0,29,20,-11
360,-204.6406049140829,-540.048017194566,3028.7329713091594,302.87329713091594,302.87329713091594,605.7465942618319,0.562,-4287.826196189519,-5010.55796493649,-5447.528653178231,16468.175653781014,-633.4232245330348,-1276.5971539614625,-999.2511829079687,-494.75023900628787,-999.2511829079687,-1579.4704510923784,-204.6406049140829,"{""AC"": 60, ""AC_35_P"": -35, ""AC_40_BP"": 7, ""AC_40_P"": 3, ""AC_45_KO"": -190, ""AC_50_CO"": -4, ""AC_50_C_2"": -2, ""AC_50_P"": -47, ""AC_50_P_2"": -10}",60,-190,7,-4,-2,-10,-35,3,0,-47,0,0
361,200.50333973294286,127.07683975544015,1222.612790601137,122.26127906011371,122.26127906011371,244.52255812022742,0.4625,-1707.617523904938,-3050.5339038920333,-5820.106176923139,5790.806903429233,29.741587342449037,-226.40104124329164,-116.76992838285467,84.55714377266753,-116.76992838285467,-348.66232030340535,200.50333973294286,"{""AC"": -70, ""AC_35_P"": 46, ""AC_40_BP"": -41, ""AC_45_KO"": -390, ""AC_50_C"": 38, ""AC_50_CO"": 2, ""AC_50_C_2"": 40, ""AC_50_P"": -17, ""AC_50_P_2"": -4}",-70,-390,-41,2,40,-4,46,0,0,-17,38,0
362,62.722654797517635,1363.1969046910199,4999.083942353812,499.9083942353812,499.9083942353812,999.8167884707624,0.3605,-9640.965436366541,-19949.574261322057,-36122.75743994716,6076.325766918432,-901.3738888391365,-2347.518704294118,-1633.3763577751542,-544.3027155796548,-1633.3763577751542,-2847.4270985294993,62.722654797517635,"{""AC"": -130, ""AC_35_P"": 30, ""AC_40_BP"": -9, ""AC_40_P"": -28, ""AC_45_KO"": -90, ""AC_50_CO"": -1, ""AC_50_C_2"": 8, ""AC_50_P"": 6, ""AC_50_P_2"": 4}",-130,-90,-9,-1,8,4,30,-28,0,6,0,0
363,-12.265859190919171,1742.099294931414,5320.307320574357,532.0307320574357,532.0307320574357,1064.0614641148713,0.339,-10361.034896382156,-22477.691560052946,-40118.80080699242,5307.848338328281,-1048.3693488291349,-2602.524583286458,-1832.4364596769603,-663.325287024386,-1832.4364596769603,-3134.5553153438937,-12.265859190919171,"{""AC"": -125, ""AC_35_P"": -9, ""AC_40_BP"": -2, ""AC_40_P"": 2, ""AC_45_KO"": -40, ""AC_45_P"": 1, ""AC_50_CO"": -34, ""AC_50_P"": 21, ""AC_60_C"": 16}",-125,-40,-2,-34,0,0,-9,2,1,21,0,16
364,127.71435457919135,1658.116349973965,6363.68262186465,636.368262186465,636.368262186465,1272.73652437293,0.3865,-11872.600439215626,-24820.841295441638,-43818.958945991835,8257.144777934769,-1059.5456893423714,-2840.435755224715,-1971.359842396385,-625.0077329282062,-1971.359842396385,-3476.80401741118,127.71435457919135,"{""AC"": -185, ""AC_35_P"": 9, ""AC_40_BP"": -8, ""AC_45_KO"": -270, ""AC_50_C"": 30, ""AC_50_CO"": -5, ""AC_50_P"": -4, ""AC_50_P_2"": 9, ""AC_60_C"": 6}",-185,-270,-8,-5,0,9,9,0,0,-4,30,6
365,-247.91611547758004,-1274.0311500903226,4944.382740891507,494.4382740891507,494.4382740891507,988.8765481783014,0.564,-6184.438577772769,-7091.744598164197,-7643.625978413429,30422.480349816793,-866.3599732548571,-1794.0257599207723,-1422.8010391880707,-680.7476128885062,-1422.8010391880707,-2288.464034009923,-247.91611547758004,"{""AC"": 130, ""AC_40_BP"": -38, ""AC_45_KO"": -130, ""AC_45_P"": -44, ""AC_50_C"": -16, ""AC_50_CO"": -6, ""AC_50_C_2"": -21, ""AC_50_P_2"": -13, ""AC_60_C"": 4}",130,-130,-38,-6,-21,-13,0,0,-44,0,-16,4
366,274.60551409373727,125.70097427452947,2851.9576690347894,285.19576690347895,285.19576690347895,570.3915338069579,0.4835,-3935.7619362056453,-6678.764206166067,-10749.789416998246,5953.35693560875,-118.97067952682727,-709.334969957674,-458.3566597888489,6.518475557585262,-458.3566597888489,-994.530736861153,274.60551409373727,"{""AC"": -135, ""AC_35_P"": 32, ""AC_40_BP"": -50, ""AC_40_P"": 9, ""AC_45_KO"": -310, ""AC_50_C"": 41, ""AC_50_CO"": 13, ""AC_50_P_2"": -16, ""AC_60_C"": 48}",-135,-310,-50,13,0,-16,32,9,0,0,41,48
367,260.3834687869914,167.99077923421964,1291.598192730985,129.1598192730985,129.1598192730985,258.319638546197,0.4605,-1709.0727115336545,-2564.6152344966395,-3881.7454009086746,8218.798682328263,89.47619763362593,-166.88470909642223,-60.55734757960602,142.63987839203403,-60.55734757960602,-296.0445283695207,260.3834687869914,"{""AC"": -70, ""AC_35_P"": 28, ""AC_40_BP"": -50, ""AC_40_P"": -8, ""AC_45_KO"": -370, ""AC_50_C"": 13, ""AC_50_CO"": 14, ""AC_50_C_2"": 47, ""AC_60_C"": 30}",-70,-370,-50,14,47,0,28,-8,0,0,13,30
368,-73.43744933037212,713.366557537905,1917.1138421508754,191.71138421508755,191.71138421508755,383.4227684301751,0.3185,-3993.158344231347,-8301.618590564492,-13949.914786311932,1462.5614790712307,-472.7532837535068,-1071.7270353882088,-768.2668930726179,-321.02321259571136,-768.2668930726179,-1263.4384196032963,-73.43744933037212,"{""AC"": -35, ""AC_35_P"": -18, ""AC_40_BP"": -44, ""AC_40_P"": -8, ""AC_45_KO"": -210, ""AC_45_P"": 19, ""AC_50_CO"": -5, ""AC_50_C_2"": -29}",-35,-210,-44,-5,-29,0,-18,-8,19,0,0,0
369,-23.988759918663046,1772.5696631303706,5579.624281446423,557.9624281446423,557.9624281446423,1115.9248562892847,0.334,-11027.471643073675,-23717.455820782958,-42969.9923366335,5524.219030340669,-1126.7359242260304,-2780.856670687082,-1957.0907204520354,-714.8529491085073,-1957.0907204520354,-3338.819098831724,-23.988759918663046,"{""AC"": -125, ""AC_40_BP"": -2, ""AC_40_P"": -15, ""AC_45_KO"": -260, ""AC_45_P"": 22, ""AC_50_C"": -10, ""AC_50_CO"": -22, ""AC_50_C_2"": 5, ""AC_60_C"": 1}",-125,-260,-2,-22,5,0,0,-15,22,0,-10,1
370,268.1012669552518,171.385442302204,1300.3888515454325,130.03888515454327,130.03888515454327,260.07777030908653,0.444,-1367.4810785707757,-2592.389423832197,-5046.049126598521,9854.15016662873,131.35315909817422,-73.76900268744214,-2.0403374076362013,167.21749173807717,-2.0403374076362013,-203.8078878419854,268.1012669552518,"{""AC"": -75, ""AC_35_P"": 20, ""AC_40_BP"": -50, ""AC_45_KO"": -500, ""AC_50_C"": 32, ""AC_50_CO"": 1, ""AC_50_C_2"": 46, ""AC_50_P_2"": -14, ""AC_60_C"": 50}",-75,-500,-50,1,46,-14,20,0,0,0,32,50
371,285.8341416494645,1055.9206201123504,5581.656420492931,558.1656420492931,558.1656420492931,1116.3312840985861,0.417,-9653.724701104185,-19267.463284861566,-35592.16441240611,8831.312750616475,-679.5383284609541,-2127.597033626582,-1441.3073845408098,-336.39350391806806,-1441.3073845408098,-2685.762675675875,285.8341416494645,"{""AC"": -200, ""AC_35_P"": 37, ""AC_40_BP"": -47, ""AC_45_KO"": -440, ""AC_50_C"": 47, ""AC_50_CO"": 1, ""AC_50_C_2"": 29, ""AC_50_P_2"": -3, ""AC_60_C"": 18}",-200,-440,-47,1,29,-3,37,0,0,0,47,18
372,57.55397976893508,-873.0660687091795,2147.8409710272276,214.78409710272277,214.78409710272277,429.56819420544554,0.6575,-1456.117279934826,-1998.6237962618247,-3213.1101335781836,16716.305758178638,-88.05774822454754,-306.47534021477145,-268.2556607726502,-68.94790850348693,-268.2556607726502,-521.2594373174942,57.55397976893508,"{""AC"": 55, ""AC_35_P"": 39, ""AC_40_BP"": 14, ""AC_40_P"": -3, ""AC_45_KO"": -210, ""AC_45_P"": 25, ""AC_50_CO"": 5, ""AC_50_P"": -37, ""AC_50_P_2"": 13}",55,-210,14,5,0,13,39,-3,25,-37,0,0
373,382.30714147084916,806.9410676482026,5194.801036008936,519.4801036008936,519.4801036008936,1038.9602072017872,0.435,-8450.967607050232,-15538.551956517722,-29083.289646428722,9197.697801413098,-462.7896192341741,-1730.4347602917087,-1145.0780513871325,-170.11126478188586,-1145.0780513871325,-2249.914863892602,382.30714147084916,"{""AC"": -200, ""AC_35_P"": 31, ""AC_40_BP"": -48, ""AC_45_KO"": -500, ""AC_50_C"": 13, ""AC_50_CO"": 23, ""AC_50_C_2"": 49, ""AC_50_P_2"": -1, ""AC_60_C"": 48}",-200,-500,-48,23,49,-1,31,0,0,0,13,48
374,340.0041212416868,679.9973909299105,4821.0531086988585,482.10531086988584,482.10531086988584,964.2106217397717,0.4305,-7868.332214831565,-14819.610035664375,-28025.72031294656,8510.546174737083,-446.82910024146975,-1627.0789324662044,-1081.2983664179908,-173.93881721736295,-1081.2983664179908,-2109.1842433360903,340.0041212416868,"{""AC"": -180, ""AC_35_P"": 40, ""AC_40_BP"": -47, ""AC_40_P"": 4, ""AC_45_KO"": -270, ""AC_50_C"": 29, ""AC_50_CO"": 14, ""AC_50_C_2"": 40, ""AC_60_C"": 27}",-180,-270,-47,14,40,0,40,4,0,0,29,27
375,-189.68429400457256,-269.8208897248354,1862.8744829102216,186.28744829102214,186.28744829102214,372.5748965820443,0.553,-2845.1582244339124,-3368.274647987647,-3685.766085607844,10209.912855916726,-474.2001164479638,-900.9738501130507,-709.6017518151706,-378.51406729902374,-709.6017518151706,-1087.261298404073,-189.68429400457256,"{""AC"": 20, ""AC_35_P"": -27, ""AC_40_BP"": -13, ""AC_45_KO"": -230, ""AC_50_CO"": -2, ""AC_50_C_2"": -26, ""AC_50_P"": -38, ""AC_50_P_2"": -25, ""AC_60_C"": 26}",20,-230,-13,-2,-26,-25,-27,0,0,-38,0,26
376,117.55116252533394,-94.76288367975474,901.8345599585383,90.18345599585383,90.18345599585383,180.36691199170767,0.521,-969.7287966162138,-1318.8891075603174,-2056.444861464848,2183.219091207498,20.578282863712545,-124.88103662871951,-72.99988496502505,46.518858695559786,-72.99988496502505,-215.06449262457335,117.55116252533394,"{""AC"": -15, ""AC_35_P"": 31, ""AC_40_BP"": 10, ""AC_40_P"": -14, ""AC_45_KO"": -150, ""AC_50_C"": 6, ""AC_50_CO"": 16, ""AC_50_C_2"": -9, ""AC_50_P"": 19}",-15,-150,10,16,-9,0,31,-14,0,19,6,0
377,-149.11520309903992,-93.96866555401408,959.094194022355,95.9094194022355,95.9094194022355,191.818838804471,0.523,-1649.37265433775,-1923.8839780451294,-2083.278591365775,2794.0469254019636,-314.05246853281494,-561.4583666834774,-444.4758109508201,-255.56119066648628,-444.4758109508201,-657.3677860857129,-149.11520309903992,"{""AC"": 65, ""AC_35_P"": 32, ""AC_40_BP"": -9, ""AC_45_KO"": -150, ""AC_45_P"": 16, ""AC_50_C"": -47, ""AC_50_CO"": -27, ""AC_50_C_2"": -4, ""AC_50_P_2"": -14}",65,-150,-9,-27,-4,-14,32,0,16,0,-47,0
378,354.79386424279164,-5.076897744082089,1819.9860175270553,181.99860175270553,181.99860175270553,363.99720350541105,0.501,-1484.4975924216683,-2589.7734162415527,-3596.827977611746,14813.419059327432,206.3441050006248,-16.33053386262543,41.11992450318864,235.06933418353185,41.11992450318864,-198.32913561533096,354.79386424279164,"{""AC"": -35, ""AC_35_P"": 41, ""AC_40_BP"": -29, ""AC_45_KO"": -260, ""AC_50_C"": 25, ""AC_50_CO"": 25, ""AC_50_C_2"": 14, ""AC_50_P_2"": 28, ""AC_60_C"": 39}",-35,-260,-29,25,14,28,41,0,0,0,25,39
379,361.6605384466594,745.0001962612421,5178.972232376454,517.8972232376453,517.8972232376453,1035.7944464752907,0.443,-8436.76352521843,-15830.551416619148,-29427.282067918593,9110.543250774248,-482.0158140751836,-1747.5303428579482,-1162.8026019549277,-189.65194362367342,-1162.8026019549277,-2265.4275660955936,361.6605384466594,"{""AC"": -195, ""AC_35_P"": 38, ""AC_40_BP"": -36, ""AC_45_KO"": -500, ""AC_45_P"": 10, ""AC_50_C"": 47, ""AC_50_CO"": 7, ""AC_50_C_2"": 31, ""AC_60_C"": 30}",-195,-500,-36,7,31,0,38,0,10,0,47,30
380,72.84375136024525,-840.8792104943186,2332.893189080775,233.2893189080775,233.2893189080775,466.578637816155,0.729,-1271.3191753382373,-2108.5038153565047,-3049.8030238730653,20313.018107011998,-54.28816617357849,-244.98604247431408,-234.49878439452908,-49.04453713368599,-234.49878439452908,-478.27536138239157,72.84375136024525,"{""AC"": 35, ""AC_40_BP"": 18, ""AC_45_KO"": -200, ""AC_50_C"": 43, ""AC_50_CO"": 14, ""AC_50_C_2"": -15, ""AC_50_P"": 17, ""AC_50_P_2"": -16, ""AC_60_C"": -12}",35,-200,18,14,-15,-16,0,0,0,17,43,-12
381,110.78596939004096,1627.9443719467404,6668.063981198605,666.8063981198604,666.8063981198604,1333.6127962397209,0.3725,-12536.380827731033,-26409.496030830323,-46764.62208499125,8476.532273622495,-1142.8521133830625,-3023.3092375427173,-2103.074353829544,-682.734671526476,-2103.074353829544,-3690.115635662578,110.78596939004096,"{""AC"": -170, ""AC_35_P"": 22, ""AC_40_BP"": -21, ""AC_45_KO"": -100, ""AC_45_P"": 2, ""AC_50_C"": 3, ""AC_50_CO"": -6, ""AC_50_P"": 13, ""AC_60_C"": 8}",-170,-100,-21,-6,0,0,22,0,2,13,3,8
382,-62.6575287747027,-976.6036971283771,3658.0922762415635,365.80922762415634,365.80922762415634,731.6184552483127,0.6085,-3993.9040859090815,-4536.297262686627,-4872.1219166004685,24820.025235643545,-462.0479373656109,-1061.133550251973,-844.6477554731431,-353.80503997619587,-844.6477554731431,-1426.9427778761294,-62.6575287747027,"{""AC"": 85, ""AC_35_P"": -40, ""AC_40_BP"": -10, ""AC_45_KO"": -380, ""AC_45_P"": 15, ""AC_50_CO"": -6, ""AC_50_C_2"": 6, ""AC_50_P_2"": -6, ""AC_60_C"": 6}",85,-380,-10,-6,6,-6,-40,0,15,0,0,6
383,-201.8492788184086,-2237.617162547577,8317.002777587346,831.7002777587346,831.7002777587346,1663.4005555174692,0.608,-9214.011440232543,-10498.534518928795,-11206.174037833092,55761.96246408057,-1123.2504228416628,-2505.3521388765444,-1999.8011337326573,-870.4749202697194,-1999.8011337326573,-3337.052416635279,-201.8492788184086,"{""AC"": 200, ""AC_35_P"": -20, ""AC_40_BP"": 4, ""AC_45_KO"": -110, ""AC_45_P"": -15, ""AC_50_C"": 14, ""AC_50_CO"": -8, ""AC_50_P"": -26, ""AC_60_C"": -11}",200,-110,4,-8,0,0,-20,0,-15,-26,14,-11
384,78.40936158543502,1880.0124845712758,6971.558342071552,697.1558342071552,697.1558342071552,1394.3116684143104,0.381,-13119.143633730979,-27585.767084055613,-48287.088461957916,8600.450830492595,-1233.5050017876629,-3201.37654684731,-2238.040100577789,-751.8367786529028,-2238.040100577789,-3898.532381054465,78.40936158543502,"{""AC"": -175, ""AC_35_P"": -9, ""AC_40_BP"": 8, ""AC_40_P"": 36, ""AC_45_KO"": -10, ""AC_50_C"": 14, ""AC_50_CO"": -4, ""AC_50_C_2"": -14, ""AC_50_P_2"": -3}",-175,-10,8,-4,-14,-3,-9,36,0,0,14,0
385,343.6417875644076,814.227341201844,5623.781835819086,562.3781835819086,562.3781835819086,1124.7563671638172,0.4465,-9410.12665822356,-17938.82826419213,-32180.721981140607,9739.083345820702,-597.3708782579486,-2008.8898769914824,-1349.0663029600807,-267.4590912422476,-1349.0663029600807,-2571.2680605733913,343.6417875644076,"{""AC"": -200, ""AC_35_P"": 41, ""AC_40_BP"": -41, ""AC_45_KO"": -380, ""AC_50_C"": 46, ""AC_50_CO"": 21, ""AC_50_C_2"": 18, ""AC_50_P"": 3, ""AC_60_C"": 17}",-200,-380,-41,21,18,0,41,0,0,3,46,17
386,-54.76697960854931,-1705.0212248881317,5583.213338364319,558.3213338364319,558.3213338364319,1116.6426676728638,0.6465,-5360.720755607019,-6042.104166266715,-6420.914912445966,39952.2297817198,-590.8390551692512,-1394.947168510304,-1138.035759867818,-462.38335084800826,-1138.035759867818,-1953.2685023467359,-54.76697960854931,"{""AC"": 160, ""AC_35_P"": 19, ""AC_40_BP"": 25, ""AC_40_P"": -45, ""AC_45_KO"": -340, ""AC_45_P"": 27, ""AC_50_C"": -3, ""AC_50_CO"": 15, ""AC_60_C"": -31}",160,-340,25,15,0,0,19,-45,27,0,-3,-31
387,-198.1192906226316,302.9010523283287,2045.0067665341935,204.50067665341936,204.50067665341936,409.0013533068387,0.328,-4086.3023415324506,-9989.463574450805,-19889.93921471676,1887.809637522786,-606.7495247758767,-1219.6948760057442,-913.3149801792089,-453.559576862609,-913.3149801792089,-1424.1955526591635,-198.1192906226316,"{""AC"": -30, ""AC_40_BP"": 22, ""AC_45_KO"": -190, ""AC_50_C"": 8, ""AC_50_CO"": -21, ""AC_50_C_2"": 11, ""AC_50_P"": -29, ""AC_50_P_2"": -23, ""AC_60_C"": -37}",-30,-190,22,-21,11,-23,0,0,0,-29,8,-37
388,327.3865907320353,824.8407916001496,4878.3060870242125,487.8306087024213,487.8306087024213,975.6612174048425,0.416,-8193.171746520962,-15421.949773060338,-29163.084185991218,8313.614790712309,-491.93058392006094,-1720.9063458982052,-1145.5044755973195,-204.22964876961814,-1145.5044755973195,-2208.7369546006266,327.3865907320353,"{""AC"": -200, ""AC_35_P"": 40, ""AC_40_BP"": -50, ""AC_45_KO"": -270, ""AC_50_C"": 24, ""AC_50_CO"": 10, ""AC_50_C_2"": 48, ""AC_50_P"": -20, ""AC_60_C"": 49}",-200,-270,-50,10,48,0,40,0,0,-20,24,49
389,275.5716511811962,-137.52796948251492,1879.7860778651907,187.97860778651906,187.97860778651906,375.9572155730381,0.555,-1067.8627380221506,-2718.0615805242664,-4484.878737929231,15927.49487145897,168.78537737898114,8.605966675658578,21.402936584614096,175.1838623334589,21.402936584614096,-179.37264111086049,275.5716511811962,"{""AC"": -40, ""AC_35_P"": 39, ""AC_40_BP"": -45, ""AC_45_KO"": -390, ""AC_50_C"": 34, ""AC_50_CO"": 10, ""AC_50_C_2"": 27, ""AC_50_P"": -14, ""AC_60_C"": 47}",-40,-390,-45,10,27,0,39,0,0,-14,34,47
390,283.93311245229114,278.1519281279887,3152.8553368976823,315.2855336897682,315.2855336897682,630.5710673795364,0.456,-4734.612577288235,-8471.401154401245,-15078.757832320305,6300.571832569845,-189.52814527653237,-899.7200318697676,-583.9015409858282,-31.61889983456267,-583.9015409858282,-1215.0055655595359,283.93311245229114,"{""AC"": -130, ""AC_35_P"": 43, ""AC_40_BP"": -50, ""AC_45_KO"": -340, ""AC_45_P"": 4, ""AC_50_C"": 30, ""AC_50_CO"": 7, ""AC_50_C_2"": 13, ""AC_60_C"": 39}",-130,-340,-50,7,13,0,43,0,4,0,30,39
391,264.8510904444751,-39.78826507702772,1419.5580672384376,141.95580672384375,141.95580672384375,283.9116134476875,0.5065,-1621.7949321582716,-2250.9258740169525,-3899.1606628888676,3814.448916540969,102.67159722864795,-140.5976425950928,-49.3960527411875,148.27239215560058,-49.3960527411875,-282.55344931893654,264.8510904444751,"{""AC"": -80, ""AC_35_P"": 44, ""AC_40_BP"": -44, ""AC_45_KO"": -70, ""AC_45_P"": 10, ""AC_50_C"": 28, ""AC_50_CO"": -9, ""AC_50_C_2"": 29, ""AC_60_C"": 45}",-80,-70,-44,-9,29,0,44,0,10,0,28,45
392,20.956193017793122,-1001.7866226406998,3045.797450481978,304.5797450481978,304.5797450481978,609.1594900963956,0.7055,-2290.4554461651846,-2575.4029615266772,-2923.831473462195,25073.08440426142,-208.08935159872536,-551.657668523503,-474.9019964310835,-169.71151555251555,-474.9019964310835,-856.2374135717009,20.956193017793122,"{""AC"": 65, ""AC_40_BP"": 12, ""AC_40_P"": -13, ""AC_45_KO"": -170, ""AC_50_CO"": 25, ""AC_50_C_2"": -11, ""AC_50_P"": 19, ""AC_50_P_2"": -24, ""AC_60_C"": 5}",65,-170,12,25,-11,-24,0,-13,0,19,0,5
393,192.46141863633315,556.8073882331842,2457.1805021319396,245.71805021319398,245.71805021319398,491.43610042638795,0.3945,-4004.9111965188185,-8001.562959072567,-15273.709160226872,4042.937049349959,-208.02970101554874,-808.7663804933715,-531.1342859480866,-69.21365374290629,-531.1342859480866,-1054.4844307065655,192.46141863633315,"{""AC"": -130, ""AC_35_P"": 21, ""AC_40_BP"": -24, ""AC_45_KO"": -360, ""AC_50_C"": 36, ""AC_50_CO"": -7, ""AC_50_C_2"": 45, ""AC_50_P"": -31, ""AC_60_C"": 32}",-130,-360,-24,-7,45,0,21,0,0,-31,36,32
394,-183.574786936778,1863.599574844884,5286.103867707557,528.6103867707557,528.6103867707557,1057.2207735415113,0.279,-10709.11670150236,-24498.152418522262,-44729.91407235494,3680.7995319441743,-1254.486457087014,-2860.853962312368,-2054.24748554751,-851.1832187045849,-2054.24748554751,-3389.4643490831236,-183.574786936778,"{""AC"": -80, ""AC_40_BP"": -6, ""AC_40_P"": 7, ""AC_45_KO"": -140, ""AC_50_C"": -48, ""AC_50_CO"": -17, ""AC_50_P"": -46, ""AC_50_P_2"": 33, ""AC_60_C"": -19}",-80,-140,-6,-17,0,33,0,7,0,-46,-48,-19
395,391.7913717552108,718.1150936299119,5026.876841385656,502.6876841385656,502.6876841385656,1005.3753682771312,0.433,-8044.741883952541,-14998.95703710422,-28149.083786020372,9186.44313288005,-412.68281664004337,-1619.3940992329244,-1066.2637529069532,-136.1176434770577,-1066.2637529069532,-2122.08178337149,391.7913717552108,"{""AC"": -190, ""AC_35_P"": 50, ""AC_40_BP"": -50, ""AC_45_KO"": -500, ""AC_50_C"": 32, ""AC_50_CO"": 9, ""AC_50_C_2"": 41, ""AC_50_P_2"": 11, ""AC_60_C"": 39}",-190,-500,-50,9,41,11,50,0,0,0,32,39
396,-58.32406563683733,-279.4020222065767,1282.352462381516,128.2352462381516,128.2352462381516,256.4704924763032,0.546,-1727.9014455492045,-1929.0249043318993,-2103.1345882581695,6046.757116441695,-231.1142101917578,-490.2994270241385,-381.62690558829377,-176.77794947383546,-381.62690558829377,-618.5346732622901,-58.32406563683733,"{""AC"": 40, ""AC_40_BP"": -18, ""AC_45_KO"": -160, ""AC_45_P"": 19, ""AC_50_C"": 14, ""AC_50_CO"": -32, ""AC_50_C_2"": -6, ""AC_50_P"": -6, ""AC_50_P_2"": 10}",40,-160,-18,-32,-6,10,0,0,19,-6,14,0
397,264.41410100127456,444.6058906820844,3478.569316640106,347.85693166401063,347.85693166401063,695.7138633280213,0.449,-5546.804685023047,-10205.760897567367,-18039.38758067805,6465.6572079705775,-290.2663675010302,-1122.2870702544872,-741.5350675841876,-99.89036616588047,-741.5350675841876,-1470.144001918498,264.41410100127456,"{""AC"": -145, ""AC_35_P"": 43, ""AC_40_BP"": -43, ""AC_45_KO"": -480, ""AC_50_C"": 44, ""AC_50_CO"": 1, ""AC_50_C_2"": 8, ""AC_50_P_2"": -7, ""AC_60_C"": 37}",-145,-480,-43,1,8,-7,43,0,0,0,44,37
398,106.42192575968033,1952.0877934942255,8296.001292300138,829.6001292300137,829.6001292300137,1659.2002584600275,0.3615,-15627.180634249988,-33367.9521970012,-59397.84066626153,10428.870577771151,-1456.2961376653186,-3800.3732328028163,-2652.455233992824,-882.3371382603226,-2652.455233992824,-4629.97336203283,106.42192575968033,"{""AC"": -180, ""AC_40_BP"": -46, ""AC_40_P"": 22, ""AC_45_KO"": -10, ""AC_45_P"": 44, ""AC_50_C"": -26, ""AC_50_CO"": 10, ""AC_50_P"": -7, ""AC_60_C"": -15}",-180,-10,-46,10,0,0,0,22,44,-7,-26,-15
399,-320.2037648135284,3273.286891119703,8908.46072729378,890.846072729378,890.846072729378,1781.692145458756,0.285,-17903.34470812645,-41088.401818590835,-74641.52905907112,6215.889822100003,-2110.5382356261734,-4796.039941845141,-3451.1285073971844,-1438.0825184021953,-3451.1285073971844,-5686.886014574518,-320.2037648135284,"{""AC"": -175, ""AC_35_P"": -10, ""AC_40_BP"": -11, ""AC_45_KO"": -380, ""AC_50_C"": -47, ""AC_50_CO"": -49, ""AC_50_C_2"": -5, ""AC_50_P"": -47, ""AC_50_P_2"": 3}",-175,-380,-11,-49,-5,3,-10,0,0,-47,-47,0
400,-35.49539838931756,-159.9479655678319,540.2054370794584,54.02054370794584,54.02054370794584,108.04108741589168,0.6395,-703.9168699777298,-833.073744965138,-925.6554402562874,3002.024743297944,-105.88708538709054,-211.47461588375,-168.09320073994994,-84.1963778151905,-168.09320073994994,-265.4951595916958,-35.49539838931756,"{""AC"": 10, ""AC_35_P"": 5, ""AC_40_BP"": 20, ""AC_45_KO"": -80, ""AC_45_P"": -13, ""AC_50_CO"": 10, ""AC_50_C_2"": 12, ""AC_50_P_2"": -18, ""AC_60_C"": -19}",10,-80,20,10,12,-18,5,0,-13,0,0,-19
401,316.003027329414,76.74569806320261,1369.4975157031388,136.94975157031388,136.94975157031388,273.89950314062776,0.4865,-1375.0908651385034,-2580.1247761902955,-4399.742402842486,6237.505540510827,178.49394081556366,-27.769688955211848,41.26452177348156,213.01104617991038,41.26452177348156,-164.71944052552573,316.003027329414,"{""AC"": -75, ""AC_35_P"": 49, ""AC_40_BP"": -30, ""AC_45_KO"": -440, ""AC_45_P"": -1, ""AC_50_C"": 50, ""AC_50_CO"": 2, ""AC_50_C_2"": 28, ""AC_60_C"": 34}",-75,-440,-30,2,28,0,49,0,-1,0,50,34
402,274.3309290216803,180.79693589480627,1276.8779028477304,127.68779028477304,127.68779028477304,255.3755805695461,0.4475,-1398.7994026676643,-2373.0171303894435,-4425.7485363511605,10126.720934749781,134.45098875491385,-75.36892164523579,0.6671234791441165,172.4690113171038,0.6671234791441165,-203.05671193000882,274.3309290216803,"{""AC"": -75, ""AC_35_P"": 9, ""AC_40_BP"": -45, ""AC_45_KO"": -440, ""AC_50_C"": 46, ""AC_50_CO"": 4, ""AC_50_C_2"": 50, ""AC_50_P"": -2, ""AC_60_C"": 27}",-75,-440,-45,4,50,0,9,0,0,-2,46,27
403,154.1202094354083,4.788037218517331,938.1106725509619,93.81106725509619,93.81106725509619,187.62213451019238,0.498,-728.0798778025511,-1475.7572828847913,-2166.649243346293,7743.472070879787,81.31222165515318,-27.899760015229475,-1.9973058625224525,94.26344873150668,-1.9973058625224525,-121.71082727032567,154.1202094354083,"{""AC"": 25, ""AC_35_P"": -2, ""AC_40_BP"": -4, ""AC_40_P"": 35, ""AC_45_KO"": -180, ""AC_45_P"": 42, ""AC_50_C"": 6, ""AC_50_CO"": -5, ""AC_50_C_2"": 9}",25,-180,-4,-5,9,0,-2,35,42,0,6,0
404,-44.26056472378781,1741.037483585445,5180.656993249563,518.0656993249563,518.0656993249563,1036.1313986499126,0.296,-9921.576202381002,-22199.07419324134,-43513.923540891876,5624.443125736526,-1036.418184961888,-2524.6546153190384,-1791.5298447434163,-669.855799674077,-1791.5298447434163,-3042.7203146439947,-44.26056472378781,"{""AC"": -120, ""AC_35_P"": 12, ""AC_40_BP"": 1, ""AC_45_KO"": -50, ""AC_45_P"": -7, ""AC_50_C"": -2, ""AC_50_CO"": -44, ""AC_50_C_2"": 43, ""AC_60_C"": -8}",-120,-50,1,-44,43,0,12,0,-7,0,-2,-8
405,35.88696392271083,-1272.008136998084,3864.1058227776816,386.4105822777682,386.4105822777682,772.8211645555364,0.646,-3380.562855386872,-3772.127511346324,-3987.839186253954,26532.002170384596,-302.1693216159764,-809.2537499240071,-664.4027555242039,-229.74382441607483,-664.4027555242039,-1195.6643322017753,35.88696392271083,"{""AC"": 90, ""AC_35_P"": -9, ""AC_40_BP"": 23, ""AC_40_P"": 19, ""AC_45_KO"": -50, ""AC_50_C"": -30, ""AC_50_CO"": 18, ""AC_50_C_2"": 44, ""AC_50_P"": -20}",90,-50,23,18,44,0,-9,19,0,-20,-30,0
406,-209.8877734306448,118.50642278508441,1398.9696066737176,139.89696066737176,139.89696066737176,279.7939213347435,0.4345,-2927.1901690640084,-6586.07724229207,-11370.66407586312,1025.5685860735045,-502.60679033704565,-941.685315696647,-718.914779123932,-391.2215220506882,-718.914779123932,-1081.5822763640188,-209.8877734306448,"{""AC"": 5, ""AC_35_P"": -17, ""AC_40_BP"": 15, ""AC_40_P"": -29, ""AC_50_C"": -36, ""AC_50_CO"": -5, ""AC_50_C_2"": -24, ""AC_60_C"": 2}",5,0,15,-5,-24,0,-17,-29,0,0,-36,2
407,304.83178615203013,1110.079699328239,5327.175457538234,532.7175457538234,532.7175457538234,1065.4350915076468,0.409,-9098.399024278888,-17788.795317606775,-34085.813372228746,8382.981079690628,-605.0081162758586,-1969.7679699176917,-1326.2868403667146,-283.26755150037013,-1326.2868403667146,-2502.4855156715153,304.83178615203013,"{""AC"": -200, ""AC_35_P"": 33, ""AC_40_BP"": -31, ""AC_45_KO"": -360, ""AC_45_P"": -4, ""AC_50_C"": 35, ""AC_50_CO"": -6, ""AC_50_C_2"": 50, ""AC_60_C"": 35}",-200,-360,-31,-6,50,0,33,0,-4,0,35,35
408,-190.42477126431075,744.5677028743457,2787.3860777686064,278.73860777686065,278.73860777686065,557.4772155537213,0.2315,-5520.388778708735,-13689.515085422503,-25039.736406529857,2298.1238347294907,-742.4636491351843,-1570.5219659414945,-1157.8523919590514,-536.1288621439627,-1157.8523919590514,-1849.260573718355,-190.42477126431075,"{""AC"": -30, ""AC_40_BP"": -22, ""AC_40_P"": -12, ""AC_45_P"": 21, ""AC_50_CO"": -39, ""AC_50_C_2"": -10, ""AC_50_P_2"": -13, ""AC_60_C"": -21}",-30,0,-22,-39,-10,-13,0,-12,21,0,0,-21
409,303.3334675777518,178.653159152253,1741.6701149533742,174.16701149533742,174.16701149533742,348.33402299067484,0.467,-2403.3291284862667,-3306.559908775547,-5877.514232198393,7350.009685169175,63.0005547291251,-297.4988145438149,-144.24940744285692,139.62525827960408,-144.24940744285692,-471.6658260391523,303.3334675777518,"{""AC"": -105, ""AC_35_P"": 31, ""AC_40_BP"": -49, ""AC_45_KO"": -360, ""AC_50_C"": 25, ""AC_50_CO"": 3, ""AC_50_C_2"": 50, ""AC_50_P_2"": -8, ""AC_60_C"": 50}",-105,-360,-49,3,50,-8,31,0,0,0,25,50
410,24.57499378806103,1401.476819117633,4831.632920787222,483.16329207872224,483.16329207872224,966.3265841574445,0.3445,-9243.746660633975,-19493.14174207007,-35922.60587180491,5439.524633853396,-899.7996722753364,-2286.3616713704328,-1603.5686513463963,-558.4031622633183,-1603.5686513463963,-2769.524963449155,24.57499378806103,"{""AC"": -140, ""AC_35_P"": 2, ""AC_40_BP"": -25, ""AC_45_KO"": -110, ""AC_45_P"": -29, ""AC_50_CO"": 3, ""AC_50_C_2"": 11, ""AC_50_P_2"": 4, ""AC_60_C"": 5}",-140,-110,-25,3,11,4,2,0,-29,0,0,5
411,146.32515301582518,-2739.1826956013847,7443.166215627292,744.3166215627292,744.3166215627292,1488.6332431254584,0.6505,-5912.688778089387,-6447.508795985222,-6742.139376346863,54358.30004337399,-444.94372479311346,-1331.8470415065215,-1112.7364744789475,-335.38844127932646,-1112.7364744789475,-2076.1636630692506,146.32515301582518,"{""AC"": 170, ""AC_35_P"": 19, ""AC_40_BP"": -35, ""AC_40_P"": 17, ""AC_45_P"": 4, ""AC_50_CO"": 6, ""AC_50_C_2"": 49, ""AC_50_P"": 12}",170,0,-35,6,49,0,19,17,4,12,0,0
412,-44.662476313898594,-915.1308773613898,3660.720339449542,366.07203394495417,366.07203394495417,732.1440678899083,0.6485,-3711.5100499092177,-4236.779710342629,-4526.149030340668,26856.26421308582,-415.8134813048204,-972.5399887912031,-784.4250007727584,-321.75598729559806,-784.4250007727584,-1338.6120227361573,-44.662476313898594,"{""AC"": 55, ""AC_35_P"": -19, ""AC_40_BP"": 25, ""AC_45_KO"": -20, ""AC_45_P"": -6, ""AC_50_C"": 29, ""AC_50_CO"": -3, ""AC_50_P"": -27, ""AC_60_C"": 15}",55,-20,25,-3,0,0,-19,0,-6,-27,29,15
413,29.264915094995548,-125.53674081165667,675.0491578409224,67.50491578409223,67.50491578409223,135.00983156818447,0.6105,-528.2234799698664,-1413.7332763284312,-2398.131560022217,4744.15621481728,-23.557432901991096,-102.79095489747105,-83.72106479253054,-14.022487849520832,-83.72106479253054,-170.2958706815633,29.264915094995548,"{""AC"": 10, ""AC_35_P"": -24, ""AC_40_BP"": -26, ""AC_40_P"": -10, ""AC_45_KO"": -240, ""AC_45_P"": 39, ""AC_50_C"": 24, ""AC_50_CO"": -17, ""AC_50_P"": 10}",10,-240,-26,-17,0,0,-24,-10,39,10,24,0
414,242.3479998563319,1331.8962068747587,6010.63055909609,601.063055909609,601.063055909609,1202.126111819218,0.408,-10705.049004025946,-21301.520856956853,-38813.35568769005,8930.674098699921,-828.1569005462629,-2433.9142511501545,-1663.9408787023644,-443.17021432236777,-1663.9408787023644,-3034.9773070597635,242.3479998563319,"{""AC"": -200, ""AC_35_P"": 29, ""AC_40_BP"": -31, ""AC_45_KO"": -500, ""AC_45_P"": -11, ""AC_50_C"": 11, ""AC_50_CO"": 8, ""AC_50_C_2"": 23, ""AC_60_C"": 38}",-200,-500,-31,8,23,0,29,0,-11,0,11,38
415,-72.99001439617676,-2098.6193363120246,7340.393118742944,734.0393118742944,734.0393118742944,1468.0786237485888,0.622,-7497.902730737432,-8491.1399068297,-9038.310984644175,50569.1738768335,-822.78028746992,-1947.4656970805347,-1564.6950799439387,-631.394978901622,-1564.6950799439387,-2681.505008954829,-72.99001439617676,"{""AC"": 155, ""AC_35_P"": -36, ""AC_40_BP"": -24, ""AC_40_P"": -12, ""AC_45_KO"": -130, ""AC_50_C"": 4, ""AC_50_CO"": 9, ""AC_50_C_2"": 28, ""AC_50_P"": -14}",155,-130,-24,9,28,0,-36,-12,0,-14,4,0
416,111.08686506235925,-545.477484183713,1647.6579955206807,164.76579955206807,164.76579955206807,329.53159910413615,0.7135,-949.8587544722038,-1214.852617172768,-2398.342906923283,11982.61217093157,16.100989615138857,-126.3778235556917,-113.77484788450535,22.402477450732036,-113.77484788450535,-291.14362310775977,111.08686506235925,"{""AC"": 5, ""AC_35_P"": 9, ""AC_40_BP"": -38, ""AC_45_KO"": -170, ""AC_50_C"": 11, ""AC_50_CO"": 19, ""AC_50_C_2"": 28, ""AC_50_P_2"": -14, ""AC_60_C"": -2}",5,-170,-38,19,28,-14,9,0,0,0,11,-2
417,371.63817893420503,78.34528063211616,2235.3085367726967,223.53085367726968,223.53085367726968,447.06170735453935,0.492,-2755.7051563377977,-3495.9935783536203,-5711.56389757517,5346.1137185141,96.06766330042524,-317.2881101502444,-153.48302135509942,177.97020769799772,-153.48302135509942,-540.818963827514,371.63817893420503,"{""AC"": -120, ""AC_35_P"": 19, ""AC_40_BP"": -25, ""AC_45_KO"": -400, ""AC_50_C"": 48, ""AC_50_CO"": 18, ""AC_50_C_2"": 40, ""AC_50_P"": 9, ""AC_60_C"": 34}",-120,-400,-25,18,40,0,19,0,0,9,48,34
418,-41.47906599674134,665.0118811912847,2834.440546888911,283.4440546888911,283.4440546888911,566.8881093777821,0.344,-5528.247476979853,-12506.844821569193,-22746.090048813778,2956.312103215849,-594.3038136947267,-1423.5409352417046,-1012.4382148881648,-388.7524535179568,-1012.4382148881648,-1706.9849899305957,-41.47906599674134,"{""AC"": -35, ""AC_40_BP"": 24, ""AC_40_P"": 25, ""AC_45_KO"": -40, ""AC_45_P"": 28, ""AC_50_C"": 3, ""AC_50_CO"": -10, ""AC_50_P_2"": -26, ""AC_60_C"": -41}",-35,-40,24,-10,0,-26,0,25,28,0,3,-41
419,141.5932152157254,-53.645009166055964,1734.4667027317605,173.44667027317604,173.44667027317604,346.8933405463521,0.511,-2593.9159077434474,-4283.2905085309285,-7925.1297034163235,3623.8510113313782,-117.79837555861937,-506.88576172013643,-334.2175060823797,-31.464247739740998,-334.2175060823797,-680.3324319933124,141.5932152157254,"{""AC"": -10, ""AC_35_P"": 3, ""AC_40_BP"": -27, ""AC_40_P"": 25, ""AC_45_KO"": -50, ""AC_45_P"": 18, ""AC_50_CO"": 9, ""AC_50_C_2"": -32, ""AC_50_P"": 42}",-10,-50,-27,9,-32,0,3,25,18,42,0,0
420,-118.31566682372171,835.297882400033,2663.1852291493196,266.318522914932,266.318522914932,532.637045829864,0.345,-5586.877338358514,-11212.738227826338,-18522.942775351825,2090.37292220113,-677.0034006595731,-1515.0350014133503,-1089.5065290349648,-464.2391644703804,-1089.5065290349648,-1781.3535243282822,-118.31566682372171,"{""AC"": -20, ""AC_40_BP"": 23, ""AC_45_KO"": -10, ""AC_45_P"": 1, ""AC_50_C"": -33, ""AC_50_CO"": 5, ""AC_50_C_2"": -42, ""AC_50_P_2"": 3, ""AC_60_C"": -3}",-20,-10,23,5,-42,3,0,0,1,0,-33,-3
421,-362.99746578895264,-630.7845189332118,3643.08835873008,364.308835873008,364.308835873008,728.617671746016,0.5535,-5546.939089836593,-6492.424478616732,-7013.289254613204,16717.067172863193,-917.6913747726119,-1749.7322382481009,-1377.1927472009454,-731.4216292490343,-1377.1927472009454,-2114.041074121109,-362.99746578895264,"{""AC"": 120, ""AC_40_BP"": 15, ""AC_45_KO"": -270, ""AC_45_P"": -35, ""AC_50_C"": 6, ""AC_50_CO"": -21, ""AC_50_C_2"": -45, ""AC_50_P"": -22, ""AC_60_C"": -35}",120,-270,15,-21,-45,0,0,0,-35,-22,6,-35
422,-26.468777287637806,-1951.4861830182426,6380.830796849393,638.0830796849393,638.0830796849393,1276.1661593698786,0.6495,-5954.5046135125685,-6670.781423194494,-7065.375950464547,47832.70723766568,-621.9192386388947,-1515.0949306657799,-1238.686009156993,-483.7147778845011,-1238.686009156993,-2153.178010350719,-26.468777287637806,"{""AC"": 145, ""AC_40_BP"": -29, ""AC_45_P"": -4, ""AC_50_C"": 21, ""AC_50_CO"": -17, ""AC_50_C_2"": -19, ""AC_50_P"": 16, ""AC_60_C"": 29}",145,0,-29,-17,-19,0,0,0,-4,16,21,29
423,46.9330635160801,-1.0908659698683323,604.0511389146226,60.40511389146226,60.40511389146226,120.81022778292451,0.502,-323.32494645172005,-2103.9418824046834,-3607.7608135333676,4838.229186237522,14.600568870908091,-33.898173096849916,-31.76823539740904,15.66553772062853,-31.76823539740904,-94.30328698831218,46.9330635160801,"{""AC"": 10, ""AC_40_BP"": 1, ""AC_45_KO"": -350, ""AC_45_P"": -21, ""AC_50_C"": -3, ""AC_50_CO"": 12, ""AC_50_C_2"": -2, ""AC_50_P"": 30, ""AC_50_P_2"": -4}",10,-350,1,12,-2,-4,0,0,-21,30,-3,0
424,-104.63009427236699,-1292.3910688392048,4930.824941273921,493.08249412739207,493.08249412739207,986.1649882547841,0.5835,-5529.781433784329,-6196.864966824935,-6801.827435707225,31880.284402630485,-657.6082376508,-1487.0754527184492,-1180.6385564037125,-504.38978949343146,-1180.6385564037125,-1980.1579468458413,-104.63009427236699,"{""AC"": 135, ""AC_35_P"": -9, ""AC_40_BP"": -11, ""AC_40_P"": 4, ""AC_45_KO"": -250, ""AC_50_C"": -1, ""AC_50_CO"": -23, ""AC_50_P"": -28, ""AC_50_P_2"": 41}",135,-250,-11,-23,0,41,-9,4,0,-28,-1,0
425,275.03343976259305,14.381778459491755,1895.0105639910507,189.50105639910507,189.50105639910507,379.00211279821013,0.496,-2474.18828708096,-3904.2193735082906,-6819.809552024683,4467.496112924627,27.614611054497033,-343.51363200764695,-190.8453314991035,103.94876130876875,-190.8453314991035,-533.014688406752,275.03343976259305,"{""AC"": -95, ""AC_35_P"": 47, ""AC_40_BP"": -42, ""AC_45_KO"": -340, ""AC_50_C"": 35, ""AC_50_CO"": -3, ""AC_50_C_2"": 27, ""AC_50_P_2"": 4, ""AC_60_C"": 33}",-95,-340,-42,-3,27,4,47,0,0,0,35,33
426,152.73918445131113,326.83501405367673,2492.4649320480344,249.24649320480344,249.24649320480344,498.4929864096069,0.4255,-4148.608512972353,-8078.839778478942,-13876.966593906602,4401.276106377833,-262.1216668459242,-884.4129437917773,-594.1753390969435,-117.00286449850739,-594.1753390969435,-1133.6594369965808,152.73918445131113,"{""AC"": -90, ""AC_35_P"": -2, ""AC_40_BP"": -43, ""AC_40_P"": 15, ""AC_45_P"": -2, ""AC_50_C"": 35, ""AC_50_CO"": 8, ""AC_50_P"": 13}",-90,0,-43,8,0,0,-2,15,-2,13,35,0
427,-187.0833794184892,-1539.2724756149837,5886.774346555128,588.6774346555128,588.6774346555128,1177.3548693110256,0.591,-6840.989682106845,-7800.800607080622,-8329.557273622495,37581.066642720376,-871.1823476291738,-1897.3307999452004,-1507.5705490622722,-676.3022221877097,-1507.5705490622722,-2486.008234600713,-187.0833794184892,"{""AC"": 155, ""AC_35_P"": 6, ""AC_40_BP"": -2, ""AC_45_KO"": -100, ""AC_45_P"": -49, ""AC_50_C"": 5, ""AC_50_CO"": -9, ""AC_50_P"": 6, ""AC_60_C"": -21}",155,-100,-2,-9,0,0,6,0,-49,6,5,-21
428,-102.27626386867834,-570.1894676503084,2383.1720603542544,238.31720603542544,238.31720603542544,476.6344120708509,0.59,-2836.3122697656213,-3247.4021992554876,-3483.602492164314,15758.26938121198,-385.90749084524043,-811.3543313100837,-646.8817073512342,-303.67117886581576,-646.8817073512342,-1049.671537345509,-102.27626386867834,"{""AC"": 60, ""AC_40_BP"": 1, ""AC_40_P"": -14, ""AC_45_KO"": -120, ""AC_45_P"": -7, ""AC_50_C_2"": -14, ""AC_50_P"": -11, ""AC_50_P_2"": 3}",60,-120,1,0,-14,3,0,-14,-7,-11,0,0
429,-129.6932475505432,-1755.4363503371683,6357.19895401142,635.719895401142,635.719895401142,1271.439790802284,0.6335,-6670.46000370714,-7637.362482771596,-8164.056185755438,44491.071456974576,-796.7392479212572,-1797.308248477328,-1448.122195807185,-622.1462215861857,-1448.122195807185,-2433.02814387847,-129.6932475505432,"{""AC"": 150, ""AC_40_BP"": -5, ""AC_40_P"": -15, ""AC_50_C"": -1, ""AC_50_CO"": 8, ""AC_50_C_2"": -1, ""AC_50_P"": 11, ""AC_50_P_2"": -49}",150,0,-5,8,-1,-49,0,-15,0,11,-1,0
430,-12.86269535149893,284.69617224021624,1505.0242289612952,150.50242289612953,150.50242289612953,301.00484579225906,0.3315,-2866.8132007072286,-6324.153668122148,-11563.291235151824,1716.7022661300734,-299.5440154222218,-729.5659955283061,-518.135886905648,-193.82896111089275,-518.135886905648,-880.0684184244355,-12.86269535149893,"{""AC_35_P"": 10, ""AC_40_BP"": 3, ""AC_40_P"": 32, ""AC_45_KO"": -160, ""AC_50_C"": -18, ""AC_50_C_2"": -9, ""AC_60_C"": -21}",0,-160,3,0,-9,0,10,32,0,0,-18,-21
431,89.3038354448912,-203.1564754275717,1846.551099697864,184.6551099697864,184.6551099697864,369.3102199395728,0.7075,-1799.599070933755,-4125.668699642369,-6883.946130598242,16194.728261317368,-90.6560716484843,-360.59593228854754,-272.9635801800652,-46.839895594243146,-272.9635801800652,-545.2510422583339,89.3038354448912,"{""AC"": 45, ""AC_35_P"": -16, ""AC_40_BP"": -5, ""AC_40_P"": 24, ""AC_45_KO"": -500, ""AC_45_P"": 39, ""AC_50_C"": 15, ""AC_50_CO"": 17, ""AC_50_C_2"": -45}",45,-500,-5,17,-45,0,-16,24,39,0,15,0
432,298.0388733091769,266.31591440501643,2789.496457475562,278.9496457475562,278.9496457475562,557.8992914951124,0.459,-3954.2179096293517,-6798.238352854481,-12157.26829710364,5811.747429535779,-97.38291765375828,-690.515604098161,-434.56863600900385,30.590566390820257,-434.56863600900385,-969.4652498457172,298.0388733091769,"{""AC"": -140, ""AC_35_P"": 50, ""AC_40_BP"": -50, ""AC_40_P"": -32, ""AC_45_KO"": -250, ""AC_50_C"": 35, ""AC_50_CO"": 15, ""AC_50_C_2"": 31, ""AC_60_C"": 40}",-140,-250,-50,15,31,0,50,-32,0,0,35,40
433,306.3819176776407,1041.728996471721,5870.522028027353,587.0522028027353,587.0522028027353,1174.1044056054707,0.427,-10084.646500936575,-19937.98233394459,-36004.54254869063,9428.345577771152,-702.0827324160168,-2214.779707556503,-1499.841158864213,-344.6134580698719,-1499.841158864213,-2801.8319103592385,306.3819176776407,"{""AC"": -195, ""AC_35_P"": 34, ""AC_40_BP"": -25, ""AC_45_KO"": -260, ""AC_45_P"": 17, ""AC_50_C"": 32, ""AC_50_CO"": 3, ""AC_50_C_2"": 23, ""AC_60_C"": 28}",-195,-260,-25,3,23,0,34,0,17,0,32,28
434,137.82175407832668,2148.7975721559365,7813.312404762914,781.3312404762914,781.3312404762914,1562.6624809525829,0.358,-14455.148411133872,-31021.721154033527,-58375.04760456514,9295.47934965966,-1307.6930870350607,-3475.9653487051414,-2421.1161278298996,-780.2684765974399,-2421.1161278298996,-4257.296589181433,137.82175407832668,"{""AC"": -195, ""AC_40_BP"": 1, ""AC_45_KO"": -340, ""AC_45_P"": 26, ""AC_50_C"": 7, ""AC_50_CO"": -15, ""AC_50_C_2"": 46, ""AC_50_P"": 7, ""AC_60_C"": -22}",-195,-340,1,-15,46,0,0,0,26,7,7,-22
435,-17.093576044817905,168.61273874169672,1265.8685297373222,126.58685297373222,126.58685297373222,253.17370594746444,0.407,-2068.6039005471366,-4950.107008671898,-10271.563592676865,4511.096257210133,-223.95396609953156,-534.2445511816021,-390.6775876137545,-152.17048431560778,-390.6775876137545,-660.8314041553343,-17.093576044817905,"{""AC"": -40, ""AC_35_P"": 29, ""AC_40_BP"": 21, ""AC_40_P"": -11, ""AC_45_KO"": -80, ""AC_50_CO"": -15, ""AC_50_C_2"": 40, ""AC_50_P_2"": -44, ""AC_60_C"": 2}",-40,-80,21,-15,40,-44,29,-11,0,0,0,2
436,280.23981339237565,1223.9721988794522,5640.999032164855,564.0999032164855,564.0999032164855,1128.199806432971,0.4095,-9703.553470886178,-19166.506294157516,-36384.490568387686,8618.168001576214,-690.1155336962422,-2145.6485543291687,-1457.3431588487936,-345.9628359560546,-1457.3431588487936,-2709.748457545654,280.23981339237565,"{""AC"": -195, ""AC_35_P"": 18, ""AC_40_BP"": -31, ""AC_45_KO"": -500, ""AC_50_C"": 12, ""AC_50_CO"": 12, ""AC_50_C_2"": 46, ""AC_50_P_2"": -3, ""AC_60_C"": 28}",-195,-500,-31,12,46,-3,18,0,0,0,12,28
437,-103.07531859463322,-412.0642789969857,1656.7746873351978,165.6774687335198,165.6774687335198,331.3549374670396,0.5715,-2244.5335182600743,-2594.97593644732,-4010.348527273185,8570.55460817385,-327.52867042064065,-664.2086981596518,-522.5940807004042,-256.7213616910169,-522.5940807004042,-829.8861668931715,-103.07531859463322,"{""AC"": 60, ""AC_40_BP"": 1, ""AC_45_KO"": -350, ""AC_45_P"": 14, ""AC_50_CO"": -7, ""AC_50_C_2"": -11, ""AC_50_P"": -17, ""AC_60_C"": -21}",60,-350,1,-7,-11,0,0,0,14,-17,0,-21
438,84.52919039822538,5.97751011892214,676.4359813949815,67.64359813949815,67.64359813949815,135.2871962789963,0.4925,-714.1451205751299,-1370.1979658923688,-2038.6691889017363,5093.670417590489,13.114678340712388,-94.0070897455571,-56.41437675779318,31.911034834594346,-56.41437675779318,-161.65068788505525,84.52919039822538,"{""AC"": 10, ""AC_40_BP"": -18, ""AC_40_P"": -3, ""AC_45_KO"": -150, ""AC_45_P"": 26, ""AC_50_CO"": 6, ""AC_50_C_2"": 8, ""AC_50_P"": -24, ""AC_50_P_2"": 30}",10,-150,-18,6,8,30,0,-3,26,-24,0,0
439,-97.54945247066954,-706.7059158295596,2198.840268747969,219.8840268747969,219.8840268747969,439.7680537495938,0.5575,-2641.1363786997376,-2998.4952544185444,-3198.4231482353716,12785.542975219098,-361.6630903406433,-757.8335471456039,-603.6619227130286,-284.57727812435564,-603.6619227130286,-977.7175740204008,-97.54945247066954,"{""AC"": 40, ""AC_40_BP"": -35, ""AC_45_KO"": -200, ""AC_45_P"": -31, ""AC_50_C"": 21, ""AC_50_CO"": 8, ""AC_50_C_2"": -3, ""AC_50_P"": -13, ""AC_60_C"": -25}",40,-200,-35,8,-3,0,0,0,-31,-13,21,-25
440,100.54080010277796,1861.3307224776045,6840.223833621385,684.0223833621385,684.0223833621385,1368.044766724277,0.377,-12697.14073176695,-26821.239665094603,-47175.971706985896,8741.848143266305,-1169.173273073917,-3073.744382838959,-2146.041501343334,-705.3218323261041,-2146.041501343334,-3757.7667662010977,100.54080010277796,"{""AC"": -185, ""AC_35_P"": 18, ""AC_40_BP"": 1, ""AC_45_KO"": -10, ""AC_45_P"": -34, ""AC_50_C"": 11, ""AC_50_CO"": 10, ""AC_50_C_2"": -5, ""AC_50_P_2"": 26}",-185,-10,1,10,-5,26,18,0,-34,0,11,0
441,-126.28833844232804,-782.2062148144546,3818.324344755873,381.8324344755873,381.8324344755873,763.6648689511746,0.58,-4575.9495532566025,-5199.347446517496,-5617.061084051281,24658.48408672271,-583.8832937679883,-1270.2757267564787,-1003.5969886686121,-450.54392472405505,-1003.5969886686121,-1652.1081612320659,-126.28833844232804,"{""AC"": 95, ""AC_35_P"": -14, ""AC_40_BP"": -2, ""AC_40_P"": -43, ""AC_45_KO"": -130, ""AC_50_C"": -2, ""AC_50_CO"": -7, ""AC_50_P"": -1, ""AC_50_P_2"": 17}",95,-130,-2,-7,0,17,-14,-43,0,-1,-2,0
442,301.4849292470827,1020.3218189371337,5887.430407130551,588.7430407130552,588.7430407130552,1177.4860814261103,0.414,-10166.43452863317,-20368.395391358386,-38229.466402484686,9313.743250774247,-715.1585236162343,-2240.12370291121,-1517.8517704044204,-354.0225573628396,-1517.8517704044204,-2828.866743624265,301.4849292470827,"{""AC"": -185, ""AC_35_P"": 30, ""AC_40_BP"": -46, ""AC_40_P"": 33, ""AC_45_KO"": -500, ""AC_50_C"": 23, ""AC_50_CO"": 2, ""AC_50_C_2"": 35, ""AC_60_C"": 14}",-185,-500,-46,2,35,0,30,33,0,0,23,14
443,-147.7175796619202,2218.9223876469396,6313.48193830395,631.3481938303951,631.3481938303951,1262.6963876607902,0.3155,-12558.382311305668,-27924.01382775933,-50252.97028717222,5865.144552538617,-1403.555810792487,-3287.3131574883373,-2347.149023272968,-933.4737436848025,-2347.149023272968,-3918.661351318732,-147.7175796619202,"{""AC"": -150, ""AC_35_P"": -31, ""AC_40_BP"": -5, ""AC_45_KO"": -160, ""AC_50_C"": -22, ""AC_50_CO"": -47, ""AC_50_P"": 13, ""AC_50_P_2"": -21, ""AC_60_C"": 38}",-150,-160,-5,-47,0,-21,-31,0,0,13,-22,38
444,94.50407309164406,119.2282857995891,625.2547013399907,62.525470133999065,62.525470133999065,125.05094026799813,0.4515,-737.3907465830496,-851.3380992158154,-1179.6934075756806,4497.445754379782,20.764998433339102,-89.84361355411833,-47.36727396281291,42.00316822899181,-47.36727396281291,-152.3690836881174,94.50407309164406,"{""AC"": -5, ""AC_35_P"": -38, ""AC_40_BP"": 1, ""AC_40_P"": 20, ""AC_45_KO"": -40, ""AC_45_P"": 12, ""AC_50_CO"": 23, ""AC_50_C_2"": 1, ""AC_50_P"": 8}",-5,-40,1,23,1,0,-38,20,12,8,0,0
445,339.82327628199954,994.5532609336452,5586.855305088276,558.6855305088276,558.6855305088276,1117.3710610176552,0.429,-9253.441400474954,-17843.589364477702,-33336.26767668468,9171.936866749473,-585.520863765496,-1973.537073836739,-1327.5356990436571,-262.52017636895505,-1327.5356990436571,-2532.2226043455667,339.82327628199954,"{""AC"": -200, ""AC_40_BP"": -40, ""AC_40_P"": 25, ""AC_45_KO"": -500, ""AC_45_P"": 18, ""AC_50_C"": 25, ""AC_50_CO"": -1, ""AC_50_C_2"": 34, ""AC_60_C"": 50}",-200,-500,-40,-1,34,0,0,25,18,0,25,50
446,217.44760758893494,178.18118529869653,3168.0693517545856,316.80693517545853,316.80693517545853,633.6138703509171,0.488,-4893.680280274482,-9124.749227711192,-15416.333644451839,5993.211302701486,-271.9204204385133,-1005.9724624796856,-675.0079020399667,-106.43814021865381,-675.0079020399667,-1322.7793976551443,217.44760758893494,"{""AC"": -85, ""AC_35_P"": 36, ""AC_40_BP"": 16, ""AC_40_P"": 44, ""AC_45_KO"": -160, ""AC_45_P"": -8, ""AC_50_CO"": 23, ""AC_50_P_2"": -13, ""AC_60_C"": 11}",-85,-160,16,23,0,-13,36,44,-8,0,0,11
447,332.23842444932274,986.3059063272381,5439.81515018357,543.981515018357,543.981515018357,1087.963030036714,0.4235,-9123.726802330497,-17345.599226254635,-32996.534835973376,9004.41186674947,-580.134255783727,-1948.6932761333014,-1308.31135340943,-259.9432944217914,-1308.31135340943,-2492.6747911516586,332.23842444932274,"{""AC"": -195, ""AC_35_P"": 42, ""AC_40_BP"": -31, ""AC_40_P"": -15, ""AC_45_KO"": -390, ""AC_50_C"": 12, ""AC_50_CO"": 20, ""AC_50_C_2"": 49, ""AC_60_C"": 32}",-195,-390,-31,20,49,0,42,-15,0,0,12,32
448,75.92117339640318,-2288.4254288358834,6618.9670812072545,661.8967081207254,661.8967081207254,1323.7934162414508,0.663,-5420.456620219029,-5971.566406004348,-7124.583452200965,50753.908299808536,-466.12448862549974,-1279.192981658354,-1068.0956736968137,-360.57583464472964,-1068.0956736968137,-1941.0896897790794,75.92117339640318,"{""AC"": 170, ""AC_35_P"": 12, ""AC_40_BP"": -4, ""AC_45_KO"": -480, ""AC_45_P"": 8, ""AC_50_CO"": 3, ""AC_50_P"": 31, ""AC_50_P_2"": -5, ""AC_60_C"": 9}",170,-480,-4,3,0,-5,12,0,8,31,0,9
449,267.5308653719224,641.3293649677452,3125.482089400058,312.5482089400058,312.5482089400058,625.0964178800116,0.4135,-4982.151310454533,-9493.87489858465,-17959.956651959037,5395.303277461452,-230.6842656735309,-978.0069622417109,-636.0659356662604,-59.71375238580569,-636.0659356662604,-1290.5551711817166,267.5308653719224,"{""AC"": -160, ""AC_35_P"": 11, ""AC_40_BP"": -38, ""AC_45_KO"": -500, ""AC_45_P"": -16, ""AC_50_C"": 50, ""AC_50_CO"": -6, ""AC_50_C_2"": 50, ""AC_60_C"": 37}",-160,-500,-38,-6,50,0,11,0,-16,0,50,37
450,-177.97167784096214,-134.55764906512232,1022.6086688571137,102.26086688571137,102.26086688571137,204.52173377142273,0.546,-1735.0074375387915,-2830.007907997104,-5089.842633000009,2974.000267272449,-351.4724215948413,-611.72353722566,-489.35322691463654,-290.2872664393295,-489.35322691463654,-713.9844041113714,-177.97167784096214,"{""AC"": 20, ""AC_35_P"": -9, ""AC_40_BP"": -34, ""AC_45_KO"": -220, ""AC_45_P"": -4, ""AC_50_CO"": -34, ""AC_50_C_2"": -16, ""AC_60_C"": -2}",20,-220,-34,-34,-16,0,-9,0,-4,0,0,-2
451,87.17118908778691,31.421738479158194,924.1253940653737,92.41253940653738,92.41253940653738,184.82507881307475,0.476,-1521.1611690801215,-3049.2350215451274,-5269.794227453593,1843.043517405358,-64.94492782022523,-293.11910318224346,-187.2092559775,-11.990004217853503,-187.2092559775,-385.53164258878087,87.17118908778691,"{""AC"": -40, ""AC_35_P"": -5, ""AC_40_BP"": -27, ""AC_40_P"": 47, ""AC_45_KO"": -10, ""AC_45_P"": -10, ""AC_50_C"": 41, ""AC_50_CO"": -19, ""AC_50_P_2"": 6}",-40,-10,-27,-19,0,6,-5,47,-10,0,41,0
452,-187.71810913783062,279.5691566253422,1853.5317912466812,185.35317912466812,185.35317912466812,370.70635824933623,0.315,-3697.2964573210857,-9330.622024640192,-17596.03684663281,1213.3350729216781,-557.4477548699392,-1112.042223468102,-834.9891672983275,-418.92122678505194,-834.9891672983275,-1297.39540259277,-187.71810913783062,"{""AC"": -40, ""AC_40_BP"": -20, ""AC_40_P"": -11, ""AC_45_KO"": -140, ""AC_45_P"": -3, ""AC_50_CO"": -12, ""AC_50_P"": -33, ""AC_50_P_2"": -15, ""AC_60_C"": -15}",-40,-140,-20,-12,0,-15,0,-11,-3,-33,0,-15
453,102.86986831832968,1337.4966757082939,4444.584304193147,444.45843041931465,444.45843041931465,888.9168608386293,0.364,-8124.755282678558,-16912.95428405324,-33151.67146729719,5318.702306856494,-709.6056599495262,-1928.3189523513097,-1338.072639293111,-414.4825034204269,-1338.072639293111,-2372.777382770624,102.86986831832968,"{""AC"": -140, ""AC_35_P"": -6, ""AC_40_BP"": -12, ""AC_40_P"": -10, ""AC_45_KO"": -470, ""AC_50_CO"": 5, ""AC_50_C_2"": 46, ""AC_50_P"": -12, ""AC_50_P_2"": 4}",-140,-470,-12,5,46,4,-6,-10,0,-12,0,0
454,379.21635734544054,97.6242534131176,1701.2581796744944,170.12581796744945,170.12581796744945,340.2516359348989,0.4855,-1832.152017509079,-2977.088599448504,-4907.338599160323,6629.273211788854,196.00115559453263,-78.82164703182923,19.330645735353954,245.07730197812424,19.330645735353954,-248.94746499927868,379.21635734544054,"{""AC"": -90, ""AC_35_P"": 36, ""AC_40_BP"": -50, ""AC_45_KO"": -500, ""AC_50_C"": 50, ""AC_50_CO"": 9, ""AC_50_C_2"": 29, ""AC_50_P"": 16, ""AC_60_C"": 46}",-90,-500,-50,9,29,0,36,0,0,16,50,46
455,22.043374132798817,211.4365638525933,1554.4248589597537,155.44248589597538,155.44248589597538,310.88497179195076,0.448,-2861.7007581769385,-5324.019811358422,-9506.247471342793,2385.533053188916,-264.12670168489507,-693.3818154114358,-484.93298254172964,-159.90228525004198,-484.93298254172964,-848.8243013074111,22.043374132798817,"{""AC"": -15, ""AC_40_BP"": -5, ""AC_40_P"": 34, ""AC_45_KO"": -200, ""AC_45_P"": -13, ""AC_50_CO"": 16, ""AC_50_C_2"": -38, ""AC_50_P"": 9, ""AC_60_C"": -9}",-15,-200,-5,16,-38,0,0,34,-13,9,0,-9
456,-55.75989641117283,-543.0883789902039,1514.2521152167326,151.42521152167325,151.42521152167325,302.8504230433465,0.65,-1431.8049822936503,-2198.712702816955,-4172.136505216053,10724.277065750672,-198.94039464053787,-413.7111419845854,-346.24324951605695,-165.20644840627367,-346.24324951605695,-565.1363535062587,-55.75989641117283,"{""AC"": 60, ""AC_35_P"": -10, ""AC_40_BP"": -24, ""AC_40_P"": 5, ""AC_45_KO"": -200, ""AC_45_P"": 35, ""AC_50_CO"": -7, ""AC_50_C_2"": -41, ""AC_50_P_2"": 1}",60,-200,-24,-7,-41,1,-10,5,35,0,0,0
457,-70.59642574932931,3031.4303329352642,9343.484801116643,934.3484801116643,934.3484801116643,1868.6969602233287,0.336,-18332.341314540263,-39856.68975086402,-71437.97623489553,9307.98519758533,-1903.8305572033555,-4653.681754384395,-3287.621862986201,-1220.8006115042585,-3287.621862986201,-5588.03023449606,-70.59642574932931,"{""AC"": -185, ""AC_35_P"": 13, ""AC_40_BP"": 14, ""AC_40_P"": 26, ""AC_45_P"": -44, ""AC_50_C"": -47, ""AC_50_CO"": -24, ""AC_50_P"": 33}",-185,0,14,-24,0,0,13,26,-44,33,-47,0
458,72.06195743576939,968.7421328504838,4175.24367359548,417.52436735954797,417.52436735954797,835.0487347190959,0.3775,-7833.4064539012725,-16514.243033079663,-29444.743272960237,5397.424817399511,-711.2786879543579,-1886.2896560395488,-1311.7111943291952,-423.98945709918127,-1311.7111943291952,-2303.8140233990966,72.06195743576939,"{""AC"": -115, ""AC_35_P"": 7, ""AC_40_BP"": -16, ""AC_45_KO"": -190, ""AC_45_P"": 34, ""AC_50_C"": 6, ""AC_50_CO"": 4, ""AC_50_C_2"": 2, ""AC_50_P"": -31}",-115,-190,-16,4,2,0,7,0,34,-31,6,0
459,-201.3786824684899,-1098.4469325603877,4437.69542401662,443.76954240166197,443.76954240166197,887.5390848033239,0.568,-5653.152512625762,-6470.066074138526,-6938.250043433752,25260.7310740864,-766.6939337310662,-1614.6668106249303,-1271.2363305631852,-594.9786937001935,-1271.2363305631852,-2058.4363530265923,-201.3786824684899,"{""AC"": 130, ""AC_40_BP"": -22, ""AC_40_P"": -48, ""AC_45_KO"": -370, ""AC_50_C"": 9, ""AC_50_CO"": -10, ""AC_50_P"": 9, ""AC_50_P_2"": 3, ""AC_60_C"": -44}",130,-370,-22,-10,0,3,0,-48,0,9,9,-44
460,-58.406791974289106,-1520.7419689656701,4989.404477326837,498.9404477326837,498.9404477326837,997.8808954653674,0.6295,-5010.176059891061,-5640.499652411156,-5987.742836408802,35596.738278390025,-559.4243979633953,-1310.9508069470544,-1059.4034248242901,-433.6507069020131,-1059.4034248242901,-1809.891254679738,-58.406791974289106,"{""AC"": 110, ""AC_40_BP"": -26, ""AC_40_P"": -16, ""AC_45_KO"": -50, ""AC_45_P"": 13, ""AC_50_C"": 42, ""AC_50_CO"": -19, ""AC_50_C_2"": -14, ""AC_60_C"": -2}",110,-50,-26,-19,-14,0,0,-16,13,0,42,-2
461,-4.587750623662471,343.6024095292216,1106.1300634467268,110.61300634467268,110.61300634467268,221.22601268934537,0.3135,-2227.5172618992656,-4532.957758027422,-8535.72025544111,1235.1058483692852,-227.33947681358902,-561.4670660984789,-394.0218430808887,-143.61686530479392,-394.0218430808887,-672.0800724431516,-4.587750623662471,"{""AC"": -35, ""AC_40_BP"": -10, ""AC_40_P"": -9, ""AC_45_KO"": -370, ""AC_45_P"": -32, ""AC_50_CO"": -5, ""AC_50_C_2"": 6, ""AC_50_P_2"": 28, ""AC_60_C"": 7}",-35,-370,-10,-5,6,28,0,-9,-32,0,0,7
462,282.4641401309902,1001.3779609319043,4848.36409626218,484.836409626218,484.836409626218,969.672819252436,0.4195,-8118.2095163416025,-15610.126485081177,-29157.6205409924,7807.475292631787,-529.3568115031701,-1747.0882389544104,-1177.685492133359,-244.6554380926445,-1177.685492133359,-2231.9246485806284,282.4641401309902,"{""AC"": -200, ""AC_35_P"": 3, ""AC_40_BP"": -50, ""AC_45_KO"": -400, ""AC_50_C"": 36, ""AC_50_CO"": 3, ""AC_50_C_2"": 32, ""AC_50_P"": -2, ""AC_60_C"": 50}",-200,-400,-50,3,32,0,3,0,0,-2,36,50
463,108.14936523293957,-3.0227086157763026,987.7584188693858,98.77584188693858,98.77584188693858,197.55168377387716,0.502,-1294.0043186499695,-2219.789775766573,-3550.3381389994156,2298.380129226081,-21.251066632057388,-215.3517144295528,-135.33920350802512,18.755188828706448,-135.33920350802512,-314.1275563164914,108.14936523293957,"{""AC"": -50, ""AC_35_P"": 33, ""AC_40_BP"": -43, ""AC_40_P"": -40, ""AC_45_KO"": -40, ""AC_45_P"": 19, ""AC_50_C"": 24, ""AC_50_CO"": 11, ""AC_60_C"": 4}",-50,-40,-43,11,0,0,33,-40,19,0,24,4
464,63.07695703536512,359.0176866851861,2002.1466021440763,200.21466021440762,200.21466021440762,400.42932042881523,0.4475,-3537.0011907721073,-6547.127616135801,-10518.666419266689,3142.7434942415643,-290.6231620418456,-821.1733406576617,-567.5805516876547,-163.82676755684213,-567.5805516876547,-1021.3880008720694,63.07695703536512,"{""AC"": -75, ""AC_35_P"": 5, ""AC_40_BP"": 2, ""AC_40_P"": 10, ""AC_45_KO"": -280, ""AC_50_C"": 35, ""AC_50_CO"": 12, ""AC_50_C_2"": -21, ""AC_50_P"": -24}",-75,-280,2,12,-21,0,5,10,0,-24,35,0
465,-54.60474759868132,57.10342834625904,499.38309838028243,49.938309838028246,49.938309838028246,99.87661967605649,0.4365,-903.0957229240963,-2391.633237839133,-4020.0811603119646,528.0561393469311,-144.91431989109097,-280.3786783297054,-215.0382609563099,-112.2441112043932,-215.0382609563099,-330.31698816773365,-54.60474759868132,"{""AC"": 10, ""AC_35_P"": 4, ""AC_40_BP"": 25, ""AC_40_P"": -22, ""AC_45_KO"": -460, ""AC_45_P"": 13, ""AC_50_C"": -11, ""AC_50_CO"": -10, ""AC_50_C_2"": -2}",10,-460,25,-10,-2,0,4,-22,13,0,-11,0
466,-17.0772593467958,-38.90381890319584,584.2245838406853,58.422458384068534,58.422458384068534,116.84491676813707,0.5385,-701.0176292725362,-1245.8144027504468,-2208.728570194132,3938.182176908348,-87.17902227404942,-192.33166666492986,-151.44113292971048,-66.73375540643974,-151.44113292971048,-250.7541250489984,-17.0772593467958,"{""AC"": -20, ""AC_35_P"": -29, ""AC_40_BP"": -14, ""AC_40_P"": -6, ""AC_45_KO"": -220, ""AC_50_C"": 27, ""AC_50_CO"": 4, ""AC_50_P"": -16, ""AC_60_C"": 3}",-20,-220,-14,4,0,0,-29,-6,0,-16,27,3
467,-192.79483281624456,-1562.6874431131055,6624.423775956864,662.4423775956864,662.4423775956864,1324.8847551913727,0.589,-7813.605272882946,-8869.009604270825,-9511.489929692543,42714.29417838351,-974.1553601045392,-2146.196151036981,-1696.0568125465297,-749.0856908593134,-1696.0568125465297,-2808.6385286326677,-192.79483281624456,"{""AC"": 195, ""AC_35_P"": -26, ""AC_40_BP"": -3, ""AC_40_P"": -16, ""AC_45_KO"": -380, ""AC_50_CO"": -43, ""AC_50_C_2"": -9, ""AC_50_P"": 25, ""AC_50_P_2"": 19}",195,-380,-3,-43,-9,19,-26,-16,0,25,0,0
468,316.5589416333249,424.1837975449301,3082.077963957903,308.2077963957903,308.2077963957903,616.4155927915806,0.432,-4681.4053942870805,-8616.094667675718,-15645.50953823224,5987.63511739417,-151.58159779538317,-853.7924069384453,-539.7557657076323,5.436722820023277,-539.7557657076323,-1162.0002033342357,316.5589416333249,"{""AC"": -145, ""AC_35_P"": 16, ""AC_40_BP"": -50, ""AC_45_KO"": -300, ""AC_50_C"": 35, ""AC_50_CO"": 9, ""AC_50_C_2"": 50, ""AC_50_P_2"": 5, ""AC_60_C"": 31}",-145,-300,-50,9,50,5,16,0,0,0,35,31
469,373.0719737014646,486.7972128276305,4259.41706159707,425.941706159707,425.941706159707,851.883412319414,0.4515,-6734.33913656424,-12374.156625486074,-22997.514558566778,8054.0851367185005,-300.36193995495944,-1310.5128104395953,-850.049749863025,-70.13040966667418,-850.049749863025,-1736.4545165993022,373.0719737014646,"{""AC"": -155, ""AC_35_P"": 47, ""AC_40_BP"": -31, ""AC_45_KO"": -280, ""AC_45_P"": 31, ""AC_50_C"": 33, ""AC_50_CO"": -1, ""AC_50_C_2"": 41, ""AC_60_C"": 31}",-155,-280,-31,-1,41,0,47,0,31,0,33,31
470,-89.1557213180014,2368.224885645387,7028.185831514263,702.8185831514263,702.8185831514263,1405.6371663028526,0.319,-13981.830245734582,-30797.727461612514,-55470.607527262124,6390.376298864548,-1487.3387458914597,-3584.6132827516467,-2537.839549753902,-963.951879392587,-2537.839549753902,-4287.431865903073,-89.1557213180014,"{""AC"": -165, ""AC_35_P"": -19, ""AC_40_BP"": -17, ""AC_40_P"": 2, ""AC_45_KO"": -160, ""AC_50_CO"": -28, ""AC_50_P"": -28, ""AC_50_P_2"": 31, ""AC_60_C"": -7}",-165,-160,-17,-28,0,31,-19,2,0,-28,0,-7
471,336.28914270310986,-7.759007832693442,1953.1139412205018,195.3113941220502,195.3113941220502,390.6227882441004,0.5015,-2429.3423482443436,-3288.844685276405,-5003.892756468207,4909.412064453734,93.35490787867548,-271.04644435797604,-125.76790659456675,165.99417676038013,-125.76790659456675,-466.3578384800262,336.28914270310986,"{""AC"": -100, ""AC_35_P"": 29, ""AC_40_BP"": -35, ""AC_45_KO"": -410, ""AC_45_P"": 13, ""AC_50_C"": 46, ""AC_50_CO"": 13, ""AC_50_C_2"": 37, ""AC_60_C"": 20}",-100,-410,-35,13,37,0,29,0,13,0,46,20
472,270.8990751139968,619.8819294396935,3075.9902399374523,307.5990239937452,307.5990239937452,615.1980479874904,0.413,-4837.168841363651,-9237.257827650908,-17207.157614050106,5412.723623467646,-212.81780902236835,-938.393135226916,-608.4757630874235,-47.85912295262209,-608.4757630874235,-1245.9921592206613,270.8990751139968,"{""AC"": -155, ""AC_35_P"": 15, ""AC_40_BP"": -35, ""AC_45_KO"": -420, ""AC_50_C"": 33, ""AC_50_CO"": -4, ""AC_50_C_2"": 50, ""AC_50_P"": -15, ""AC_60_C"": 50}",-155,-420,-35,-4,50,0,15,0,0,-15,33,50
473,230.66754582667417,1391.7759119574055,6262.100267022333,626.2100267022333,626.2100267022333,1252.4200534044667,0.4095,-11320.495050700227,-23343.861560052952,-40984.970806992416,9399.27782520899,-901.3819592433484,-2599.4562168483826,-1780.5117251294766,-491.90971338389545,-1780.5117251294766,-3225.666243550616,230.66754582667417,"{""AC"": -165, ""AC_35_P"": 35, ""AC_40_BP"": -38, ""AC_40_P"": -3, ""AC_45_KO"": -320, ""AC_45_P"": 9, ""AC_50_C"": 21, ""AC_50_CO"": 1, ""AC_50_P_2"": 39}",-165,-320,-38,1,0,39,35,-3,9,0,21,0
474,338.893451737435,277.43044449061364,2889.815055856583,288.9815055856583,288.9815055856583,577.9630111713166,0.4665,-4023.369130348679,-6673.510644120357,-11552.236040478052,6056.310794551265,-63.44346129743292,-666.9488308497348,-409.1026706076959,65.47961882358646,-409.1026706076959,-955.9303364353931,338.893451737435,"{""AC"": -145, ""AC_35_P"": 35, ""AC_40_BP"": -22, ""AC_45_KO"": -500, ""AC_50_C"": 34, ""AC_50_CO"": 13, ""AC_50_C_2"": 41, ""AC_50_P"": -15, ""AC_60_C"": 47}",-145,-500,-22,13,41,0,35,0,0,-15,34,47
475,223.90045179638867,75.2976125880125,1028.8104303092935,102.88104303092935,102.88104303092935,205.7620860618587,0.4795,-1183.224228677985,-1828.1628759986872,-2638.6153008952197,6011.307473484152,105.57802892859017,-71.90560537310756,-5.023704020773728,139.01897960475708,-5.023704020773728,-174.7866484040369,223.90045179638867,"{""AC"": -60, ""AC_35_P"": 31, ""AC_40_BP"": -46, ""AC_45_KO"": -250, ""AC_50_C"": 43, ""AC_50_CO"": 5, ""AC_50_C_2"": 35}",-60,-250,-46,5,35,0,31,0,0,0,43,0
476,102.22259350719037,1410.6225192644797,5104.204662780519,510.42046627805195,510.42046627805195,1020.8409325561039,0.362,-9398.683352384149,-19190.987683173356,-37200.13025356387,6328.607931455257,-837.6457417312246,-2247.448244588847,-1562.790142489458,-495.3166906815301,-1562.790142489458,-2757.868710866899,102.22259350719037,"{""AC"": -160, ""AC_40_BP"": 7, ""AC_40_P"": 17, ""AC_45_KO"": -160, ""AC_45_P"": -14, ""AC_50_C"": -3, ""AC_50_CO"": 16, ""AC_50_C_2"": 41, ""AC_50_P"": -32}",-160,-160,7,16,41,0,0,17,-14,-32,-3,0
477,225.84676235839362,31.265791266789485,1224.0465677493685,122.40465677493685,122.40465677493685,244.8093135498737,0.496,-1309.515419236268,-1773.5645689434293,-2470.716635981965,2994.14358928802,94.89522043476683,-101.53209245067336,-31.782878914514995,129.76982720284602,-31.782878914514995,-223.9367492256102,225.84676235839362,"{""AC"": -10, ""AC_35_P"": -12, ""AC_40_BP"": 8, ""AC_40_P"": 30, ""AC_45_KO"": -280, ""AC_45_P"": 19, ""AC_50_CO"": 4, ""AC_50_C_2"": 20, ""AC_50_P"": 42}",-10,-280,8,4,20,0,-12,30,19,42,0,0
478,72.60913279386916,-209.3156697655353,965.4261255409367,96.54261255409367,96.54261255409367,193.08522510818733,0.7235,-660.0252984096851,-968.0685664694549,-1321.294198628466,8228.00347415777,6.6066029529006585,-92.39719180855211,-74.66596824463043,15.472214734861495,-74.66596824463043,-188.93980436264576,72.60913279386916,"{""AC"": 25, ""AC_40_BP"": 12, ""AC_45_KO"": -80, ""AC_45_P"": 32, ""AC_50_CO"": 4, ""AC_50_C_2"": 4, ""AC_50_P"": -20, ""AC_50_P_2"": 18}",25,-80,12,4,4,18,0,0,32,-20,0,0
479,-83.38706244844562,-574.0258382039076,2759.363849217144,275.9363849217144,275.9363849217144,551.8727698434288,0.5745,-3315.437525302172,-3735.692904661036,-4068.1282857220485,17763.285215309003,-414.93081497866285,-912.2464437739886,-718.6708837046285,-318.14303494398285,-718.6708837046285,-1188.182828695703,-83.38706244844562,"{""AC"": 70, ""AC_35_P"": -28, ""AC_40_BP"": -7, ""AC_40_P"": -13, ""AC_45_KO"": -310, ""AC_50_C"": 3, ""AC_50_CO"": -10, ""AC_50_C_2"": -3, ""AC_50_P_2"": 18}",70,-310,-7,-10,-3,18,-28,-13,0,0,3,0
480,395.867119100158,647.5379609346445,4954.868602304161,495.4868602304161,495.4868602304161,990.9737204608322,0.4435,-7914.117630788828,-14677.1369694026,-27464.863056320984,9046.958942786636,-395.5446439787248,-1582.6622885970492,-1038.9939556333743,-123.71047749688744,-1038.9939556333743,-2078.149148827465,395.867119100158,"{""AC"": -200, ""AC_35_P"": 34, ""AC_40_BP"": -43, ""AC_40_P"": 1, ""AC_45_KO"": -420, ""AC_50_C"": 50, ""AC_50_CO"": 19, ""AC_50_C_2"": 50, ""AC_60_C"": 20}",-200,-420,-43,19,50,0,34,1,0,0,50,20
481,296.52981324035125,1106.3157912301479,5330.034624913598,533.0034624913599,533.0034624913599,1066.0069249827197,0.4185,-9044.477891338403,-17711.28225528234,-33366.50907996265,8439.533406687535,-607.9179758934891,-1964.5896595942495,-1326.6436017060892,-288.9449469494089,-1326.6436017060892,-2497.593122085609,296.52981324035125,"{""AC"": -190, ""AC_35_P"": 29, ""AC_40_BP"": -24, ""AC_45_KO"": -390, ""AC_45_P"": 6, ""AC_50_C"": 25, ""AC_50_CO"": -3, ""AC_50_C_2"": 39, ""AC_60_C"": 39}",-190,-390,-24,-3,39,0,29,0,6,0,25,39
482,-336.86344704964733,-200.8186844402224,1881.2571296819958,188.1257129681996,188.1257129681996,376.2514259363992,0.531,-3473.577480067723,-4060.0076847904234,-7902.738454907183,2441.035984730429,-684.2211950564197,-1205.2578170665781,-951.9629255439056,-557.5737492950834,-951.9629255439056,-1393.3835300347778,-336.86344704964733,"{""AC"": 40, ""AC_35_P"": 11, ""AC_40_BP"": -45, ""AC_40_P"": -10, ""AC_45_KO"": -360, ""AC_50_C"": -37, ""AC_50_CO"": -39, ""AC_50_P"": -38, ""AC_50_P_2"": -20}",40,-360,-45,-39,0,-20,11,-10,0,-38,-37,0
483,-213.40646362554196,-18.48144434125419,1749.3378799634938,174.9337879963494,174.9337879963494,349.8675759926988,0.505,-3039.871321729051,-3555.590624700036,-3839.698684334475,6169.882394241669,-517.393595798447,-973.3742940578047,-756.8540558830742,-409.13347671108187,-756.8540558830742,-1148.308082054154,-213.40646362554196,"{""AC"": 40, ""AC_35_P"": 12, ""AC_40_BP"": 7, ""AC_45_KO"": -20, ""AC_50_C"": 31, ""AC_50_CO"": -40, ""AC_50_C_2"": -9, ""AC_50_P"": -40, ""AC_60_C"": -22}",40,-20,7,-40,-9,0,12,0,0,-40,31,-22
484,141.15820593117922,-212.3128044944328,919.5846743966863,91.95846743966862,91.95846743966862,183.91693487933725,0.562,-947.9537230267069,-1457.3116738483752,-2197.4980758178644,2445.90685925705,46.362833628508525,-95.83022482549751,-47.01408624266112,70.77090291992673,-47.01408624266112,-187.78869226516613,141.15820593117922,"{""AC"": -40, ""AC_35_P"": 37, ""AC_40_BP"": -14, ""AC_40_P"": 17, ""AC_45_KO"": -30, ""AC_45_P"": -7, ""AC_50_C"": 38, ""AC_50_CO"": -4}",-40,-30,-14,-4,0,0,37,17,-7,0,38,0
485,49.62908404359936,675.2533223191958,3262.3020612178657,326.2302061217866,326.2302061217866,652.4604122435732,0.368,-6172.831329092041,-12911.233904976212,-24277.352312500105,4179.62031931899,-567.6540488656048,-1493.578748229411,-1039.4107183811002,-340.5700339414493,-1039.4107183811002,-1819.8089543511976,49.62908404359936,"{""AC"": -70, ""AC_35_P"": -12, ""AC_40_BP"": -25, ""AC_40_P"": 26, ""AC_45_KO"": -10, ""AC_50_CO"": 18, ""AC_50_C_2"": 13, ""AC_50_P"": 1, ""AC_60_C"": -40}",-70,-10,-25,18,13,0,-12,26,0,1,0,-40
486,-195.0177000022434,-63.170427495909045,936.4881065120261,93.64881065120261,93.64881065120261,187.29762130240522,0.5285,-1715.3946610348858,-3710.3697569338146,-7287.937366453008,1193.9382689322808,-366.557166105732,-623.8663652609648,-499.15130448307764,-304.19963571678835,-499.15130448307764,-717.5151759121675,-195.0177000022434,"{""AC"": -25, ""AC_35_P"": -19, ""AC_40_BP"": 8, ""AC_40_P"": -37, ""AC_45_KO"": -320, ""AC_50_CO"": -3, ""AC_50_P"": -2, ""AC_50_P_2"": -47, ""AC_60_C"": -1}",-25,-320,8,-3,0,-47,-19,-37,0,-2,0,-1
487,254.70928279624903,458.20866702687545,3538.5488534318133,353.8548853431813,353.8548853431813,707.7097706863626,0.4425,-5655.149810164872,-10543.751104157502,-19493.35281578461,6437.128813560555,-310.80569822023824,-1159.078169744969,-770.4906314000725,-116.51192904778992,-770.4906314000725,-1512.9330550881505,254.70928279624903,"{""AC"": -140, ""AC_35_P"": 47, ""AC_40_BP"": -25, ""AC_45_KO"": -280, ""AC_50_C"": 17, ""AC_50_CO"": 14, ""AC_50_C_2"": 23, ""AC_50_P"": -20, ""AC_60_C"": 35}",-140,-280,-25,14,23,0,47,0,0,-20,17,35
488,238.60560186950576,983.8151575342035,4313.957181712932,431.3957181712932,431.3957181712932,862.7914363425864,0.402,-7430.499865403571,-14534.06867450898,-27909.038284366812,6625.87242953578,-504.4443846708514,-1619.019364481387,-1091.6672370266763,-240.76832094349612,-1091.6672370266763,-2050.41508265268,238.60560186950576,"{""AC"": -185, ""AC_35_P"": 14, ""AC_40_BP"": -50, ""AC_40_P"": -24, ""AC_45_KO"": -430, ""AC_50_C"": 50, ""AC_50_CO"": -2, ""AC_50_C_2"": 42, ""AC_60_C"": 25}",-185,-430,-50,-2,42,0,14,-24,0,0,50,25
489,393.12076464880937,136.32448603518367,1847.1408620307811,184.71408620307812,184.71408620307812,369.42817240615625,0.4745,-1827.2341263737278,-3224.0928962101675,-5215.715854129917,11627.397357761332,210.39735201143657,-63.68776694462258,26.67860259121116,255.58053677935345,26.67860259121116,-248.4018531477007,393.12076464880937,"{""AC"": -75, ""AC_35_P"": 34, ""AC_40_BP"": -46, ""AC_45_KO"": -500, ""AC_45_P"": 9, ""AC_50_C"": 49, ""AC_50_CO"": 22, ""AC_50_C_2"": 34, ""AC_60_C"": 39}",-75,-500,-46,22,34,0,34,0,9,0,49,39
490,9.957146933922687,-934.0333944557934,3517.150096593849,351.7150096593849,351.7150096593849,703.4300193187698,0.6015,-3605.479843179028,-4037.5158194705245,-4512.789193195919,23866.65090216139,-350.59083738398016,-891.4128138608344,-706.7223343726239,-258.245597639875,-706.7223343726239,-1243.1278235202194,9.957146933922687,"{""AC"": 70, ""AC_35_P"": -19, ""AC_40_BP"": -7, ""AC_45_KO"": -120, ""AC_45_P"": -5, ""AC_50_C"": 41, ""AC_50_CO"": -32, ""AC_50_C_2"": 15, ""AC_50_P_2"": 37}",70,-120,-7,-32,15,37,-19,0,-5,0,41,0
491,-129.6424605874041,1235.4450341261638,3418.663542871377,341.8663542871377,341.8663542871377,683.7327085742754,0.29,-7042.188312288291,-15356.170796237806,-28628.530136675712,2443.207130667611,-833.8612918162332,-1890.1895386594767,-1356.9038845742164,-567.218464773603,-1356.9038845742164,-2232.055892946614,-129.6424605874041,"{""AC"": -95, ""AC_35_P"": -32, ""AC_40_BP"": -11, ""AC_40_P"": -49, ""AC_45_KO"": -40, ""AC_50_CO"": -12, ""AC_50_C_2"": 8, ""AC_50_P"": -29, ""AC_50_P_2"": 40}",-95,-40,-11,-12,8,40,-32,-49,0,-29,0,0
492,266.4876017497462,251.25446510544526,2659.534292539088,265.9534292539088,265.9534292539088,531.9068585078176,0.455,-3810.9270373202044,-6569.158920166201,-11618.150153758386,5475.150353498617,-114.60510198227428,-686.2441575803049,-438.1281684752388,9.452892570258769,-438.1281684752388,-952.1975868342137,266.4876017497462,"{""AC"": -125, ""AC_35_P"": 49, ""AC_40_BP"": -40, ""AC_40_P"": -15, ""AC_45_KO"": -350, ""AC_50_C"": 34, ""AC_50_CO"": 2, ""AC_50_C_2"": 14, ""AC_60_C"": 47}",-125,-350,-40,2,14,0,49,-15,0,0,34,47
493,-40.32675428996189,-1739.8813704890722,5929.570668527922,592.9570668527922,592.9570668527922,1185.9141337055844,0.65,-5705.950205782822,-6436.552551658384,-6839.03896947384,43436.25886355969,-610.9217748682441,-1466.8143057356674,-1192.697818583781,-473.8635312923011,-1192.697818583781,-2059.7713725884596,-40.32675428996189,"{""AC"": 155, ""AC_35_P"": -1, ""AC_40_BP"": -13, ""AC_40_P"": -39, ""AC_45_KO"": -130, ""AC_45_P"": 3, ""AC_50_CO"": 1, ""AC_50_C_2"": -4, ""AC_50_P"": 38}",155,-130,-13,1,-4,0,-1,-39,3,38,0,0
494,94.1214914062845,-1751.212600612423,4811.640517749227,481.1640517749227,481.1640517749227,962.3281035498454,0.657,-3798.484107057443,-4105.304214206676,-4576.457517851551,34377.329956059024,-285.7269192994598,-855.4995353580763,-716.2331505397933,-216.09372689031832,-716.2331505397933,-1336.663587132999,94.1214914062845,"{""AC"": 115, ""AC_35_P"": 18, ""AC_40_BP"": 8, ""AC_40_P"": -4, ""AC_45_KO"": -290, ""AC_50_CO"": 22, ""AC_50_C_2"": 41, ""AC_50_P_2"": 5, ""AC_60_C"": -30}",115,-290,8,22,41,5,18,-4,0,0,0,-30
495,80.95726501871053,1883.0107320106808,6686.796030574478,668.6796030574478,668.6796030574478,1337.3592061148956,0.389,-12451.238165956453,-25792.501712389505,-44717.94285319182,8355.199505572942,-1164.1665515769348,-3031.8522764704026,-2121.0682614034813,-708.7745440434742,-2121.0682614034813,-3700.5318795278504,80.95726501871053,"{""AC"": -160, ""AC_35_P"": -6, ""AC_40_BP"": 16, ""AC_45_KO"": -30, ""AC_50_C"": -13, ""AC_50_CO"": 7, ""AC_50_C_2"": -17, ""AC_50_P"": 24, ""AC_60_C"": 16}",-160,-30,16,7,-17,0,-6,0,0,24,-13,16
496,-128.88376894136326,1446.2799124018134,3624.746955396066,362.4746955396066,362.4746955396066,724.9493910792132,0.304,-7222.208697069998,-16344.212201394375,-29343.32747573344,2758.2354152129005,-851.1046386483631,-1934.435943208863,-1393.4524212716665,-580.6128776797649,-1393.4524212716665,-2296.9106387484694,-128.88376894136326,"{""AC"": -65, ""AC_40_BP"": 19, ""AC_45_KO"": -80, ""AC_45_P"": -31, ""AC_50_C"": -29, ""AC_50_CO"": -24, ""AC_50_C_2"": -6, ""AC_50_P"": 16, ""AC_60_C"": 14}",-65,-80,19,-24,-6,0,0,0,-31,16,-29,14
497,23.199396207200486,2008.644504989568,6887.842893229182,688.7842893229182,688.7842893229182,1377.5685786458364,0.352,-13243.800257963812,-28179.505062700384,-50337.30769375734,7734.731450622321,-1301.1806295891809,-3287.7506682837525,-2307.7627871488307,-811.1866890217196,-2307.7627871488307,-3976.5349576066706,23.199396207200486,"{""AC"": -165, ""AC_35_P"": -5, ""AC_40_BP"": 4, ""AC_45_KO"": -120, ""AC_45_P"": -2, ""AC_50_C"": -19, ""AC_50_CO"": 4, ""AC_50_C_2"": 3, ""AC_50_P_2"": 3}",-165,-120,4,4,3,3,-5,0,-2,0,-19,0
498,-76.15812744113668,-613.9506587058837,2145.471888226568,214.54718882265678,214.54718882265678,429.09437764531356,0.568,-2525.3545394401544,-2823.569367096212,-3105.105875203164,13140.554213632802,-328.69358138515213,-707.4967623011753,-562.2349027684883,-256.0626516188086,-562.2349027684883,-922.0439511238321,-76.15812744113668,"{""AC"": 70, ""AC_35_P"": -11, ""AC_40_BP"": -44, ""AC_45_KO"": -30, ""AC_45_P"": 23, ""AC_50_CO"": -19, ""AC_50_C_2"": -16, ""AC_50_P"": -9, ""AC_50_P_2"": 20}",70,-30,-44,-19,-16,20,-11,0,23,-9,0,0
499,372.1153231377196,888.095634878898,5376.551340192571,537.655134019257,537.655134019257,1075.310268038514,0.426,-8810.785602346174,-16823.525833363696,-31275.490102520387,9403.982757479318,-508.9632370968978,-1830.5810774488239,-1218.330084223835,-202.83774048440335,-1218.330084223835,-2368.236211468081,372.1153231377196,"{""AC"": -200, ""AC_35_P"": 48, ""AC_40_BP"": -50, ""AC_45_KO"": -360, ""AC_50_C"": 36, ""AC_50_CO"": -4, ""AC_50_C_2"": 33, ""AC_50_P_2"": 18, ""AC_60_C"": 50}",-200,-360,-50,-4,33,18,48,0,0,0,36,50
500,330.1551739305717,452.00998093625327,3338.841990249603,333.8841990249603,333.8841990249603,667.7683980499206,0.4385,-5063.796556009503,-9265.664220129274,-16899.566588777485,6414.619505572943,-176.22448167037857,-935.793965071804,-596.3564089833338,-6.5057036261435,-596.3564089833338,-1269.6781640967642,330.1551739305717,"{""AC"": -150, ""AC_35_P"": 25, ""AC_40_BP"": -30, ""AC_45_KO"": -240, ""AC_50_C"": 37, ""AC_50_CO"": 8, ""AC_50_C_2"": 50, ""AC_50_P"": 2, ""AC_60_C"": 31}",-150,-240,-30,8,50,0,25,0,0,2,37,31
