mode,step_index,day,timestamp,abs_timestamp,product,side,price,quantity,fill_type,source_order_price,book_origin,access_source,spread,imbalance,micro_gap,toxicity_bucket,conviction_bucket,spread_bucket,agreement_state,access_added_levels,cash_flow_signed,residual_to_trend,markout
access,1,-1,100,-999900,INTARIAN_PEPPER_ROOT,BUY,11006,8,passive_resting_fill,11006,public,access,12.0,0.0,0.0,low,mild,normal,agree,1,-88048,4.4001,-40.0
access,1,-1,100,-999900,INTARIAN_PEPPER_ROOT,BUY,11006,8,aggressive_cross,11006,public,access,12.0,0.0,0.0,low,mild,normal,agree,1,-88048,4.4001,-40.0
access,2,-1,200,-999800,INTARIAN_PEPPER_ROOT,BUY,11005,11,passive_resting_fill,11005,public,access,12.0,-0.314286,-1.8857,high,extreme,normal,agree,2,-121055,3.3002,-44.0
access,2,-1,200,-999800,INTARIAN_PEPPER_ROOT,BUY,11005,16,aggressive_cross,11005,access,access,12.0,-0.314286,-1.8857,high,extreme,normal,agree,2,-176080,3.3002,-64.0
access,8,-1,800,-999200,INTARIAN_PEPPER_ROOT,BUY,11006,16,aggressive_cross,11006,access,access,10.0,-0.307692,-1.5385,high,extreme,normal,agree,2,-176096,3.7006,-80.0
access,15,-1,1500,-998500,ASH_COATED_OSMIUM,BUY,9991,4,aggressive_cross,9991,public,access,6.0,0.5,1.5,high,extreme,tight,agree,0,-39964,0.0,8.0
access,15,-1,1500,-998500,INTARIAN_PEPPER_ROOT,BUY,11007,11,aggressive_cross,11007,public,access,12.0,0.0,0.0,low,mild,normal,agree,0,-121077,4.0012,-55.0
access,18,-1,1800,-998200,ASH_COATED_OSMIUM,BUY,9994,8,aggressive_cross,9994,access,access,8.0,-0.037037,-0.1481,low,mild,tight,agree,1,-79952,0.0,-8.0
access,24,-1,2400,-997600,INTARIAN_PEPPER_ROOT,BUY,11008,8,aggressive_cross,11008,public,access,11.0,0.515152,2.8333,high,extreme,normal,agree,1,-88064,4.1019,-4.0
access,27,-1,2700,-997300,INTARIAN_PEPPER_ROOT,BUY,11005,2,passive_resting_fill,11005,public,access,2.0,0.157895,0.1579,low,mild,tight,agree,1,-22010,0.8022,-4.0
access,36,-1,3600,-996400,ASH_COATED_OSMIUM,SELL,10000,3,passive_resting_fill,10000,public,access,16.0,0.0,0.0,low,mild,normal,agree,2,30000,0.0,12.0
access,42,-1,4200,-995800,ASH_COATED_OSMIUM,SELL,10000,2,passive_resting_fill,10000,public,access,16.0,0.0,0.0,low,mild,normal,agree,0,20000,0.0,14.0
access,42,-1,4200,-995800,ASH_COATED_OSMIUM,SELL,10002,2,passive_resting_fill,10002,public,access,16.0,0.0,0.0,low,mild,normal,agree,0,20004,0.0,18.0
access,76,-1,7600,-992400,ASH_COATED_OSMIUM,BUY,9993,5,aggressive_cross,9993,public,access,5.0,0.333333,0.8333,medium,strong,tight,agree,1,-49965,0.0,5.0
access,89,-1,8900,-991100,ASH_COATED_OSMIUM,BUY,9997,2,aggressive_cross,9997,public,access,10.0,0.375,1.875,high,extreme,normal,agree,0,-19994,0.0,-12.0
access,89,-1,8900,-991100,ASH_COATED_OSMIUM,BUY,9997,5,aggressive_cross,9997,public,access,10.0,0.375,1.875,high,extreme,normal,agree,0,-49985,0.0,-30.0
access,94,-1,9400,-990600,ASH_COATED_OSMIUM,BUY,9994,2,aggressive_cross,9994,public,access,6.0,0.0,0.0,low,mild,tight,agree,1,-19988,0.0,7.0
access,94,-1,9400,-990600,ASH_COATED_OSMIUM,BUY,9994,8,aggressive_cross,9994,public,access,6.0,0.0,0.0,low,mild,tight,agree,1,-79952,0.0,28.0
access,96,-1,9600,-990400,ASH_COATED_OSMIUM,BUY,9989,6,passive_resting_fill,9989,public,access,16.0,0.0,0.0,low,mild,normal,agree,0,-59934,0.0,-6.0
access,100,-1,10000,-990000,ASH_COATED_OSMIUM,BUY,9991,8,passive_resting_fill,9991,public,access,18.0,-0.365854,-3.2927,high,extreme,wide,agree,1,-79928,0.0,104.0
access,100,-1,10000,-990000,ASH_COATED_OSMIUM,BUY,9989,7,passive_resting_fill,9989,public,access,18.0,-0.365854,-3.2927,high,extreme,wide,agree,1,-69923,0.0,105.0
access,107,-1,10700,-989300,ASH_COATED_OSMIUM,SELL,9998,2,aggressive_cross,9998,public,access,15.0,-0.62963,-4.7222,high,extreme,normal,agree,1,19996,0.0,0.0
access,107,-1,10700,-989300,ASH_COATED_OSMIUM,SELL,9998,5,aggressive_cross,9998,public,access,15.0,-0.62963,-4.7222,high,extreme,normal,agree,1,49990,0.0,0.0
access,121,-1,12100,-987900,ASH_COATED_OSMIUM,BUY,9991,5,passive_resting_fill,9991,public,access,18.0,-0.333333,-3.0,high,extreme,wide,agree,1,-49955,0.0,32.5
access,121,-1,12100,-987900,ASH_COATED_OSMIUM,BUY,9989,5,passive_resting_fill,9989,public,access,18.0,-0.333333,-3.0,high,extreme,wide,agree,1,-49945,0.0,42.5
access,141,-1,14100,-985900,ASH_COATED_OSMIUM,SELL,9996,2,aggressive_cross,9996,public,access,9.0,-0.5,-2.25,high,extreme,normal,agree,2,19992,0.0,-7.0
access,141,-1,14100,-985900,ASH_COATED_OSMIUM,SELL,9996,4,aggressive_cross,9996,public,access,9.0,-0.5,-2.25,high,extreme,normal,agree,2,39984,0.0,-14.0
access,151,-1,15100,-984900,ASH_COATED_OSMIUM,SELL,10000,10,passive_resting_fill,10000,public,access,18.0,-0.405405,-3.6486,high,extreme,wide,agree,1,100000,0.0,-10.0
access,151,-1,15100,-984900,ASH_COATED_OSMIUM,SELL,10002,5,passive_resting_fill,10002,public,access,18.0,-0.405405,-3.6486,high,extreme,wide,agree,1,50010,0.0,5.0
access,155,-1,15500,-984500,ASH_COATED_OSMIUM,SELL,10002,10,aggressive_cross,10002,public,access,6.0,0.0,0.0,low,mild,tight,agree,0,100020,0.0,20.0
access,185,-1,18500,-981500,ASH_COATED_OSMIUM,SELL,10009,6,passive_resting_fill,10009,public,access,16.0,0.0,0.0,low,mild,normal,agree,0,60054,0.0,63.0
access,198,-1,19800,-980200,ASH_COATED_OSMIUM,BUY,9997,2,aggressive_cross,9997,access,access,7.0,0.414634,1.4512,high,extreme,tight,agree,1,-19994,0.0,9.0
access,198,-1,19800,-980200,ASH_COATED_OSMIUM,BUY,9997,8,aggressive_cross,9997,access,access,7.0,0.414634,1.4512,high,extreme,tight,agree,1,-79976,0.0,36.0
access,215,-1,21500,-978500,ASH_COATED_OSMIUM,SELL,9998,2,aggressive_cross,9998,public,access,10.0,-0.666667,-3.3333,high,extreme,normal,agree,0,19996,0.0,0.0
access,215,-1,21500,-978500,ASH_COATED_OSMIUM,SELL,9998,3,aggressive_cross,9998,public,access,10.0,-0.666667,-3.3333,high,extreme,normal,agree,0,29994,0.0,0.0
access,223,-1,22300,-977700,ASH_COATED_OSMIUM,BUY,9997,2,aggressive_cross,9997,public,access,5.0,0.578947,1.4474,high,extreme,tight,agree,0,-19994,0.0,4.0
access,223,-1,22300,-977700,ASH_COATED_OSMIUM,BUY,9997,4,aggressive_cross,9997,public,access,5.0,0.578947,1.4474,high,extreme,tight,agree,0,-39988,0.0,8.0
access,232,-1,23200,-976800,ASH_COATED_OSMIUM,BUY,9997,2,aggressive_cross,9997,public,access,6.0,0.333333,1.0,high,strong,tight,agree,0,-19994,0.0,2.0
access,232,-1,23200,-976800,ASH_COATED_OSMIUM,BUY,9997,4,aggressive_cross,9997,public,access,6.0,0.333333,1.0,high,strong,tight,agree,0,-39988,0.0,4.0
access,239,-1,23900,-976100,ASH_COATED_OSMIUM,BUY,9995,4,passive_resting_fill,9995,public,access,16.0,0.0,0.0,low,mild,normal,agree,0,-39980,0.0,-10.0
access,239,-1,23900,-976100,ASH_COATED_OSMIUM,BUY,9993,4,passive_resting_fill,9993,public,access,16.0,0.0,0.0,low,mild,normal,agree,0,-39972,0.0,-2.0
access,243,-1,24300,-975700,ASH_COATED_OSMIUM,BUY,9992,4,passive_resting_fill,9992,public,access,15.0,0.314286,2.3571,high,extreme,normal,agree,1,-39968,0.0,34.0
access,246,-1,24600,-975400,ASH_COATED_OSMIUM,BUY,9992,3,passive_resting_fill,9992,public,access,16.0,0.0,0.0,low,mild,normal,agree,1,-29976,0.0,39.0
access,251,-1,25100,-974900,ASH_COATED_OSMIUM,SELL,10002,2,aggressive_cross,10002,public,access,6.0,-0.111111,-0.3333,low,mild,tight,agree,0,20004,0.0,1.0
access,251,-1,25100,-974900,ASH_COATED_OSMIUM,SELL,10002,8,aggressive_cross,10002,public,access,6.0,-0.111111,-0.3333,low,mild,tight,agree,0,80016,0.0,4.0
access,304,-1,30400,-969600,ASH_COATED_OSMIUM,SELL,10008,2,passive_resting_fill,10008,public,access,16.0,0.0,0.0,low,mild,normal,agree,2,20016,0.0,10.0
access,304,-1,30400,-969600,ASH_COATED_OSMIUM,SELL,10010,2,passive_resting_fill,10010,public,access,16.0,0.0,0.0,low,mild,normal,agree,2,20020,0.0,14.0
access,340,-1,34000,-966000,ASH_COATED_OSMIUM,SELL,10008,7,passive_resting_fill,10008,public,access,15.0,0.153846,1.1538,high,strong,normal,agree,1,70056,0.0,38.5
access,340,-1,34000,-966000,ASH_COATED_OSMIUM,SELL,10010,6,passive_resting_fill,10010,public,access,15.0,0.153846,1.1538,high,strong,normal,agree,1,60060,0.0,45.0
access,345,-1,34500,-965500,ASH_COATED_OSMIUM,BUY,9995,8,passive_resting_fill,9995,access,access,15.0,-0.2,-1.5,high,extreme,normal,agree,2,-79960,0.0,52.0
access,365,-1,36500,-963500,ASH_COATED_OSMIUM,SELL,10012,3,passive_resting_fill,10012,public,access,0.0,0.0,0.0,low,mild,tight,agree,0,30036,0.0,28.5
access,378,-1,37800,-962200,ASH_COATED_OSMIUM,SELL,10006,2,aggressive_cross,10006,access,access,7.0,-0.411765,-1.4412,high,extreme,tight,agree,2,20012,0.0,6.0
access,378,-1,37800,-962200,ASH_COATED_OSMIUM,SELL,10006,10,aggressive_cross,10006,access,access,7.0,-0.411765,-1.4412,high,extreme,tight,agree,2,100060,0.0,30.0
access,379,-1,37900,-962100,ASH_COATED_OSMIUM,BUY,10006,4,passive_resting_fill,10006,public,access,15.0,0.371429,2.7857,high,extreme,normal,agree,1,-40024,0.0,-6.0
access,379,-1,37900,-962100,ASH_COATED_OSMIUM,BUY,10004,4,passive_resting_fill,10004,public,access,15.0,0.371429,2.7857,high,extreme,normal,agree,1,-40016,0.0,2.0
access,384,-1,38400,-961600,ASH_COATED_OSMIUM,SELL,10011,3,passive_resting_fill,10011,public,access,15.0,0.405405,3.0405,high,extreme,normal,agree,1,30033,0.0,28.5
access,391,-1,39100,-960900,ASH_COATED_OSMIUM,SELL,10009,6,passive_resting_fill,10009,public,access,15.0,-0.375,-2.8125,high,extreme,normal,agree,1,60054,0.0,36.0
access,391,-1,39100,-960900,ASH_COATED_OSMIUM,SELL,10011,6,passive_resting_fill,10011,public,access,15.0,-0.375,-2.8125,high,extreme,normal,agree,1,60066,0.0,48.0
access,399,-1,39900,-960100,ASH_COATED_OSMIUM,SELL,10009,7,passive_resting_fill,10009,public,access,20.0,-0.263158,-2.6316,high,extreme,wide,agree,1,70063,0.0,56.0
access,399,-1,39900,-960100,ASH_COATED_OSMIUM,SELL,10011,7,passive_resting_fill,10011,public,access,20.0,-0.263158,-2.6316,high,extreme,wide,agree,1,70077,0.0,70.0
access,415,-1,41500,-958500,ASH_COATED_OSMIUM,SELL,10008,5,passive_resting_fill,10008,access,access,15.0,0.043478,0.3261,low,mild,normal,agree,1,50040,0.0,47.5
access,418,-1,41800,-958200,ASH_COATED_OSMIUM,SELL,10001,5,aggressive_cross,10001,public,access,7.0,-0.411765,-1.4412,high,extreme,tight,agree,0,50005,0.0,10.0
access,442,-1,44200,-955800,ASH_COATED_OSMIUM,BUY,9996,2,aggressive_cross,9996,public,access,5.0,0.555556,1.3889,high,extreme,tight,agree,1,-19992,0.0,8.0
access,442,-1,44200,-955800,ASH_COATED_OSMIUM,BUY,9996,8,aggressive_cross,9996,public,access,5.0,0.555556,1.3889,high,extreme,tight,agree,1,-79968,0.0,32.0
access,448,-1,44800,-955200,ASH_COATED_OSMIUM,BUY,9997,2,aggressive_cross,9997,public,access,6.0,0.272727,0.8182,medium,strong,tight,agree,0,-19994,0.0,-10.0
access,448,-1,44800,-955200,ASH_COATED_OSMIUM,BUY,9997,8,aggressive_cross,9997,public,access,6.0,0.272727,0.8182,medium,strong,tight,agree,0,-79976,0.0,-40.0
access,452,-1,45200,-954800,ASH_COATED_OSMIUM,BUY,9997,2,aggressive_cross,9997,public,access,5.0,0.25,0.625,medium,strong,tight,agree,0,-19994,0.0,6.0
access,452,-1,45200,-954800,ASH_COATED_OSMIUM,BUY,9997,6,aggressive_cross,9997,public,access,5.0,0.25,0.625,medium,strong,tight,agree,0,-59982,0.0,18.0
access,465,-1,46500,-953500,ASH_COATED_OSMIUM,SELL,10001,2,aggressive_cross,10001,public,access,9.0,-0.37931,-1.7069,high,extreme,normal,agree,0,20002,0.0,10.0
access,465,-1,46500,-953500,ASH_COATED_OSMIUM,SELL,10001,8,aggressive_cross,10001,public,access,9.0,-0.37931,-1.7069,high,extreme,normal,agree,0,80008,0.0,40.0
access,494,-1,49400,-950600,ASH_COATED_OSMIUM,SELL,10003,2,aggressive_cross,10003,public,access,6.0,-0.538462,-1.6154,high,extreme,tight,agree,1,20006,0.0,3.0
access,494,-1,49400,-950600,ASH_COATED_OSMIUM,SELL,10003,8,aggressive_cross,10003,public,access,6.0,-0.538462,-1.6154,high,extreme,tight,agree,1,80024,0.0,12.0
access,509,-1,50900,-949100,ASH_COATED_OSMIUM,BUY,9993,5,passive_resting_fill,9993,public,access,18.0,0.06383,0.5745,medium,strong,wide,agree,2,-49965,0.0,40.0
access,509,-1,50900,-949100,ASH_COATED_OSMIUM,BUY,9991,5,passive_resting_fill,9991,access,access,18.0,0.06383,0.5745,medium,strong,wide,agree,2,-49955,0.0,50.0
access,538,-1,53800,-946200,ASH_COATED_OSMIUM,BUY,9995,2,aggressive_cross,9995,public,access,6.0,0.157895,0.4737,medium,mild,tight,agree,1,-19990,0.0,2.0
access,538,-1,53800,-946200,ASH_COATED_OSMIUM,BUY,9995,8,aggressive_cross,9995,public,access,6.0,0.157895,0.4737,medium,mild,tight,agree,1,-79960,0.0,8.0
access,546,-1,54600,-945400,ASH_COATED_OSMIUM,BUY,9987,6,passive_resting_fill,9987,public,access,18.0,0.017544,0.1579,low,mild,wide,agree,1,-59922,0.0,63.0
access,581,-1,58100,-941900,ASH_COATED_OSMIUM,BUY,9996,8,aggressive_cross,9996,public,access,5.0,0.142857,0.3571,medium,mild,tight,agree,1,-79968,0.0,16.0
access,595,-1,59500,-940500,ASH_COATED_OSMIUM,SELL,10005,2,passive_resting_fill,10005,public,access,16.0,0.0,0.0,low,mild,normal,agree,0,20010,0.0,14.0
access,595,-1,59500,-940500,ASH_COATED_OSMIUM,SELL,10007,2,passive_resting_fill,10007,public,access,16.0,0.0,0.0,low,mild,normal,agree,0,20014,0.0,18.0
access,616,-1,61600,-938400,ASH_COATED_OSMIUM,BUY,9996,2,aggressive_cross,9996,public,access,6.0,0.529412,1.5882,high,extreme,tight,agree,0,-19992,0.0,5.0
access,616,-1,61600,-938400,ASH_COATED_OSMIUM,BUY,9996,4,aggressive_cross,9996,public,access,6.0,0.529412,1.5882,high,extreme,tight,agree,0,-39984,0.0,10.0
access,620,-1,62000,-938000,ASH_COATED_OSMIUM,SELL,10006,6,passive_resting_fill,10006,public,access,14.0,0.0,0.0,low,mild,normal,agree,2,60036,0.0,33.0
access,620,-1,62000,-938000,ASH_COATED_OSMIUM,SELL,10008,4,passive_resting_fill,10008,public,access,14.0,0.0,0.0,low,mild,normal,agree,2,40032,0.0,30.0
access,637,-1,63700,-936300,ASH_COATED_OSMIUM,BUY,9992,2,passive_resting_fill,9992,public,access,16.0,0.0,0.0,low,mild,normal,agree,0,-19984,0.0,11.0
access,637,-1,63700,-936300,ASH_COATED_OSMIUM,BUY,9990,2,passive_resting_fill,9990,public,access,16.0,0.0,0.0,low,mild,normal,agree,0,-19980,0.0,15.0
access,649,-1,64900,-935100,ASH_COATED_OSMIUM,SELL,10003,4,passive_resting_fill,10003,public,access,15.0,0.333333,2.5,high,extreme,normal,agree,1,40012,0.0,22.0
access,649,-1,64900,-935100,ASH_COATED_OSMIUM,SELL,10005,4,passive_resting_fill,10005,public,access,15.0,0.333333,2.5,high,extreme,normal,agree,1,40020,0.0,30.0
access,653,-1,65300,-934700,ASH_COATED_OSMIUM,BUY,9991,2,passive_resting_fill,9991,public,access,15.0,-0.153846,-1.1538,high,strong,normal,agree,1,-19982,0.0,12.0
access,653,-1,65300,-934700,ASH_COATED_OSMIUM,BUY,9989,2,passive_resting_fill,9989,public,access,15.0,-0.153846,-1.1538,high,strong,normal,agree,1,-19978,0.0,16.0
access,655,-1,65500,-934500,ASH_COATED_OSMIUM,BUY,9994,8,aggressive_cross,9994,public,access,5.0,0.157895,0.3947,medium,mild,tight,agree,0,-79952,0.0,32.0
access,723,-1,72300,-927700,ASH_COATED_OSMIUM,BUY,9997,2,aggressive_cross,9997,public,access,5.0,0.166667,0.4167,medium,mild,tight,agree,1,-19994,0.0,-3.0
access,723,-1,72300,-927700,ASH_COATED_OSMIUM,BUY,9997,8,aggressive_cross,9997,public,access,5.0,0.166667,0.4167,medium,mild,tight,agree,1,-79976,0.0,-12.0
access,728,-1,72800,-927200,ASH_COATED_OSMIUM,BUY,9998,2,aggressive_cross,9998,public,access,5.0,0.444444,1.1111,high,strong,tight,agree,0,-19996,0.0,4.0
access,728,-1,72800,-927200,ASH_COATED_OSMIUM,BUY,9998,4,aggressive_cross,9998,public,access,5.0,0.444444,1.1111,high,strong,tight,agree,0,-39992,0.0,8.0
access,734,-1,73400,-926600,ASH_COATED_OSMIUM,SELL,9997,2,aggressive_cross,9997,public,access,10.0,-0.826087,-4.1304,high,extreme,normal,agree,1,19994,0.0,-2.0
access,734,-1,73400,-926600,ASH_COATED_OSMIUM,SELL,9997,2,aggressive_cross,9997,public,access,10.0,-0.826087,-4.1304,high,extreme,normal,agree,1,19994,0.0,-2.0
access,765,-1,76500,-923500,ASH_COATED_OSMIUM,SELL,10008,8,passive_resting_fill,10008,public,access,18.0,0.0,0.0,low,mild,wide,agree,1,80064,0.0,36.0
access,765,-1,76500,-923500,ASH_COATED_OSMIUM,SELL,10010,5,passive_resting_fill,10010,public,access,18.0,0.0,0.0,low,mild,wide,agree,1,50050,0.0,32.5
access,773,-1,77300,-922700,ASH_COATED_OSMIUM,SELL,9999,2,aggressive_cross,9999,public,access,9.0,-0.75,-3.375,high,extreme,normal,agree,1,19998,0.0,6.0
access,773,-1,77300,-922700,ASH_COATED_OSMIUM,SELL,9999,4,aggressive_cross,9999,public,access,9.0,-0.75,-3.375,high,extreme,normal,agree,1,39996,0.0,12.0
access,778,-1,77800,-922200,ASH_COATED_OSMIUM,BUY,9999,2,aggressive_cross,9999,public,access,6.0,0.333333,1.0,high,strong,tight,agree,0,-19998,0.0,5.0
access,778,-1,77800,-922200,ASH_COATED_OSMIUM,BUY,9999,4,aggressive_cross,9999,public,access,6.0,0.333333,1.0,high,strong,tight,agree,0,-39996,0.0,10.0
access,803,-1,80300,-919700,ASH_COATED_OSMIUM,SELL,10003,2,aggressive_cross,10003,public,access,7.0,-0.555556,-1.9444,high,extreme,tight,agree,0,20006,0.0,16.0
access,803,-1,80300,-919700,ASH_COATED_OSMIUM,SELL,10003,4,aggressive_cross,10003,public,access,7.0,-0.555556,-1.9444,high,extreme,tight,agree,0,40012,0.0,32.0
access,836,-1,83600,-916400,ASH_COATED_OSMIUM,SELL,9999,2,aggressive_cross,9999,public,access,9.0,-0.764706,-3.4412,high,extreme,normal,agree,1,19998,0.0,10.0
access,836,-1,83600,-916400,ASH_COATED_OSMIUM,SELL,9999,2,aggressive_cross,9999,public,access,9.0,-0.764706,-3.4412,high,extreme,normal,agree,1,19998,0.0,10.0
access,837,-1,83700,-916300,ASH_COATED_OSMIUM,SELL,10007,2,passive_resting_fill,10007,public,access,15.0,0.153846,1.1538,high,strong,normal,agree,1,20014,0.0,8.0
access,837,-1,83700,-916300,ASH_COATED_OSMIUM,SELL,10009,2,passive_resting_fill,10009,public,access,15.0,0.153846,1.1538,high,strong,normal,agree,1,20018,0.0,12.0
access,855,-1,85500,-914500,ASH_COATED_OSMIUM,BUY,9996,7,passive_resting_fill,9996,access,access,15.0,0.12,0.9,medium,strong,normal,agree,1,-69972,0.0,112.0
access,859,-1,85900,-914100,ASH_COATED_OSMIUM,BUY,9996,5,passive_resting_fill,9996,access,access,15.0,-0.076923,-0.5769,medium,strong,normal,agree,1,-49980,0.0,40.0
access,876,-1,87600,-912400,ASH_COATED_OSMIUM,SELL,10001,2,aggressive_cross,10001,public,access,13.0,-0.666667,-4.3333,high,extreme,normal,agree,1,20002,0.0,-3.0
access,876,-1,87600,-912400,ASH_COATED_OSMIUM,SELL,10001,5,aggressive_cross,10001,public,access,13.0,-0.666667,-4.3333,high,extreme,normal,agree,1,50005,0.0,-7.5
access,878,-1,87800,-912200,ASH_COATED_OSMIUM,SELL,10006,8,aggressive_cross,10006,access,access,5.0,0.166667,0.4167,medium,mild,tight,agree,1,80048,0.0,24.0
access,879,-1,87900,-912100,ASH_COATED_OSMIUM,BUY,10001,5,passive_resting_fill,10001,public,access,18.0,0.393939,3.5455,high,extreme,wide,agree,0,-50005,0.0,-2.5
access,879,-1,87900,-912100,ASH_COATED_OSMIUM,BUY,9999,5,passive_resting_fill,9999,public,access,18.0,0.393939,3.5455,high,extreme,wide,agree,0,-49995,0.0,7.5
access,883,-1,88300,-911700,ASH_COATED_OSMIUM,SELL,10010,2,passive_resting_fill,10010,public,access,16.0,0.0,0.0,low,mild,normal,agree,1,20020,0.0,18.0
access,907,-1,90700,-909300,ASH_COATED_OSMIUM,SELL,10011,2,passive_resting_fill,10011,public,access,19.0,-0.317073,-3.0122,high,extreme,wide,agree,0,20022,0.0,12.0
access,907,-1,90700,-909300,ASH_COATED_OSMIUM,SELL,10013,2,passive_resting_fill,10013,public,access,19.0,-0.317073,-3.0122,high,extreme,wide,agree,0,20026,0.0,16.0
access,908,-1,90800,-909200,ASH_COATED_OSMIUM,BUY,9997,6,passive_resting_fill,9997,public,access,18.0,0.333333,3.0,high,extreme,wide,agree,0,-59982,0.0,60.0
access,908,-1,90800,-909200,ASH_COATED_OSMIUM,BUY,9995,5,passive_resting_fill,9995,public,access,18.0,0.333333,3.0,high,extreme,wide,agree,0,-49975,0.0,60.0
access,911,-1,91100,-908900,ASH_COATED_OSMIUM,SELL,10002,3,aggressive_cross,10002,public,access,10.0,-0.538462,-2.6923,high,extreme,normal,agree,1,30006,0.0,-4.5
access,930,-1,93000,-907000,ASH_COATED_OSMIUM,SELL,10005,2,aggressive_cross,10005,public,access,9.0,-0.483871,-2.1774,high,extreme,normal,agree,0,20010,0.0,4.0
access,930,-1,93000,-907000,ASH_COATED_OSMIUM,SELL,10005,8,aggressive_cross,10005,public,access,9.0,-0.483871,-2.1774,high,extreme,normal,agree,0,80040,0.0,16.0
access,987,-1,98700,-901300,ASH_COATED_OSMIUM,BUY,9997,2,aggressive_cross,9997,public,access,8.0,0.733333,2.9333,high,extreme,tight,agree,0,-19994,0.0,6.0
access,987,-1,98700,-901300,ASH_COATED_OSMIUM,BUY,9997,4,aggressive_cross,9997,public,access,8.0,0.733333,2.9333,high,extreme,tight,agree,0,-39988,0.0,12.0
access,1059,-1,105900,-894100,ASH_COATED_OSMIUM,SELL,10008,5,passive_resting_fill,10008,public,access,19.0,-0.333333,-3.1667,high,extreme,wide,agree,0,50040,0.0,40.0
access,1059,-1,105900,-894100,ASH_COATED_OSMIUM,SELL,10010,5,passive_resting_fill,10010,public,access,19.0,-0.333333,-3.1667,high,extreme,wide,agree,0,50050,0.0,50.0
access,1072,-1,107200,-892800,ASH_COATED_OSMIUM,BUY,9992,3,passive_resting_fill,9992,public,access,16.0,0.0,0.0,low,mild,normal,agree,0,-29976,0.0,25.5
access,1116,-1,111600,-888400,ASH_COATED_OSMIUM,BUY,9994,5,passive_resting_fill,9994,public,access,15.0,-0.071429,-0.5357,medium,strong,normal,agree,1,-49970,0.0,40.0
access,1116,-1,111600,-888400,ASH_COATED_OSMIUM,BUY,9992,5,passive_resting_fill,9992,public,access,15.0,-0.071429,-0.5357,medium,strong,normal,agree,1,-49960,0.0,50.0
access,1147,-1,114700,-885300,ASH_COATED_OSMIUM,BUY,9992,3,passive_resting_fill,9992,access,access,15.0,0.130435,0.9783,high,strong,normal,agree,1,-29976,0.0,19.5
access,1151,-1,115100,-884900,ASH_COATED_OSMIUM,SELL,10000,2,aggressive_cross,10000,public,access,9.0,-0.470588,-2.1176,high,extreme,normal,agree,0,20000,0.0,10.0
access,1151,-1,115100,-884900,ASH_COATED_OSMIUM,SELL,10000,8,aggressive_cross,10000,public,access,9.0,-0.470588,-2.1176,high,extreme,normal,agree,0,80000,0.0,40.0
access,1161,-1,116100,-883900,ASH_COATED_OSMIUM,BUY,9991,8,passive_resting_fill,9991,public,access,16.0,0.0,0.0,low,mild,normal,agree,0,-79928,0.0,72.0
access,1161,-1,116100,-883900,ASH_COATED_OSMIUM,BUY,9989,7,passive_resting_fill,9989,public,access,16.0,0.0,0.0,low,mild,normal,agree,0,-69923,0.0,77.0
access,1191,-1,119100,-880900,ASH_COATED_OSMIUM,SELL,10001,2,aggressive_cross,10001,public,access,6.0,-0.130435,-0.3913,medium,mild,tight,agree,0,20002,0.0,2.0
access,1191,-1,119100,-880900,ASH_COATED_OSMIUM,SELL,10001,10,aggressive_cross,10001,public,access,6.0,-0.130435,-0.3913,medium,mild,tight,agree,0,100010,0.0,10.0
access,1220,-1,122000,-878000,ASH_COATED_OSMIUM,SELL,10005,10,passive_resting_fill,10005,public,access,16.0,0.0,0.0,low,mild,normal,agree,1,100050,0.0,60.0
access,1220,-1,122000,-878000,ASH_COATED_OSMIUM,SELL,10007,7,passive_resting_fill,10007,public,access,16.0,0.0,0.0,low,mild,normal,agree,1,70049,0.0,56.0
access,1223,-1,122300,-877700,ASH_COATED_OSMIUM,SELL,10006,5,passive_resting_fill,10006,public,access,16.0,0.0,0.0,low,mild,normal,agree,2,50030,0.0,37.5
access,1226,-1,122600,-877400,ASH_COATED_OSMIUM,BUY,9996,8,aggressive_cross,9996,public,access,5.0,0.142857,0.3571,medium,mild,tight,agree,2,-79968,0.0,24.0
access,1245,-1,124500,-875500,ASH_COATED_OSMIUM,BUY,9990,2,passive_resting_fill,9990,access,access,15.0,0.043478,0.3261,low,mild,normal,agree,2,-19980,0.0,14.0
access,1264,-1,126400,-873600,ASH_COATED_OSMIUM,BUY,9989,6,passive_resting_fill,9989,access,access,14.0,-0.272727,-1.9091,high,extreme,normal,agree,2,-59934,0.0,-12.0
access,1265,-1,126500,-873500,ASH_COATED_OSMIUM,BUY,9990,6,passive_resting_fill,9990,public,access,17.0,0.2,1.7,high,extreme,wide,agree,1,-59940,0.0,30.0
access,1265,-1,126500,-873500,ASH_COATED_OSMIUM,BUY,9988,6,passive_resting_fill,9988,public,access,17.0,0.2,1.7,high,extreme,wide,agree,1,-59928,0.0,42.0
access,1268,-1,126800,-873200,ASH_COATED_OSMIUM,BUY,9993,5,aggressive_cross,9993,public,access,8.0,0.714286,2.8571,high,extreme,tight,agree,0,-49965,0.0,20.0
access,1275,-1,127500,-872500,ASH_COATED_OSMIUM,BUY,9993,2,aggressive_cross,9993,public,access,5.0,0.090909,0.2273,low,mild,tight,agree,0,-19986,0.0,6.0
access,1275,-1,127500,-872500,ASH_COATED_OSMIUM,BUY,9993,10,aggressive_cross,9993,public,access,5.0,0.090909,0.2273,low,mild,tight,agree,0,-99930,0.0,30.0
access,1278,-1,127800,-872200,ASH_COATED_OSMIUM,SELL,10002,2,passive_resting_fill,10002,public,access,18.0,0.302326,2.7209,high,extreme,wide,agree,0,20004,0.0,17.0
access,1299,-1,129900,-870100,ASH_COATED_OSMIUM,SELL,9997,2,aggressive_cross,9997,access,access,8.0,-0.176471,-0.7059,medium,strong,tight,agree,1,19994,0.0,3.0
access,1299,-1,129900,-870100,ASH_COATED_OSMIUM,SELL,9997,8,aggressive_cross,9997,access,access,8.0,-0.176471,-0.7059,medium,strong,tight,agree,1,79976,0.0,12.0
access,1303,-1,130300,-869700,ASH_COATED_OSMIUM,SELL,10001,2,passive_resting_fill,10001,public,access,15.0,0.153846,1.1538,high,strong,normal,agree,1,20002,0.0,12.0
access,1303,-1,130300,-869700,ASH_COATED_OSMIUM,SELL,10003,2,passive_resting_fill,10003,public,access,15.0,0.153846,1.1538,high,strong,normal,agree,1,20006,0.0,16.0
access,1324,-1,132400,-867600,ASH_COATED_OSMIUM,BUY,9994,2,aggressive_cross,9994,public,access,6.0,0.5,1.5,high,extreme,tight,agree,0,-19988,0.0,3.0
access,1324,-1,132400,-867600,ASH_COATED_OSMIUM,BUY,9994,5,aggressive_cross,9994,public,access,6.0,0.5,1.5,high,extreme,tight,agree,0,-49970,0.0,7.5
access,1377,-1,137700,-862300,ASH_COATED_OSMIUM,SELL,10007,3,passive_resting_fill,10007,public,access,17.0,0.08,0.68,medium,strong,wide,agree,1,30021,0.0,33.0
access,1394,-1,139400,-860600,ASH_COATED_OSMIUM,BUY,9991,11,passive_resting_fill,9991,public,access,15.0,0.153846,1.1538,high,strong,normal,agree,1,-109901,0.0,93.5
access,1394,-1,139400,-860600,ASH_COATED_OSMIUM,BUY,9989,5,passive_resting_fill,9989,public,access,15.0,0.153846,1.1538,high,strong,normal,agree,1,-49945,0.0,52.5
access,1420,-1,142000,-858000,ASH_COATED_OSMIUM,BUY,9994,2,passive_resting_fill,9994,public,access,15.0,0.0,0.0,low,mild,normal,agree,1,-19988,0.0,12.0
access,1420,-1,142000,-858000,ASH_COATED_OSMIUM,BUY,9992,2,passive_resting_fill,9992,public,access,15.0,0.0,0.0,low,mild,normal,agree,1,-19984,0.0,16.0
access,1422,-1,142200,-857800,ASH_COATED_OSMIUM,BUY,9993,6,passive_resting_fill,9993,access,access,15.0,-0.111111,-0.8333,medium,strong,normal,agree,2,-59958,0.0,42.0
access,1467,-1,146700,-853300,ASH_COATED_OSMIUM,SELL,10008,6,passive_resting_fill,10008,access,access,15.0,0.2,1.5,high,extreme,normal,agree,1,60048,0.0,39.0
access,1470,-1,147000,-853000,ASH_COATED_OSMIUM,SELL,9999,8,aggressive_cross,9999,access,access,10.0,-0.04,-0.2,low,mild,normal,agree,1,79992,0.0,-12.0
access,1483,-1,148300,-851700,ASH_COATED_OSMIUM,SELL,9999,2,aggressive_cross,9999,public,access,11.0,-0.666667,-3.6667,high,extreme,normal,agree,1,19998,0.0,-5.0
access,1485,-1,148500,-851500,ASH_COATED_OSMIUM,SELL,9999,2,aggressive_cross,9999,public,access,11.0,-0.411765,-2.2647,high,extreme,normal,agree,0,19998,0.0,-4.0
access,1485,-1,148500,-851500,ASH_COATED_OSMIUM,SELL,9999,5,aggressive_cross,9999,public,access,11.0,-0.411765,-2.2647,high,extreme,normal,agree,0,49995,0.0,-10.0
access,1491,-1,149100,-850900,ASH_COATED_OSMIUM,BUY,9998,2,aggressive_cross,9998,public,access,5.0,0.368421,0.9211,high,strong,tight,agree,0,-19996,0.0,9.0
access,1491,-1,149100,-850900,ASH_COATED_OSMIUM,BUY,9998,4,aggressive_cross,9998,public,access,5.0,0.368421,0.9211,high,strong,tight,agree,0,-39992,0.0,18.0
access,1495,-1,149500,-850500,ASH_COATED_OSMIUM,SELL,10000,9,passive_resting_fill,10000,public,access,11.0,-0.5,-2.75,high,extreme,normal,agree,0,90000,0.0,-9.0
access,1495,-1,149500,-850500,ASH_COATED_OSMIUM,SELL,10002,4,passive_resting_fill,10002,public,access,11.0,-0.5,-2.75,high,extreme,normal,agree,0,40008,0.0,4.0
access,1532,-1,153200,-846800,ASH_COATED_OSMIUM,BUY,9994,5,passive_resting_fill,9994,public,access,16.0,0.0,0.0,low,mild,normal,agree,0,-49970,0.0,0.0
access,1546,-1,154600,-845400,ASH_COATED_OSMIUM,BUY,9999,2,passive_resting_fill,9999,public,access,16.0,0.0,0.0,low,mild,normal,agree,0,-19998,0.0,5.0
access,1546,-1,154600,-845400,ASH_COATED_OSMIUM,BUY,9997,2,passive_resting_fill,9997,public,access,16.0,0.0,0.0,low,mild,normal,agree,0,-19994,0.0,9.0
access,1553,-1,155300,-844700,ASH_COATED_OSMIUM,SELL,10008,10,passive_resting_fill,10008,public,access,16.0,0.0,0.0,low,mild,normal,agree,1,100080,0.0,90.0
access,1555,-1,155500,-844500,ASH_COATED_OSMIUM,SELL,10005,2,passive_resting_fill,10005,public,access,18.0,-0.243243,-2.1892,high,extreme,wide,agree,0,20010,0.0,6.0
access,1557,-1,155700,-844300,ASH_COATED_OSMIUM,SELL,10008,7,passive_resting_fill,10008,public,access,17.0,0.0,0.0,low,mild,wide,agree,1,70056,0.0,42.0
access,1557,-1,155700,-844300,ASH_COATED_OSMIUM,SELL,10010,5,passive_resting_fill,10010,public,access,17.0,0.0,0.0,low,mild,wide,agree,1,50050,0.0,40.0
access,1582,-1,158200,-841800,ASH_COATED_OSMIUM,BUY,9995,5,passive_resting_fill,9995,public,access,16.0,0.0,0.0,low,mild,normal,agree,2,-49975,0.0,30.0
access,1653,-1,165300,-834700,ASH_COATED_OSMIUM,BUY,9991,5,passive_resting_fill,9991,public,access,18.0,0.142857,1.2857,high,extreme,wide,agree,0,-49955,0.0,42.5
access,1653,-1,165300,-834700,ASH_COATED_OSMIUM,BUY,9989,5,passive_resting_fill,9989,public,access,18.0,0.142857,1.2857,high,extreme,wide,agree,0,-49945,0.0,52.5
access,1655,-1,165500,-834500,ASH_COATED_OSMIUM,SELL,10000,2,aggressive_cross,10000,public,access,7.0,-0.428571,-1.5,high,extreme,tight,agree,0,20000,0.0,2.0
access,1655,-1,165500,-834500,ASH_COATED_OSMIUM,SELL,10000,4,aggressive_cross,10000,public,access,7.0,-0.428571,-1.5,high,extreme,tight,agree,0,40000,0.0,4.0
access,1694,-1,169400,-830600,ASH_COATED_OSMIUM,SELL,10000,2,aggressive_cross,10000,access,access,4.0,-0.277778,-0.5556,medium,strong,tight,agree,2,20000,0.0,4.0
access,1694,-1,169400,-830600,ASH_COATED_OSMIUM,SELL,10000,8,aggressive_cross,10000,access,access,4.0,-0.277778,-0.5556,medium,strong,tight,agree,2,80000,0.0,16.0
access,1777,-1,177700,-822300,ASH_COATED_OSMIUM,BUY,9992,10,passive_resting_fill,9992,public,access,17.0,0.037037,0.3148,low,mild,wide,agree,1,-99920,0.0,65.0
access,1777,-1,177700,-822300,ASH_COATED_OSMIUM,BUY,9990,8,passive_resting_fill,9990,access,access,17.0,0.037037,0.3148,low,mild,wide,agree,1,-79920,0.0,68.0
access,1816,-1,181600,-818400,ASH_COATED_OSMIUM,BUY,9996,2,passive_resting_fill,9996,public,access,18.0,0.071429,0.6429,medium,strong,wide,agree,1,-19992,0.0,14.0
access,1816,-1,181600,-818400,ASH_COATED_OSMIUM,BUY,9994,2,passive_resting_fill,9994,public,access,18.0,0.071429,0.6429,medium,strong,wide,agree,1,-19988,0.0,18.0
access,1827,-1,182700,-817300,ASH_COATED_OSMIUM,BUY,9995,5,passive_resting_fill,9995,public,access,16.0,0.0,0.0,low,mild,normal,agree,1,-49975,0.0,42.5
access,1827,-1,182700,-817300,ASH_COATED_OSMIUM,BUY,9993,5,passive_resting_fill,9993,public,access,16.0,0.0,0.0,low,mild,normal,agree,1,-49965,0.0,52.5
access,1847,-1,184700,-815300,ASH_COATED_OSMIUM,SELL,10005,2,aggressive_cross,10005,public,access,7.0,-0.052632,-0.1842,low,mild,tight,agree,0,20010,0.0,5.0
access,1847,-1,184700,-815300,ASH_COATED_OSMIUM,SELL,10005,9,aggressive_cross,10005,public,access,7.0,-0.052632,-0.1842,low,mild,tight,agree,0,90045,0.0,22.5
access,1848,-1,184800,-815200,ASH_COATED_OSMIUM,BUY,10005,4,passive_resting_fill,10005,public,access,16.0,0.0,0.0,low,mild,normal,agree,0,-40020,0.0,28.0
access,1848,-1,184800,-815200,ASH_COATED_OSMIUM,BUY,10003,4,passive_resting_fill,10003,public,access,16.0,0.0,0.0,low,mild,normal,agree,0,-40012,0.0,36.0
access,1859,-1,185900,-814100,ASH_COATED_OSMIUM,BUY,9997,10,passive_resting_fill,9997,public,access,16.0,0.0,0.0,low,mild,normal,agree,0,-99970,0.0,65.0
access,1868,-1,186800,-813200,ASH_COATED_OSMIUM,BUY,9996,4,passive_resting_fill,9996,public,access,16.0,0.0,0.0,low,mild,normal,agree,0,-39984,0.0,28.0
access,1872,-1,187200,-812800,ASH_COATED_OSMIUM,SELL,10001,2,aggressive_cross,10001,public,access,9.0,-0.538462,-2.4231,high,extreme,normal,agree,1,20002,0.0,-4.0
access,1872,-1,187200,-812800,ASH_COATED_OSMIUM,SELL,10001,3,aggressive_cross,10001,public,access,9.0,-0.538462,-2.4231,high,extreme,normal,agree,1,30003,0.0,-6.0
access,1904,-1,190400,-809600,ASH_COATED_OSMIUM,SELL,10009,3,passive_resting_fill,10009,public,access,15.0,-0.473684,-3.5526,high,extreme,normal,agree,2,30027,0.0,15.0
access,1904,-1,190400,-809600,ASH_COATED_OSMIUM,SELL,10011,3,passive_resting_fill,10011,public,access,15.0,-0.473684,-3.5526,high,extreme,normal,agree,2,30033,0.0,21.0
access,1926,-1,192600,-807400,ASH_COATED_OSMIUM,BUY,9999,8,passive_resting_fill,9999,public,access,14.0,0.45,3.15,high,extreme,normal,agree,2,-79992,0.0,52.0
access,1926,-1,192600,-807400,ASH_COATED_OSMIUM,BUY,9997,7,passive_resting_fill,9997,public,access,14.0,0.45,3.15,high,extreme,normal,agree,2,-69979,0.0,59.5
access,1929,-1,192900,-807100,ASH_COATED_OSMIUM,SELL,10011,10,passive_resting_fill,10011,public,access,0.0,0.0,0.0,low,mild,tight,agree,0,100110,0.0,65.0
access,1929,-1,192900,-807100,ASH_COATED_OSMIUM,SELL,10013,5,passive_resting_fill,10013,public,access,0.0,0.0,0.0,low,mild,tight,agree,0,50065,0.0,42.5
access,1933,-1,193300,-806700,ASH_COATED_OSMIUM,SELL,10006,5,aggressive_cross,10006,public,access,7.0,-0.473684,-1.6579,high,extreme,tight,agree,1,50030,0.0,5.0
access,1954,-1,195400,-804600,ASH_COATED_OSMIUM,SELL,10002,2,aggressive_cross,10002,public,access,15.0,-0.714286,-5.3571,high,extreme,normal,agree,2,20004,0.0,3.0
access,1954,-1,195400,-804600,ASH_COATED_OSMIUM,SELL,10002,2,aggressive_cross,10002,public,access,15.0,-0.714286,-5.3571,high,extreme,normal,agree,2,20004,0.0,3.0
access,1968,-1,196800,-803200,ASH_COATED_OSMIUM,SELL,10001,2,aggressive_cross,10001,public,access,13.0,-0.866667,-5.6333,high,extreme,normal,agree,1,20002,0.0,-5.0
access,1968,-1,196800,-803200,ASH_COATED_OSMIUM,SELL,10001,2,aggressive_cross,10001,public,access,13.0,-0.866667,-5.6333,high,extreme,normal,agree,1,20002,0.0,-5.0
access,1973,-1,197300,-802700,ASH_COATED_OSMIUM,BUY,9997,9,passive_resting_fill,9997,public,access,15.0,0.083333,0.625,medium,strong,normal,agree,2,-89973,0.0,76.5
access,2001,-1,200100,-799900,ASH_COATED_OSMIUM,BUY,9995,6,passive_resting_fill,9995,public,access,16.0,0.0,0.0,low,mild,normal,agree,1,-59970,0.0,42.0
access,2003,-1,200300,-799700,ASH_COATED_OSMIUM,BUY,9995,10,passive_resting_fill,9995,public,access,18.0,-0.020408,-0.1837,low,mild,wide,agree,1,-99950,0.0,70.0
access,2003,-1,200300,-799700,ASH_COATED_OSMIUM,BUY,9993,7,passive_resting_fill,9993,public,access,18.0,-0.020408,-0.1837,low,mild,wide,agree,1,-69951,0.0,63.0
access,2004,-1,200400,-799600,ASH_COATED_OSMIUM,SELL,10009,2,passive_resting_fill,10009,public,access,16.0,0.0,0.0,low,mild,normal,agree,0,20018,0.0,14.0
access,2004,-1,200400,-799600,ASH_COATED_OSMIUM,SELL,10011,2,passive_resting_fill,10011,public,access,16.0,0.0,0.0,low,mild,normal,agree,0,20022,0.0,18.0
access,2006,-1,200600,-799400,ASH_COATED_OSMIUM,SELL,10009,2,passive_resting_fill,10009,public,access,16.0,0.0,0.0,low,mild,normal,agree,1,20018,0.0,9.0
access,2007,-1,200700,-799300,ASH_COATED_OSMIUM,SELL,10009,8,passive_resting_fill,10009,public,access,16.0,0.0,0.0,low,mild,normal,agree,0,80072,0.0,56.0
access,2017,-1,201700,-798300,ASH_COATED_OSMIUM,BUY,9994,4,passive_resting_fill,9994,access,access,15.0,0.380952,2.8571,high,extreme,normal,agree,1,-39976,0.0,28.0
access,2053,-1,205300,-794700,ASH_COATED_OSMIUM,SELL,9997,2,aggressive_cross,9997,public,access,11.0,-0.666667,-3.6667,high,extreme,normal,agree,0,19994,0.0,-8.0
access,2053,-1,205300,-794700,ASH_COATED_OSMIUM,SELL,9997,2,aggressive_cross,9997,public,access,11.0,-0.666667,-3.6667,high,extreme,normal,agree,0,19994,0.0,-8.0
access,2056,-1,205600,-794400,ASH_COATED_OSMIUM,BUY,9993,2,passive_resting_fill,9993,public,access,16.0,0.0,0.0,low,mild,normal,agree,2,-19986,0.0,16.0
access,2066,-1,206600,-793400,ASH_COATED_OSMIUM,BUY,9994,7,passive_resting_fill,9994,public,access,15.0,-0.393939,-2.9545,high,extreme,normal,agree,1,-69958,0.0,80.5
access,2067,-1,206700,-793300,ASH_COATED_OSMIUM,SELL,10003,2,aggressive_cross,10003,public,access,6.0,-0.473684,-1.4211,high,extreme,tight,agree,0,20006,0.0,3.0
access,2067,-1,206700,-793300,ASH_COATED_OSMIUM,SELL,10003,5,aggressive_cross,10003,public,access,6.0,-0.473684,-1.4211,high,extreme,tight,agree,0,50015,0.0,7.5
access,2089,-1,208900,-791100,ASH_COATED_OSMIUM,BUY,9994,10,passive_resting_fill,9994,public,access,15.0,0.257143,1.9286,high,extreme,normal,agree,1,-99940,0.0,90.0
access,2100,-1,210000,-790000,ASH_COATED_OSMIUM,BUY,9994,4,passive_resting_fill,9994,public,access,19.0,0.375,3.5625,high,extreme,wide,agree,0,-39976,0.0,38.0
access,2100,-1,210000,-790000,ASH_COATED_OSMIUM,BUY,9992,4,passive_resting_fill,9992,public,access,19.0,0.375,3.5625,high,extreme,wide,agree,0,-39968,0.0,46.0
access,2105,-1,210500,-789500,ASH_COATED_OSMIUM,SELL,9996,4,aggressive_cross,9996,access,access,15.0,-0.083333,-0.625,medium,strong,normal,agree,2,39984,0.0,-32.0
access,2109,-1,210900,-789100,ASH_COATED_OSMIUM,SELL,10001,5,aggressive_cross,10001,public,access,10.0,-0.375,-1.875,high,extreme,normal,agree,0,50005,0.0,-12.5
access,2127,-1,212700,-787300,ASH_COATED_OSMIUM,BUY,9996,6,passive_resting_fill,9996,public,access,4.0,0.333333,0.6667,medium,strong,tight,agree,2,-59976,0.0,33.0
access,2127,-1,212700,-787300,ASH_COATED_OSMIUM,BUY,9994,4,passive_resting_fill,9994,public,access,4.0,0.333333,0.6667,medium,strong,tight,agree,2,-39976,0.0,30.0
access,2134,-1,213400,-786600,ASH_COATED_OSMIUM,SELL,9995,4,aggressive_cross,9995,public,access,15.0,-0.210526,-1.5789,high,extreme,normal,agree,2,39980,0.0,-16.0
access,2169,-1,216900,-783100,ASH_COATED_OSMIUM,SELL,10002,7,aggressive_cross,10002,public,access,7.0,-0.333333,-1.1667,high,strong,tight,agree,0,70014,0.0,-10.5
access,2217,-1,221700,-778300,ASH_COATED_OSMIUM,SELL,10001,2,aggressive_cross,10001,public,access,10.0,-0.5,-2.5,high,extreme,normal,agree,1,20002,0.0,-6.0
access,2217,-1,221700,-778300,ASH_COATED_OSMIUM,SELL,10001,4,aggressive_cross,10001,public,access,10.0,-0.5,-2.5,high,extreme,normal,agree,1,40004,0.0,-12.0
access,2231,-1,223100,-776900,ASH_COATED_OSMIUM,SELL,10001,3,aggressive_cross,10001,public,access,11.0,-0.666667,-3.6667,high,extreme,normal,agree,0,30003,0.0,-4.5
access,2239,-1,223900,-776100,ASH_COATED_OSMIUM,SELL,10006,2,aggressive_cross,10006,public,access,6.0,-0.473684,-1.4211,high,extreme,tight,agree,0,20012,0.0,17.0
access,2239,-1,223900,-776100,ASH_COATED_OSMIUM,SELL,10006,5,aggressive_cross,10006,public,access,6.0,-0.473684,-1.4211,high,extreme,tight,agree,0,50030,0.0,42.5
access,2248,-1,224800,-775200,ASH_COATED_OSMIUM,SELL,10010,5,passive_resting_fill,10010,public,access,15.0,0.318182,2.3864,high,extreme,normal,agree,2,50050,0.0,25.0
access,2248,-1,224800,-775200,ASH_COATED_OSMIUM,SELL,10012,5,passive_resting_fill,10012,public,access,15.0,0.318182,2.3864,high,extreme,normal,agree,2,50060,0.0,35.0
access,2260,-1,226000,-774000,ASH_COATED_OSMIUM,SELL,10002,2,aggressive_cross,10002,public,access,11.0,-0.473684,-2.6053,high,extreme,normal,agree,0,20004,0.0,-4.0
access,2260,-1,226000,-774000,ASH_COATED_OSMIUM,SELL,10002,5,aggressive_cross,10002,public,access,11.0,-0.473684,-2.6053,high,extreme,normal,agree,0,50010,0.0,-10.0
access,2262,-1,226200,-773800,ASH_COATED_OSMIUM,BUY,9998,6,passive_resting_fill,9998,public,access,16.0,0.0,0.0,low,mild,normal,agree,1,-59988,0.0,48.0
access,2276,-1,227600,-772400,ASH_COATED_OSMIUM,BUY,9997,5,passive_resting_fill,9997,public,access,18.0,-0.365854,-3.2927,high,extreme,wide,agree,1,-49985,0.0,25.0
access,2280,-1,228000,-772000,ASH_COATED_OSMIUM,BUY,9995,5,passive_resting_fill,9995,public,access,15.0,-0.047619,-0.3571,medium,mild,normal,agree,1,-49975,0.0,37.5
access,2283,-1,228300,-771700,ASH_COATED_OSMIUM,SELL,10005,12,aggressive_cross,10005,access,access,5.0,0.043478,0.1087,low,mild,tight,agree,1,120060,0.0,42.0
access,2295,-1,229500,-770500,ASH_COATED_OSMIUM,SELL,10000,2,aggressive_cross,10000,public,access,13.0,-0.806452,-5.2419,high,extreme,normal,agree,0,20000,0.0,-5.0
access,2295,-1,229500,-770500,ASH_COATED_OSMIUM,SELL,10000,3,aggressive_cross,10000,public,access,13.0,-0.806452,-5.2419,high,extreme,normal,agree,0,30000,0.0,-7.5
access,2337,-1,233700,-766300,ASH_COATED_OSMIUM,SELL,10003,2,aggressive_cross,10003,public,access,6.0,-0.25,-0.75,medium,strong,tight,agree,0,20006,0.0,2.0
access,2337,-1,233700,-766300,ASH_COATED_OSMIUM,SELL,10003,6,aggressive_cross,10003,public,access,6.0,-0.25,-0.75,medium,strong,tight,agree,0,60018,0.0,6.0
access,2356,-1,235600,-764400,ASH_COATED_OSMIUM,BUY,9995,8,passive_resting_fill,9995,public,access,17.0,0.166667,1.4167,high,extreme,wide,agree,1,-79960,0.0,60.0
access,2356,-1,235600,-764400,ASH_COATED_OSMIUM,BUY,9993,7,passive_resting_fill,9993,public,access,17.0,0.166667,1.4167,high,extreme,wide,agree,1,-69951,0.0,66.5
access,2361,-1,236100,-763900,ASH_COATED_OSMIUM,BUY,9996,4,passive_resting_fill,9996,public,access,21.0,0.0,0.0,low,mild,wide,agree,0,-39984,0.0,30.0
access,2361,-1,236100,-763900,ASH_COATED_OSMIUM,BUY,9994,4,passive_resting_fill,9994,public,access,21.0,0.0,0.0,low,mild,wide,agree,0,-39976,0.0,38.0
access,2365,-1,236500,-763500,ASH_COATED_OSMIUM,BUY,9995,2,passive_resting_fill,9995,access,access,15.0,0.043478,0.3261,low,mild,normal,agree,2,-19990,0.0,25.0
access,2366,-1,236600,-763400,ASH_COATED_OSMIUM,BUY,9996,4,passive_resting_fill,9996,public,access,21.0,0.0,0.0,low,mild,wide,agree,0,-39984,0.0,36.0
access,2366,-1,236600,-763400,ASH_COATED_OSMIUM,BUY,9994,4,passive_resting_fill,9994,public,access,21.0,0.0,0.0,low,mild,wide,agree,0,-39976,0.0,44.0
access,2370,-1,237000,-763000,ASH_COATED_OSMIUM,SELL,10001,17,passive_resting_fill,10001,public,access,11.0,0.189189,1.0405,high,strong,normal,agree,2,170017,0.0,-51.0
access,2370,-1,237000,-763000,ASH_COATED_OSMIUM,SELL,10003,5,passive_resting_fill,10003,public,access,11.0,0.189189,1.0405,high,strong,normal,agree,2,50015,0.0,-5.0
access,2371,-1,237100,-762900,ASH_COATED_OSMIUM,BUY,10002,3,passive_resting_fill,10002,public,access,18.0,-0.473684,-4.2632,high,extreme,wide,agree,1,-30006,0.0,3.0
access,2371,-1,237100,-762900,ASH_COATED_OSMIUM,BUY,10000,3,passive_resting_fill,10000,public,access,18.0,-0.473684,-4.2632,high,extreme,wide,agree,1,-30000,0.0,9.0
access,2409,-1,240900,-759100,ASH_COATED_OSMIUM,SELL,10000,2,aggressive_cross,10000,public,access,10.0,-0.647059,-3.2353,high,extreme,normal,agree,0,20000,0.0,-3.0
access,2409,-1,240900,-759100,ASH_COATED_OSMIUM,SELL,10000,3,aggressive_cross,10000,public,access,10.0,-0.647059,-3.2353,high,extreme,normal,agree,0,30000,0.0,-4.5
access,2417,-1,241700,-758300,ASH_COATED_OSMIUM,BUY,9995,7,passive_resting_fill,9995,public,access,18.0,-0.314286,-2.8286,high,extreme,wide,agree,1,-69965,0.0,38.5
access,2432,-1,243200,-756800,ASH_COATED_OSMIUM,SELL,10008,6,passive_resting_fill,10008,public,access,15.0,0.083333,0.625,medium,strong,normal,agree,1,60048,0.0,42.0
access,2432,-1,243200,-756800,ASH_COATED_OSMIUM,SELL,10010,6,passive_resting_fill,10010,public,access,15.0,0.083333,0.625,medium,strong,normal,agree,1,60060,0.0,54.0
access,2446,-1,244600,-755400,ASH_COATED_OSMIUM,SELL,10004,2,aggressive_cross,10004,public,access,6.0,-0.263158,-0.7895,medium,strong,tight,agree,0,20008,0.0,4.0
access,2446,-1,244600,-755400,ASH_COATED_OSMIUM,SELL,10004,7,aggressive_cross,10004,public,access,6.0,-0.263158,-0.7895,medium,strong,tight,agree,0,70028,0.0,14.0
access,2462,-1,246200,-753800,ASH_COATED_OSMIUM,BUY,9996,9,passive_resting_fill,9996,public,access,15.0,-0.333333,-2.5,high,extreme,normal,agree,1,-89964,0.0,49.5
access,2462,-1,246200,-753800,ASH_COATED_OSMIUM,BUY,9994,7,passive_resting_fill,9994,public,access,15.0,-0.333333,-2.5,high,extreme,normal,agree,1,-69958,0.0,52.5
access,2475,-1,247500,-752500,ASH_COATED_OSMIUM,SELL,9999,2,aggressive_cross,9999,public,access,11.0,-0.473684,-2.6053,high,extreme,normal,agree,0,19998,0.0,-7.0
access,2475,-1,247500,-752500,ASH_COATED_OSMIUM,SELL,9999,5,aggressive_cross,9999,public,access,11.0,-0.473684,-2.6053,high,extreme,normal,agree,0,49995,0.0,-17.5
access,2476,-1,247600,-752400,ASH_COATED_OSMIUM,BUY,9995,6,passive_resting_fill,9995,public,access,16.0,-0.290323,-2.3226,high,extreme,normal,agree,2,-59970,0.0,36.0
access,2517,-1,251700,-748300,ASH_COATED_OSMIUM,BUY,9993,4,passive_resting_fill,9993,public,access,16.0,0.0,0.0,low,mild,normal,agree,0,-39972,0.0,30.0
access,2523,-1,252300,-747700,ASH_COATED_OSMIUM,SELL,10007,5,passive_resting_fill,10007,access,access,15.0,0.043478,0.3261,low,mild,normal,agree,1,50035,0.0,37.5
access,2524,-1,252400,-747600,ASH_COATED_OSMIUM,SELL,10006,7,passive_resting_fill,10006,public,access,21.0,0.0,0.0,low,mild,wide,agree,0,70042,0.0,-21.0
access,2524,-1,252400,-747600,ASH_COATED_OSMIUM,SELL,10008,7,passive_resting_fill,10008,public,access,21.0,0.0,0.0,low,mild,wide,agree,0,70056,0.0,-7.0
access,2547,-1,254700,-745300,ASH_COATED_OSMIUM,SELL,10002,8,aggressive_cross,10002,public,access,6.0,-0.047619,-0.1429,low,mild,tight,agree,0,80016,0.0,16.0
access,2556,-1,255600,-744400,ASH_COATED_OSMIUM,SELL,10003,2,aggressive_cross,10003,public,access,5.0,-0.5,-1.25,high,extreme,tight,agree,1,20006,0.0,4.0
access,2556,-1,255600,-744400,ASH_COATED_OSMIUM,SELL,10003,9,aggressive_cross,10003,public,access,5.0,-0.5,-1.25,high,extreme,tight,agree,1,90027,0.0,18.0
access,2584,-1,258400,-741600,ASH_COATED_OSMIUM,SELL,10011,4,passive_resting_fill,10011,access,access,17.0,0.4,3.4,high,extreme,wide,agree,1,40044,0.0,52.0
access,2605,-1,260500,-739500,ASH_COATED_OSMIUM,SELL,10011,7,passive_resting_fill,10011,public,access,17.0,0.285714,2.4286,high,extreme,wide,agree,1,70077,0.0,31.5
access,2606,-1,260600,-739400,ASH_COATED_OSMIUM,SELL,10011,2,passive_resting_fill,10011,public,access,16.0,0.0,0.0,low,mild,normal,agree,0,20022,0.0,11.0
access,2613,-1,261300,-738700,ASH_COATED_OSMIUM,BUY,9997,2,passive_resting_fill,9997,public,access,15.0,-0.282051,-2.1154,high,extreme,normal,agree,1,-19994,0.0,14.0
access,2620,-1,262000,-738000,ASH_COATED_OSMIUM,SELL,10003,2,aggressive_cross,10003,public,access,6.0,-0.238095,-0.7143,medium,strong,tight,agree,0,20006,0.0,4.0
access,2620,-1,262000,-738000,ASH_COATED_OSMIUM,SELL,10003,8,aggressive_cross,10003,public,access,6.0,-0.238095,-0.7143,medium,strong,tight,agree,0,80024,0.0,16.0
access,2649,-1,264900,-735100,ASH_COATED_OSMIUM,BUY,10002,2,aggressive_cross,10002,public,access,9.0,0.733333,3.3,high,extreme,normal,agree,2,-20004,0.0,0.0
access,2649,-1,264900,-735100,ASH_COATED_OSMIUM,BUY,10002,2,aggressive_cross,10002,public,access,9.0,0.733333,3.3,high,extreme,normal,agree,2,-20004,0.0,0.0
access,2650,-1,265000,-735000,ASH_COATED_OSMIUM,BUY,9994,8,passive_resting_fill,9994,public,access,15.0,-0.076923,-0.5769,medium,strong,normal,agree,1,-79952,0.0,56.0
access,2650,-1,265000,-735000,ASH_COATED_OSMIUM,BUY,9992,7,passive_resting_fill,9992,public,access,15.0,-0.076923,-0.5769,medium,strong,normal,agree,1,-69944,0.0,63.0
access,2670,-1,267000,-733000,ASH_COATED_OSMIUM,BUY,9992,9,passive_resting_fill,9992,public,access,19.0,-0.351351,-3.3378,high,extreme,wide,agree,0,-89928,0.0,63.0
access,2679,-1,267900,-732100,ASH_COATED_OSMIUM,BUY,9996,2,aggressive_cross,9996,public,access,6.0,0.090909,0.2727,low,mild,tight,agree,0,-19992,0.0,1.0
access,2679,-1,267900,-732100,ASH_COATED_OSMIUM,BUY,9996,10,aggressive_cross,9996,public,access,6.0,0.090909,0.2727,low,mild,tight,agree,0,-99960,0.0,5.0
access,2688,-1,268800,-731200,ASH_COATED_OSMIUM,SELL,10004,6,passive_resting_fill,10004,public,access,16.0,0.0,0.0,low,mild,normal,agree,0,60024,0.0,3.0
access,2688,-1,268800,-731200,ASH_COATED_OSMIUM,SELL,10006,6,passive_resting_fill,10006,public,access,16.0,0.0,0.0,low,mild,normal,agree,0,60036,0.0,15.0
access,2693,-1,269300,-730700,ASH_COATED_OSMIUM,SELL,10000,4,aggressive_cross,10000,public,access,7.0,-0.428571,-1.5,high,extreme,tight,agree,0,40000,0.0,2.0
access,2694,-1,269400,-730600,ASH_COATED_OSMIUM,BUY,9992,4,passive_resting_fill,9992,public,access,16.0,0.0,0.0,low,mild,normal,agree,0,-39968,0.0,30.0
access,2704,-1,270400,-729600,ASH_COATED_OSMIUM,SELL,10007,2,passive_resting_fill,10007,public,access,16.0,0.0,0.0,low,mild,normal,agree,0,20014,0.0,17.0
access,2718,-1,271800,-728200,ASH_COATED_OSMIUM,SELL,10005,5,passive_resting_fill,10005,public,access,15.0,0.037037,0.2778,low,mild,normal,agree,1,50025,0.0,32.5
access,2718,-1,271800,-728200,ASH_COATED_OSMIUM,SELL,10007,5,passive_resting_fill,10007,public,access,15.0,0.037037,0.2778,low,mild,normal,agree,1,50035,0.0,42.5
access,2728,-1,272800,-727200,ASH_COATED_OSMIUM,SELL,10004,6,passive_resting_fill,10004,public,access,16.0,0.0,0.0,low,mild,normal,agree,1,60024,0.0,45.0
access,2738,-1,273800,-726200,ASH_COATED_OSMIUM,BUY,9999,2,aggressive_cross,9999,public,access,10.0,0.6,3.0,high,extreme,normal,agree,0,-19998,0.0,-5.0
access,2738,-1,273800,-726200,ASH_COATED_OSMIUM,BUY,9999,3,aggressive_cross,9999,public,access,10.0,0.6,3.0,high,extreme,normal,agree,0,-29997,0.0,-7.5
access,2764,-1,276400,-723600,ASH_COATED_OSMIUM,BUY,9995,9,passive_resting_fill,9995,public,access,6.0,0.142857,0.4286,medium,mild,tight,agree,0,-89955,0.0,13.5
access,2764,-1,276400,-723600,ASH_COATED_OSMIUM,BUY,9994,9,aggressive_cross,9994,public,access,6.0,0.142857,0.4286,medium,mild,tight,agree,0,-89946,0.0,22.5
access,2809,-1,280900,-719100,ASH_COATED_OSMIUM,BUY,9992,2,passive_resting_fill,9992,public,access,21.0,0.0,0.0,low,mild,wide,agree,1,-19984,0.0,10.0
access,2809,-1,280900,-719100,ASH_COATED_OSMIUM,BUY,9990,2,passive_resting_fill,9990,public,access,21.0,0.0,0.0,low,mild,wide,agree,1,-19980,0.0,14.0
access,2815,-1,281500,-718500,ASH_COATED_OSMIUM,BUY,9998,2,aggressive_cross,9998,public,access,9.0,0.571429,2.5714,high,extreme,normal,agree,0,-19996,0.0,16.0
access,2815,-1,281500,-718500,ASH_COATED_OSMIUM,BUY,9998,3,aggressive_cross,9998,public,access,9.0,0.571429,2.5714,high,extreme,normal,agree,0,-29994,0.0,24.0
access,2819,-1,281900,-718100,ASH_COATED_OSMIUM,BUY,9993,2,aggressive_cross,9993,public,access,5.0,0.157895,0.3947,medium,mild,tight,agree,1,-19986,0.0,9.0
access,2819,-1,281900,-718100,ASH_COATED_OSMIUM,BUY,9993,8,aggressive_cross,9993,public,access,5.0,0.157895,0.3947,medium,mild,tight,agree,1,-79944,0.0,36.0
access,2825,-1,282500,-717500,ASH_COATED_OSMIUM,BUY,9990,4,passive_resting_fill,9990,public,access,16.0,0.0,0.0,low,mild,normal,agree,1,-39960,0.0,28.0
access,2825,-1,282500,-717500,ASH_COATED_OSMIUM,BUY,9988,4,passive_resting_fill,9988,public,access,16.0,0.0,0.0,low,mild,normal,agree,1,-39952,0.0,36.0
access,2827,-1,282700,-717300,ASH_COATED_OSMIUM,SELL,10003,6,passive_resting_fill,10003,public,access,18.0,0.4,3.6,high,extreme,wide,agree,0,60018,0.0,39.0
access,2894,-1,289400,-710600,ASH_COATED_OSMIUM,BUY,9995,2,aggressive_cross,9995,public,access,6.0,0.4,1.2,high,strong,tight,agree,2,-19990,0.0,3.0
access,2894,-1,289400,-710600,ASH_COATED_OSMIUM,BUY,9995,6,aggressive_cross,9995,public,access,6.0,0.4,1.2,high,strong,tight,agree,2,-59970,0.0,9.0
access,2970,-1,297000,-703000,ASH_COATED_OSMIUM,SELL,10004,9,passive_resting_fill,10004,access,access,14.0,-0.210526,-1.4737,high,extreme,normal,agree,2,90036,0.0,45.0
access,2971,-1,297100,-702900,ASH_COATED_OSMIUM,SELL,9999,6,aggressive_cross,9999,public,access,6.0,-0.368421,-1.1053,high,strong,tight,agree,0,59994,0.0,9.0
access,2973,-1,297300,-702700,ASH_COATED_OSMIUM,SELL,10004,3,passive_resting_fill,10004,public,access,16.0,0.0,0.0,low,mild,normal,agree,0,30012,0.0,21.0
access,2995,-1,299500,-700500,ASH_COATED_OSMIUM,BUY,9990,2,passive_resting_fill,9990,public,access,15.0,-0.463415,-3.4756,high,extreme,normal,agree,1,-19980,0.0,17.0
access,3028,-1,302800,-697200,ASH_COATED_OSMIUM,SELL,10002,2,aggressive_cross,10002,public,access,7.0,-0.333333,-1.1667,high,strong,tight,agree,0,20004,0.0,2.0
access,3028,-1,302800,-697200,ASH_COATED_OSMIUM,SELL,10002,7,aggressive_cross,10002,public,access,7.0,-0.333333,-1.1667,high,strong,tight,agree,0,70014,0.0,7.0
access,3065,-1,306500,-693500,ASH_COATED_OSMIUM,SELL,10008,5,passive_resting_fill,10008,public,access,19.0,0.428571,4.0714,high,extreme,wide,agree,1,50040,0.0,22.5
access,3076,-1,307600,-692400,ASH_COATED_OSMIUM,BUY,9995,5,passive_resting_fill,9995,public,access,16.0,0.0,0.0,low,mild,normal,agree,0,-49975,0.0,40.0
access,3098,-1,309800,-690200,ASH_COATED_OSMIUM,SELL,10001,2,aggressive_cross,10001,public,access,10.0,-0.466667,-2.3333,high,extreme,normal,agree,0,20002,0.0,-16.0
access,3098,-1,309800,-690200,ASH_COATED_OSMIUM,SELL,10001,4,aggressive_cross,10001,public,access,10.0,-0.466667,-2.3333,high,extreme,normal,agree,0,40004,0.0,-32.0
access,3100,-1,310000,-690000,ASH_COATED_OSMIUM,SELL,10010,9,passive_resting_fill,10010,public,access,15.0,0.037037,0.2778,low,mild,normal,agree,1,90090,0.0,49.5
access,3103,-1,310300,-689700,ASH_COATED_OSMIUM,SELL,10006,6,aggressive_cross,10006,public,access,6.0,-0.368421,-1.1053,high,strong,tight,agree,0,60036,0.0,9.0
access,3109,-1,310900,-689100,ASH_COATED_OSMIUM,SELL,10011,6,passive_resting_fill,10011,public,access,18.0,0.428571,3.8571,high,extreme,wide,agree,0,60066,0.0,42.0
access,3120,-1,312000,-688000,ASH_COATED_OSMIUM,SELL,10006,2,aggressive_cross,10006,access,access,5.0,-0.2,-0.5,medium,strong,tight,agree,1,20012,0.0,2.0
access,3120,-1,312000,-688000,ASH_COATED_OSMIUM,SELL,10006,8,aggressive_cross,10006,access,access,5.0,-0.2,-0.5,medium,strong,tight,agree,1,80048,0.0,8.0
access,3122,-1,312200,-687800,ASH_COATED_OSMIUM,BUY,10004,2,aggressive_cross,10004,public,access,9.0,0.6,2.7,high,extreme,normal,agree,0,-20008,0.0,-2.0
access,3122,-1,312200,-687800,ASH_COATED_OSMIUM,BUY,10004,3,aggressive_cross,10004,public,access,9.0,0.6,2.7,high,extreme,normal,agree,0,-30012,0.0,-3.0
access,3131,-1,313100,-686900,ASH_COATED_OSMIUM,BUY,9997,2,passive_resting_fill,9997,public,access,15.0,-0.384615,-2.8846,high,extreme,normal,agree,1,-19994,0.0,17.0
access,3133,-1,313300,-686700,ASH_COATED_OSMIUM,BUY,10000,18,aggressive_cross,10000,access,access,4.0,-0.263158,-0.5263,medium,strong,tight,agree,1,-180000,0.0,90.0
access,3136,-1,313600,-686400,ASH_COATED_OSMIUM,SELL,10011,2,passive_resting_fill,10011,public,access,15.0,-0.043478,-0.3261,low,mild,normal,agree,1,20022,0.0,11.0
access,3137,-1,313700,-686300,ASH_COATED_OSMIUM,BUY,10003,2,aggressive_cross,10003,public,access,6.0,0.25,0.75,medium,strong,tight,agree,0,-20006,0.0,5.0
access,3137,-1,313700,-686300,ASH_COATED_OSMIUM,BUY,10003,6,aggressive_cross,10003,public,access,6.0,0.25,0.75,medium,strong,tight,agree,0,-60018,0.0,15.0
access,3156,-1,315600,-684400,ASH_COATED_OSMIUM,BUY,10002,2,aggressive_cross,10002,public,access,5.0,0.272727,0.6818,medium,strong,tight,agree,0,-20004,0.0,4.0
access,3156,-1,315600,-684400,ASH_COATED_OSMIUM,BUY,10002,8,aggressive_cross,10002,public,access,5.0,0.272727,0.6818,medium,strong,tight,agree,0,-80016,0.0,16.0
access,3163,-1,316300,-683700,ASH_COATED_OSMIUM,SELL,10001,2,aggressive_cross,10001,public,access,11.0,-0.411765,-2.2647,high,extreme,normal,agree,0,20002,0.0,-7.0
access,3163,-1,316300,-683700,ASH_COATED_OSMIUM,SELL,10001,4,aggressive_cross,10001,public,access,11.0,-0.411765,-2.2647,high,extreme,normal,agree,0,40004,0.0,-14.0
access,3164,-1,316400,-683600,ASH_COATED_OSMIUM,SELL,10001,2,aggressive_cross,10001,public,access,10.0,-0.793103,-3.9655,high,extreme,normal,agree,1,20002,0.0,-7.0
access,3209,-1,320900,-679100,ASH_COATED_OSMIUM,SELL,10005,6,passive_resting_fill,10005,public,access,16.0,0.0,0.0,low,mild,normal,agree,0,60030,0.0,-6.0
access,3209,-1,320900,-679100,ASH_COATED_OSMIUM,SELL,10007,6,passive_resting_fill,10007,public,access,16.0,0.0,0.0,low,mild,normal,agree,0,60042,0.0,6.0
access,3217,-1,321700,-678300,ASH_COATED_OSMIUM,SELL,10004,2,aggressive_cross,10004,public,access,9.0,-0.625,-2.8125,high,extreme,normal,agree,1,20008,0.0,-5.0
access,3217,-1,321700,-678300,ASH_COATED_OSMIUM,SELL,10004,3,aggressive_cross,10004,public,access,9.0,-0.625,-2.8125,high,extreme,normal,agree,1,30012,0.0,-7.5
access,3235,-1,323500,-676500,ASH_COATED_OSMIUM,BUY,10000,6,passive_resting_fill,10000,public,access,15.0,-0.365854,-2.7439,high,extreme,normal,agree,2,-60000,0.0,48.0
access,3235,-1,323500,-676500,ASH_COATED_OSMIUM,BUY,9998,6,passive_resting_fill,9998,public,access,15.0,-0.365854,-2.7439,high,extreme,normal,agree,2,-59988,0.0,60.0
access,3246,-1,324600,-675400,ASH_COATED_OSMIUM,BUY,9997,2,passive_resting_fill,9997,public,access,17.0,0.076923,0.6538,medium,strong,wide,agree,2,-19994,0.0,20.0
access,3250,-1,325000,-675000,ASH_COATED_OSMIUM,SELL,10015,5,passive_resting_fill,10015,public,access,15.0,0.302326,2.2674,high,extreme,normal,agree,1,50075,0.0,35.0
access,3298,-1,329800,-670200,ASH_COATED_OSMIUM,SELL,10015,4,passive_resting_fill,10015,public,access,16.0,0.0,0.0,low,mild,normal,agree,0,40060,0.0,8.0
access,3303,-1,330300,-669700,ASH_COATED_OSMIUM,SELL,10010,4,aggressive_cross,10010,public,access,6.0,-0.555556,-1.6667,high,extreme,tight,agree,1,40040,0.0,10.0
access,3306,-1,330600,-669400,ASH_COATED_OSMIUM,BUY,9999,2,passive_resting_fill,9999,public,access,0.0,0.0,0.0,low,mild,tight,agree,0,-19998,0.0,18.0
access,3318,-1,331800,-668200,ASH_COATED_OSMIUM,SELL,10015,8,passive_resting_fill,10015,public,access,15.0,-0.268293,-2.0122,high,extreme,normal,agree,1,80120,0.0,52.0
access,3318,-1,331800,-668200,ASH_COATED_OSMIUM,SELL,10017,7,passive_resting_fill,10017,public,access,15.0,-0.268293,-2.0122,high,extreme,normal,agree,1,70119,0.0,59.5
access,3332,-1,333200,-666800,ASH_COATED_OSMIUM,SELL,10010,2,aggressive_cross,10010,public,access,6.0,-0.368421,-1.1053,high,strong,tight,agree,0,20020,0.0,4.0
access,3332,-1,333200,-666800,ASH_COATED_OSMIUM,SELL,10010,6,aggressive_cross,10010,public,access,6.0,-0.368421,-1.1053,high,strong,tight,agree,0,60060,0.0,12.0
access,3360,-1,336000,-664000,ASH_COATED_OSMIUM,BUY,10000,6,passive_resting_fill,10000,public,access,18.0,0.268293,2.4146,high,extreme,wide,agree,2,-60000,0.0,54.0
access,3360,-1,336000,-664000,ASH_COATED_OSMIUM,BUY,9998,6,passive_resting_fill,9998,public,access,18.0,0.268293,2.4146,high,extreme,wide,agree,2,-59988,0.0,66.0
access,3364,-1,336400,-663600,ASH_COATED_OSMIUM,SELL,10015,9,passive_resting_fill,10015,public,access,15.0,-0.142857,-1.0714,high,strong,normal,agree,1,90135,0.0,0.0
access,3368,-1,336800,-663200,ASH_COATED_OSMIUM,BUY,10001,4,passive_resting_fill,10001,public,access,16.0,0.0,0.0,low,mild,normal,agree,1,-40004,0.0,26.0
access,3368,-1,336800,-663200,ASH_COATED_OSMIUM,BUY,9999,4,passive_resting_fill,9999,public,access,16.0,0.0,0.0,low,mild,normal,agree,1,-39996,0.0,34.0
access,3373,-1,337300,-662700,ASH_COATED_OSMIUM,BUY,10001,7,passive_resting_fill,10001,public,access,15.0,0.314286,2.3571,high,extreme,normal,agree,1,-70007,0.0,17.5
access,3373,-1,337300,-662700,ASH_COATED_OSMIUM,BUY,9999,7,passive_resting_fill,9999,public,access,15.0,0.314286,2.3571,high,extreme,normal,agree,1,-69993,0.0,31.5
access,3407,-1,340700,-659300,ASH_COATED_OSMIUM,SELL,10014,2,passive_resting_fill,10014,public,access,15.0,0.282051,2.1154,high,extreme,normal,agree,1,20028,0.0,13.0
access,3412,-1,341200,-658800,ASH_COATED_OSMIUM,BUY,10001,2,passive_resting_fill,10001,public,access,19.0,-0.368421,-3.5,high,extreme,wide,agree,1,-20002,0.0,10.0
access,3412,-1,341200,-658800,ASH_COATED_OSMIUM,BUY,9999,2,passive_resting_fill,9999,public,access,19.0,-0.368421,-3.5,high,extreme,wide,agree,1,-19998,0.0,14.0
access,3424,-1,342400,-657600,ASH_COATED_OSMIUM,BUY,9997,5,passive_resting_fill,9997,access,access,16.0,-0.414634,-3.3171,high,extreme,normal,agree,2,-49985,0.0,57.5
access,3431,-1,343100,-656900,ASH_COATED_OSMIUM,SELL,10004,3,aggressive_cross,10004,public,access,10.0,-0.666667,-3.3333,high,extreme,normal,agree,1,30012,0.0,-12.0
access,3442,-1,344200,-655800,ASH_COATED_OSMIUM,BUY,10002,4,passive_resting_fill,10002,public,access,16.0,0.0,0.0,low,mild,normal,agree,0,-40008,0.0,22.0
access,3458,-1,345800,-654200,ASH_COATED_OSMIUM,BUY,10001,3,passive_resting_fill,10001,public,access,16.0,0.0,0.0,low,mild,normal,agree,1,-30003,0.0,36.0
access,3458,-1,345800,-654200,ASH_COATED_OSMIUM,BUY,9999,3,passive_resting_fill,9999,public,access,16.0,0.0,0.0,low,mild,normal,agree,1,-29997,0.0,42.0
access,3462,-1,346200,-653800,ASH_COATED_OSMIUM,BUY,10002,4,passive_resting_fill,10002,public,access,15.0,0.043478,0.3261,low,mild,normal,agree,1,-40008,0.0,16.0
access,3462,-1,346200,-653800,ASH_COATED_OSMIUM,BUY,10000,4,passive_resting_fill,10000,access,access,15.0,0.043478,0.3261,low,mild,normal,agree,1,-40000,0.0,24.0
access,3463,-1,346300,-653700,ASH_COATED_OSMIUM,SELL,10006,2,aggressive_cross,10006,access,access,14.0,-0.290323,-2.0323,high,extreme,normal,agree,2,20012,0.0,1.0
access,3463,-1,346300,-653700,ASH_COATED_OSMIUM,SELL,10006,8,aggressive_cross,10006,access,access,14.0,-0.290323,-2.0323,high,extreme,normal,agree,2,80048,0.0,4.0
access,3473,-1,347300,-652700,ASH_COATED_OSMIUM,BUY,10004,2,aggressive_cross,10004,public,access,5.0,0.578947,1.4474,high,extreme,tight,agree,1,-20008,0.0,9.0
access,3480,-1,348000,-652000,ASH_COATED_OSMIUM,SELL,10004,2,aggressive_cross,10004,public,access,10.0,-0.625,-3.125,high,extreme,normal,agree,0,20008,0.0,-5.0
access,3480,-1,348000,-652000,ASH_COATED_OSMIUM,SELL,10004,3,aggressive_cross,10004,public,access,10.0,-0.625,-3.125,high,extreme,normal,agree,0,30012,0.0,-7.5
access,3486,-1,348600,-651400,ASH_COATED_OSMIUM,SELL,10003,2,aggressive_cross,10003,public,access,11.0,-0.733333,-4.0333,high,extreme,normal,agree,0,20006,0.0,-3.0
access,3486,-1,348600,-651400,ASH_COATED_OSMIUM,SELL,10003,2,aggressive_cross,10003,public,access,11.0,-0.733333,-4.0333,high,extreme,normal,agree,0,20006,0.0,-3.0
access,3504,-1,350400,-649600,ASH_COATED_OSMIUM,SELL,10009,5,passive_resting_fill,10009,public,access,18.0,0.0,0.0,low,mild,wide,agree,1,50045,0.0,40.0
access,3504,-1,350400,-649600,ASH_COATED_OSMIUM,SELL,10011,5,passive_resting_fill,10011,public,access,18.0,0.0,0.0,low,mild,wide,agree,1,50055,0.0,50.0
access,3518,-1,351800,-648200,ASH_COATED_OSMIUM,SELL,10009,5,passive_resting_fill,10009,public,access,18.0,0.428571,3.8571,high,extreme,wide,agree,0,50045,0.0,37.5
access,3530,-1,353000,-647000,ASH_COATED_OSMIUM,BUY,9995,5,passive_resting_fill,9995,public,access,17.0,0.363636,3.0909,high,extreme,wide,agree,1,-49975,0.0,-10.0
access,3530,-1,353000,-647000,ASH_COATED_OSMIUM,BUY,9993,5,passive_resting_fill,9993,public,access,17.0,0.363636,3.0909,high,extreme,wide,agree,1,-49965,0.0,0.0
access,3575,-1,357500,-642500,ASH_COATED_OSMIUM,BUY,9992,3,passive_resting_fill,9992,public,access,16.0,0.0,0.0,low,mild,normal,agree,0,-29976,0.0,12.0
access,3580,-1,358000,-642000,ASH_COATED_OSMIUM,BUY,10001,4,aggressive_cross,10001,public,access,10.0,0.578947,2.8947,high,extreme,normal,agree,0,-40004,0.0,-8.0
access,3584,-1,358400,-641600,ASH_COATED_OSMIUM,SELL,10006,3,passive_resting_fill,10006,public,access,16.0,0.0,0.0,low,mild,normal,agree,0,30018,0.0,21.0
access,3593,-1,359300,-640700,ASH_COATED_OSMIUM,BUY,9994,4,passive_resting_fill,9994,public,access,15.0,0.414634,3.1098,high,extreme,normal,agree,1,-39976,0.0,12.0
access,3593,-1,359300,-640700,ASH_COATED_OSMIUM,BUY,9992,4,passive_resting_fill,9992,public,access,15.0,0.414634,3.1098,high,extreme,normal,agree,1,-39968,0.0,20.0
access,3614,-1,361400,-638600,ASH_COATED_OSMIUM,BUY,9995,2,passive_resting_fill,9995,public,access,16.0,0.0,0.0,low,mild,normal,agree,0,-19990,0.0,9.0
access,3632,-1,363200,-636800,ASH_COATED_OSMIUM,SELL,10009,2,passive_resting_fill,10009,public,access,6.0,0.268293,0.8049,medium,strong,tight,agree,1,20018,0.0,17.0
access,3632,-1,363200,-636800,ASH_COATED_OSMIUM,SELL,10011,2,passive_resting_fill,10011,public,access,6.0,0.268293,0.8049,medium,strong,tight,agree,1,20022,0.0,21.0
access,3653,-1,365300,-634700,ASH_COATED_OSMIUM,BUY,9993,3,passive_resting_fill,9993,public,access,16.0,0.0,0.0,low,mild,normal,agree,2,-29979,0.0,-3.0
access,3657,-1,365700,-634300,ASH_COATED_OSMIUM,SELL,10002,2,aggressive_cross,10002,public,access,6.0,-0.529412,-1.5882,high,extreme,tight,agree,1,20004,0.0,2.0
access,3657,-1,365700,-634300,ASH_COATED_OSMIUM,SELL,10002,4,aggressive_cross,10002,public,access,6.0,-0.529412,-1.5882,high,extreme,tight,agree,1,40008,0.0,4.0
access,3704,-1,370400,-629600,ASH_COATED_OSMIUM,BUY,9997,2,aggressive_cross,9997,public,access,5.0,0.1,0.25,low,mild,tight,agree,0,-19994,0.0,8.0
access,3704,-1,370400,-629600,ASH_COATED_OSMIUM,BUY,9997,9,aggressive_cross,9997,public,access,5.0,0.1,0.25,low,mild,tight,agree,0,-89973,0.0,36.0
access,3705,-1,370500,-629500,ASH_COATED_OSMIUM,SELL,9997,23,passive_resting_fill,9997,public,access,6.0,0.444444,1.3333,high,extreme,tight,agree,1,229931,0.0,-69.0
access,3705,-1,370500,-629500,ASH_COATED_OSMIUM,SELL,9999,7,passive_resting_fill,9999,public,access,6.0,0.444444,1.3333,high,extreme,tight,agree,1,69993,0.0,-7.0
access,3708,-1,370800,-629200,ASH_COATED_OSMIUM,BUY,10002,2,aggressive_cross,10002,public,access,10.0,0.5,2.5,high,extreme,normal,agree,0,-20004,0.0,-4.0
access,3708,-1,370800,-629200,ASH_COATED_OSMIUM,BUY,10002,5,aggressive_cross,10002,public,access,10.0,0.5,2.5,high,extreme,normal,agree,0,-50010,0.0,-10.0
access,3753,-1,375300,-624700,ASH_COATED_OSMIUM,BUY,9993,4,passive_resting_fill,9993,public,access,18.0,-0.076923,-0.6923,medium,strong,wide,agree,1,-39972,0.0,32.0
access,3774,-1,377400,-622600,ASH_COATED_OSMIUM,BUY,9994,4,passive_resting_fill,9994,public,access,19.0,-0.393939,-3.7424,high,extreme,wide,agree,0,-39976,0.0,28.0
access,3774,-1,377400,-622600,ASH_COATED_OSMIUM,BUY,9992,4,passive_resting_fill,9992,public,access,19.0,-0.393939,-3.7424,high,extreme,wide,agree,0,-39968,0.0,36.0
access,3809,-1,380900,-619100,ASH_COATED_OSMIUM,BUY,9997,8,passive_resting_fill,9997,public,access,16.0,0.0,0.0,low,mild,normal,agree,0,-79976,0.0,56.0
access,3810,-1,381000,-619000,ASH_COATED_OSMIUM,SELL,10011,2,passive_resting_fill,10011,public,access,16.0,0.0,0.0,low,mild,normal,agree,1,20022,0.0,16.0
access,3836,-1,383600,-616400,ASH_COATED_OSMIUM,SELL,10003,2,aggressive_cross,10003,public,access,5.0,-0.714286,-1.7857,high,extreme,tight,agree,1,20006,0.0,3.0
access,3836,-1,383600,-616400,ASH_COATED_OSMIUM,SELL,10003,5,aggressive_cross,10003,public,access,5.0,-0.714286,-1.7857,high,extreme,tight,agree,1,50015,0.0,7.5
access,3840,-1,384000,-616000,ASH_COATED_OSMIUM,BUY,9995,4,passive_resting_fill,9995,public,access,15.0,0.785714,5.8929,high,extreme,normal,agree,1,-39980,0.0,26.0
access,3840,-1,384000,-616000,ASH_COATED_OSMIUM,BUY,9993,4,passive_resting_fill,9993,public,access,15.0,0.785714,5.8929,high,extreme,normal,agree,1,-39972,0.0,34.0
access,3848,-1,384800,-615200,ASH_COATED_OSMIUM,SELL,10003,2,aggressive_cross,10003,public,access,7.0,-0.3,-1.05,high,strong,tight,agree,0,20006,0.0,0.0
access,3848,-1,384800,-615200,ASH_COATED_OSMIUM,SELL,10003,7,aggressive_cross,10003,public,access,7.0,-0.3,-1.05,high,strong,tight,agree,0,70021,0.0,0.0
access,3898,-1,389800,-610200,ASH_COATED_OSMIUM,SELL,10009,10,passive_resting_fill,10009,public,access,15.0,0.037037,0.2778,low,mild,normal,agree,1,100090,0.0,70.0
access,3898,-1,389800,-610200,ASH_COATED_OSMIUM,SELL,10011,7,passive_resting_fill,10011,public,access,15.0,0.037037,0.2778,low,mild,normal,agree,1,70077,0.0,63.0
access,3899,-1,389900,-610100,ASH_COATED_OSMIUM,BUY,9997,7,passive_resting_fill,9997,public,access,16.0,0.0,0.0,low,mild,normal,agree,1,-69979,0.0,45.5
access,3904,-1,390400,-609600,ASH_COATED_OSMIUM,BUY,9995,9,passive_resting_fill,9995,public,access,15.0,0.363636,2.7273,high,extreme,normal,agree,2,-89955,0.0,58.5
access,3911,-1,391100,-608900,ASH_COATED_OSMIUM,BUY,9996,4,passive_resting_fill,9996,access,access,15.0,0.3125,2.3438,high,extreme,normal,agree,1,-39984,0.0,30.0
access,3923,-1,392300,-607700,ASH_COATED_OSMIUM,SELL,10011,5,passive_resting_fill,10011,public,access,19.0,0.459459,4.3649,high,extreme,wide,agree,0,50055,0.0,75.0
access,3932,-1,393200,-606800,ASH_COATED_OSMIUM,SELL,10002,2,aggressive_cross,10002,public,access,9.0,-0.655172,-2.9483,high,extreme,normal,agree,1,20004,0.0,-3.0
access,3938,-1,393800,-606200,ASH_COATED_OSMIUM,BUY,10003,2,aggressive_cross,10003,public,access,8.0,0.513514,2.0541,high,extreme,tight,agree,0,-20006,0.0,6.0
access,3938,-1,393800,-606200,ASH_COATED_OSMIUM,BUY,10003,8,aggressive_cross,10003,public,access,8.0,0.513514,2.0541,high,extreme,tight,agree,0,-80024,0.0,24.0
access,3976,-1,397600,-602400,ASH_COATED_OSMIUM,SELL,10004,2,aggressive_cross,10004,public,access,10.0,-0.538462,-2.6923,high,extreme,normal,agree,1,20008,0.0,-8.0
access,3976,-1,397600,-602400,ASH_COATED_OSMIUM,SELL,10004,3,aggressive_cross,10004,public,access,10.0,-0.538462,-2.6923,high,extreme,normal,agree,1,30012,0.0,-12.0
access,3987,-1,398700,-601300,ASH_COATED_OSMIUM,SELL,10005,2,aggressive_cross,10005,public,access,10.0,-0.473684,-2.3684,high,extreme,normal,agree,0,20010,0.0,-6.0
access,3987,-1,398700,-601300,ASH_COATED_OSMIUM,SELL,10005,5,aggressive_cross,10005,public,access,10.0,-0.473684,-2.3684,high,extreme,normal,agree,0,50025,0.0,-15.0
access,4014,-1,401400,-598600,ASH_COATED_OSMIUM,SELL,10008,2,aggressive_cross,10008,public,access,6.0,-0.375,-1.125,high,strong,tight,agree,1,20016,0.0,3.0
access,4014,-1,401400,-598600,ASH_COATED_OSMIUM,SELL,10008,5,aggressive_cross,10008,public,access,6.0,-0.375,-1.125,high,strong,tight,agree,1,50040,0.0,7.5
access,4017,-1,401700,-598300,ASH_COATED_OSMIUM,SELL,10013,9,passive_resting_fill,10013,public,access,15.0,-0.111111,-0.8333,medium,strong,normal,agree,2,90117,0.0,63.0
access,4024,-1,402400,-597600,ASH_COATED_OSMIUM,BUY,10000,5,passive_resting_fill,10000,public,access,21.0,0.0,0.0,low,mild,wide,agree,0,-50000,0.0,22.5
access,4024,-1,402400,-597600,ASH_COATED_OSMIUM,BUY,9998,5,passive_resting_fill,9998,public,access,21.0,0.0,0.0,low,mild,wide,agree,0,-49990,0.0,32.5
access,4074,-1,407400,-592600,ASH_COATED_OSMIUM,SELL,10008,8,passive_resting_fill,10008,public,access,15.0,0.034483,0.2586,low,mild,normal,agree,1,80064,0.0,56.0
access,4095,-1,409500,-590500,ASH_COATED_OSMIUM,BUY,9998,2,aggressive_cross,9998,public,access,5.0,0.222222,0.5556,medium,strong,tight,agree,0,-19996,0.0,6.0
access,4095,-1,409500,-590500,ASH_COATED_OSMIUM,BUY,9998,7,aggressive_cross,9998,public,access,5.0,0.222222,0.5556,medium,strong,tight,agree,0,-69986,0.0,21.0
access,4126,-1,412600,-587400,ASH_COATED_OSMIUM,BUY,9994,4,passive_resting_fill,9994,public,access,16.0,0.0,0.0,low,mild,normal,agree,0,-39976,0.0,30.0
access,4140,-1,414000,-586000,ASH_COATED_OSMIUM,SELL,10008,6,passive_resting_fill,10008,public,access,13.0,-0.615385,-4.0,high,extreme,normal,agree,0,60048,0.0,39.0
access,4140,-1,414000,-586000,ASH_COATED_OSMIUM,SELL,10010,6,passive_resting_fill,10010,public,access,13.0,-0.615385,-4.0,high,extreme,normal,agree,0,60060,0.0,51.0
access,4158,-1,415800,-584200,ASH_COATED_OSMIUM,BUY,9994,6,passive_resting_fill,9994,public,access,0.0,0.0,0.0,low,mild,tight,agree,0,-59964,0.0,51.0
access,4158,-1,415800,-584200,ASH_COATED_OSMIUM,BUY,9992,6,passive_resting_fill,9992,public,access,0.0,0.0,0.0,low,mild,tight,agree,0,-59952,0.0,63.0
access,4161,-1,416100,-583900,ASH_COATED_OSMIUM,BUY,9996,2,passive_resting_fill,9996,public,access,16.0,0.0,0.0,low,mild,normal,agree,0,-19992,0.0,16.0
access,4239,-1,423900,-576100,ASH_COATED_OSMIUM,SELL,10006,8,aggressive_cross,10006,access,access,8.0,0.0,0.0,low,mild,tight,agree,2,80048,0.0,56.0
access,4247,-1,424700,-575300,ASH_COATED_OSMIUM,BUY,9996,6,passive_resting_fill,9996,public,access,15.0,-0.2,-1.5,high,extreme,normal,agree,1,-59976,0.0,30.0
access,4247,-1,424700,-575300,ASH_COATED_OSMIUM,BUY,9994,6,passive_resting_fill,9994,public,access,15.0,-0.2,-1.5,high,extreme,normal,agree,1,-59964,0.0,42.0
access,4252,-1,425200,-574800,ASH_COATED_OSMIUM,SELL,10008,6,passive_resting_fill,10008,public,access,16.0,0.0,0.0,low,mild,normal,agree,1,60048,0.0,42.0
access,4258,-1,425800,-574200,ASH_COATED_OSMIUM,BUY,9994,7,passive_resting_fill,9994,public,access,16.0,0.0,0.0,low,mild,normal,agree,0,-69958,0.0,63.0
access,4280,-1,428000,-572000,ASH_COATED_OSMIUM,SELL,10003,2,aggressive_cross,10003,public,access,15.0,-0.555556,-4.1667,high,extreme,normal,agree,2,20006,0.0,-1.0
access,4298,-1,429800,-570200,ASH_COATED_OSMIUM,SELL,10006,2,aggressive_cross,10006,public,access,5.0,-0.294118,-0.7353,medium,strong,tight,agree,1,20012,0.0,1.0
access,4298,-1,429800,-570200,ASH_COATED_OSMIUM,SELL,10006,6,aggressive_cross,10006,public,access,5.0,-0.294118,-0.7353,medium,strong,tight,agree,1,60036,0.0,3.0
access,4299,-1,429900,-570100,ASH_COATED_OSMIUM,BUY,10001,2,aggressive_cross,10001,public,access,5.0,0.2,0.5,medium,strong,tight,agree,1,-20002,0.0,10.0
access,4299,-1,429900,-570100,ASH_COATED_OSMIUM,BUY,10001,8,aggressive_cross,10001,public,access,5.0,0.2,0.5,medium,strong,tight,agree,1,-80008,0.0,40.0
access,4301,-1,430100,-569900,ASH_COATED_OSMIUM,SELL,10012,4,passive_resting_fill,10012,public,access,16.0,0.0,0.0,low,mild,normal,agree,0,40048,0.0,24.0
access,4328,-1,432800,-567200,ASH_COATED_OSMIUM,BUY,9997,6,passive_resting_fill,9997,public,access,18.0,0.444444,4.0,high,extreme,wide,agree,2,-59982,0.0,69.0
access,4328,-1,432800,-567200,ASH_COATED_OSMIUM,BUY,9995,6,passive_resting_fill,9995,public,access,18.0,0.444444,4.0,high,extreme,wide,agree,2,-59970,0.0,81.0
access,4333,-1,433300,-566700,ASH_COATED_OSMIUM,SELL,10002,2,aggressive_cross,10002,public,access,13.0,-0.642857,-4.1786,high,extreme,normal,agree,0,20004,0.0,-2.0
access,4333,-1,433300,-566700,ASH_COATED_OSMIUM,SELL,10002,4,aggressive_cross,10002,public,access,13.0,-0.642857,-4.1786,high,extreme,normal,agree,0,40008,0.0,-4.0
access,4337,-1,433700,-566300,ASH_COATED_OSMIUM,BUY,9998,6,passive_resting_fill,9998,public,access,15.0,0.166667,1.25,high,extreme,normal,agree,1,-59988,0.0,30.0
access,4337,-1,433700,-566300,ASH_COATED_OSMIUM,BUY,9996,6,passive_resting_fill,9996,public,access,15.0,0.166667,1.25,high,extreme,normal,agree,1,-59976,0.0,42.0
access,4340,-1,434000,-566000,ASH_COATED_OSMIUM,SELL,10001,2,aggressive_cross,10001,public,access,10.0,-0.666667,-3.3333,high,extreme,normal,agree,1,20002,0.0,-9.0
access,4341,-1,434100,-565900,ASH_COATED_OSMIUM,SELL,10002,2,aggressive_cross,10002,public,access,10.0,-0.444444,-2.2222,high,extreme,normal,agree,0,20004,0.0,-8.0
access,4341,-1,434100,-565900,ASH_COATED_OSMIUM,SELL,10002,4,aggressive_cross,10002,public,access,10.0,-0.444444,-2.2222,high,extreme,normal,agree,0,40008,0.0,-16.0
access,4354,-1,435400,-564600,ASH_COATED_OSMIUM,BUY,9998,3,passive_resting_fill,9998,access,access,15.0,0.384615,2.8846,high,extreme,normal,agree,1,-29994,0.0,18.0
access,4357,-1,435700,-564300,ASH_COATED_OSMIUM,SELL,10002,2,aggressive_cross,10002,public,access,13.0,-0.714286,-4.6429,high,extreme,normal,agree,0,20004,0.0,-5.0
access,4368,-1,436800,-563200,ASH_COATED_OSMIUM,SELL,10004,2,aggressive_cross,10004,public,access,9.0,-0.615385,-2.7692,high,extreme,normal,agree,1,20008,0.0,-5.0
access,4368,-1,436800,-563200,ASH_COATED_OSMIUM,SELL,10004,5,aggressive_cross,10004,public,access,9.0,-0.615385,-2.7692,high,extreme,normal,agree,1,50020,0.0,-12.5
access,4391,-1,439100,-560900,ASH_COATED_OSMIUM,SELL,10014,5,passive_resting_fill,10014,public,access,18.0,-0.243243,-2.1892,high,extreme,wide,agree,0,50070,0.0,35.0
access,4391,-1,439100,-560900,ASH_COATED_OSMIUM,SELL,10016,5,passive_resting_fill,10016,public,access,18.0,-0.243243,-2.1892,high,extreme,wide,agree,0,50080,0.0,45.0
access,4398,-1,439800,-560200,ASH_COATED_OSMIUM,SELL,10014,7,passive_resting_fill,10014,public,access,15.0,-0.083333,-0.625,medium,strong,normal,agree,1,70098,0.0,49.0
access,4398,-1,439800,-560200,ASH_COATED_OSMIUM,SELL,10016,7,passive_resting_fill,10016,public,access,15.0,-0.083333,-0.625,medium,strong,normal,agree,1,70112,0.0,63.0
access,4407,-1,440700,-559300,ASH_COATED_OSMIUM,BUY,9999,2,passive_resting_fill,9999,public,access,18.0,-0.166667,-1.5,high,extreme,wide,agree,2,-19998,0.0,16.0
access,4419,-1,441900,-558100,ASH_COATED_OSMIUM,BUY,10004,2,aggressive_cross,10004,public,access,6.0,0.263158,0.7895,medium,strong,tight,agree,0,-20008,0.0,2.0
access,4419,-1,441900,-558100,ASH_COATED_OSMIUM,BUY,10004,7,aggressive_cross,10004,public,access,6.0,0.263158,0.7895,medium,strong,tight,agree,0,-70028,0.0,7.0
access,4427,-1,442700,-557300,ASH_COATED_OSMIUM,SELL,10011,6,passive_resting_fill,10011,public,access,19.0,0.435897,4.141,high,extreme,wide,agree,1,60066,0.0,30.0
access,4427,-1,442700,-557300,ASH_COATED_OSMIUM,SELL,10013,6,passive_resting_fill,10013,public,access,19.0,0.435897,4.141,high,extreme,wide,agree,1,60078,0.0,42.0
access,4440,-1,444000,-556000,ASH_COATED_OSMIUM,SELL,10007,2,aggressive_cross,10007,public,access,6.0,-0.2,-0.6,medium,strong,tight,agree,0,20014,0.0,2.0
access,4440,-1,444000,-556000,ASH_COATED_OSMIUM,SELL,10007,8,aggressive_cross,10007,public,access,6.0,-0.2,-0.6,medium,strong,tight,agree,0,80056,0.0,8.0
access,4442,-1,444200,-555800,ASH_COATED_OSMIUM,SELL,10012,10,passive_resting_fill,10012,public,access,16.0,0.0,0.0,low,mild,normal,agree,0,100120,0.0,60.0
access,4450,-1,445000,-555000,ASH_COATED_OSMIUM,SELL,10013,8,passive_resting_fill,10013,public,access,18.0,-0.435897,-3.9231,high,extreme,wide,agree,0,80104,0.0,64.0
access,4450,-1,445000,-555000,ASH_COATED_OSMIUM,SELL,10015,4,passive_resting_fill,10015,public,access,18.0,-0.435897,-3.9231,high,extreme,wide,agree,0,40060,0.0,40.0
access,4480,-1,448000,-552000,ASH_COATED_OSMIUM,BUY,10002,7,aggressive_cross,10002,public,access,4.0,0.621622,1.2432,high,strong,tight,agree,1,-70014,0.0,24.5
access,4491,-1,449100,-550900,ASH_COATED_OSMIUM,BUY,9998,8,passive_resting_fill,9998,access,access,15.0,0.487179,3.6538,high,extreme,normal,agree,1,-79984,0.0,56.0
access,4518,-1,451800,-548200,ASH_COATED_OSMIUM,BUY,9997,5,passive_resting_fill,9997,public,access,16.0,0.0,0.0,low,mild,normal,agree,0,-49985,0.0,35.0
access,4530,-1,453000,-547000,ASH_COATED_OSMIUM,BUY,10001,2,aggressive_cross,10001,public,access,6.0,0.111111,0.3333,low,mild,tight,agree,0,-20002,0.0,7.0
access,4530,-1,453000,-547000,ASH_COATED_OSMIUM,BUY,10001,8,aggressive_cross,10001,public,access,6.0,0.111111,0.3333,low,mild,tight,agree,0,-80008,0.0,28.0
access,4534,-1,453400,-546600,ASH_COATED_OSMIUM,BUY,9997,6,passive_resting_fill,9997,access,access,15.0,0.076923,0.5769,medium,strong,normal,agree,1,-59982,0.0,48.0
access,4560,-1,456000,-544000,ASH_COATED_OSMIUM,SELL,10002,4,passive_resting_fill,10002,public,access,15.0,0.428571,3.2143,high,extreme,normal,agree,1,40008,0.0,8.0
access,4560,-1,456000,-544000,ASH_COATED_OSMIUM,SELL,10004,4,passive_resting_fill,10004,public,access,15.0,0.428571,3.2143,high,extreme,normal,agree,1,40016,0.0,16.0
access,4565,-1,456500,-543500,ASH_COATED_OSMIUM,BUY,10005,2,aggressive_cross,10005,public,access,10.0,0.555556,2.7778,high,extreme,normal,agree,0,-20010,0.0,-6.0
access,4584,-1,458400,-541600,ASH_COATED_OSMIUM,SELL,10009,6,passive_resting_fill,10009,public,access,21.0,0.0,0.0,low,mild,wide,agree,0,60054,0.0,48.0
access,4584,-1,458400,-541600,ASH_COATED_OSMIUM,SELL,10011,6,passive_resting_fill,10011,public,access,21.0,0.0,0.0,low,mild,wide,agree,0,60066,0.0,60.0
access,4593,-1,459300,-540700,ASH_COATED_OSMIUM,BUY,10003,8,aggressive_cross,10003,access,access,8.0,0.12,0.48,medium,mild,tight,agree,1,-80024,0.0,-4.0
access,4621,-1,462100,-537900,ASH_COATED_OSMIUM,BUY,10006,2,aggressive_cross,10006,public,access,10.0,0.375,1.875,high,extreme,normal,agree,0,-20012,0.0,-4.0
access,4624,-1,462400,-537600,ASH_COATED_OSMIUM,SELL,10006,2,aggressive_cross,10006,public,access,6.0,-0.368421,-1.1053,high,strong,tight,agree,0,20012,0.0,2.0
access,4624,-1,462400,-537600,ASH_COATED_OSMIUM,SELL,10006,6,aggressive_cross,10006,public,access,6.0,-0.368421,-1.1053,high,strong,tight,agree,0,60036,0.0,6.0
access,4639,-1,463900,-536100,ASH_COATED_OSMIUM,SELL,10011,6,passive_resting_fill,10011,public,access,15.0,0.210526,1.5789,high,extreme,normal,agree,1,60066,0.0,51.0
access,4640,-1,464000,-536000,ASH_COATED_OSMIUM,BUY,10006,2,aggressive_cross,10006,public,access,12.0,0.724138,4.3448,high,extreme,normal,agree,0,-20012,0.0,-10.0
access,4640,-1,464000,-536000,ASH_COATED_OSMIUM,BUY,10006,4,aggressive_cross,10006,public,access,12.0,0.724138,4.3448,high,extreme,normal,agree,0,-40024,0.0,-20.0
access,4655,-1,465500,-534500,ASH_COATED_OSMIUM,SELL,10008,6,passive_resting_fill,10008,public,access,16.0,0.0,0.0,low,mild,normal,agree,0,60048,0.0,54.0
access,4677,-1,467700,-532300,ASH_COATED_OSMIUM,BUY,9996,18,aggressive_cross,9996,access,access,4.0,-0.272727,-0.5455,medium,strong,tight,agree,1,-179928,0.0,90.0
access,4678,-1,467800,-532200,ASH_COATED_OSMIUM,SELL,10003,5,passive_resting_fill,10003,public,access,7.0,-0.294118,-1.0294,high,strong,tight,agree,0,50015,0.0,35.0
access,4678,-1,467800,-532200,ASH_COATED_OSMIUM,SELL,10005,5,passive_resting_fill,10005,public,access,7.0,-0.294118,-1.0294,high,strong,tight,agree,0,50025,0.0,45.0
access,4681,-1,468100,-531900,ASH_COATED_OSMIUM,BUY,9994,8,passive_resting_fill,9994,public,access,21.0,0.0,0.0,low,mild,wide,agree,1,-79952,0.0,52.0
access,4681,-1,468100,-531900,ASH_COATED_OSMIUM,BUY,9992,7,passive_resting_fill,9992,public,access,21.0,0.0,0.0,low,mild,wide,agree,1,-69944,0.0,59.5
access,4683,-1,468300,-531700,ASH_COATED_OSMIUM,BUY,9999,4,aggressive_cross,9999,public,access,6.0,0.529412,1.5882,high,extreme,tight,agree,0,-39996,0.0,8.0
access,4698,-1,469800,-530200,ASH_COATED_OSMIUM,BUY,10004,2,aggressive_cross,10004,public,access,9.0,0.473684,2.1316,high,extreme,normal,agree,1,-20008,0.0,-5.0
access,4712,-1,471200,-528800,ASH_COATED_OSMIUM,BUY,10003,2,aggressive_cross,10003,public,access,12.0,0.851852,5.1111,high,extreme,normal,agree,0,-20006,0.0,0.0
access,4713,-1,471300,-528700,ASH_COATED_OSMIUM,BUY,9999,2,aggressive_cross,9999,public,access,8.0,0.354839,1.4194,high,extreme,tight,agree,0,-19998,0.0,3.0
access,4713,-1,471300,-528700,ASH_COATED_OSMIUM,BUY,9999,10,aggressive_cross,9999,public,access,8.0,0.354839,1.4194,high,extreme,tight,agree,0,-99990,0.0,15.0
access,4719,-1,471900,-528100,ASH_COATED_OSMIUM,SELL,10008,6,passive_resting_fill,10008,public,access,16.0,0.0,0.0,low,mild,normal,agree,0,60048,0.0,42.0
access,4722,-1,472200,-527800,ASH_COATED_OSMIUM,BUY,9993,3,passive_resting_fill,9993,public,access,16.0,0.0,0.0,low,mild,normal,agree,0,-29979,0.0,-9.0
access,4751,-1,475100,-524900,ASH_COATED_OSMIUM,BUY,10001,2,aggressive_cross,10001,public,access,9.0,0.75,3.375,high,extreme,normal,agree,0,-20002,0.0,-1.0
access,4751,-1,475100,-524900,ASH_COATED_OSMIUM,BUY,10001,2,aggressive_cross,10001,public,access,9.0,0.75,3.375,high,extreme,normal,agree,0,-20002,0.0,-1.0
access,4764,-1,476400,-523600,ASH_COATED_OSMIUM,SELL,10008,2,passive_resting_fill,10008,access,access,15.0,-0.3,-2.25,high,extreme,normal,agree,1,20016,0.0,9.0
access,4772,-1,477200,-522800,ASH_COATED_OSMIUM,BUY,9995,6,passive_resting_fill,9995,public,access,18.0,-0.153846,-1.3846,high,extreme,wide,agree,1,-59970,0.0,30.0
access,4785,-1,478500,-521500,ASH_COATED_OSMIUM,BUY,9993,3,passive_resting_fill,9993,public,access,16.0,0.0,0.0,low,mild,normal,agree,1,-29979,0.0,15.0
access,4785,-1,478500,-521500,ASH_COATED_OSMIUM,BUY,9991,3,passive_resting_fill,9991,public,access,16.0,0.0,0.0,low,mild,normal,agree,1,-29973,0.0,21.0
access,4786,-1,478600,-521400,ASH_COATED_OSMIUM,BUY,9992,6,passive_resting_fill,9992,public,access,16.0,0.0,0.0,low,mild,normal,agree,0,-59952,0.0,48.0
access,4801,-1,480100,-519900,ASH_COATED_OSMIUM,BUY,9997,2,aggressive_cross,9997,public,access,5.0,0.578947,1.4474,high,extreme,tight,agree,0,-19994,0.0,6.0
access,4801,-1,480100,-519900,ASH_COATED_OSMIUM,BUY,9997,4,aggressive_cross,9997,public,access,5.0,0.578947,1.4474,high,extreme,tight,agree,0,-39988,0.0,12.0
access,4826,-1,482600,-517400,ASH_COATED_OSMIUM,BUY,9995,5,passive_resting_fill,9995,public,access,15.0,-0.2,-1.5,high,extreme,normal,agree,1,-49975,0.0,37.5
access,4827,-1,482700,-517300,ASH_COATED_OSMIUM,BUY,9995,5,passive_resting_fill,9995,public,access,18.0,-0.405405,-3.6486,high,extreme,wide,agree,0,-49975,0.0,27.5
access,4847,-1,484700,-515300,ASH_COATED_OSMIUM,SELL,9999,2,aggressive_cross,9999,access,access,9.0,-0.368421,-1.6579,high,extreme,normal,agree,2,19998,0.0,-4.0
access,4847,-1,484700,-515300,ASH_COATED_OSMIUM,SELL,9999,4,aggressive_cross,9999,access,access,9.0,-0.368421,-1.6579,high,extreme,normal,agree,2,39996,0.0,-8.0
access,4872,-1,487200,-512800,ASH_COATED_OSMIUM,SELL,10008,3,passive_resting_fill,10008,public,access,20.0,0.388889,3.8889,high,extreme,wide,agree,1,30024,0.0,18.0
access,4872,-1,487200,-512800,ASH_COATED_OSMIUM,SELL,10010,3,passive_resting_fill,10010,public,access,20.0,0.388889,3.8889,high,extreme,wide,agree,1,30030,0.0,24.0
access,4875,-1,487500,-512500,ASH_COATED_OSMIUM,BUY,9993,4,passive_resting_fill,9993,public,access,15.0,0.393939,2.9545,high,extreme,normal,agree,1,-39972,0.0,40.0
access,4877,-1,487700,-512300,ASH_COATED_OSMIUM,BUY,9995,5,passive_resting_fill,9995,public,access,16.0,0.0,0.0,low,mild,normal,agree,0,-49975,0.0,42.5
access,4883,-1,488300,-511700,ASH_COATED_OSMIUM,SELL,10000,2,aggressive_cross,10000,public,access,13.0,-0.714286,-4.6429,high,extreme,normal,agree,0,20000,0.0,-4.0
access,4883,-1,488300,-511700,ASH_COATED_OSMIUM,SELL,10000,4,aggressive_cross,10000,public,access,13.0,-0.714286,-4.6429,high,extreme,normal,agree,0,40000,0.0,-8.0
access,4892,-1,489200,-510800,ASH_COATED_OSMIUM,BUY,10000,2,aggressive_cross,10000,public,access,6.0,0.176471,0.5294,medium,strong,tight,agree,0,-20000,0.0,6.0
access,4892,-1,489200,-510800,ASH_COATED_OSMIUM,BUY,10000,7,aggressive_cross,10000,public,access,6.0,0.176471,0.5294,medium,strong,tight,agree,0,-70000,0.0,21.0
access,4897,-1,489700,-510300,ASH_COATED_OSMIUM,SELL,10010,7,passive_resting_fill,10010,public,access,16.0,0.0,0.0,low,mild,normal,agree,0,70070,0.0,52.5
access,4914,-1,491400,-508600,ASH_COATED_OSMIUM,SELL,9999,2,aggressive_cross,9999,public,access,11.0,-0.625,-3.4375,high,extreme,normal,agree,0,19998,0.0,-6.0
access,4939,-1,493900,-506100,ASH_COATED_OSMIUM,SELL,10007,2,aggressive_cross,10007,public,access,7.0,-0.130435,-0.4565,medium,mild,tight,agree,1,20014,0.0,-5.0
access,4939,-1,493900,-506100,ASH_COATED_OSMIUM,SELL,10007,10,aggressive_cross,10007,public,access,7.0,-0.130435,-0.4565,medium,mild,tight,agree,1,100070,0.0,-25.0
access,4944,-1,494400,-505600,ASH_COATED_OSMIUM,SELL,10006,2,aggressive_cross,10006,public,access,7.0,-0.25,-0.875,medium,strong,tight,agree,0,20012,0.0,0.0
access,4944,-1,494400,-505600,ASH_COATED_OSMIUM,SELL,10006,6,aggressive_cross,10006,public,access,7.0,-0.25,-0.875,medium,strong,tight,agree,0,60036,0.0,0.0
access,4947,-1,494700,-505300,ASH_COATED_OSMIUM,SELL,10003,2,aggressive_cross,10003,public,access,10.0,-0.375,-1.875,high,extreme,normal,agree,0,20006,0.0,-4.0
access,4947,-1,494700,-505300,ASH_COATED_OSMIUM,SELL,10003,4,aggressive_cross,10003,public,access,10.0,-0.375,-1.875,high,extreme,normal,agree,0,40012,0.0,-8.0
access,4962,-1,496200,-503800,ASH_COATED_OSMIUM,SELL,10003,2,aggressive_cross,10003,public,access,11.0,-0.692308,-3.8077,high,extreme,normal,agree,0,20006,0.0,2.0
access,4962,-1,496200,-503800,ASH_COATED_OSMIUM,SELL,10003,2,aggressive_cross,10003,public,access,11.0,-0.692308,-3.8077,high,extreme,normal,agree,0,20006,0.0,2.0
access,4988,-1,498800,-501200,ASH_COATED_OSMIUM,SELL,10004,2,aggressive_cross,10004,public,access,7.0,-0.428571,-1.5,high,extreme,tight,agree,1,20008,0.0,1.0
access,4988,-1,498800,-501200,ASH_COATED_OSMIUM,SELL,10004,6,aggressive_cross,10004,public,access,7.0,-0.428571,-1.5,high,extreme,tight,agree,1,60024,0.0,3.0
access,4989,-1,498900,-501100,ASH_COATED_OSMIUM,BUY,10002,8,passive_resting_fill,10002,public,access,19.0,0.421053,4.0,high,extreme,wide,agree,1,-80016,0.0,12.0
access,4989,-1,498900,-501100,ASH_COATED_OSMIUM,BUY,10000,5,passive_resting_fill,10000,public,access,19.0,0.421053,4.0,high,extreme,wide,agree,1,-50000,0.0,17.5
access,5000,-1,500000,-500000,ASH_COATED_OSMIUM,BUY,9996,4,passive_resting_fill,9996,public,access,15.0,0.047619,0.3571,medium,mild,normal,agree,2,-39984,0.0,28.0
access,5015,-1,501500,-498500,ASH_COATED_OSMIUM,BUY,10001,2,aggressive_cross,10001,public,access,8.0,0.459459,1.8378,high,extreme,tight,agree,0,-20002,0.0,6.0
access,5015,-1,501500,-498500,ASH_COATED_OSMIUM,BUY,10001,8,aggressive_cross,10001,public,access,8.0,0.459459,1.8378,high,extreme,tight,agree,0,-80008,0.0,24.0
access,5019,-1,501900,-498100,ASH_COATED_OSMIUM,SELL,10005,2,aggressive_cross,10005,public,access,6.0,-0.368421,-1.1053,high,strong,tight,agree,0,20010,0.0,4.0
access,5019,-1,501900,-498100,ASH_COATED_OSMIUM,SELL,10005,6,aggressive_cross,10005,public,access,6.0,-0.368421,-1.1053,high,strong,tight,agree,0,60030,0.0,12.0
access,5021,-1,502100,-497900,ASH_COATED_OSMIUM,BUY,9996,4,passive_resting_fill,9996,access,access,15.0,0.037037,0.2778,low,mild,normal,agree,2,-39984,0.0,24.0
access,5027,-1,502700,-497300,ASH_COATED_OSMIUM,SELL,10009,2,passive_resting_fill,10009,public,access,18.0,0.428571,3.8571,high,extreme,wide,agree,0,20018,0.0,-2.0
access,5031,-1,503100,-496900,ASH_COATED_OSMIUM,BUY,10000,2,aggressive_cross,10000,public,access,6.0,0.444444,1.3333,high,extreme,tight,agree,0,-20000,0.0,5.0
access,5031,-1,503100,-496900,ASH_COATED_OSMIUM,BUY,10000,5,aggressive_cross,10000,public,access,6.0,0.444444,1.3333,high,extreme,tight,agree,0,-50000,0.0,12.5
access,5079,-1,507900,-492100,ASH_COATED_OSMIUM,BUY,10000,2,aggressive_cross,10000,public,access,5.0,0.5,1.25,high,extreme,tight,agree,1,-20000,0.0,6.0
access,5079,-1,507900,-492100,ASH_COATED_OSMIUM,BUY,10000,5,aggressive_cross,10000,public,access,5.0,0.5,1.25,high,extreme,tight,agree,1,-50000,0.0,15.0
access,5110,-1,511000,-489000,ASH_COATED_OSMIUM,BUY,9996,4,passive_resting_fill,9996,public,access,16.0,0.0,0.0,low,mild,normal,agree,0,-39984,0.0,30.0
access,5117,-1,511700,-488300,ASH_COATED_OSMIUM,SELL,10011,6,passive_resting_fill,10011,public,access,16.0,0.0,0.0,low,mild,normal,agree,0,60066,0.0,45.0
access,5125,-1,512500,-487500,ASH_COATED_OSMIUM,SELL,10010,4,passive_resting_fill,10010,public,access,14.0,-0.125,-0.875,medium,strong,normal,agree,2,40040,0.0,16.0
access,5125,-1,512500,-487500,ASH_COATED_OSMIUM,SELL,10012,4,passive_resting_fill,10012,public,access,14.0,-0.125,-0.875,medium,strong,normal,agree,2,40048,0.0,24.0
access,5128,-1,512800,-487200,ASH_COATED_OSMIUM,BUY,9998,7,passive_resting_fill,9998,public,access,15.0,-0.2,-1.5,high,extreme,normal,agree,1,-69986,0.0,56.0
access,5128,-1,512800,-487200,ASH_COATED_OSMIUM,BUY,9996,6,passive_resting_fill,9996,public,access,15.0,-0.2,-1.5,high,extreme,normal,agree,1,-59976,0.0,60.0
access,5143,-1,514300,-485700,ASH_COATED_OSMIUM,BUY,9997,5,passive_resting_fill,9997,public,access,15.0,-0.388889,-2.9167,high,extreme,normal,agree,1,-49985,0.0,-5.0
access,5161,-1,516100,-483900,ASH_COATED_OSMIUM,SELL,10012,5,passive_resting_fill,10012,public,access,15.0,-0.111111,-0.8333,medium,strong,normal,agree,1,50060,0.0,32.5
access,5172,-1,517200,-482800,ASH_COATED_OSMIUM,SELL,10010,5,passive_resting_fill,10010,public,access,16.0,0.0,0.0,low,mild,normal,agree,0,50050,0.0,30.0
access,5172,-1,517200,-482800,ASH_COATED_OSMIUM,SELL,10012,5,passive_resting_fill,10012,public,access,16.0,0.0,0.0,low,mild,normal,agree,0,50060,0.0,40.0
access,5225,-1,522500,-477500,ASH_COATED_OSMIUM,SELL,10010,5,passive_resting_fill,10010,public,access,16.0,0.0,0.0,low,mild,normal,agree,1,50050,0.0,32.5
access,5236,-1,523600,-476400,ASH_COATED_OSMIUM,BUY,10000,2,aggressive_cross,10000,public,access,5.0,0.157895,0.3947,medium,mild,tight,agree,1,-20000,0.0,4.0
access,5236,-1,523600,-476400,ASH_COATED_OSMIUM,BUY,10000,4,aggressive_cross,10000,public,access,5.0,0.157895,0.3947,medium,mild,tight,agree,1,-40000,0.0,8.0
access,5238,-1,523800,-476200,ASH_COATED_OSMIUM,SELL,10005,2,aggressive_cross,10005,public,access,6.0,-0.5,-1.5,high,extreme,tight,agree,0,20010,0.0,4.0
access,5238,-1,523800,-476200,ASH_COATED_OSMIUM,SELL,10005,5,aggressive_cross,10005,public,access,6.0,-0.5,-1.5,high,extreme,tight,agree,0,50025,0.0,10.0
access,5253,-1,525300,-474700,ASH_COATED_OSMIUM,SELL,10004,2,aggressive_cross,10004,public,access,9.0,-0.481481,-2.1667,high,extreme,normal,agree,0,20008,0.0,4.0
access,5253,-1,525300,-474700,ASH_COATED_OSMIUM,SELL,10004,7,aggressive_cross,10004,public,access,9.0,-0.481481,-2.1667,high,extreme,normal,agree,0,70028,0.0,14.0
access,5257,-1,525700,-474300,ASH_COATED_OSMIUM,BUY,9996,4,passive_resting_fill,9996,public,access,17.0,-0.076923,-0.6538,medium,strong,wide,agree,2,-39984,0.0,24.0
access,5257,-1,525700,-474300,ASH_COATED_OSMIUM,BUY,9994,4,passive_resting_fill,9994,public,access,17.0,-0.076923,-0.6538,medium,strong,wide,agree,2,-39976,0.0,32.0
access,5259,-1,525900,-474100,ASH_COATED_OSMIUM,BUY,9999,8,aggressive_cross,9999,public,access,6.0,0.1,0.3,low,mild,tight,agree,0,-79992,0.0,20.0
access,5263,-1,526300,-473700,ASH_COATED_OSMIUM,SELL,10000,2,aggressive_cross,10000,public,access,9.0,-0.666667,-3.0,high,extreme,normal,agree,1,20000,0.0,-2.0
access,5263,-1,526300,-473700,ASH_COATED_OSMIUM,SELL,10000,2,aggressive_cross,10000,public,access,9.0,-0.666667,-3.0,high,extreme,normal,agree,1,20000,0.0,-2.0
access,5265,-1,526500,-473500,ASH_COATED_OSMIUM,SELL,10004,8,aggressive_cross,10004,public,access,6.0,0.0,0.0,low,mild,tight,agree,0,80032,0.0,4.0
access,5274,-1,527400,-472600,ASH_COATED_OSMIUM,BUY,10001,2,aggressive_cross,10001,public,access,8.0,0.375,1.5,high,extreme,tight,agree,0,-20002,0.0,4.0
access,5274,-1,527400,-472600,ASH_COATED_OSMIUM,BUY,10001,8,aggressive_cross,10001,public,access,8.0,0.375,1.5,high,extreme,tight,agree,0,-80008,0.0,16.0
access,5323,-1,532300,-467700,ASH_COATED_OSMIUM,BUY,9995,3,passive_resting_fill,9995,public,access,19.0,-0.272727,-2.5909,high,extreme,wide,agree,0,-29985,0.0,9.0
access,5328,-1,532800,-467200,ASH_COATED_OSMIUM,BUY,10000,6,aggressive_cross,10000,public,access,4.0,0.368421,0.7368,medium,strong,tight,agree,1,-60000,0.0,21.0
access,5348,-1,534800,-465200,ASH_COATED_OSMIUM,SELL,10004,2,aggressive_cross,10004,public,access,6.0,-0.1,-0.3,low,mild,tight,agree,0,20008,0.0,6.0
access,5348,-1,534800,-465200,ASH_COATED_OSMIUM,SELL,10004,9,aggressive_cross,10004,public,access,6.0,-0.1,-0.3,low,mild,tight,agree,0,90036,0.0,27.0
access,5361,-1,536100,-463900,ASH_COATED_OSMIUM,BUY,9995,6,passive_resting_fill,9995,public,access,16.0,0.0,0.0,low,mild,normal,agree,1,-59970,0.0,15.0
access,5372,-1,537200,-462800,ASH_COATED_OSMIUM,SELL,10008,3,passive_resting_fill,10008,public,access,19.0,-0.268293,-2.5488,high,extreme,wide,agree,1,30024,0.0,48.0
access,5372,-1,537200,-462800,ASH_COATED_OSMIUM,SELL,10010,3,passive_resting_fill,10010,public,access,19.0,-0.268293,-2.5488,high,extreme,wide,agree,1,30030,0.0,54.0
access,5386,-1,538600,-461400,ASH_COATED_OSMIUM,BUY,9996,2,aggressive_cross,9996,public,access,6.0,0.222222,0.6667,medium,strong,tight,agree,1,-19992,0.0,6.0
access,5386,-1,538600,-461400,ASH_COATED_OSMIUM,BUY,9996,7,aggressive_cross,9996,public,access,6.0,0.222222,0.6667,medium,strong,tight,agree,1,-69972,0.0,21.0
access,5401,-1,540100,-459900,ASH_COATED_OSMIUM,SELL,10006,2,passive_resting_fill,10006,public,access,16.0,0.0,0.0,low,mild,normal,agree,1,20012,0.0,13.0
access,5423,-1,542300,-457700,ASH_COATED_OSMIUM,SELL,10001,2,aggressive_cross,10001,public,access,6.0,-0.2,-0.6,medium,strong,tight,agree,0,20002,0.0,7.0
access,5423,-1,542300,-457700,ASH_COATED_OSMIUM,SELL,10001,8,aggressive_cross,10001,public,access,6.0,-0.2,-0.6,medium,strong,tight,agree,0,80008,0.0,28.0
access,5444,-1,544400,-455600,ASH_COATED_OSMIUM,SELL,10000,2,aggressive_cross,10000,public,access,7.0,-0.2,-0.7,medium,strong,tight,agree,2,20000,0.0,2.0
access,5444,-1,544400,-455600,ASH_COATED_OSMIUM,SELL,10000,4,aggressive_cross,10000,public,access,7.0,-0.2,-0.7,medium,strong,tight,agree,2,40000,0.0,4.0
access,5454,-1,545400,-454600,ASH_COATED_OSMIUM,BUY,9999,4,aggressive_cross,9999,access,access,7.0,0.166667,0.5833,medium,strong,tight,agree,2,-39996,0.0,36.0
access,5473,-1,547300,-452700,ASH_COATED_OSMIUM,BUY,9988,9,passive_resting_fill,9988,public,access,18.0,0.210526,1.8947,high,extreme,wide,agree,0,-89892,0.0,85.5
access,5484,-1,548400,-451600,ASH_COATED_OSMIUM,SELL,10000,2,aggressive_cross,10000,public,access,6.0,-0.166667,-0.5,medium,strong,tight,agree,0,20000,0.0,4.0
access,5484,-1,548400,-451600,ASH_COATED_OSMIUM,SELL,10000,8,aggressive_cross,10000,public,access,6.0,-0.166667,-0.5,medium,strong,tight,agree,0,80000,0.0,16.0
access,5526,-1,552600,-447400,ASH_COATED_OSMIUM,SELL,10000,2,aggressive_cross,10000,public,access,5.0,-0.3,-0.75,medium,strong,tight,agree,1,20000,0.0,4.0
access,5526,-1,552600,-447400,ASH_COATED_OSMIUM,SELL,10000,7,aggressive_cross,10000,public,access,5.0,-0.3,-0.75,medium,strong,tight,agree,1,70000,0.0,14.0
access,5529,-1,552900,-447100,ASH_COATED_OSMIUM,BUY,9991,10,passive_resting_fill,9991,access,access,15.0,0.354839,2.6613,high,extreme,normal,agree,1,-99910,0.0,80.0
access,5540,-1,554000,-446000,ASH_COATED_OSMIUM,SELL,10001,2,aggressive_cross,10001,public,access,15.0,-0.642857,-4.8214,high,extreme,normal,agree,1,20002,0.0,3.0
access,5540,-1,554000,-446000,ASH_COATED_OSMIUM,SELL,10001,4,aggressive_cross,10001,public,access,15.0,-0.642857,-4.8214,high,extreme,normal,agree,1,40004,0.0,6.0
access,5544,-1,554400,-445600,ASH_COATED_OSMIUM,BUY,9993,10,passive_resting_fill,9993,public,access,18.0,0.35,3.15,high,extreme,wide,agree,0,-99930,0.0,60.0
access,5544,-1,554400,-445600,ASH_COATED_OSMIUM,BUY,9991,7,passive_resting_fill,9991,public,access,18.0,0.35,3.15,high,extreme,wide,agree,0,-69937,0.0,56.0
access,5567,-1,556700,-443300,ASH_COATED_OSMIUM,BUY,9992,2,passive_resting_fill,9992,access,access,15.0,0.333333,2.5,high,extreme,normal,agree,2,-19984,0.0,12.0
access,5574,-1,557400,-442600,ASH_COATED_OSMIUM,SELL,10000,2,aggressive_cross,10000,public,access,6.0,-0.217391,-0.6522,medium,strong,tight,agree,0,20000,0.0,6.0
access,5574,-1,557400,-442600,ASH_COATED_OSMIUM,SELL,10000,8,aggressive_cross,10000,public,access,6.0,-0.217391,-0.6522,medium,strong,tight,agree,0,80000,0.0,24.0
access,5578,-1,557800,-442200,ASH_COATED_OSMIUM,BUY,9994,11,aggressive_cross,9994,access,access,5.0,-0.047619,-0.119,low,mild,tight,agree,1,-109934,0.0,55.0
access,5603,-1,560300,-439700,ASH_COATED_OSMIUM,SELL,10003,6,passive_resting_fill,10003,public,access,17.0,0.0,0.0,low,mild,wide,agree,1,60018,0.0,-3.0
access,5608,-1,560800,-439200,ASH_COATED_OSMIUM,SELL,9999,8,aggressive_cross,9999,public,access,9.0,-0.444444,-2.0,high,extreme,normal,agree,1,79992,0.0,16.0
access,5635,-1,563500,-436500,ASH_COATED_OSMIUM,BUY,9998,2,aggressive_cross,9998,public,access,8.0,0.870968,3.4839,high,extreme,tight,agree,2,-19996,0.0,-4.0
access,5635,-1,563500,-436500,ASH_COATED_OSMIUM,BUY,9998,2,aggressive_cross,9998,public,access,8.0,0.870968,3.4839,high,extreme,tight,agree,2,-19996,0.0,-4.0
access,5649,-1,564900,-435100,ASH_COATED_OSMIUM,BUY,9997,2,aggressive_cross,9997,public,access,12.0,0.666667,4.0,high,extreme,normal,agree,0,-19994,0.0,-2.0
access,5649,-1,564900,-435100,ASH_COATED_OSMIUM,BUY,9997,5,aggressive_cross,9997,public,access,12.0,0.666667,4.0,high,extreme,normal,agree,0,-49985,0.0,-5.0
access,5666,-1,566600,-433400,ASH_COATED_OSMIUM,SELL,10003,7,passive_resting_fill,10003,public,access,16.0,0.0,0.0,low,mild,normal,agree,0,70021,0.0,45.5
access,5673,-1,567300,-432700,ASH_COATED_OSMIUM,BUY,9989,10,passive_resting_fill,9989,public,access,18.0,-0.3,-2.7,high,extreme,wide,agree,0,-99890,0.0,75.0
access,5741,-1,574100,-425900,ASH_COATED_OSMIUM,SELL,10004,2,passive_resting_fill,10004,public,access,16.0,0.0,0.0,low,mild,normal,agree,1,20008,0.0,15.0
access,5742,-1,574200,-425800,ASH_COATED_OSMIUM,BUY,9993,2,passive_resting_fill,9993,public,access,15.0,0.333333,2.5,high,extreme,normal,agree,1,-19986,0.0,13.0
access,5784,-1,578400,-421600,ASH_COATED_OSMIUM,BUY,9997,2,aggressive_cross,9997,public,access,5.0,0.714286,1.7857,high,extreme,tight,agree,1,-19994,0.0,2.0
access,5784,-1,578400,-421600,ASH_COATED_OSMIUM,BUY,9997,4,aggressive_cross,9997,public,access,5.0,0.714286,1.7857,high,extreme,tight,agree,1,-39988,0.0,4.0
access,5786,-1,578600,-421400,ASH_COATED_OSMIUM,SELL,10001,2,aggressive_cross,10001,public,access,5.0,-0.555556,-1.3889,high,extreme,tight,agree,1,20002,0.0,-1.0
access,5786,-1,578600,-421400,ASH_COATED_OSMIUM,SELL,10001,6,aggressive_cross,10001,public,access,5.0,-0.555556,-1.3889,high,extreme,tight,agree,1,60006,0.0,-3.0
access,5790,-1,579000,-421000,ASH_COATED_OSMIUM,BUY,9997,2,aggressive_cross,9997,public,access,5.0,0.333333,0.8333,medium,strong,tight,agree,0,-19994,0.0,2.0
access,5790,-1,579000,-421000,ASH_COATED_OSMIUM,BUY,9997,5,aggressive_cross,9997,public,access,5.0,0.333333,0.8333,medium,strong,tight,agree,0,-49985,0.0,5.0
access,5809,-1,580900,-419100,ASH_COATED_OSMIUM,SELL,9995,16,passive_resting_fill,9995,public,access,11.0,-0.6,-3.3,high,extreme,normal,agree,1,159920,0.0,-80.0
access,5809,-1,580900,-419100,ASH_COATED_OSMIUM,SELL,9997,3,passive_resting_fill,9997,public,access,11.0,-0.6,-3.3,high,extreme,normal,agree,1,29991,0.0,-9.0
access,5832,-1,583200,-416800,ASH_COATED_OSMIUM,BUY,9996,2,aggressive_cross,9996,public,access,8.0,0.454545,1.8182,high,extreme,tight,agree,1,-19992,0.0,3.0
access,5832,-1,583200,-416800,ASH_COATED_OSMIUM,BUY,9996,8,aggressive_cross,9996,public,access,8.0,0.454545,1.8182,high,extreme,tight,agree,1,-79968,0.0,12.0
access,5839,-1,583900,-416100,ASH_COATED_OSMIUM,SELL,10005,7,passive_resting_fill,10005,public,access,19.0,0.3,2.85,high,extreme,wide,agree,0,70035,0.0,28.0
access,5839,-1,583900,-416100,ASH_COATED_OSMIUM,SELL,10007,6,passive_resting_fill,10007,public,access,19.0,0.3,2.85,high,extreme,wide,agree,0,60042,0.0,36.0
access,5840,-1,584000,-416000,ASH_COATED_OSMIUM,SELL,10007,8,passive_resting_fill,10007,public,access,18.0,0.428571,3.8571,high,extreme,wide,agree,0,80056,0.0,56.0
access,5862,-1,586200,-413800,ASH_COATED_OSMIUM,BUY,9998,6,aggressive_cross,9998,public,access,18.0,0.25,2.25,high,extreme,wide,agree,1,-59988,0.0,27.0
access,5890,-1,589000,-411000,ASH_COATED_OSMIUM,BUY,9998,2,aggressive_cross,9998,public,access,6.0,0.428571,1.2857,high,extreme,tight,agree,0,-19996,0.0,4.0
access,5890,-1,589000,-411000,ASH_COATED_OSMIUM,BUY,9998,6,aggressive_cross,9998,public,access,6.0,0.428571,1.2857,high,extreme,tight,agree,0,-59988,0.0,12.0
access,5946,-1,594600,-405400,ASH_COATED_OSMIUM,BUY,9999,2,aggressive_cross,9999,public,access,10.0,0.333333,1.6667,high,extreme,normal,agree,0,-19998,0.0,-7.0
access,5986,-1,598600,-401400,ASH_COATED_OSMIUM,BUY,9997,2,aggressive_cross,9997,public,access,5.0,0.5,1.25,high,extreme,tight,agree,0,-19994,0.0,6.0
access,5986,-1,598600,-401400,ASH_COATED_OSMIUM,BUY,9997,4,aggressive_cross,9997,public,access,5.0,0.5,1.25,high,extreme,tight,agree,0,-39988,0.0,12.0
access,6006,-1,600600,-399400,ASH_COATED_OSMIUM,BUY,9993,6,passive_resting_fill,9993,public,access,16.0,0.0,0.0,low,mild,normal,agree,0,-59958,0.0,36.0
access,6031,-1,603100,-396900,ASH_COATED_OSMIUM,BUY,9993,3,passive_resting_fill,9993,public,access,16.0,0.0,0.0,low,mild,normal,agree,0,-29979,0.0,21.0
access,6031,-1,603100,-396900,ASH_COATED_OSMIUM,BUY,9991,3,passive_resting_fill,9991,public,access,16.0,0.0,0.0,low,mild,normal,agree,0,-29973,0.0,27.0
access,6042,-1,604200,-395800,ASH_COATED_OSMIUM,BUY,9997,2,aggressive_cross,9997,public,access,5.0,0.578947,1.4474,high,extreme,tight,agree,1,-19994,0.0,4.0
access,6042,-1,604200,-395800,ASH_COATED_OSMIUM,BUY,9997,4,aggressive_cross,9997,public,access,5.0,0.578947,1.4474,high,extreme,tight,agree,1,-39988,0.0,8.0
access,6074,-1,607400,-392600,ASH_COATED_OSMIUM,BUY,9994,3,passive_resting_fill,9994,public,access,16.0,0.0,0.0,low,mild,normal,agree,0,-29982,0.0,19.5
access,6074,-1,607400,-392600,ASH_COATED_OSMIUM,BUY,9992,3,passive_resting_fill,9992,public,access,16.0,0.0,0.0,low,mild,normal,agree,0,-29976,0.0,25.5
access,6078,-1,607800,-392200,ASH_COATED_OSMIUM,SELL,10007,5,passive_resting_fill,10007,public,access,19.0,0.3125,2.9688,high,extreme,wide,agree,0,50035,0.0,27.5
access,6091,-1,609100,-390900,ASH_COATED_OSMIUM,SELL,9998,2,aggressive_cross,9998,public,access,11.0,-0.578947,-3.1842,high,extreme,normal,agree,0,19996,0.0,-5.0
access,6091,-1,609100,-390900,ASH_COATED_OSMIUM,SELL,9998,4,aggressive_cross,9998,public,access,11.0,-0.578947,-3.1842,high,extreme,normal,agree,0,39992,0.0,-10.0
access,6097,-1,609700,-390300,ASH_COATED_OSMIUM,BUY,9999,2,aggressive_cross,9999,public,access,5.0,0.4,1.0,high,strong,tight,agree,0,-19998,0.0,8.0
access,6097,-1,609700,-390300,ASH_COATED_OSMIUM,BUY,9999,4,aggressive_cross,9999,public,access,5.0,0.4,1.0,high,strong,tight,agree,0,-39996,0.0,16.0
access,6116,-1,611600,-388400,ASH_COATED_OSMIUM,BUY,9997,6,passive_resting_fill,9997,public,access,18.0,0.277778,2.5,high,extreme,wide,agree,0,-59982,0.0,48.0
access,6116,-1,611600,-388400,ASH_COATED_OSMIUM,BUY,9995,6,passive_resting_fill,9995,public,access,18.0,0.277778,2.5,high,extreme,wide,agree,0,-59970,0.0,60.0
access,6119,-1,611900,-388100,ASH_COATED_OSMIUM,BUY,9998,5,passive_resting_fill,9998,public,access,19.0,-0.5,-4.75,high,extreme,wide,agree,0,-49990,0.0,40.0
access,6156,-1,615600,-384400,ASH_COATED_OSMIUM,SELL,10011,5,passive_resting_fill,10011,public,access,16.0,0.0,0.0,low,mild,normal,agree,0,50055,0.0,40.0
access,6207,-1,620700,-379300,ASH_COATED_OSMIUM,SELL,10009,8,passive_resting_fill,10009,public,access,16.0,0.0,0.0,low,mild,normal,agree,0,80072,0.0,64.0
access,6229,-1,622900,-377100,ASH_COATED_OSMIUM,SELL,10010,4,passive_resting_fill,10010,public,access,18.0,0.111111,1.0,high,strong,wide,agree,1,40040,0.0,18.0
access,6229,-1,622900,-377100,ASH_COATED_OSMIUM,SELL,10012,4,passive_resting_fill,10012,public,access,18.0,0.111111,1.0,high,strong,wide,agree,1,40048,0.0,26.0
access,6289,-1,628900,-371100,ASH_COATED_OSMIUM,SELL,10011,6,passive_resting_fill,10011,public,access,19.0,-0.230769,-2.1923,high,extreme,wide,agree,0,60066,0.0,60.0
access,6289,-1,628900,-371100,ASH_COATED_OSMIUM,SELL,10013,5,passive_resting_fill,10013,public,access,19.0,-0.230769,-2.1923,high,extreme,wide,agree,0,50065,0.0,60.0
access,6323,-1,632300,-367700,ASH_COATED_OSMIUM,SELL,10008,5,passive_resting_fill,10008,access,access,18.0,0.444444,4.0,high,extreme,wide,agree,2,50040,0.0,30.0
access,6391,-1,639100,-360900,ASH_COATED_OSMIUM,SELL,10009,8,passive_resting_fill,10009,public,access,19.0,-0.297297,-2.8243,high,extreme,wide,agree,0,80072,0.0,40.0
access,6391,-1,639100,-360900,ASH_COATED_OSMIUM,SELL,10011,7,passive_resting_fill,10011,public,access,19.0,-0.297297,-2.8243,high,extreme,wide,agree,0,70077,0.0,49.0
access,6392,-1,639200,-360800,ASH_COATED_OSMIUM,BUY,10000,2,aggressive_cross,10000,public,access,7.0,0.470588,1.6471,high,extreme,tight,agree,1,-20000,0.0,8.0
access,6392,-1,639200,-360800,ASH_COATED_OSMIUM,BUY,10000,8,aggressive_cross,10000,public,access,7.0,0.470588,1.6471,high,extreme,tight,agree,1,-80000,0.0,32.0
access,6405,-1,640500,-359500,ASH_COATED_OSMIUM,SELL,10007,2,aggressive_cross,10007,access,access,4.0,-0.333333,-0.6667,medium,strong,tight,agree,2,20014,0.0,1.0
access,6405,-1,640500,-359500,ASH_COATED_OSMIUM,SELL,10007,15,aggressive_cross,10007,access,access,4.0,-0.333333,-0.6667,medium,strong,tight,agree,2,150105,0.0,7.5
access,6406,-1,640600,-359400,ASH_COATED_OSMIUM,BUY,10007,3,passive_resting_fill,10007,public,access,11.0,-0.647059,-3.5588,high,extreme,normal,agree,0,-30021,0.0,-3.0
access,6406,-1,640600,-359400,ASH_COATED_OSMIUM,BUY,10005,3,passive_resting_fill,10005,public,access,11.0,-0.647059,-3.5588,high,extreme,normal,agree,0,-30015,0.0,3.0
access,6420,-1,642000,-358000,ASH_COATED_OSMIUM,SELL,10012,5,passive_resting_fill,10012,public,access,18.0,-0.444444,-4.0,high,extreme,wide,agree,0,50060,0.0,35.0
access,6420,-1,642000,-358000,ASH_COATED_OSMIUM,SELL,10014,5,passive_resting_fill,10014,public,access,18.0,-0.444444,-4.0,high,extreme,wide,agree,0,50070,0.0,45.0
access,6443,-1,644300,-355700,ASH_COATED_OSMIUM,SELL,10012,6,passive_resting_fill,10012,public,access,17.0,0.3125,2.6562,high,extreme,wide,agree,2,60072,0.0,33.0
access,6456,-1,645600,-354400,ASH_COATED_OSMIUM,BUY,10002,2,passive_resting_fill,10002,public,access,16.0,0.0,0.0,low,mild,normal,agree,0,-20004,0.0,6.0
access,6456,-1,645600,-354400,ASH_COATED_OSMIUM,BUY,10000,2,passive_resting_fill,10000,public,access,16.0,0.0,0.0,low,mild,normal,agree,0,-20000,0.0,10.0
access,6457,-1,645700,-354300,ASH_COATED_OSMIUM,SELL,10011,8,passive_resting_fill,10011,access,access,15.0,0.130435,0.9783,high,strong,normal,agree,2,80088,0.0,48.0
access,6475,-1,647500,-352500,ASH_COATED_OSMIUM,SELL,10013,5,passive_resting_fill,10013,public,access,16.0,0.0,0.0,low,mild,normal,agree,0,50065,0.0,35.0
access,6475,-1,647500,-352500,ASH_COATED_OSMIUM,SELL,10015,5,passive_resting_fill,10015,public,access,16.0,0.0,0.0,low,mild,normal,agree,0,50075,0.0,45.0
access,6506,-1,650600,-349400,ASH_COATED_OSMIUM,BUY,10000,4,passive_resting_fill,10000,public,access,19.0,-0.351351,-3.3378,high,extreme,wide,agree,0,-40000,0.0,22.0
access,6520,-1,652000,-348000,ASH_COATED_OSMIUM,SELL,10009,2,aggressive_cross,10009,public,access,6.0,-0.555556,-1.6667,high,extreme,tight,agree,0,20018,0.0,-1.0
access,6520,-1,652000,-348000,ASH_COATED_OSMIUM,SELL,10009,4,aggressive_cross,10009,public,access,6.0,-0.555556,-1.6667,high,extreme,tight,agree,0,40036,0.0,-2.0
access,6539,-1,653900,-346100,ASH_COATED_OSMIUM,BUY,10002,6,passive_resting_fill,10002,public,access,16.0,0.0,0.0,low,mild,normal,agree,0,-60012,0.0,30.0
access,6539,-1,653900,-346100,ASH_COATED_OSMIUM,BUY,10000,6,passive_resting_fill,10000,public,access,16.0,0.0,0.0,low,mild,normal,agree,0,-60000,0.0,42.0
access,6548,-1,654800,-345200,ASH_COATED_OSMIUM,BUY,10000,6,passive_resting_fill,10000,public,access,15.0,0.487179,3.6538,high,extreme,normal,agree,1,-60000,0.0,36.0
access,6548,-1,654800,-345200,ASH_COATED_OSMIUM,BUY,9998,6,passive_resting_fill,9998,public,access,15.0,0.487179,3.6538,high,extreme,normal,agree,1,-59988,0.0,48.0
access,6554,-1,655400,-344600,ASH_COATED_OSMIUM,BUY,10003,2,aggressive_cross,10003,public,access,5.0,0.181818,0.4545,medium,mild,tight,agree,1,-20006,0.0,22.0
access,6554,-1,655400,-344600,ASH_COATED_OSMIUM,BUY,10003,8,aggressive_cross,10003,public,access,5.0,0.181818,0.4545,medium,mild,tight,agree,1,-80024,0.0,88.0
access,6561,-1,656100,-343900,ASH_COATED_OSMIUM,BUY,9999,3,passive_resting_fill,9999,public,access,16.0,0.0,0.0,low,mild,normal,agree,0,-29997,0.0,24.0
access,6569,-1,656900,-343100,ASH_COATED_OSMIUM,BUY,10002,10,passive_resting_fill,10002,public,access,16.0,-0.3125,-2.5,high,extreme,normal,agree,2,-100020,0.0,55.0
access,6569,-1,656900,-343100,ASH_COATED_OSMIUM,BUY,10000,7,passive_resting_fill,10000,public,access,16.0,-0.3125,-2.5,high,extreme,normal,agree,2,-70000,0.0,52.5
access,6582,-1,658200,-341800,ASH_COATED_OSMIUM,BUY,10001,3,passive_resting_fill,10001,access,access,15.0,0.037037,0.2778,low,mild,normal,agree,1,-30003,0.0,22.5
access,6584,-1,658400,-341600,ASH_COATED_OSMIUM,SELL,10015,9,passive_resting_fill,10015,public,access,16.0,0.0,0.0,low,mild,normal,agree,2,90135,0.0,54.0
access,6585,-1,658500,-341500,ASH_COATED_OSMIUM,SELL,10015,2,passive_resting_fill,10015,public,access,20.0,0.148936,1.4894,high,extreme,wide,agree,1,20030,0.0,12.0
access,6585,-1,658500,-341500,ASH_COATED_OSMIUM,SELL,10017,2,passive_resting_fill,10017,public,access,20.0,0.148936,1.4894,high,extreme,wide,agree,1,20034,0.0,16.0
access,6604,-1,660400,-339600,ASH_COATED_OSMIUM,SELL,10016,4,passive_resting_fill,10016,public,access,17.0,0.230769,1.9615,high,extreme,wide,agree,1,40064,0.0,60.0
access,6616,-1,661600,-338400,ASH_COATED_OSMIUM,SELL,10008,8,aggressive_cross,10008,access,access,8.0,0.047619,0.1905,low,mild,tight,agree,2,80064,0.0,-12.0
access,6644,-1,664400,-335600,ASH_COATED_OSMIUM,SELL,10009,2,aggressive_cross,10009,public,access,9.0,-0.548387,-2.4677,high,extreme,normal,agree,0,20018,0.0,2.0
access,6644,-1,664400,-335600,ASH_COATED_OSMIUM,SELL,10009,7,aggressive_cross,10009,public,access,9.0,-0.548387,-2.4677,high,extreme,normal,agree,0,70063,0.0,7.0
access,6666,-1,666600,-333400,ASH_COATED_OSMIUM,BUY,10002,4,passive_resting_fill,10002,public,access,18.0,0.090909,0.8182,medium,strong,wide,agree,1,-40008,0.0,30.0
access,6670,-1,667000,-333000,ASH_COATED_OSMIUM,BUY,10002,5,passive_resting_fill,10002,public,access,10.0,0.444444,2.2222,high,extreme,normal,agree,0,-50010,0.0,37.5
access,6682,-1,668200,-331800,ASH_COATED_OSMIUM,SELL,10016,2,passive_resting_fill,10016,public,access,15.0,0.405405,3.0405,high,extreme,normal,agree,1,20032,0.0,10.0
access,6682,-1,668200,-331800,ASH_COATED_OSMIUM,SELL,10018,2,passive_resting_fill,10018,public,access,15.0,0.405405,3.0405,high,extreme,normal,agree,1,20036,0.0,14.0
access,6712,-1,671200,-328800,ASH_COATED_OSMIUM,SELL,10009,2,aggressive_cross,10009,public,access,11.0,-0.692308,-3.8077,high,extreme,normal,agree,1,20018,0.0,-4.0
access,6712,-1,671200,-328800,ASH_COATED_OSMIUM,SELL,10009,2,aggressive_cross,10009,public,access,11.0,-0.692308,-3.8077,high,extreme,normal,agree,1,20018,0.0,-4.0
access,6734,-1,673400,-326600,ASH_COATED_OSMIUM,SELL,10007,2,aggressive_cross,10007,public,access,13.0,-0.703704,-4.5741,high,extreme,normal,agree,0,20014,0.0,-5.0
access,6734,-1,673400,-326600,ASH_COATED_OSMIUM,SELL,10007,4,aggressive_cross,10007,public,access,13.0,-0.703704,-4.5741,high,extreme,normal,agree,0,40028,0.0,-10.0
access,6744,-1,674400,-325600,ASH_COATED_OSMIUM,SELL,10008,2,aggressive_cross,10008,public,access,12.0,-0.6,-3.6,high,extreme,normal,agree,1,20016,0.0,-9.0
access,6744,-1,674400,-325600,ASH_COATED_OSMIUM,SELL,10008,3,aggressive_cross,10008,public,access,12.0,-0.6,-3.6,high,extreme,normal,agree,1,30024,0.0,-13.5
access,6793,-1,679300,-320700,ASH_COATED_OSMIUM,BUY,10005,2,aggressive_cross,10005,public,access,8.0,0.538462,2.1538,high,extreme,tight,agree,0,-20010,0.0,-5.0
access,6793,-1,679300,-320700,ASH_COATED_OSMIUM,BUY,10005,6,aggressive_cross,10005,public,access,8.0,0.538462,2.1538,high,extreme,tight,agree,0,-60030,0.0,-15.0
access,6794,-1,679400,-320600,ASH_COATED_OSMIUM,SELL,10005,5,passive_resting_fill,10005,public,access,15.0,0.043478,0.3261,low,mild,normal,agree,1,50025,0.0,-2.5
access,6794,-1,679400,-320600,ASH_COATED_OSMIUM,SELL,10007,5,passive_resting_fill,10007,public,access,15.0,0.043478,0.3261,low,mild,normal,agree,1,50035,0.0,7.5
access,6812,-1,681200,-318800,ASH_COATED_OSMIUM,SELL,10015,9,passive_resting_fill,10015,public,access,15.0,0.363636,2.7273,high,extreme,normal,agree,2,90135,0.0,72.0
access,6819,-1,681900,-318100,ASH_COATED_OSMIUM,BUY,10001,9,passive_resting_fill,10001,public,access,15.0,0.5,3.75,high,extreme,normal,agree,2,-90009,0.0,67.5
access,6819,-1,681900,-318100,ASH_COATED_OSMIUM,BUY,9999,8,passive_resting_fill,9999,public,access,15.0,0.5,3.75,high,extreme,normal,agree,2,-79992,0.0,76.0
access,6828,-1,682800,-317200,ASH_COATED_OSMIUM,BUY,10005,2,aggressive_cross,10005,public,access,8.0,0.538462,2.1538,high,extreme,tight,agree,0,-20010,0.0,6.0
access,6828,-1,682800,-317200,ASH_COATED_OSMIUM,BUY,10005,6,aggressive_cross,10005,public,access,8.0,0.538462,2.1538,high,extreme,tight,agree,0,-60030,0.0,18.0
access,6831,-1,683100,-316900,ASH_COATED_OSMIUM,SELL,10014,4,passive_resting_fill,10014,public,access,16.0,0.0,0.0,low,mild,normal,agree,0,40056,0.0,22.0
access,6831,-1,683100,-316900,ASH_COATED_OSMIUM,SELL,10016,4,passive_resting_fill,10016,public,access,16.0,0.0,0.0,low,mild,normal,agree,0,40064,0.0,30.0
access,6854,-1,685400,-314600,ASH_COATED_OSMIUM,SELL,10015,7,passive_resting_fill,10015,public,access,18.0,0.3,2.7,high,extreme,wide,agree,1,70105,0.0,52.5
access,6895,-1,689500,-310500,ASH_COATED_OSMIUM,SELL,10013,6,passive_resting_fill,10013,public,access,16.0,0.0,0.0,low,mild,normal,agree,0,60078,0.0,42.0
access,6895,-1,689500,-310500,ASH_COATED_OSMIUM,SELL,10015,5,passive_resting_fill,10015,public,access,16.0,0.0,0.0,low,mild,normal,agree,0,50075,0.0,45.0
access,6896,-1,689600,-310400,ASH_COATED_OSMIUM,BUY,10004,8,aggressive_cross,10004,public,access,5.0,0.090909,0.2273,low,mild,tight,agree,0,-80032,0.0,12.0
access,6905,-1,690500,-309500,ASH_COATED_OSMIUM,BUY,10001,5,passive_resting_fill,10001,public,access,15.0,-0.076923,-0.5769,medium,strong,normal,agree,1,-50005,0.0,32.5
access,6905,-1,690500,-309500,ASH_COATED_OSMIUM,BUY,9999,5,passive_resting_fill,9999,access,access,15.0,-0.076923,-0.5769,medium,strong,normal,agree,1,-49995,0.0,42.5
access,6910,-1,691000,-309000,ASH_COATED_OSMIUM,BUY,10000,4,passive_resting_fill,10000,public,access,17.0,-0.148936,-1.266,high,extreme,wide,agree,1,-40000,0.0,18.0
access,6910,-1,691000,-309000,ASH_COATED_OSMIUM,BUY,9998,4,passive_resting_fill,9998,public,access,17.0,-0.148936,-1.266,high,extreme,wide,agree,1,-39992,0.0,26.0
access,6999,-1,699900,-300100,ASH_COATED_OSMIUM,SELL,10011,10,passive_resting_fill,10011,public,access,11.0,-0.333333,-1.8333,high,extreme,normal,agree,1,100110,0.0,55.0
access,6999,-1,699900,-300100,ASH_COATED_OSMIUM,SELL,10013,7,passive_resting_fill,10013,public,access,11.0,-0.333333,-1.8333,high,extreme,normal,agree,1,70091,0.0,52.5
access,7005,-1,700500,-299500,ASH_COATED_OSMIUM,SELL,10012,6,passive_resting_fill,10012,public,access,16.0,0.0,0.0,low,mild,normal,agree,0,60072,0.0,63.0
access,7006,-1,700600,-299400,ASH_COATED_OSMIUM,BUY,9998,3,passive_resting_fill,9998,access,access,14.0,0.037037,0.2593,low,mild,normal,agree,2,-29994,0.0,15.0
access,7010,-1,701000,-299000,ASH_COATED_OSMIUM,BUY,10005,4,aggressive_cross,10005,access,access,7.0,0.45,1.575,high,extreme,tight,agree,2,-40020,0.0,-2.0
access,7033,-1,703300,-296700,ASH_COATED_OSMIUM,BUY,9997,4,passive_resting_fill,9997,public,access,18.0,0.363636,3.2727,high,extreme,wide,agree,1,-39988,0.0,28.0
access,7033,-1,703300,-296700,ASH_COATED_OSMIUM,BUY,9995,4,passive_resting_fill,9995,public,access,18.0,0.363636,3.2727,high,extreme,wide,agree,1,-39980,0.0,36.0
access,7039,-1,703900,-296100,ASH_COATED_OSMIUM,BUY,10000,2,aggressive_cross,10000,public,access,6.0,0.411765,1.2353,high,strong,tight,agree,0,-20000,0.0,1.0
access,7039,-1,703900,-296100,ASH_COATED_OSMIUM,BUY,10000,5,aggressive_cross,10000,public,access,6.0,0.411765,1.2353,high,strong,tight,agree,0,-50000,0.0,2.5
access,7054,-1,705400,-294600,ASH_COATED_OSMIUM,BUY,9997,7,passive_resting_fill,9997,public,access,16.0,0.0,0.0,low,mild,normal,agree,0,-69979,0.0,49.0
access,7080,-1,708000,-292000,ASH_COATED_OSMIUM,BUY,9996,5,passive_resting_fill,9996,access,access,15.0,-0.166667,-1.25,high,extreme,normal,agree,1,-49980,0.0,-5.0
access,7089,-1,708900,-291100,ASH_COATED_OSMIUM,BUY,9997,6,passive_resting_fill,9997,public,access,15.0,0.421053,3.1579,high,extreme,normal,agree,2,-59982,0.0,36.0
access,7089,-1,708900,-291100,ASH_COATED_OSMIUM,BUY,9995,6,passive_resting_fill,9995,public,access,15.0,0.421053,3.1579,high,extreme,normal,agree,2,-59970,0.0,48.0
access,7100,-1,710000,-290000,ASH_COATED_OSMIUM,SELL,10002,2,aggressive_cross,10002,public,access,6.0,-0.25,-0.75,medium,strong,tight,agree,0,20004,0.0,4.0
access,7100,-1,710000,-290000,ASH_COATED_OSMIUM,SELL,10002,6,aggressive_cross,10002,public,access,6.0,-0.25,-0.75,medium,strong,tight,agree,0,60012,0.0,12.0
access,7102,-1,710200,-289800,ASH_COATED_OSMIUM,SELL,10007,8,passive_resting_fill,10007,public,access,16.0,0.0,0.0,low,mild,normal,agree,1,80056,0.0,60.0
access,7103,-1,710300,-289700,ASH_COATED_OSMIUM,BUY,10001,2,aggressive_cross,10001,public,access,9.0,0.555556,2.5,high,extreme,normal,agree,0,-20002,0.0,-4.0
access,7116,-1,711600,-288400,ASH_COATED_OSMIUM,BUY,9995,8,aggressive_cross,9995,access,access,5.0,-0.037037,-0.0926,low,mild,tight,agree,1,-79960,0.0,12.0
access,7123,-1,712300,-287700,ASH_COATED_OSMIUM,SELL,10005,5,passive_resting_fill,10005,access,access,14.0,0.166667,1.1667,high,strong,normal,agree,2,50025,0.0,30.0
access,7134,-1,713400,-286600,ASH_COATED_OSMIUM,SELL,10001,2,aggressive_cross,10001,public,access,7.0,-0.130435,-0.4565,medium,mild,tight,agree,0,20002,0.0,0.0
access,7134,-1,713400,-286600,ASH_COATED_OSMIUM,SELL,10001,8,aggressive_cross,10001,public,access,7.0,-0.130435,-0.4565,medium,mild,tight,agree,0,80008,0.0,0.0
access,7149,-1,714900,-285100,ASH_COATED_OSMIUM,BUY,9999,2,aggressive_cross,9999,public,access,5.0,0.69697,1.7424,high,extreme,tight,agree,1,-19998,0.0,20.0
access,7149,-1,714900,-285100,ASH_COATED_OSMIUM,BUY,9999,5,aggressive_cross,9999,public,access,5.0,0.69697,1.7424,high,extreme,tight,agree,1,-49995,0.0,50.0
access,7164,-1,716400,-283600,ASH_COATED_OSMIUM,SELL,10004,2,aggressive_cross,10004,public,access,6.0,-0.294118,-0.8824,medium,strong,tight,agree,1,20008,0.0,4.0
access,7164,-1,716400,-283600,ASH_COATED_OSMIUM,SELL,10004,6,aggressive_cross,10004,public,access,6.0,-0.294118,-0.8824,medium,strong,tight,agree,1,60024,0.0,12.0
access,7206,-1,720600,-279400,ASH_COATED_OSMIUM,SELL,10009,4,passive_resting_fill,10009,public,access,18.0,-0.395349,-3.5581,high,extreme,wide,agree,1,40036,0.0,32.0
access,7206,-1,720600,-279400,ASH_COATED_OSMIUM,SELL,10011,4,passive_resting_fill,10011,public,access,18.0,-0.395349,-3.5581,high,extreme,wide,agree,1,40044,0.0,40.0
access,7248,-1,724800,-275200,ASH_COATED_OSMIUM,BUY,9997,2,aggressive_cross,9997,public,access,6.0,0.2,0.6,medium,strong,tight,agree,0,-19994,0.0,8.0
access,7248,-1,724800,-275200,ASH_COATED_OSMIUM,BUY,9997,8,aggressive_cross,9997,public,access,6.0,0.2,0.6,medium,strong,tight,agree,0,-79976,0.0,32.0
access,7257,-1,725700,-274300,ASH_COATED_OSMIUM,BUY,9993,8,passive_resting_fill,9993,public,access,16.0,0.0,0.0,low,mild,normal,agree,0,-79944,0.0,52.0
access,7291,-1,729100,-270900,ASH_COATED_OSMIUM,SELL,10007,8,passive_resting_fill,10007,public,access,15.0,0.12,0.9,medium,strong,normal,agree,2,80056,0.0,68.0
access,7295,-1,729500,-270500,ASH_COATED_OSMIUM,BUY,9992,5,passive_resting_fill,9992,public,access,0.0,0.0,0.0,low,mild,tight,agree,0,-49960,0.0,30.0
access,7304,-1,730400,-269600,ASH_COATED_OSMIUM,SELL,10005,6,passive_resting_fill,10005,public,access,16.0,0.0,0.0,low,mild,normal,agree,0,60030,0.0,39.0
access,7310,-1,731000,-269000,ASH_COATED_OSMIUM,SELL,10000,2,aggressive_cross,10000,public,access,7.0,-0.142857,-0.5,medium,strong,tight,agree,0,20000,0.0,8.0
access,7310,-1,731000,-269000,ASH_COATED_OSMIUM,SELL,10000,4,aggressive_cross,10000,public,access,7.0,-0.142857,-0.5,medium,strong,tight,agree,0,40000,0.0,16.0
access,7312,-1,731200,-268800,ASH_COATED_OSMIUM,SELL,10006,9,passive_resting_fill,10006,public,access,15.0,0.444444,3.3333,high,extreme,normal,agree,1,90054,0.0,54.0
access,7312,-1,731200,-268800,ASH_COATED_OSMIUM,SELL,10008,7,passive_resting_fill,10008,public,access,15.0,0.444444,3.3333,high,extreme,normal,agree,1,70056,0.0,56.0
access,7315,-1,731500,-268500,ASH_COATED_OSMIUM,BUY,10002,2,aggressive_cross,10002,public,access,12.0,0.84,5.04,high,extreme,normal,agree,0,-20004,0.0,-1.0
access,7315,-1,731500,-268500,ASH_COATED_OSMIUM,BUY,10002,2,aggressive_cross,10002,public,access,12.0,0.84,5.04,high,extreme,normal,agree,0,-20004,0.0,-1.0
access,7322,-1,732200,-267800,ASH_COATED_OSMIUM,BUY,10001,2,aggressive_cross,10001,public,access,12.0,0.764706,4.5882,high,extreme,normal,agree,0,-20002,0.0,-1.0
access,7322,-1,732200,-267800,ASH_COATED_OSMIUM,BUY,10001,4,aggressive_cross,10001,public,access,12.0,0.764706,4.5882,high,extreme,normal,agree,0,-40004,0.0,-2.0
access,7337,-1,733700,-266300,ASH_COATED_OSMIUM,BUY,9995,2,aggressive_cross,9995,public,access,5.0,0.222222,0.5556,medium,strong,tight,agree,0,-19990,0.0,-10.0
access,7337,-1,733700,-266300,ASH_COATED_OSMIUM,BUY,9995,7,aggressive_cross,9995,public,access,5.0,0.222222,0.5556,medium,strong,tight,agree,0,-69965,0.0,-35.0
access,7349,-1,734900,-265100,ASH_COATED_OSMIUM,BUY,9992,5,passive_resting_fill,9992,public,access,16.0,0.0,0.0,low,mild,normal,agree,0,-49960,0.0,25.0
access,7349,-1,734900,-265100,ASH_COATED_OSMIUM,BUY,9990,5,passive_resting_fill,9990,public,access,16.0,0.0,0.0,low,mild,normal,agree,0,-49950,0.0,35.0
access,7350,-1,735000,-265000,ASH_COATED_OSMIUM,SELL,10004,5,passive_resting_fill,10004,public,access,16.0,0.0,0.0,low,mild,normal,agree,0,50020,0.0,30.0
access,7367,-1,736700,-263300,ASH_COATED_OSMIUM,SELL,10004,5,passive_resting_fill,10004,public,access,18.0,0.0,0.0,low,mild,wide,agree,1,50020,0.0,40.0
access,7367,-1,736700,-263300,ASH_COATED_OSMIUM,SELL,10006,5,passive_resting_fill,10006,public,access,18.0,0.0,0.0,low,mild,wide,agree,1,50030,0.0,50.0
access,7394,-1,739400,-260600,ASH_COATED_OSMIUM,SELL,10006,6,passive_resting_fill,10006,public,access,18.0,-0.176471,-1.5882,high,extreme,wide,agree,0,60036,0.0,54.0
access,7395,-1,739500,-260500,ASH_COATED_OSMIUM,BUY,9990,10,passive_resting_fill,9990,public,access,17.0,-0.043478,-0.3696,medium,mild,wide,agree,1,-99900,0.0,0.0
access,7395,-1,739500,-260500,ASH_COATED_OSMIUM,BUY,9988,6,passive_resting_fill,9988,access,access,17.0,-0.043478,-0.3696,medium,mild,wide,agree,1,-59928,0.0,12.0
access,7420,-1,742000,-258000,ASH_COATED_OSMIUM,SELL,10004,5,passive_resting_fill,10004,access,access,15.0,-0.459459,-3.4459,high,extreme,normal,agree,2,50020,0.0,32.5
access,7437,-1,743700,-256300,ASH_COATED_OSMIUM,BUY,9987,4,passive_resting_fill,9987,access,access,15.0,0.272727,2.0455,high,extreme,normal,agree,1,-39948,0.0,28.0
access,7454,-1,745400,-254600,ASH_COATED_OSMIUM,BUY,9985,6,passive_resting_fill,9985,public,access,15.0,-0.25,-1.875,high,extreme,normal,agree,1,-59910,0.0,96.0
access,7461,-1,746100,-253900,ASH_COATED_OSMIUM,SELL,10000,8,passive_resting_fill,10000,public,access,18.0,0.487179,4.3846,high,extreme,wide,agree,1,80000,0.0,56.0
access,7489,-1,748900,-251100,ASH_COATED_OSMIUM,BUY,9995,2,aggressive_cross,9995,public,access,9.0,0.647059,2.9118,high,extreme,normal,agree,1,-19990,0.0,-2.0
access,7489,-1,748900,-251100,ASH_COATED_OSMIUM,BUY,9995,3,aggressive_cross,9995,public,access,9.0,0.647059,2.9118,high,extreme,normal,agree,1,-29985,0.0,-3.0
access,7502,-1,750200,-249800,ASH_COATED_OSMIUM,BUY,9991,18,aggressive_cross,9991,access,access,3.0,-0.090909,-0.1364,low,mild,tight,agree,2,-179838,0.0,72.0
access,7503,-1,750300,-249700,ASH_COATED_OSMIUM,BUY,9996,2,aggressive_cross,9996,public,access,9.0,0.777778,3.5,high,extreme,normal,agree,1,-19992,0.0,-4.0
access,7503,-1,750300,-249700,ASH_COATED_OSMIUM,BUY,9996,3,aggressive_cross,9996,public,access,9.0,0.777778,3.5,high,extreme,normal,agree,1,-29988,0.0,-6.0
access,7504,-1,750400,-249600,ASH_COATED_OSMIUM,SELL,9996,5,passive_resting_fill,9996,public,access,15.0,-0.083333,-0.625,medium,strong,normal,agree,2,49980,0.0,7.5
access,7504,-1,750400,-249600,ASH_COATED_OSMIUM,SELL,9998,5,passive_resting_fill,9998,public,access,15.0,-0.083333,-0.625,medium,strong,normal,agree,2,49990,0.0,17.5
access,7506,-1,750600,-249400,ASH_COATED_OSMIUM,BUY,9991,11,aggressive_cross,9991,access,access,5.0,-0.047619,-0.119,low,mild,tight,agree,1,-109901,0.0,55.0
access,7514,-1,751400,-248600,ASH_COATED_OSMIUM,BUY,9995,2,aggressive_cross,9995,public,access,8.0,0.333333,1.3333,high,extreme,tight,agree,1,-19990,0.0,-1.0
access,7514,-1,751400,-248600,ASH_COATED_OSMIUM,BUY,9995,5,aggressive_cross,9995,public,access,8.0,0.333333,1.3333,high,extreme,tight,agree,1,-49975,0.0,-2.5
access,7520,-1,752000,-248000,ASH_COATED_OSMIUM,BUY,9991,2,aggressive_cross,9991,public,access,6.0,0.052632,0.1579,low,mild,tight,agree,0,-19982,0.0,3.0
access,7520,-1,752000,-248000,ASH_COATED_OSMIUM,BUY,9991,9,aggressive_cross,9991,public,access,6.0,0.052632,0.1579,low,mild,tight,agree,0,-89919,0.0,13.5
access,7521,-1,752100,-247900,ASH_COATED_OSMIUM,SELL,9991,4,passive_resting_fill,9991,public,access,15.0,-0.405405,-3.0405,high,extreme,normal,agree,1,39964,0.0,-8.0
access,7521,-1,752100,-247900,ASH_COATED_OSMIUM,SELL,9993,4,passive_resting_fill,9993,public,access,15.0,-0.405405,-3.0405,high,extreme,normal,agree,1,39972,0.0,0.0
access,7531,-1,753100,-246900,ASH_COATED_OSMIUM,SELL,9994,2,aggressive_cross,9994,public,access,6.0,-0.142857,-0.4286,medium,mild,tight,agree,1,19988,0.0,0.0
access,7531,-1,753100,-246900,ASH_COATED_OSMIUM,SELL,9994,4,aggressive_cross,9994,public,access,6.0,-0.142857,-0.4286,medium,mild,tight,agree,1,39976,0.0,0.0
access,7537,-1,753700,-246300,ASH_COATED_OSMIUM,BUY,9994,2,aggressive_cross,9994,public,access,9.0,0.666667,3.0,high,extreme,normal,agree,0,-19988,0.0,-3.0
access,7537,-1,753700,-246300,ASH_COATED_OSMIUM,BUY,9994,3,aggressive_cross,9994,public,access,9.0,0.666667,3.0,high,extreme,normal,agree,0,-29982,0.0,-4.5
access,7542,-1,754200,-245800,ASH_COATED_OSMIUM,SELL,9998,5,passive_resting_fill,9998,public,access,15.0,0.428571,3.2143,high,extreme,normal,agree,1,49990,0.0,80.0
access,7542,-1,754200,-245800,ASH_COATED_OSMIUM,SELL,10000,5,passive_resting_fill,10000,public,access,15.0,0.428571,3.2143,high,extreme,normal,agree,1,50000,0.0,90.0
access,7551,-1,755100,-244900,ASH_COATED_OSMIUM,BUY,9989,2,aggressive_cross,9989,public,access,5.0,0.578947,1.4474,high,extreme,tight,agree,0,-19978,0.0,6.0
access,7551,-1,755100,-244900,ASH_COATED_OSMIUM,BUY,9989,4,aggressive_cross,9989,public,access,5.0,0.578947,1.4474,high,extreme,tight,agree,0,-39956,0.0,12.0
access,7557,-1,755700,-244300,ASH_COATED_OSMIUM,SELL,9999,4,passive_resting_fill,9999,public,access,18.0,0.290323,2.6129,high,extreme,wide,agree,0,39996,0.0,36.0
access,7562,-1,756200,-243800,ASH_COATED_OSMIUM,BUY,9995,2,aggressive_cross,9995,public,access,10.0,0.428571,2.1429,high,extreme,normal,agree,0,-19990,0.0,-2.0
access,7562,-1,756200,-243800,ASH_COATED_OSMIUM,BUY,9995,4,aggressive_cross,9995,public,access,10.0,0.428571,2.1429,high,extreme,normal,agree,0,-39980,0.0,-4.0
access,7569,-1,756900,-243100,ASH_COATED_OSMIUM,BUY,9987,5,passive_resting_fill,9987,public,access,15.0,-0.421053,-3.1579,high,extreme,normal,agree,1,-49935,0.0,52.5
access,7569,-1,756900,-243100,ASH_COATED_OSMIUM,BUY,9985,5,passive_resting_fill,9985,public,access,15.0,-0.421053,-3.1579,high,extreme,normal,agree,1,-49925,0.0,62.5
access,7572,-1,757200,-242800,ASH_COATED_OSMIUM,BUY,9986,9,passive_resting_fill,9986,access,access,15.0,0.037037,0.2778,low,mild,normal,agree,1,-89874,0.0,58.5
access,7581,-1,758100,-241900,ASH_COATED_OSMIUM,SELL,9993,2,aggressive_cross,9993,public,access,7.0,-0.411765,-1.4412,high,extreme,tight,agree,0,19986,0.0,5.0
access,7581,-1,758100,-241900,ASH_COATED_OSMIUM,SELL,9993,5,aggressive_cross,9993,public,access,7.0,-0.411765,-1.4412,high,extreme,tight,agree,0,49965,0.0,12.5
access,7585,-1,758500,-241500,ASH_COATED_OSMIUM,BUY,9982,6,passive_resting_fill,9982,public,access,0.0,0.0,0.0,low,mild,tight,agree,0,-59892,0.0,63.0
access,7644,-1,764400,-235600,ASH_COATED_OSMIUM,BUY,9994,2,aggressive_cross,9994,public,access,6.0,0.428571,1.2857,high,extreme,tight,agree,0,-19988,0.0,22.0
access,7644,-1,764400,-235600,ASH_COATED_OSMIUM,BUY,9994,6,aggressive_cross,9994,public,access,6.0,0.428571,1.2857,high,extreme,tight,agree,0,-59964,0.0,66.0
access,7670,-1,767000,-233000,ASH_COATED_OSMIUM,SELL,10002,9,passive_resting_fill,10002,public,access,0.0,0.0,0.0,low,mild,tight,agree,0,90018,0.0,36.0
access,7670,-1,767000,-233000,ASH_COATED_OSMIUM,SELL,10004,7,passive_resting_fill,10004,public,access,0.0,0.0,0.0,low,mild,tight,agree,0,70028,0.0,42.0
access,7685,-1,768500,-231500,ASH_COATED_OSMIUM,BUY,9998,2,aggressive_cross,9998,public,access,8.0,0.615385,2.4615,high,extreme,tight,agree,0,-19996,0.0,6.0
access,7718,-1,771800,-228200,ASH_COATED_OSMIUM,SELL,10003,2,aggressive_cross,10003,public,access,6.0,-0.052632,-0.1579,low,mild,tight,agree,0,20006,0.0,2.0
access,7718,-1,771800,-228200,ASH_COATED_OSMIUM,SELL,10003,9,aggressive_cross,10003,public,access,6.0,-0.052632,-0.1579,low,mild,tight,agree,0,90027,0.0,9.0
access,7734,-1,773400,-226600,ASH_COATED_OSMIUM,SELL,10003,2,aggressive_cross,10003,public,access,7.0,-0.304348,-1.0652,high,strong,tight,agree,0,20006,0.0,2.0
access,7734,-1,773400,-226600,ASH_COATED_OSMIUM,SELL,10003,8,aggressive_cross,10003,public,access,7.0,-0.304348,-1.0652,high,strong,tight,agree,0,80024,0.0,8.0
access,7750,-1,775000,-225000,ASH_COATED_OSMIUM,BUY,10000,2,aggressive_cross,10000,public,access,8.0,0.6875,2.75,high,extreme,tight,agree,0,-20000,0.0,4.0
access,7750,-1,775000,-225000,ASH_COATED_OSMIUM,BUY,10000,5,aggressive_cross,10000,public,access,8.0,0.6875,2.75,high,extreme,tight,agree,0,-50000,0.0,10.0
access,7772,-1,777200,-222800,ASH_COATED_OSMIUM,SELL,10008,10,passive_resting_fill,10008,public,access,15.0,0.111111,0.8333,medium,strong,normal,agree,1,100080,0.0,75.0
access,7772,-1,777200,-222800,ASH_COATED_OSMIUM,SELL,10010,7,passive_resting_fill,10010,public,access,15.0,0.111111,0.8333,medium,strong,normal,agree,1,70070,0.0,66.5
access,7785,-1,778500,-221500,ASH_COATED_OSMIUM,BUY,9998,2,aggressive_cross,9998,public,access,8.0,0.621622,2.4865,high,extreme,tight,agree,0,-19996,0.0,5.0
access,7785,-1,778500,-221500,ASH_COATED_OSMIUM,BUY,9998,7,aggressive_cross,9998,public,access,8.0,0.621622,2.4865,high,extreme,tight,agree,0,-69986,0.0,17.5
access,7797,-1,779700,-220300,ASH_COATED_OSMIUM,BUY,9999,2,aggressive_cross,9999,public,access,5.0,0.4,1.0,high,strong,tight,agree,1,-19998,0.0,1.0
access,7797,-1,779700,-220300,ASH_COATED_OSMIUM,BUY,9999,6,aggressive_cross,9999,public,access,5.0,0.4,1.0,high,strong,tight,agree,1,-59994,0.0,3.0
access,7801,-1,780100,-219900,ASH_COATED_OSMIUM,SELL,10007,2,passive_resting_fill,10007,public,access,15.0,-0.282051,-2.1154,high,extreme,normal,agree,1,20014,0.0,14.0
access,7801,-1,780100,-219900,ASH_COATED_OSMIUM,SELL,10009,2,passive_resting_fill,10009,public,access,15.0,-0.282051,-2.1154,high,extreme,normal,agree,1,20018,0.0,18.0
access,7825,-1,782500,-217500,ASH_COATED_OSMIUM,SELL,10006,7,passive_resting_fill,10006,public,access,16.0,0.0,0.0,low,mild,normal,agree,1,70042,0.0,42.0
access,7825,-1,782500,-217500,ASH_COATED_OSMIUM,SELL,10008,7,passive_resting_fill,10008,public,access,16.0,0.0,0.0,low,mild,normal,agree,1,70056,0.0,56.0
access,7848,-1,784800,-215200,ASH_COATED_OSMIUM,BUY,9998,2,aggressive_cross,9998,public,access,6.0,0.555556,1.6667,high,extreme,tight,agree,1,-19996,0.0,2.0
access,7848,-1,784800,-215200,ASH_COATED_OSMIUM,BUY,9998,4,aggressive_cross,9998,public,access,6.0,0.555556,1.6667,high,extreme,tight,agree,1,-39992,0.0,4.0
access,7880,-1,788000,-212000,ASH_COATED_OSMIUM,SELL,10007,5,passive_resting_fill,10007,public,access,15.0,0.076923,0.5769,medium,strong,normal,agree,1,50035,0.0,65.0
access,7897,-1,789700,-210300,ASH_COATED_OSMIUM,BUY,9992,2,passive_resting_fill,9992,public,access,16.0,0.0,0.0,low,mild,normal,agree,1,-19984,0.0,12.0
access,7919,-1,791900,-208100,ASH_COATED_OSMIUM,BUY,9992,5,passive_resting_fill,9992,public,access,16.0,0.0,0.0,low,mild,normal,agree,0,-49960,0.0,22.5
access,7919,-1,791900,-208100,ASH_COATED_OSMIUM,BUY,9990,5,passive_resting_fill,9990,public,access,16.0,0.0,0.0,low,mild,normal,agree,0,-49950,0.0,32.5
access,7923,-1,792300,-207700,ASH_COATED_OSMIUM,SELL,10003,10,passive_resting_fill,10003,public,access,15.0,0.083333,0.625,medium,strong,normal,agree,1,100030,0.0,50.0
access,7923,-1,792300,-207700,ASH_COATED_OSMIUM,SELL,10005,7,passive_resting_fill,10005,public,access,15.0,0.083333,0.625,medium,strong,normal,agree,1,70035,0.0,49.0
access,7937,-1,793700,-206300,ASH_COATED_OSMIUM,SELL,10003,10,passive_resting_fill,10003,public,access,16.0,0.0,0.0,low,mild,normal,agree,1,100030,0.0,70.0
access,7940,-1,794000,-206000,ASH_COATED_OSMIUM,BUY,9994,2,aggressive_cross,9994,public,access,6.0,0.333333,1.0,high,strong,tight,agree,0,-19988,0.0,9.0
access,7940,-1,794000,-206000,ASH_COATED_OSMIUM,BUY,9994,5,aggressive_cross,9994,public,access,6.0,0.333333,1.0,high,strong,tight,agree,0,-49970,0.0,22.5
access,7956,-1,795600,-204400,ASH_COATED_OSMIUM,SELL,9998,2,aggressive_cross,9998,public,access,5.0,-0.586207,-1.4655,high,extreme,tight,agree,1,19996,0.0,0.0
access,7956,-1,795600,-204400,ASH_COATED_OSMIUM,SELL,9998,4,aggressive_cross,9998,public,access,5.0,-0.586207,-1.4655,high,extreme,tight,agree,1,39992,0.0,0.0
access,7987,-1,798700,-201300,ASH_COATED_OSMIUM,BUY,9996,2,aggressive_cross,9996,public,access,12.0,0.6875,4.125,high,extreme,normal,agree,0,-19992,0.0,-4.0
access,7987,-1,798700,-201300,ASH_COATED_OSMIUM,BUY,9996,5,aggressive_cross,9996,public,access,12.0,0.6875,4.125,high,extreme,normal,agree,0,-49980,0.0,-10.0
access,8003,-1,800300,-199700,ASH_COATED_OSMIUM,BUY,9996,2,aggressive_cross,9996,public,access,9.0,0.6,2.7,high,extreme,normal,agree,0,-19992,0.0,-1.0
access,8003,-1,800300,-199700,ASH_COATED_OSMIUM,BUY,9996,3,aggressive_cross,9996,public,access,9.0,0.6,2.7,high,extreme,normal,agree,0,-29988,0.0,-1.5
access,8011,-1,801100,-198900,ASH_COATED_OSMIUM,BUY,9993,2,aggressive_cross,9993,public,access,6.0,0.333333,1.0,high,strong,tight,agree,0,-19986,0.0,2.0
access,8011,-1,801100,-198900,ASH_COATED_OSMIUM,BUY,9993,6,aggressive_cross,9993,public,access,6.0,0.333333,1.0,high,strong,tight,agree,0,-59958,0.0,6.0
access,8020,-1,802000,-198000,ASH_COATED_OSMIUM,BUY,9996,2,aggressive_cross,9996,public,access,10.0,0.444444,2.2222,high,extreme,normal,agree,0,-19992,0.0,-4.0
access,8020,-1,802000,-198000,ASH_COATED_OSMIUM,BUY,9996,5,aggressive_cross,9996,public,access,10.0,0.444444,2.2222,high,extreme,normal,agree,0,-49980,0.0,-10.0
access,8031,-1,803100,-196900,ASH_COATED_OSMIUM,SELL,9999,5,passive_resting_fill,9999,public,access,16.0,0.0,0.0,low,mild,normal,agree,0,49995,0.0,22.5
access,8031,-1,803100,-196900,ASH_COATED_OSMIUM,SELL,10001,5,passive_resting_fill,10001,public,access,16.0,0.0,0.0,low,mild,normal,agree,0,50005,0.0,32.5
access,8033,-1,803300,-196700,ASH_COATED_OSMIUM,BUY,9995,2,aggressive_cross,9995,public,access,10.0,0.578947,2.8947,high,extreme,normal,agree,0,-19990,0.0,-3.0
access,8033,-1,803300,-196700,ASH_COATED_OSMIUM,BUY,9995,4,aggressive_cross,9995,public,access,10.0,0.578947,2.8947,high,extreme,normal,agree,0,-39980,0.0,-6.0
access,8052,-1,805200,-194800,ASH_COATED_OSMIUM,BUY,9992,2,aggressive_cross,9992,public,access,5.0,0.4,1.0,high,strong,tight,agree,0,-19984,0.0,4.0
access,8052,-1,805200,-194800,ASH_COATED_OSMIUM,BUY,9992,6,aggressive_cross,9992,public,access,5.0,0.4,1.0,high,strong,tight,agree,0,-59952,0.0,12.0
access,8054,-1,805400,-194600,ASH_COATED_OSMIUM,BUY,9992,2,aggressive_cross,9992,public,access,8.0,0.714286,2.8571,high,extreme,tight,agree,1,-19984,0.0,4.0
access,8054,-1,805400,-194600,ASH_COATED_OSMIUM,BUY,9992,4,aggressive_cross,9992,public,access,8.0,0.714286,2.8571,high,extreme,tight,agree,1,-39968,0.0,8.0
access,8060,-1,806000,-194000,ASH_COATED_OSMIUM,BUY,9987,2,passive_resting_fill,9987,public,access,15.0,-0.25,-1.875,high,extreme,normal,agree,1,-19974,0.0,16.0
access,8081,-1,808100,-191900,ASH_COATED_OSMIUM,BUY,9995,2,aggressive_cross,9995,public,access,8.0,0.473684,1.8947,high,extreme,tight,agree,1,-19990,0.0,0.0
access,8107,-1,810700,-189300,ASH_COATED_OSMIUM,SELL,10003,2,passive_resting_fill,10003,public,access,16.0,0.0,0.0,low,mild,normal,agree,0,20006,0.0,16.0
access,8156,-1,815600,-184400,ASH_COATED_OSMIUM,SELL,10003,2,passive_resting_fill,10003,public,access,19.0,0.25,2.375,high,extreme,wide,agree,0,20006,0.0,14.0
access,8211,-1,821100,-178900,ASH_COATED_OSMIUM,SELL,10005,8,passive_resting_fill,10005,public,access,19.0,-0.421053,-4.0,high,extreme,wide,agree,0,80040,0.0,84.0
access,8211,-1,821100,-178900,ASH_COATED_OSMIUM,SELL,10007,5,passive_resting_fill,10007,public,access,19.0,-0.421053,-4.0,high,extreme,wide,agree,0,50035,0.0,62.5
access,8234,-1,823400,-176600,ASH_COATED_OSMIUM,SELL,10005,6,passive_resting_fill,10005,public,access,18.0,0.043478,0.3913,medium,mild,wide,agree,1,60030,0.0,66.0
access,8241,-1,824100,-175900,ASH_COATED_OSMIUM,BUY,9996,2,aggressive_cross,9996,public,access,10.0,0.444444,2.2222,high,extreme,normal,agree,0,-19992,0.0,-8.0
access,8241,-1,824100,-175900,ASH_COATED_OSMIUM,BUY,9996,5,aggressive_cross,9996,public,access,10.0,0.444444,2.2222,high,extreme,normal,agree,0,-49980,0.0,-20.0
access,8275,-1,827500,-172500,ASH_COATED_OSMIUM,BUY,9994,2,aggressive_cross,9994,public,access,9.0,0.714286,3.2143,high,extreme,normal,agree,1,-19988,0.0,-3.0
access,8275,-1,827500,-172500,ASH_COATED_OSMIUM,BUY,9994,5,aggressive_cross,9994,public,access,9.0,0.714286,3.2143,high,extreme,normal,agree,1,-49970,0.0,-7.5
access,8315,-1,831500,-168500,ASH_COATED_OSMIUM,BUY,9992,2,aggressive_cross,9992,access,access,7.0,0.351351,1.2297,high,strong,tight,agree,2,-19984,0.0,0.0
access,8315,-1,831500,-168500,ASH_COATED_OSMIUM,BUY,9992,8,aggressive_cross,9992,access,access,7.0,0.351351,1.2297,high,strong,tight,agree,2,-79936,0.0,0.0
access,8328,-1,832800,-167200,ASH_COATED_OSMIUM,BUY,9994,2,aggressive_cross,9994,public,access,9.0,0.666667,3.0,high,extreme,normal,agree,0,-19988,0.0,-3.0
access,8328,-1,832800,-167200,ASH_COATED_OSMIUM,BUY,9994,2,aggressive_cross,9994,public,access,9.0,0.666667,3.0,high,extreme,normal,agree,0,-19988,0.0,-3.0
access,8329,-1,832900,-167100,ASH_COATED_OSMIUM,BUY,9986,5,passive_resting_fill,9986,public,access,15.0,-0.428571,-3.2143,high,extreme,normal,agree,1,-49930,0.0,35.0
access,8329,-1,832900,-167100,ASH_COATED_OSMIUM,BUY,9984,5,passive_resting_fill,9984,public,access,15.0,-0.428571,-3.2143,high,extreme,normal,agree,1,-49920,0.0,45.0
access,8339,-1,833900,-166100,ASH_COATED_OSMIUM,SELL,9996,2,aggressive_cross,9996,public,access,7.0,-0.5,-1.75,high,extreme,tight,agree,1,19992,0.0,4.0
access,8339,-1,833900,-166100,ASH_COATED_OSMIUM,SELL,9996,4,aggressive_cross,9996,public,access,7.0,-0.5,-1.75,high,extreme,tight,agree,1,39984,0.0,8.0
access,8352,-1,835200,-164800,ASH_COATED_OSMIUM,BUY,9992,2,aggressive_cross,9992,public,access,6.0,0.578947,1.7368,high,extreme,tight,agree,1,-19984,0.0,5.0
access,8352,-1,835200,-164800,ASH_COATED_OSMIUM,BUY,9992,4,aggressive_cross,9992,public,access,6.0,0.578947,1.7368,high,extreme,tight,agree,1,-39968,0.0,10.0
access,8368,-1,836800,-163200,ASH_COATED_OSMIUM,BUY,9988,7,passive_resting_fill,9988,public,access,16.0,0.0,0.0,low,mild,normal,agree,0,-69916,0.0,42.0
access,8368,-1,836800,-163200,ASH_COATED_OSMIUM,BUY,9986,7,passive_resting_fill,9986,public,access,16.0,0.0,0.0,low,mild,normal,agree,0,-69902,0.0,56.0
access,8369,-1,836900,-163100,ASH_COATED_OSMIUM,SELL,9992,4,aggressive_cross,9992,public,access,11.0,-0.5,-2.75,high,extreme,normal,agree,0,39968,0.0,-4.0
access,8397,-1,839700,-160300,ASH_COATED_OSMIUM,SELL,10001,4,passive_resting_fill,10001,public,access,16.0,0.0,0.0,low,mild,normal,agree,0,40004,0.0,26.0
access,8398,-1,839800,-160200,ASH_COATED_OSMIUM,SELL,9996,8,aggressive_cross,9996,access,access,8.0,-0.130435,-0.5217,medium,strong,tight,agree,2,79968,0.0,4.0
access,8411,-1,841100,-158900,ASH_COATED_OSMIUM,BUY,9993,2,aggressive_cross,9993,public,access,8.0,0.393939,1.5758,high,extreme,tight,agree,0,-19986,0.0,6.0
access,8411,-1,841100,-158900,ASH_COATED_OSMIUM,BUY,9993,8,aggressive_cross,9993,public,access,8.0,0.393939,1.5758,high,extreme,tight,agree,0,-79944,0.0,24.0
access,8433,-1,843300,-156700,ASH_COATED_OSMIUM,BUY,9990,5,passive_resting_fill,9990,public,access,19.0,-0.318182,-3.0227,high,extreme,wide,agree,1,-49950,0.0,25.0
access,8433,-1,843300,-156700,ASH_COATED_OSMIUM,BUY,9988,5,passive_resting_fill,9988,public,access,19.0,-0.318182,-3.0227,high,extreme,wide,agree,1,-49940,0.0,35.0
access,8434,-1,843400,-156600,ASH_COATED_OSMIUM,BUY,9989,4,passive_resting_fill,9989,public,access,18.0,-0.176471,-1.5882,high,extreme,wide,agree,2,-39956,0.0,28.0
access,8453,-1,845300,-154700,ASH_COATED_OSMIUM,SELL,9994,3,passive_resting_fill,9994,public,access,19.0,-0.487179,-4.6282,high,extreme,wide,agree,1,29982,0.0,-10.5
access,8453,-1,845300,-154700,ASH_COATED_OSMIUM,SELL,9996,3,passive_resting_fill,9996,public,access,19.0,-0.487179,-4.6282,high,extreme,wide,agree,1,29988,0.0,-4.5
access,8461,-1,846100,-153900,ASH_COATED_OSMIUM,SELL,9999,6,aggressive_cross,9999,public,access,6.0,-0.333333,-1.0,high,strong,tight,agree,0,59994,0.0,12.0
access,8469,-1,846900,-153100,ASH_COATED_OSMIUM,SELL,10003,2,passive_resting_fill,10003,public,access,18.0,-0.302326,-2.7209,high,extreme,wide,agree,1,20006,0.0,11.0
access,8469,-1,846900,-153100,ASH_COATED_OSMIUM,SELL,10005,2,passive_resting_fill,10005,public,access,18.0,-0.302326,-2.7209,high,extreme,wide,agree,1,20010,0.0,15.0
access,8475,-1,847500,-152500,ASH_COATED_OSMIUM,SELL,10004,12,passive_resting_fill,10004,public,access,16.0,0.0,0.0,low,mild,normal,agree,1,120048,0.0,120.0
access,8478,-1,847800,-152200,ASH_COATED_OSMIUM,BUY,9989,7,passive_resting_fill,9989,access,access,15.0,-0.647059,-4.8529,high,extreme,normal,agree,1,-69923,0.0,49.0
access,8483,-1,848300,-151700,ASH_COATED_OSMIUM,BUY,9989,5,passive_resting_fill,9989,access,access,14.0,0.037037,0.2593,low,mild,normal,agree,2,-49945,0.0,35.0
access,8518,-1,851800,-148200,ASH_COATED_OSMIUM,SELL,10004,6,passive_resting_fill,10004,access,access,18.0,0.282051,2.5385,high,extreme,wide,agree,2,60024,0.0,39.0
access,8523,-1,852300,-147700,ASH_COATED_OSMIUM,BUY,9990,3,passive_resting_fill,9990,public,access,19.0,-0.243243,-2.3108,high,extreme,wide,agree,0,-29970,0.0,22.5
access,8523,-1,852300,-147700,ASH_COATED_OSMIUM,BUY,9988,3,passive_resting_fill,9988,public,access,19.0,-0.243243,-2.3108,high,extreme,wide,agree,0,-29964,0.0,28.5
access,8524,-1,852400,-147600,ASH_COATED_OSMIUM,SELL,9994,2,aggressive_cross,9994,public,access,11.0,-0.5,-2.75,high,extreme,normal,agree,1,19988,0.0,-7.0
access,8524,-1,852400,-147600,ASH_COATED_OSMIUM,SELL,9994,5,aggressive_cross,9994,public,access,11.0,-0.5,-2.75,high,extreme,normal,agree,1,49970,0.0,-17.5
access,8525,-1,852500,-147500,ASH_COATED_OSMIUM,BUY,9990,3,passive_resting_fill,9990,public,access,17.0,0.857143,7.2857,high,extreme,wide,agree,1,-29970,0.0,19.5
access,8525,-1,852500,-147500,ASH_COATED_OSMIUM,BUY,9988,3,passive_resting_fill,9988,public,access,17.0,0.857143,7.2857,high,extreme,wide,agree,1,-29964,0.0,25.5
access,8597,-1,859700,-140300,ASH_COATED_OSMIUM,BUY,9991,4,passive_resting_fill,9991,public,access,17.0,-0.189189,-1.6081,high,extreme,wide,agree,1,-39964,0.0,28.0
access,8618,-1,861800,-138200,ASH_COATED_OSMIUM,SELL,10007,2,passive_resting_fill,10007,public,access,16.0,0.0,0.0,low,mild,normal,agree,1,20014,0.0,12.0
access,8619,-1,861900,-138100,ASH_COATED_OSMIUM,SELL,10003,11,aggressive_cross,10003,access,access,6.0,0.0,0.0,low,mild,tight,agree,1,110033,0.0,33.0
access,8636,-1,863600,-136400,ASH_COATED_OSMIUM,BUY,9996,2,aggressive_cross,9996,public,access,4.0,0.142857,0.2857,low,mild,tight,agree,1,-19992,0.0,8.0
access,8636,-1,863600,-136400,ASH_COATED_OSMIUM,BUY,9996,4,aggressive_cross,9996,public,access,4.0,0.142857,0.2857,low,mild,tight,agree,1,-39984,0.0,16.0
access,8648,-1,864800,-135200,ASH_COATED_OSMIUM,SELL,10006,8,passive_resting_fill,10006,public,access,19.0,-0.285714,-2.7143,high,extreme,wide,agree,1,80048,0.0,68.0
access,8648,-1,864800,-135200,ASH_COATED_OSMIUM,SELL,10008,7,passive_resting_fill,10008,public,access,19.0,-0.285714,-2.7143,high,extreme,wide,agree,1,70056,0.0,73.5
access,8650,-1,865000,-135000,ASH_COATED_OSMIUM,BUY,9992,6,passive_resting_fill,9992,access,access,15.0,-0.04,-0.3,low,mild,normal,agree,1,-59952,0.0,24.0
access,8678,-1,867800,-132200,ASH_COATED_OSMIUM,BUY,9991,3,passive_resting_fill,9991,public,access,18.0,-0.444444,-4.0,high,extreme,wide,agree,0,-29973,0.0,27.0
access,8689,-1,868900,-131100,ASH_COATED_OSMIUM,SELL,9997,4,aggressive_cross,9997,public,access,11.0,-0.529412,-2.9118,high,extreme,normal,agree,0,39988,0.0,-16.0
access,8698,-1,869800,-130200,ASH_COATED_OSMIUM,SELL,10001,8,aggressive_cross,10001,access,access,10.0,0.315789,1.5789,high,extreme,normal,agree,1,80008,0.0,-8.0
access,8707,-1,870700,-129300,ASH_COATED_OSMIUM,SELL,10000,2,aggressive_cross,10000,public,access,11.0,-0.647059,-3.5588,high,extreme,normal,agree,0,20000,0.0,5.0
access,8707,-1,870700,-129300,ASH_COATED_OSMIUM,SELL,10000,3,aggressive_cross,10000,public,access,11.0,-0.647059,-3.5588,high,extreme,normal,agree,0,30000,0.0,7.5
access,8715,-1,871500,-128500,ASH_COATED_OSMIUM,BUY,9995,2,passive_resting_fill,9995,public,access,16.0,0.0,0.0,low,mild,normal,agree,0,-19990,0.0,11.0
access,8717,-1,871700,-128300,ASH_COATED_OSMIUM,SELL,10009,2,passive_resting_fill,10009,public,access,18.0,0.368421,3.3158,high,extreme,wide,agree,1,20018,0.0,14.0
access,8728,-1,872800,-127200,ASH_COATED_OSMIUM,SELL,9999,2,aggressive_cross,9999,public,access,11.0,-0.466667,-2.5667,high,extreme,normal,agree,1,19998,0.0,-6.0
access,8728,-1,872800,-127200,ASH_COATED_OSMIUM,SELL,9999,4,aggressive_cross,9999,public,access,11.0,-0.466667,-2.5667,high,extreme,normal,agree,1,39996,0.0,-12.0
access,8759,-1,875900,-124100,ASH_COATED_OSMIUM,SELL,10001,2,aggressive_cross,10001,public,access,7.0,-0.363636,-1.2727,high,extreme,tight,agree,0,20002,0.0,2.0
access,8759,-1,875900,-124100,ASH_COATED_OSMIUM,SELL,10001,7,aggressive_cross,10001,public,access,7.0,-0.363636,-1.2727,high,extreme,tight,agree,0,70007,0.0,7.0
access,8775,-1,877500,-122500,ASH_COATED_OSMIUM,SELL,10004,2,aggressive_cross,10004,public,access,7.0,-0.428571,-1.5,high,extreme,tight,agree,0,20008,0.0,3.0
access,8775,-1,877500,-122500,ASH_COATED_OSMIUM,SELL,10004,4,aggressive_cross,10004,public,access,7.0,-0.428571,-1.5,high,extreme,tight,agree,0,40016,0.0,6.0
access,8779,-1,877900,-122100,ASH_COATED_OSMIUM,BUY,9995,7,passive_resting_fill,9995,public,access,16.0,0.0,0.0,low,mild,normal,agree,1,-69965,0.0,42.0
access,8782,-1,878200,-121800,ASH_COATED_OSMIUM,SELL,10008,5,passive_resting_fill,10008,public,access,16.0,0.0,0.0,low,mild,normal,agree,0,50040,0.0,35.0
access,8791,-1,879100,-120900,ASH_COATED_OSMIUM,BUY,10000,2,aggressive_cross,10000,public,access,5.0,0.363636,0.9091,high,strong,tight,agree,1,-20000,0.0,6.0
access,8791,-1,879100,-120900,ASH_COATED_OSMIUM,BUY,10000,7,aggressive_cross,10000,public,access,5.0,0.363636,0.9091,high,strong,tight,agree,1,-70000,0.0,21.0
access,8859,-1,885900,-114100,ASH_COATED_OSMIUM,SELL,10000,2,aggressive_cross,10000,public,access,13.0,-0.8125,-5.2812,high,extreme,normal,agree,0,20000,0.0,-4.0
access,8859,-1,885900,-114100,ASH_COATED_OSMIUM,SELL,10000,3,aggressive_cross,10000,public,access,13.0,-0.8125,-5.2812,high,extreme,normal,agree,0,30000,0.0,-6.0
access,8866,-1,886600,-113400,ASH_COATED_OSMIUM,BUY,9998,2,aggressive_cross,9998,public,access,6.0,0.142857,0.4286,medium,mild,tight,agree,0,-19996,0.0,8.0
access,8866,-1,886600,-113400,ASH_COATED_OSMIUM,BUY,9998,8,aggressive_cross,9998,public,access,6.0,0.142857,0.4286,medium,mild,tight,agree,0,-79984,0.0,32.0
access,8877,-1,887700,-112300,ASH_COATED_OSMIUM,SELL,10009,6,passive_resting_fill,10009,access,access,17.0,-0.153846,-1.3077,high,extreme,wide,agree,2,60054,0.0,42.0
access,8880,-1,888000,-112000,ASH_COATED_OSMIUM,BUY,9998,2,aggressive_cross,9998,public,access,5.0,0.294118,0.7353,medium,strong,tight,agree,1,-19996,0.0,6.0
access,8880,-1,888000,-112000,ASH_COATED_OSMIUM,BUY,9998,4,aggressive_cross,9998,public,access,5.0,0.294118,0.7353,medium,strong,tight,agree,1,-39992,0.0,12.0
access,8929,-1,892900,-107100,ASH_COATED_OSMIUM,SELL,10008,8,passive_resting_fill,10008,public,access,16.0,0.0,0.0,low,mild,normal,agree,1,80064,0.0,40.0
access,8929,-1,892900,-107100,ASH_COATED_OSMIUM,SELL,10010,5,passive_resting_fill,10010,public,access,16.0,0.0,0.0,low,mild,normal,agree,1,50050,0.0,35.0
access,8932,-1,893200,-106800,ASH_COATED_OSMIUM,BUY,9997,4,passive_resting_fill,9997,public,access,18.0,0.09434,0.8491,medium,strong,wide,agree,1,-39988,0.0,32.0
access,8932,-1,893200,-106800,ASH_COATED_OSMIUM,BUY,9995,4,passive_resting_fill,9995,public,access,18.0,0.09434,0.8491,medium,strong,wide,agree,1,-39980,0.0,40.0
access,8949,-1,894900,-105100,ASH_COATED_OSMIUM,SELL,10003,2,aggressive_cross,10003,public,access,6.0,-0.5,-1.5,high,extreme,tight,agree,0,20006,0.0,4.0
access,8949,-1,894900,-105100,ASH_COATED_OSMIUM,SELL,10003,5,aggressive_cross,10003,public,access,6.0,-0.5,-1.5,high,extreme,tight,agree,0,50015,0.0,10.0
access,8982,-1,898200,-101800,ASH_COATED_OSMIUM,SELL,10003,7,aggressive_cross,10003,public,access,6.0,-0.176471,-0.5294,medium,strong,tight,agree,0,70021,0.0,10.5
access,8991,-1,899100,-100900,ASH_COATED_OSMIUM,SELL,10002,2,aggressive_cross,10002,public,access,6.0,-0.3,-0.9,medium,strong,tight,agree,1,20004,0.0,4.0
access,8991,-1,899100,-100900,ASH_COATED_OSMIUM,SELL,10002,7,aggressive_cross,10002,public,access,6.0,-0.3,-0.9,medium,strong,tight,agree,1,70014,0.0,14.0
access,8992,-1,899200,-100800,ASH_COATED_OSMIUM,SELL,10007,5,passive_resting_fill,10007,public,access,16.0,0.0,0.0,low,mild,normal,agree,0,50035,0.0,35.0
access,9000,-1,900000,-100000,ASH_COATED_OSMIUM,BUY,9997,8,aggressive_cross,9997,access,access,4.0,-0.111111,-0.2222,low,mild,tight,agree,2,-79976,0.0,16.0
access,9018,-1,901800,-98200,ASH_COATED_OSMIUM,BUY,10000,2,aggressive_cross,10000,public,access,10.0,0.733333,3.6667,high,extreme,normal,agree,0,-20000,0.0,-2.0
access,9019,-1,901900,-98100,ASH_COATED_OSMIUM,SELL,10000,2,aggressive_cross,10000,public,access,9.0,-0.6,-2.7,high,extreme,normal,agree,0,20000,0.0,3.0
access,9019,-1,901900,-98100,ASH_COATED_OSMIUM,SELL,10000,7,aggressive_cross,10000,public,access,9.0,-0.6,-2.7,high,extreme,normal,agree,0,70000,0.0,10.5
access,9047,-1,904700,-95300,ASH_COATED_OSMIUM,SELL,10003,3,passive_resting_fill,10003,public,access,15.0,0.2,1.5,high,extreme,normal,agree,1,30009,0.0,15.0
access,9047,-1,904700,-95300,ASH_COATED_OSMIUM,SELL,10005,3,passive_resting_fill,10005,public,access,15.0,0.2,1.5,high,extreme,normal,agree,1,30015,0.0,21.0
access,9050,-1,905000,-95000,ASH_COATED_OSMIUM,BUY,9991,10,passive_resting_fill,9991,public,access,19.0,-0.333333,-3.1667,high,extreme,wide,agree,1,-99910,0.0,70.0
access,9051,-1,905100,-94900,ASH_COATED_OSMIUM,BUY,9991,4,passive_resting_fill,9991,public,access,18.0,0.090909,0.8182,medium,strong,wide,agree,2,-39964,0.0,26.0
access,9059,-1,905900,-94100,ASH_COATED_OSMIUM,SELL,10005,5,passive_resting_fill,10005,public,access,15.0,-0.277778,-2.0833,high,extreme,normal,agree,2,50025,0.0,25.0
access,9059,-1,905900,-94100,ASH_COATED_OSMIUM,SELL,10007,5,passive_resting_fill,10007,public,access,15.0,-0.277778,-2.0833,high,extreme,normal,agree,2,50035,0.0,35.0
access,9067,-1,906700,-93300,ASH_COATED_OSMIUM,BUY,9995,2,aggressive_cross,9995,access,access,4.0,0.692308,1.3846,high,extreme,tight,agree,1,-19990,0.0,8.0
access,9067,-1,906700,-93300,ASH_COATED_OSMIUM,BUY,9995,2,aggressive_cross,9995,access,access,4.0,0.692308,1.3846,high,extreme,tight,agree,1,-19990,0.0,8.0
access,9094,-1,909400,-90600,ASH_COATED_OSMIUM,BUY,9995,2,passive_resting_fill,9995,public,access,18.0,0.3,2.7,high,extreme,wide,agree,2,-19990,0.0,8.0
access,9099,-1,909900,-90100,ASH_COATED_OSMIUM,SELL,10006,8,passive_resting_fill,10006,public,access,16.0,0.0,0.0,low,mild,normal,agree,2,80048,0.0,56.0
access,9112,-1,911200,-88800,ASH_COATED_OSMIUM,SELL,10006,2,passive_resting_fill,10006,public,access,16.0,0.0,0.0,low,mild,normal,agree,0,20012,0.0,17.0
access,9118,-1,911800,-88200,ASH_COATED_OSMIUM,BUY,9998,2,aggressive_cross,9998,public,access,9.0,0.473684,2.1316,high,extreme,normal,agree,0,-19996,0.0,-3.0
access,9118,-1,911800,-88200,ASH_COATED_OSMIUM,BUY,9998,5,aggressive_cross,9998,public,access,9.0,0.473684,2.1316,high,extreme,normal,agree,0,-49990,0.0,-7.5
access,9124,-1,912400,-87600,ASH_COATED_OSMIUM,SELL,10003,3,passive_resting_fill,10003,public,access,19.0,0.333333,3.1667,high,extreme,wide,agree,1,30009,0.0,15.0
access,9124,-1,912400,-87600,ASH_COATED_OSMIUM,SELL,10005,3,passive_resting_fill,10005,public,access,19.0,0.333333,3.1667,high,extreme,wide,agree,1,30015,0.0,21.0
access,9153,-1,915300,-84700,ASH_COATED_OSMIUM,BUY,9996,10,aggressive_cross,9996,public,access,5.0,0.166667,0.4167,medium,mild,tight,agree,0,-99960,0.0,15.0
access,9190,-1,919000,-81000,ASH_COATED_OSMIUM,BUY,9989,3,passive_resting_fill,9989,public,access,19.0,-0.3125,-2.9688,high,extreme,wide,agree,0,-29967,0.0,24.0
access,9198,-1,919800,-80200,ASH_COATED_OSMIUM,BUY,9999,2,aggressive_cross,9999,public,access,12.0,0.741935,4.4516,high,extreme,normal,agree,0,-19998,0.0,-3.0
access,9198,-1,919800,-80200,ASH_COATED_OSMIUM,BUY,9999,4,aggressive_cross,9999,public,access,12.0,0.741935,4.4516,high,extreme,normal,agree,0,-39996,0.0,-6.0
access,9206,-1,920600,-79400,ASH_COATED_OSMIUM,BUY,9998,2,aggressive_cross,9998,public,access,8.0,0.866667,3.4667,high,extreme,tight,agree,2,-19996,0.0,-2.0
access,9206,-1,920600,-79400,ASH_COATED_OSMIUM,BUY,9998,2,aggressive_cross,9998,public,access,8.0,0.866667,3.4667,high,extreme,tight,agree,2,-19996,0.0,-2.0
access,9207,-1,920700,-79300,ASH_COATED_OSMIUM,SELL,9998,3,passive_resting_fill,9998,public,access,15.0,0.272727,2.0455,high,extreme,normal,agree,1,29994,0.0,0.0
access,9207,-1,920700,-79300,ASH_COATED_OSMIUM,SELL,10000,3,passive_resting_fill,10000,public,access,15.0,0.272727,2.0455,high,extreme,normal,agree,1,30000,0.0,6.0
access,9212,-1,921200,-78800,ASH_COATED_OSMIUM,SELL,10004,10,passive_resting_fill,10004,public,access,18.0,-0.268293,-2.4146,high,extreme,wide,agree,0,100040,0.0,80.0
access,9212,-1,921200,-78800,ASH_COATED_OSMIUM,SELL,10006,7,passive_resting_fill,10006,public,access,18.0,-0.268293,-2.4146,high,extreme,wide,agree,0,70042,0.0,70.0
access,9225,-1,922500,-77500,ASH_COATED_OSMIUM,BUY,10000,2,aggressive_cross,10000,public,access,10.0,0.733333,3.6667,high,extreme,normal,agree,0,-20000,0.0,-18.0
access,9225,-1,922500,-77500,ASH_COATED_OSMIUM,BUY,10000,2,aggressive_cross,10000,public,access,10.0,0.733333,3.6667,high,extreme,normal,agree,0,-20000,0.0,-18.0
access,9235,-1,923500,-76500,ASH_COATED_OSMIUM,BUY,9989,3,passive_resting_fill,9989,public,access,15.0,-0.272727,-2.0455,high,extreme,normal,agree,1,-29967,0.0,24.0
access,9238,-1,923800,-76200,ASH_COATED_OSMIUM,SELL,9999,2,aggressive_cross,9999,public,access,6.0,-0.6,-1.8,high,extreme,tight,agree,1,19998,0.0,5.0
access,9238,-1,923800,-76200,ASH_COATED_OSMIUM,SELL,9999,4,aggressive_cross,9999,public,access,6.0,-0.6,-1.8,high,extreme,tight,agree,1,39996,0.0,10.0
access,9261,-1,926100,-73900,ASH_COATED_OSMIUM,BUY,9996,2,aggressive_cross,9996,public,access,8.0,0.411765,1.6471,high,extreme,tight,agree,0,-19992,0.0,3.0
access,9261,-1,926100,-73900,ASH_COATED_OSMIUM,BUY,9996,10,aggressive_cross,9996,public,access,8.0,0.411765,1.6471,high,extreme,tight,agree,0,-99960,0.0,15.0
access,9283,-1,928300,-71700,ASH_COATED_OSMIUM,BUY,9990,3,passive_resting_fill,9990,public,access,16.0,0.0,0.0,low,mild,normal,agree,0,-29970,0.0,25.5
access,9283,-1,928300,-71700,ASH_COATED_OSMIUM,BUY,9988,3,passive_resting_fill,9988,public,access,16.0,0.0,0.0,low,mild,normal,agree,0,-29964,0.0,31.5
access,9286,-1,928600,-71400,ASH_COATED_OSMIUM,BUY,9995,8,aggressive_cross,9995,public,access,6.0,0.2,0.6,medium,strong,tight,agree,0,-79960,0.0,0.0
access,9289,-1,928900,-71100,ASH_COATED_OSMIUM,BUY,9991,4,passive_resting_fill,9991,public,access,16.0,0.0,0.0,low,mild,normal,agree,0,-39964,0.0,24.0
access,9289,-1,928900,-71100,ASH_COATED_OSMIUM,BUY,9989,4,passive_resting_fill,9989,public,access,16.0,0.0,0.0,low,mild,normal,agree,0,-39956,0.0,32.0
access,9295,-1,929500,-70500,ASH_COATED_OSMIUM,SELL,10004,2,passive_resting_fill,10004,access,access,15.0,-0.034483,-0.2586,low,mild,normal,agree,2,20008,0.0,15.0
access,9308,-1,930800,-69200,ASH_COATED_OSMIUM,BUY,9990,6,passive_resting_fill,9990,public,access,17.0,-0.12,-1.02,high,strong,wide,agree,2,-59940,0.0,60.0
access,9326,-1,932600,-67400,ASH_COATED_OSMIUM,SELL,10005,10,passive_resting_fill,10005,access,access,15.0,-0.071429,-0.5357,medium,strong,normal,agree,2,100050,0.0,70.0
access,9344,-1,934400,-65600,ASH_COATED_OSMIUM,SELL,9999,2,aggressive_cross,9999,public,access,7.0,-0.294118,-1.0294,high,strong,tight,agree,0,19998,0.0,5.0
access,9344,-1,934400,-65600,ASH_COATED_OSMIUM,SELL,9999,6,aggressive_cross,9999,public,access,7.0,-0.294118,-1.0294,high,strong,tight,agree,0,59994,0.0,15.0
access,9359,-1,935900,-64100,ASH_COATED_OSMIUM,BUY,9991,8,passive_resting_fill,9991,public,access,16.0,0.0,0.0,low,mild,normal,agree,0,-79928,0.0,56.0
access,9359,-1,935900,-64100,ASH_COATED_OSMIUM,BUY,9989,5,passive_resting_fill,9989,public,access,16.0,0.0,0.0,low,mild,normal,agree,0,-49945,0.0,45.0
access,9378,-1,937800,-62200,ASH_COATED_OSMIUM,SELL,10000,2,aggressive_cross,10000,access,access,6.0,-0.153846,-0.4615,medium,mild,tight,agree,1,20000,0.0,1.0
access,9378,-1,937800,-62200,ASH_COATED_OSMIUM,SELL,10000,8,aggressive_cross,10000,access,access,6.0,-0.153846,-0.4615,medium,mild,tight,agree,1,80000,0.0,4.0
access,9389,-1,938900,-61100,ASH_COATED_OSMIUM,SELL,10005,2,passive_resting_fill,10005,public,access,16.0,0.0,0.0,low,mild,normal,agree,0,20010,0.0,14.0
access,9394,-1,939400,-60600,ASH_COATED_OSMIUM,SELL,10004,6,passive_resting_fill,10004,public,access,16.0,0.0,0.0,low,mild,normal,agree,1,60024,0.0,-12.0
access,9394,-1,939400,-60600,ASH_COATED_OSMIUM,SELL,10006,6,passive_resting_fill,10006,public,access,16.0,0.0,0.0,low,mild,normal,agree,1,60036,0.0,0.0
access,9395,-1,939500,-60500,ASH_COATED_OSMIUM,SELL,10005,9,passive_resting_fill,10005,public,access,16.0,0.0,0.0,low,mild,normal,agree,1,90045,0.0,18.0
access,9398,-1,939800,-60200,ASH_COATED_OSMIUM,BUY,9999,2,aggressive_cross,9999,public,access,8.0,0.428571,1.7143,high,extreme,tight,agree,1,-19998,0.0,1.0
access,9398,-1,939800,-60200,ASH_COATED_OSMIUM,BUY,9999,2,aggressive_cross,9999,public,access,8.0,0.428571,1.7143,high,extreme,tight,agree,1,-19998,0.0,1.0
access,9410,-1,941000,-59000,ASH_COATED_OSMIUM,BUY,9995,8,aggressive_cross,9995,access,access,7.0,-0.045455,-0.1591,low,mild,tight,agree,1,-79960,0.0,32.0
access,9431,-1,943100,-56900,ASH_COATED_OSMIUM,SELL,10003,4,aggressive_cross,10003,access,access,5.0,0.071429,0.1786,low,mild,tight,agree,1,40012,0.0,12.0
access,9461,-1,946100,-53900,ASH_COATED_OSMIUM,BUY,9995,10,passive_resting_fill,9995,public,access,19.0,-0.210526,-2.0,high,extreme,wide,agree,1,-99950,0.0,75.0
access,9474,-1,947400,-52600,ASH_COATED_OSMIUM,SELL,10004,2,aggressive_cross,10004,public,access,9.0,-0.5,-2.25,high,extreme,normal,agree,0,20008,0.0,4.0
access,9474,-1,947400,-52600,ASH_COATED_OSMIUM,SELL,10004,8,aggressive_cross,10004,public,access,9.0,-0.5,-2.25,high,extreme,normal,agree,0,80032,0.0,16.0
access,9477,-1,947700,-52300,ASH_COATED_OSMIUM,BUY,10000,2,aggressive_cross,10000,public,access,5.0,0.538462,1.3462,high,extreme,tight,agree,1,-20000,0.0,5.0
access,9477,-1,947700,-52300,ASH_COATED_OSMIUM,BUY,10000,6,aggressive_cross,10000,public,access,5.0,0.538462,1.3462,high,extreme,tight,agree,1,-60000,0.0,15.0
access,9484,-1,948400,-51600,ASH_COATED_OSMIUM,SELL,10010,7,passive_resting_fill,10010,public,access,17.0,0.35,2.975,high,extreme,wide,agree,1,70070,0.0,49.0
access,9494,-1,949400,-50600,ASH_COATED_OSMIUM,SELL,10001,2,passive_resting_fill,10001,public,access,17.0,-0.12,-1.02,high,strong,wide,agree,1,20002,0.0,-4.0
access,9494,-1,949400,-50600,ASH_COATED_OSMIUM,SELL,10003,2,passive_resting_fill,10003,public,access,17.0,-0.12,-1.02,high,strong,wide,agree,1,20006,0.0,0.0
access,9495,-1,949500,-50500,ASH_COATED_OSMIUM,BUY,10001,2,aggressive_cross,10001,public,access,7.0,0.444444,1.5556,high,extreme,tight,agree,1,-20002,0.0,-16.0
access,9495,-1,949500,-50500,ASH_COATED_OSMIUM,BUY,10001,8,aggressive_cross,10001,public,access,7.0,0.444444,1.5556,high,extreme,tight,agree,1,-80008,0.0,-64.0
access,9511,-1,951100,-48900,ASH_COATED_OSMIUM,BUY,10001,2,aggressive_cross,10001,public,access,4.0,0.657143,1.3143,high,extreme,tight,agree,1,-20002,0.0,2.0
access,9511,-1,951100,-48900,ASH_COATED_OSMIUM,BUY,10001,6,aggressive_cross,10001,public,access,4.0,0.657143,1.3143,high,extreme,tight,agree,1,-60006,0.0,6.0
access,9528,-1,952800,-47200,ASH_COATED_OSMIUM,SELL,10000,2,aggressive_cross,10000,public,access,9.0,-0.703704,-3.1667,high,extreme,normal,agree,1,20000,0.0,-7.0
access,9528,-1,952800,-47200,ASH_COATED_OSMIUM,SELL,10000,4,aggressive_cross,10000,public,access,9.0,-0.703704,-3.1667,high,extreme,normal,agree,1,40000,0.0,-14.0
access,9531,-1,953100,-46900,ASH_COATED_OSMIUM,BUY,10001,2,aggressive_cross,10001,public,access,6.0,0.111111,0.3333,low,mild,tight,agree,0,-20002,0.0,6.0
access,9531,-1,953100,-46900,ASH_COATED_OSMIUM,BUY,10001,8,aggressive_cross,10001,public,access,6.0,0.111111,0.3333,low,mild,tight,agree,0,-80008,0.0,24.0
access,9539,-1,953900,-46100,ASH_COATED_OSMIUM,SELL,10004,2,passive_resting_fill,10004,public,access,6.0,-0.611111,-1.8333,high,extreme,tight,agree,1,20008,0.0,3.0
access,9539,-1,953900,-46100,ASH_COATED_OSMIUM,SELL,10004,7,aggressive_cross,10004,public,access,6.0,-0.611111,-1.8333,high,extreme,tight,agree,1,70028,0.0,10.5
access,9564,-1,956400,-43600,ASH_COATED_OSMIUM,BUY,9995,3,passive_resting_fill,9995,public,access,18.0,-0.272727,-2.4545,high,extreme,wide,agree,2,-29985,0.0,24.0
access,9568,-1,956800,-43200,ASH_COATED_OSMIUM,SELL,10004,2,aggressive_cross,10004,public,access,7.0,-0.3,-1.05,high,strong,tight,agree,0,20008,0.0,2.0
access,9568,-1,956800,-43200,ASH_COATED_OSMIUM,SELL,10004,7,aggressive_cross,10004,public,access,7.0,-0.3,-1.05,high,strong,tight,agree,0,70028,0.0,7.0
access,9602,-1,960200,-39800,ASH_COATED_OSMIUM,BUY,9998,4,passive_resting_fill,9998,public,access,15.0,0.076923,0.5769,medium,strong,normal,agree,1,-39992,0.0,28.0
access,9611,-1,961100,-38900,ASH_COATED_OSMIUM,SELL,10007,2,aggressive_cross,10007,public,access,7.0,-0.578947,-2.0263,high,extreme,tight,agree,1,20014,0.0,-2.0
access,9611,-1,961100,-38900,ASH_COATED_OSMIUM,SELL,10007,4,aggressive_cross,10007,public,access,7.0,-0.578947,-2.0263,high,extreme,tight,agree,1,40028,0.0,-4.0
access,9642,-1,964200,-35800,ASH_COATED_OSMIUM,SELL,10010,3,passive_resting_fill,10010,public,access,16.0,0.0,0.0,low,mild,normal,agree,0,30030,0.0,21.0
access,9642,-1,964200,-35800,ASH_COATED_OSMIUM,SELL,10012,3,passive_resting_fill,10012,public,access,16.0,0.0,0.0,low,mild,normal,agree,0,30036,0.0,27.0
access,9666,-1,966600,-33400,ASH_COATED_OSMIUM,SELL,10005,2,aggressive_cross,10005,public,access,15.0,-0.483871,-3.629,high,extreme,normal,agree,1,20010,0.0,1.0
access,9666,-1,966600,-33400,ASH_COATED_OSMIUM,SELL,10005,8,aggressive_cross,10005,public,access,15.0,-0.483871,-3.629,high,extreme,normal,agree,1,80040,0.0,4.0
access,9690,-1,969000,-31000,ASH_COATED_OSMIUM,BUY,10001,2,aggressive_cross,10001,public,access,8.0,0.611111,2.4444,high,extreme,tight,agree,0,-20002,0.0,3.0
access,9690,-1,969000,-31000,ASH_COATED_OSMIUM,BUY,10001,7,aggressive_cross,10001,public,access,8.0,0.611111,2.4444,high,extreme,tight,agree,0,-70007,0.0,10.5
access,9711,-1,971100,-28900,ASH_COATED_OSMIUM,SELL,10009,5,passive_resting_fill,10009,public,access,18.0,0.285714,2.5714,high,extreme,wide,agree,0,50045,0.0,30.0
access,9738,-1,973800,-26200,ASH_COATED_OSMIUM,SELL,10005,2,aggressive_cross,10005,public,access,7.0,-0.578947,-2.0263,high,extreme,tight,agree,0,20010,0.0,6.0
access,9738,-1,973800,-26200,ASH_COATED_OSMIUM,SELL,10005,4,aggressive_cross,10005,public,access,7.0,-0.578947,-2.0263,high,extreme,tight,agree,0,40020,0.0,12.0
access,9748,-1,974800,-25200,ASH_COATED_OSMIUM,SELL,10008,4,passive_resting_fill,10008,public,access,15.0,-0.083333,-0.625,medium,strong,normal,agree,2,40032,0.0,20.0
access,9753,-1,975300,-24700,ASH_COATED_OSMIUM,BUY,9994,2,passive_resting_fill,9994,public,access,18.0,-0.444444,-4.0,high,extreme,wide,agree,1,-19988,0.0,14.0
access,9765,-1,976500,-23500,ASH_COATED_OSMIUM,BUY,9996,6,passive_resting_fill,9996,public,access,17.0,0.12,1.02,high,strong,wide,agree,2,-59976,0.0,42.0
access,9765,-1,976500,-23500,ASH_COATED_OSMIUM,BUY,9994,6,passive_resting_fill,9994,public,access,17.0,0.12,1.02,high,strong,wide,agree,2,-59964,0.0,54.0
access,9775,-1,977500,-22500,ASH_COATED_OSMIUM,SELL,10003,8,aggressive_cross,10003,public,access,6.0,-0.090909,-0.2727,low,mild,tight,agree,1,80024,0.0,8.0
access,9784,-1,978400,-21600,ASH_COATED_OSMIUM,BUY,9996,3,passive_resting_fill,9996,public,access,18.0,0.333333,3.0,high,extreme,wide,agree,0,-29988,0.0,18.0
access,9784,-1,978400,-21600,ASH_COATED_OSMIUM,BUY,9994,3,passive_resting_fill,9994,public,access,18.0,0.333333,3.0,high,extreme,wide,agree,0,-29982,0.0,24.0
access,9810,-1,981000,-19000,ASH_COATED_OSMIUM,SELL,10011,5,passive_resting_fill,10011,public,access,18.0,0.272727,2.4545,high,extreme,wide,agree,1,50055,0.0,30.0
access,9855,-1,985500,-14500,ASH_COATED_OSMIUM,BUY,9998,3,passive_resting_fill,9998,public,access,14.0,0.463415,3.2439,high,extreme,normal,agree,2,-29994,0.0,19.5
access,9855,-1,985500,-14500,ASH_COATED_OSMIUM,BUY,9996,3,passive_resting_fill,9996,public,access,14.0,0.463415,3.2439,high,extreme,normal,agree,2,-29988,0.0,25.5
access,9864,-1,986400,-13600,ASH_COATED_OSMIUM,SELL,10011,3,passive_resting_fill,10011,public,access,15.0,0.142857,1.0714,high,strong,normal,agree,2,30033,0.0,19.5
access,9868,-1,986800,-13200,ASH_COATED_OSMIUM,BUY,9995,6,passive_resting_fill,9995,public,access,19.0,-0.348837,-3.314,high,extreme,wide,agree,1,-59970,0.0,48.0
access,9873,-1,987300,-12700,ASH_COATED_OSMIUM,SELL,10010,6,passive_resting_fill,10010,public,access,16.0,0.0,0.0,low,mild,normal,agree,1,60060,0.0,39.0
access,9887,-1,988700,-11300,ASH_COATED_OSMIUM,BUY,9999,2,aggressive_cross,9999,access,access,7.0,0.25,0.875,medium,strong,tight,agree,1,-19998,0.0,6.0
access,9887,-1,988700,-11300,ASH_COATED_OSMIUM,BUY,9999,8,aggressive_cross,9999,access,access,7.0,0.25,0.875,medium,strong,tight,agree,1,-79992,0.0,24.0
access,9891,-1,989100,-10900,ASH_COATED_OSMIUM,BUY,9995,2,passive_resting_fill,9995,access,access,15.0,0.333333,2.5,high,extreme,normal,agree,1,-19990,0.0,23.0
access,9914,-1,991400,-8600,ASH_COATED_OSMIUM,BUY,9994,9,passive_resting_fill,9994,public,access,18.0,-0.428571,-3.8571,high,extreme,wide,agree,0,-89946,0.0,67.5
access,9932,-1,993200,-6800,ASH_COATED_OSMIUM,BUY,9999,2,aggressive_cross,9999,public,access,8.0,0.333333,1.3333,high,extreme,tight,agree,0,-19998,0.0,3.0
access,9932,-1,993200,-6800,ASH_COATED_OSMIUM,BUY,9999,8,aggressive_cross,9999,public,access,8.0,0.333333,1.3333,high,extreme,tight,agree,0,-79992,0.0,12.0
access,9954,-1,995400,-4600,ASH_COATED_OSMIUM,SELL,10008,6,passive_resting_fill,10008,public,access,15.0,0.071429,0.5357,medium,strong,normal,agree,2,60048,0.0,39.0
access,9954,-1,995400,-4600,ASH_COATED_OSMIUM,SELL,10010,6,passive_resting_fill,10010,public,access,15.0,0.071429,0.5357,medium,strong,normal,agree,2,60060,0.0,51.0
access,9970,-1,997000,-3000,ASH_COATED_OSMIUM,BUY,9993,4,passive_resting_fill,9993,public,access,18.0,0.0,0.0,low,mild,wide,agree,2,-39972,0.0,32.0
access,9988,-1,998800,-1200,ASH_COATED_OSMIUM,SELL,10001,2,aggressive_cross,10001,public,access,10.0,-0.529412,-2.6471,high,extreme,normal,agree,0,20002,0.0,-3.0
access,9988,-1,998800,-1200,ASH_COATED_OSMIUM,SELL,10001,4,aggressive_cross,10001,public,access,10.0,-0.529412,-2.6471,high,extreme,normal,agree,0,40004,0.0,-6.0
access,10000,0,0,0,ASH_COATED_OSMIUM,BUY,9995,6,passive_resting_fill,9995,public,access,15.0,-0.083333,-0.625,medium,strong,normal,agree,1,-59970,0.0,39.0
access,10004,0,400,400,ASH_COATED_OSMIUM,SELL,10003,8,aggressive_cross,10003,public,access,7.0,-0.2,-0.7,medium,strong,tight,agree,1,80024,0.0,24.0
access,10018,0,1800,1800,ASH_COATED_OSMIUM,BUY,10001,4,aggressive_cross,10001,public,access,9.0,0.529412,2.3824,high,extreme,normal,agree,0,-40004,0.0,-2.0
access,10036,0,3600,3600,ASH_COATED_OSMIUM,SELL,10008,3,passive_resting_fill,10008,access,access,15.0,0.0,0.0,low,mild,normal,agree,1,30024,0.0,15.0
access,10042,0,4200,4200,ASH_COATED_OSMIUM,SELL,10007,2,passive_resting_fill,10007,public,access,17.0,0.018868,0.1604,low,mild,wide,agree,1,20014,0.0,12.0
access,10042,0,4200,4200,ASH_COATED_OSMIUM,SELL,10009,2,passive_resting_fill,10009,public,access,17.0,0.018868,0.1604,low,mild,wide,agree,1,20018,0.0,16.0
access,10076,0,7600,7600,ASH_COATED_OSMIUM,BUY,9998,5,aggressive_cross,9998,public,access,4.0,0.655172,1.3103,high,extreme,tight,agree,1,-49990,0.0,10.0
access,10094,0,9400,9400,ASH_COATED_OSMIUM,BUY,9998,8,aggressive_cross,9998,public,access,6.0,0.0,0.0,low,mild,tight,agree,1,-79984,0.0,32.0
access,10096,0,9600,9600,ASH_COATED_OSMIUM,BUY,9993,6,passive_resting_fill,9993,public,access,15.0,0.047619,0.3571,medium,mild,normal,agree,1,-59958,0.0,54.0
access,10100,0,10000,10000,ASH_COATED_OSMIUM,BUY,9995,8,passive_resting_fill,9995,access,access,15.0,0.297297,2.2297,high,extreme,normal,agree,1,-79960,0.0,64.0
access,10121,0,12100,12100,ASH_COATED_OSMIUM,BUY,9996,5,passive_resting_fill,9996,public,access,16.0,0.0,0.0,low,mild,normal,agree,1,-49980,0.0,35.0
access,10121,0,12100,12100,ASH_COATED_OSMIUM,BUY,9994,5,passive_resting_fill,9994,public,access,16.0,0.0,0.0,low,mild,normal,agree,1,-49970,0.0,45.0
access,10140,0,14000,14000,ASH_COATED_OSMIUM,SELL,10010,3,passive_resting_fill,10010,public,access,16.0,0.0,0.0,low,mild,normal,agree,0,30030,0.0,33.0
access,10151,0,15100,15100,ASH_COATED_OSMIUM,SELL,10003,10,passive_resting_fill,10003,public,access,15.0,0.083333,0.625,medium,strong,normal,agree,2,100030,0.0,10.0
access,10151,0,15100,15100,ASH_COATED_OSMIUM,SELL,10005,5,passive_resting_fill,10005,public,access,15.0,0.083333,0.625,medium,strong,normal,agree,2,50025,0.0,15.0
access,10155,0,15500,15500,ASH_COATED_OSMIUM,SELL,10003,8,aggressive_cross,10003,public,access,6.0,0.0,0.0,low,mild,tight,agree,0,80024,0.0,16.0
access,10185,0,18500,18500,ASH_COATED_OSMIUM,SELL,10009,6,passive_resting_fill,10009,public,access,15.0,0.0,0.0,low,mild,normal,agree,1,60054,0.0,36.0
access,10198,0,19800,19800,ASH_COATED_OSMIUM,BUY,9998,4,aggressive_cross,9998,public,access,5.0,0.555556,1.3889,high,extreme,tight,agree,0,-39992,0.0,8.0
access,10239,0,23900,23900,ASH_COATED_OSMIUM,BUY,9993,4,passive_resting_fill,9993,public,access,19.0,0.318182,3.0227,high,extreme,wide,agree,0,-39972,0.0,6.0
access,10239,0,23900,23900,ASH_COATED_OSMIUM,BUY,9991,4,passive_resting_fill,9991,public,access,19.0,0.318182,3.0227,high,extreme,wide,agree,0,-39964,0.0,14.0
access,10243,0,24300,24300,ASH_COATED_OSMIUM,BUY,9993,4,passive_resting_fill,9993,public,access,17.0,-0.2,-1.7,high,extreme,wide,agree,1,-39972,0.0,32.0
access,10246,0,24600,24600,ASH_COATED_OSMIUM,BUY,9993,3,passive_resting_fill,9993,public,access,15.0,-0.3,-2.25,high,extreme,normal,agree,1,-29979,0.0,24.0
access,10268,0,26800,26800,ASH_COATED_OSMIUM,BUY,9998,8,aggressive_cross,9998,access,access,4.0,0.111111,0.2222,low,mild,tight,agree,1,-79984,0.0,20.0
access,10280,0,28000,28000,ASH_COATED_OSMIUM,SELL,10002,4,aggressive_cross,10002,public,access,6.0,-0.578947,-1.7368,high,extreme,tight,agree,0,40008,0.0,0.0
access,10328,0,32800,32800,ASH_COATED_OSMIUM,BUY,9993,4,passive_resting_fill,9993,access,access,5.0,0.5,1.25,high,extreme,tight,agree,1,-39972,0.0,22.0
access,10328,0,32800,32800,ASH_COATED_OSMIUM,BUY,9998,8,aggressive_cross,9998,public,access,5.0,0.5,1.25,high,extreme,tight,agree,1,-79984,0.0,4.0
access,10340,0,34000,34000,ASH_COATED_OSMIUM,SELL,10009,7,passive_resting_fill,10009,public,access,16.0,0.0,0.0,low,mild,normal,agree,1,70063,0.0,105.0
access,10345,0,34500,34500,ASH_COATED_OSMIUM,BUY,9995,8,passive_resting_fill,9995,public,access,0.0,0.0,0.0,low,mild,tight,agree,1,-79960,0.0,48.0
access,10345,0,34500,34500,ASH_COATED_OSMIUM,BUY,9993,6,passive_resting_fill,9993,public,access,0.0,0.0,0.0,low,mild,tight,agree,1,-59958,0.0,48.0
access,10365,0,36500,36500,ASH_COATED_OSMIUM,SELL,10007,3,passive_resting_fill,10007,public,access,18.0,-0.166667,-1.5,high,extreme,wide,agree,1,30021,0.0,21.0
access,10365,0,36500,36500,ASH_COATED_OSMIUM,SELL,10009,3,passive_resting_fill,10009,public,access,18.0,-0.166667,-1.5,high,extreme,wide,agree,1,30027,0.0,27.0
access,10378,0,37800,37800,ASH_COATED_OSMIUM,SELL,10003,8,aggressive_cross,10003,public,access,5.0,-0.2,-0.5,medium,strong,tight,agree,1,80024,0.0,80.0
access,10379,0,37900,37900,ASH_COATED_OSMIUM,BUY,10003,4,passive_resting_fill,10003,public,access,17.0,0.459459,3.9054,high,extreme,wide,agree,2,-40012,0.0,-14.0
access,10379,0,37900,37900,ASH_COATED_OSMIUM,BUY,10001,4,passive_resting_fill,10001,public,access,17.0,0.459459,3.9054,high,extreme,wide,agree,2,-40004,0.0,-6.0
access,10384,0,38400,38400,ASH_COATED_OSMIUM,SELL,10004,2,passive_resting_fill,10004,public,access,19.0,0.388889,3.6944,high,extreme,wide,agree,2,20008,0.0,7.0
access,10415,0,41500,41500,ASH_COATED_OSMIUM,SELL,10008,5,passive_resting_fill,10008,access,access,15.0,-0.333333,-2.5,high,extreme,normal,agree,1,50040,0.0,37.5
access,10418,0,41800,41800,ASH_COATED_OSMIUM,SELL,10001,5,aggressive_cross,10001,public,access,6.0,-0.615385,-1.8462,high,extreme,tight,agree,1,50005,0.0,-2.5
access,10425,0,42500,42500,ASH_COATED_OSMIUM,SELL,9999,4,aggressive_cross,9999,public,access,13.0,-0.75,-4.875,high,extreme,normal,agree,0,39996,0.0,8.0
access,10465,0,46500,46500,ASH_COATED_OSMIUM,SELL,10001,9,aggressive_cross,10001,public,access,7.0,-0.181818,-0.6364,medium,strong,tight,agree,1,90009,0.0,49.5
access,10494,0,49400,49400,ASH_COATED_OSMIUM,SELL,10000,8,aggressive_cross,10000,access,access,6.0,-0.111111,-0.3333,low,mild,tight,agree,2,80000,0.0,-4.0
access,10509,0,50900,50900,ASH_COATED_OSMIUM,BUY,9991,5,passive_resting_fill,9991,access,access,17.0,-0.365854,-3.1098,high,extreme,wide,agree,2,-49955,0.0,55.0
access,10538,0,53800,53800,ASH_COATED_OSMIUM,BUY,9995,8,aggressive_cross,9995,public,access,5.0,0.157895,0.3947,medium,mild,tight,agree,0,-79960,0.0,12.0
access,10546,0,54600,54600,ASH_COATED_OSMIUM,BUY,9989,6,passive_resting_fill,9989,public,access,16.0,0.0,0.0,low,mild,normal,agree,2,-59934,0.0,51.0
access,10564,0,56400,56400,ASH_COATED_OSMIUM,BUY,9997,3,aggressive_cross,9997,public,access,8.0,0.647059,2.5882,high,extreme,tight,agree,1,-29991,0.0,0.0
access,10584,0,58400,58400,ASH_COATED_OSMIUM,BUY,9989,3,passive_resting_fill,9989,public,access,16.0,0.0,0.0,low,mild,normal,agree,0,-29967,0.0,18.0
access,10584,0,58400,58400,ASH_COATED_OSMIUM,BUY,9987,3,passive_resting_fill,9987,public,access,16.0,0.0,0.0,low,mild,normal,agree,0,-29961,0.0,24.0
access,10595,0,59500,59500,ASH_COATED_OSMIUM,SELL,10001,2,passive_resting_fill,10001,public,access,16.0,0.0,0.0,low,mild,normal,agree,0,20002,0.0,12.0
access,10603,0,60300,60300,ASH_COATED_OSMIUM,BUY,9992,9,aggressive_cross,9992,public,access,8.0,0.4,1.6,high,extreme,tight,agree,0,-89928,0.0,13.5
access,10620,0,62000,62000,ASH_COATED_OSMIUM,SELL,10004,6,passive_resting_fill,10004,public,access,16.0,0.0,0.0,low,mild,normal,agree,0,60024,0.0,45.0
access,10637,0,63700,63700,ASH_COATED_OSMIUM,BUY,9989,2,passive_resting_fill,9989,public,access,16.0,0.0,0.0,low,mild,normal,agree,0,-19978,0.0,14.0
access,10649,0,64900,64900,ASH_COATED_OSMIUM,SELL,10004,4,passive_resting_fill,10004,public,access,16.0,0.0,0.0,low,mild,normal,agree,1,40016,0.0,32.0
access,10653,0,65300,65300,ASH_COATED_OSMIUM,BUY,9989,2,passive_resting_fill,9989,public,access,19.0,0.3125,2.9688,high,extreme,wide,agree,1,-19978,0.0,15.0
access,10653,0,65300,65300,ASH_COATED_OSMIUM,BUY,9987,2,passive_resting_fill,9987,public,access,19.0,0.3125,2.9688,high,extreme,wide,agree,1,-19974,0.0,19.0
access,10680,0,68000,68000,ASH_COATED_OSMIUM,SELL,10004,3,passive_resting_fill,10004,public,access,16.0,0.0,0.0,low,mild,normal,agree,1,30012,0.0,21.0
access,10723,0,72300,72300,ASH_COATED_OSMIUM,BUY,9997,8,aggressive_cross,9997,public,access,6.0,0.166667,0.5,medium,strong,tight,agree,0,-79976,0.0,-24.0
access,10734,0,73400,73400,ASH_COATED_OSMIUM,SELL,9998,2,aggressive_cross,9998,public,access,10.0,-0.733333,-3.6667,high,extreme,normal,agree,1,19996,0.0,-1.0
access,10763,0,76300,76300,ASH_COATED_OSMIUM,BUY,9994,6,passive_resting_fill,9994,public,access,16.0,0.0,0.0,low,mild,normal,agree,0,-59964,0.0,57.0
access,10765,0,76500,76500,ASH_COATED_OSMIUM,SELL,10011,8,passive_resting_fill,10011,public,access,13.0,-0.677419,-4.4032,high,extreme,normal,agree,0,80088,0.0,72.0
access,10765,0,76500,76500,ASH_COATED_OSMIUM,SELL,9999,5,aggressive_cross,9999,public,access,13.0,-0.677419,-4.4032,high,extreme,normal,agree,0,49995,0.0,-15.0
access,10790,0,79000,79000,ASH_COATED_OSMIUM,SELL,10000,5,aggressive_cross,10000,public,access,10.0,-0.375,-1.875,high,extreme,normal,agree,0,50000,0.0,-5.0
access,10837,0,83700,83700,ASH_COATED_OSMIUM,SELL,10004,2,passive_resting_fill,10004,public,access,19.0,0.230769,2.1923,high,extreme,wide,agree,1,20008,0.0,14.0
access,10855,0,85500,85500,ASH_COATED_OSMIUM,BUY,9989,7,passive_resting_fill,9989,public,access,15.0,-0.405405,-3.0405,high,extreme,normal,agree,1,-69923,0.0,45.5
access,10859,0,85900,85900,ASH_COATED_OSMIUM,BUY,9988,5,passive_resting_fill,9988,public,access,17.0,0.034483,0.2931,low,mild,wide,agree,2,-49940,0.0,50.0
access,10859,0,85900,85900,ASH_COATED_OSMIUM,BUY,9986,5,passive_resting_fill,9986,public,access,17.0,0.034483,0.2931,low,mild,wide,agree,2,-49930,0.0,60.0
access,10878,0,87800,87800,ASH_COATED_OSMIUM,SELL,10000,5,aggressive_cross,10000,public,access,7.0,-0.333333,-1.1667,high,strong,tight,agree,0,50000,0.0,-7.5
access,10879,0,87900,87900,ASH_COATED_OSMIUM,BUY,9992,5,passive_resting_fill,9992,public,access,16.0,0.0,0.0,low,mild,normal,agree,0,-49960,0.0,50.0
access,10883,0,88300,88300,ASH_COATED_OSMIUM,SELL,10006,2,passive_resting_fill,10006,public,access,17.0,-0.230769,-1.9615,high,extreme,wide,agree,1,20012,0.0,10.0
access,10883,0,88300,88300,ASH_COATED_OSMIUM,SELL,10008,2,passive_resting_fill,10008,public,access,17.0,-0.230769,-1.9615,high,extreme,wide,agree,1,20016,0.0,14.0
access,10897,0,89700,89700,ASH_COATED_OSMIUM,SELL,10004,9,aggressive_cross,10004,public,access,7.0,-0.142857,-0.5,medium,strong,tight,agree,2,90036,0.0,13.5
access,10902,0,90200,90200,ASH_COATED_OSMIUM,SELL,10009,10,passive_resting_fill,10009,public,access,15.0,-0.243243,-1.8243,high,extreme,normal,agree,1,100090,0.0,55.0
access,10902,0,90200,90200,ASH_COATED_OSMIUM,SELL,10011,5,passive_resting_fill,10011,public,access,15.0,-0.243243,-1.8243,high,extreme,normal,agree,1,50055,0.0,37.5
access,10907,0,90700,90700,ASH_COATED_OSMIUM,SELL,10005,2,passive_resting_fill,10005,public,access,15.0,0.2,1.5,high,extreme,normal,agree,1,20010,0.0,3.0
access,10908,0,90800,90800,ASH_COATED_OSMIUM,BUY,9997,6,passive_resting_fill,9997,public,access,19.0,-0.333333,-3.1667,high,extreme,wide,agree,0,-59982,0.0,33.0
access,10908,0,90800,90800,ASH_COATED_OSMIUM,BUY,9995,6,passive_resting_fill,9995,public,access,19.0,-0.333333,-3.1667,high,extreme,wide,agree,0,-59970,0.0,45.0
access,10930,0,93000,93000,ASH_COATED_OSMIUM,SELL,10004,8,aggressive_cross,10004,public,access,6.0,-0.304348,-0.913,high,strong,tight,agree,0,80032,0.0,24.0
access,10932,0,93200,93200,ASH_COATED_OSMIUM,SELL,10000,2,aggressive_cross,10000,public,access,10.0,-0.714286,-3.5714,high,extreme,normal,agree,0,20000,0.0,14.0
access,10979,0,97900,97900,ASH_COATED_OSMIUM,SELL,10003,8,aggressive_cross,10003,access,access,14.0,-0.137255,-0.9608,high,strong,normal,agree,2,80024,0.0,24.0
access,10987,0,98700,98700,ASH_COATED_OSMIUM,BUY,9999,4,aggressive_cross,9999,public,access,8.0,0.733333,2.9333,high,extreme,tight,agree,0,-39996,0.0,12.0
access,11037,0,103700,103700,ASH_COATED_OSMIUM,SELL,10003,8,aggressive_cross,10003,public,access,7.0,-0.1,-0.35,medium,mild,tight,agree,0,80024,0.0,-8.0
access,11059,0,105900,105900,ASH_COATED_OSMIUM,SELL,10009,5,passive_resting_fill,10009,public,access,18.0,-0.318182,-2.8636,high,extreme,wide,agree,2,50045,0.0,32.5
access,11059,0,105900,105900,ASH_COATED_OSMIUM,SELL,10011,5,passive_resting_fill,10011,public,access,18.0,-0.318182,-2.8636,high,extreme,wide,agree,2,50055,0.0,42.5
access,11072,0,107200,107200,ASH_COATED_OSMIUM,BUY,9996,3,passive_resting_fill,9996,public,access,16.0,0.0,0.0,low,mild,normal,agree,1,-29988,0.0,21.0
access,11116,0,111600,111600,ASH_COATED_OSMIUM,BUY,9995,5,passive_resting_fill,9995,public,access,16.0,0.0,0.0,low,mild,normal,agree,0,-49975,0.0,27.5
access,11116,0,111600,111600,ASH_COATED_OSMIUM,BUY,9993,5,passive_resting_fill,9993,public,access,16.0,0.0,0.0,low,mild,normal,agree,0,-49965,0.0,37.5
access,11147,0,114700,114700,ASH_COATED_OSMIUM,BUY,9995,3,passive_resting_fill,9995,public,access,14.0,0.0,0.0,low,mild,normal,agree,2,-29985,0.0,21.0
access,11161,0,116100,116100,ASH_COATED_OSMIUM,BUY,9995,8,passive_resting_fill,9995,public,access,17.0,-0.083333,-0.7083,medium,strong,wide,agree,1,-79960,0.0,72.0
access,11161,0,116100,116100,ASH_COATED_OSMIUM,BUY,9993,6,passive_resting_fill,9993,public,access,17.0,-0.083333,-0.7083,medium,strong,wide,agree,1,-59958,0.0,66.0
access,11176,0,117600,117600,ASH_COATED_OSMIUM,SELL,10002,3,aggressive_cross,10002,public,access,10.0,-0.6,-3.0,high,extreme,normal,agree,0,30006,0.0,-3.0
access,11215,0,121500,121500,ASH_COATED_OSMIUM,SELL,10005,5,aggressive_cross,10005,public,access,6.0,-0.333333,-1.0,high,strong,tight,agree,0,50025,0.0,10.0
access,11220,0,122000,122000,ASH_COATED_OSMIUM,SELL,10010,10,passive_resting_fill,10010,public,access,18.0,0.405405,3.6486,high,extreme,wide,agree,1,100100,0.0,70.0
access,11220,0,122000,122000,ASH_COATED_OSMIUM,SELL,10012,7,passive_resting_fill,10012,public,access,18.0,0.405405,3.6486,high,extreme,wide,agree,1,70084,0.0,63.0
access,11223,0,122300,122300,ASH_COATED_OSMIUM,SELL,10010,5,passive_resting_fill,10010,public,access,15.0,0.176471,1.3235,high,extreme,normal,agree,1,50050,0.0,45.0
access,11223,0,122300,122300,ASH_COATED_OSMIUM,SELL,10012,5,passive_resting_fill,10012,public,access,15.0,0.176471,1.3235,high,extreme,normal,agree,1,50060,0.0,55.0
access,11226,0,122600,122600,ASH_COATED_OSMIUM,BUY,10000,9,aggressive_cross,10000,public,access,5.0,0.142857,0.3571,medium,mild,tight,agree,0,-90000,0.0,22.5
access,11245,0,124500,124500,ASH_COATED_OSMIUM,BUY,9997,2,passive_resting_fill,9997,public,access,18.0,0.45,4.05,high,extreme,wide,agree,0,-19994,0.0,11.0
access,11264,0,126400,126400,ASH_COATED_OSMIUM,BUY,9996,2,passive_resting_fill,9996,public,access,15.0,0.2,1.5,high,extreme,normal,agree,1,-19992,0.0,10.0
access,11265,0,126500,126500,ASH_COATED_OSMIUM,BUY,9995,6,passive_resting_fill,9995,public,access,16.0,0.0,0.0,low,mild,normal,agree,1,-59970,0.0,36.0
access,11265,0,126500,126500,ASH_COATED_OSMIUM,BUY,9993,6,passive_resting_fill,9993,public,access,16.0,0.0,0.0,low,mild,normal,agree,1,-59958,0.0,48.0
access,11268,0,126800,126800,ASH_COATED_OSMIUM,BUY,9997,8,aggressive_cross,9997,access,access,3.0,0.0,0.0,low,mild,tight,agree,2,-79976,0.0,32.0
access,11278,0,127800,127800,ASH_COATED_OSMIUM,SELL,10009,2,passive_resting_fill,10009,public,access,18.0,-0.056604,-0.5094,medium,strong,wide,agree,1,20018,0.0,14.0
access,11278,0,127800,127800,ASH_COATED_OSMIUM,SELL,10011,2,passive_resting_fill,10011,public,access,18.0,-0.056604,-0.5094,medium,strong,wide,agree,1,20022,0.0,18.0
access,11299,0,129900,129900,ASH_COATED_OSMIUM,SELL,10003,8,aggressive_cross,10003,access,access,4.0,-0.137255,-0.2745,low,mild,tight,agree,2,80024,0.0,24.0
access,11303,0,130300,130300,ASH_COATED_OSMIUM,SELL,10008,2,passive_resting_fill,10008,public,access,17.0,-0.268293,-2.2805,high,extreme,wide,agree,2,20016,0.0,17.0
access,11303,0,130300,130300,ASH_COATED_OSMIUM,SELL,10010,2,passive_resting_fill,10010,access,access,17.0,-0.268293,-2.2805,high,extreme,wide,agree,2,20020,0.0,21.0
access,11310,0,131000,131000,ASH_COATED_OSMIUM,SELL,10007,9,passive_resting_fill,10007,public,access,16.0,0.0,0.0,low,mild,normal,agree,0,90063,0.0,58.5
access,11314,0,131400,131400,ASH_COATED_OSMIUM,SELL,10007,2,passive_resting_fill,10007,public,access,16.0,0.0,0.0,low,mild,normal,agree,0,20014,0.0,10.0
access,11314,0,131400,131400,ASH_COATED_OSMIUM,SELL,10009,2,passive_resting_fill,10009,public,access,16.0,0.0,0.0,low,mild,normal,agree,0,20018,0.0,14.0
access,11324,0,132400,132400,ASH_COATED_OSMIUM,BUY,9996,13,aggressive_cross,9996,access,access,7.0,0.395349,1.3837,high,extreme,tight,agree,2,-129948,0.0,39.0
access,11377,0,137700,137700,ASH_COATED_OSMIUM,SELL,10007,3,passive_resting_fill,10007,public,access,19.0,-0.314286,-2.9857,high,extreme,wide,agree,0,30021,0.0,16.5
access,11377,0,137700,137700,ASH_COATED_OSMIUM,SELL,10009,3,passive_resting_fill,10009,public,access,19.0,-0.314286,-2.9857,high,extreme,wide,agree,0,30027,0.0,22.5
access,11394,0,139400,139400,ASH_COATED_OSMIUM,BUY,9996,11,passive_resting_fill,9996,public,access,18.0,-0.189189,-1.7027,high,extreme,wide,agree,2,-109956,0.0,66.0
access,11420,0,142000,142000,ASH_COATED_OSMIUM,BUY,9995,2,passive_resting_fill,9995,access,access,15.0,0.421053,3.1579,high,extreme,normal,agree,1,-19990,0.0,16.0
access,11437,0,143700,143700,ASH_COATED_OSMIUM,BUY,9999,5,aggressive_cross,9999,public,access,5.0,0.333333,0.8333,medium,strong,tight,agree,0,-49995,0.0,10.0
access,11467,0,146700,146700,ASH_COATED_OSMIUM,SELL,10007,6,passive_resting_fill,10007,public,access,16.0,0.0,0.0,low,mild,normal,agree,1,60042,0.0,45.0
access,11467,0,146700,146700,ASH_COATED_OSMIUM,SELL,10009,6,passive_resting_fill,10009,public,access,16.0,0.0,0.0,low,mild,normal,agree,1,60054,0.0,57.0
access,11491,0,149100,149100,ASH_COATED_OSMIUM,BUY,9999,6,aggressive_cross,9999,public,access,5.0,0.368421,0.9211,high,strong,tight,agree,0,-59994,0.0,9.0
access,11495,0,149500,149500,ASH_COATED_OSMIUM,SELL,10009,9,passive_resting_fill,10009,public,access,12.0,-0.75,-4.5,high,extreme,normal,agree,1,90081,0.0,72.0
access,11495,0,149500,149500,ASH_COATED_OSMIUM,SELL,10011,5,passive_resting_fill,10011,access,access,12.0,-0.75,-4.5,high,extreme,normal,agree,1,50055,0.0,50.0
access,11532,0,153200,153200,ASH_COATED_OSMIUM,BUY,9997,5,passive_resting_fill,9997,public,access,15.0,-0.405405,-3.0405,high,extreme,normal,agree,2,-49985,0.0,32.5
access,11546,0,154600,154600,ASH_COATED_OSMIUM,BUY,10002,2,passive_resting_fill,10002,public,access,18.0,-0.363636,-3.2727,high,extreme,wide,agree,0,-20004,0.0,4.0
access,11546,0,154600,154600,ASH_COATED_OSMIUM,BUY,10000,2,passive_resting_fill,10000,public,access,18.0,-0.363636,-3.2727,high,extreme,wide,agree,0,-20000,0.0,8.0
access,11553,0,155300,155300,ASH_COATED_OSMIUM,SELL,10011,10,passive_resting_fill,10011,access,access,15.0,-0.333333,-2.5,high,extreme,normal,agree,1,100110,0.0,95.0
access,11555,0,155500,155500,ASH_COATED_OSMIUM,SELL,10011,6,passive_resting_fill,10011,public,access,16.0,0.0,0.0,low,mild,normal,agree,0,60066,0.0,42.0
access,11557,0,155700,155700,ASH_COATED_OSMIUM,SELL,10013,7,passive_resting_fill,10013,public,access,21.0,0.0,0.0,low,mild,wide,agree,0,70091,0.0,45.5
access,11557,0,155700,155700,ASH_COATED_OSMIUM,SELL,10015,7,passive_resting_fill,10015,public,access,21.0,0.0,0.0,low,mild,wide,agree,0,70105,0.0,59.5
access,11582,0,158200,158200,ASH_COATED_OSMIUM,BUY,10000,5,passive_resting_fill,10000,public,access,15.0,0.034483,0.2586,low,mild,normal,agree,2,-50000,0.0,20.0
access,11582,0,158200,158200,ASH_COATED_OSMIUM,BUY,9998,5,passive_resting_fill,9998,public,access,15.0,0.034483,0.2586,low,mild,normal,agree,2,-49990,0.0,30.0
access,11653,0,165300,165300,ASH_COATED_OSMIUM,BUY,9998,2,passive_resting_fill,9998,public,access,16.0,0.0,0.0,low,mild,normal,agree,0,-19996,0.0,17.0
access,11655,0,165500,165500,ASH_COATED_OSMIUM,SELL,10009,8,aggressive_cross,10009,access,access,7.0,0.142857,0.5,medium,strong,tight,agree,2,80072,0.0,20.0
access,11727,0,172700,172700,ASH_COATED_OSMIUM,SELL,10014,4,passive_resting_fill,10014,public,access,16.0,0.0,0.0,low,mild,normal,agree,0,40056,0.0,28.0
access,11777,0,177700,177700,ASH_COATED_OSMIUM,BUY,9999,10,passive_resting_fill,9999,public,access,16.0,0.0,0.0,low,mild,normal,agree,1,-99990,0.0,90.0
access,11797,0,179700,179700,ASH_COATED_OSMIUM,SELL,10005,4,aggressive_cross,10005,public,access,10.0,-0.5,-2.5,high,extreme,normal,agree,0,40020,0.0,-14.0
access,11816,0,181600,181600,ASH_COATED_OSMIUM,BUY,10000,2,passive_resting_fill,10000,public,access,17.0,0.071429,0.6071,medium,strong,wide,agree,1,-20000,0.0,12.0
access,11827,0,182700,182700,ASH_COATED_OSMIUM,BUY,10000,5,passive_resting_fill,10000,public,access,19.0,-0.473684,-4.5,high,extreme,wide,agree,0,-50000,0.0,27.5
access,11827,0,182700,182700,ASH_COATED_OSMIUM,BUY,9998,5,passive_resting_fill,9998,public,access,19.0,-0.473684,-4.5,high,extreme,wide,agree,0,-49990,0.0,37.5
access,11847,0,184700,184700,ASH_COATED_OSMIUM,SELL,10009,18,aggressive_cross,10009,access,access,8.0,-0.09434,-0.3774,medium,mild,tight,agree,1,180162,0.0,-18.0
access,11848,0,184800,184800,ASH_COATED_OSMIUM,BUY,10010,4,passive_resting_fill,10010,public,access,0.0,0.0,0.0,low,mild,tight,agree,0,-40040,0.0,-10.0
access,11848,0,184800,184800,ASH_COATED_OSMIUM,BUY,10008,4,passive_resting_fill,10008,public,access,0.0,0.0,0.0,low,mild,tight,agree,0,-40032,0.0,-2.0
access,11859,0,185900,185900,ASH_COATED_OSMIUM,BUY,10001,10,passive_resting_fill,10001,public,access,16.0,0.0,0.0,low,mild,normal,agree,0,-100010,0.0,40.0
access,11868,0,186800,186800,ASH_COATED_OSMIUM,BUY,9999,2,passive_resting_fill,9999,public,access,16.0,0.0,0.0,low,mild,normal,agree,1,-19998,0.0,18.0
access,11897,0,189700,189700,ASH_COATED_OSMIUM,BUY,10002,5,aggressive_cross,10002,public,access,5.0,0.411765,1.0294,high,strong,tight,agree,0,-50010,0.0,7.5
access,11904,0,190400,190400,ASH_COATED_OSMIUM,SELL,10011,3,passive_resting_fill,10011,public,access,16.0,0.0,0.0,low,mild,normal,agree,0,30033,0.0,19.5
access,11926,0,192600,192600,ASH_COATED_OSMIUM,BUY,9999,8,passive_resting_fill,9999,public,access,19.0,-0.393939,-3.7424,high,extreme,wide,agree,1,-79992,0.0,52.0
access,11926,0,192600,192600,ASH_COATED_OSMIUM,BUY,9997,8,passive_resting_fill,9997,public,access,19.0,-0.393939,-3.7424,high,extreme,wide,agree,1,-79976,0.0,68.0
access,11929,0,192900,192900,ASH_COATED_OSMIUM,SELL,10012,10,passive_resting_fill,10012,public,access,16.0,0.0,0.0,low,mild,normal,agree,0,100120,0.0,160.0
access,11933,0,193300,193300,ASH_COATED_OSMIUM,SELL,10006,5,aggressive_cross,10006,public,access,9.0,-0.666667,-3.0,high,extreme,normal,agree,0,50030,0.0,5.0
access,11954,0,195400,195400,ASH_COATED_OSMIUM,SELL,10004,2,aggressive_cross,10004,public,access,11.0,-0.714286,-3.9286,high,extreme,normal,agree,0,20008,0.0,1.0
access,11986,0,198600,198600,ASH_COATED_OSMIUM,BUY,10003,7,aggressive_cross,10003,public,access,5.0,0.222222,0.5556,medium,strong,tight,agree,0,-70021,0.0,63.0
access,12001,0,200100,200100,ASH_COATED_OSMIUM,BUY,9999,6,passive_resting_fill,9999,public,access,19.0,-0.487179,-4.6282,high,extreme,wide,agree,1,-59994,0.0,30.0
access,12001,0,200100,200100,ASH_COATED_OSMIUM,BUY,9997,6,passive_resting_fill,9997,public,access,19.0,-0.487179,-4.6282,high,extreme,wide,agree,1,-59982,0.0,42.0
access,12003,0,200300,200300,ASH_COATED_OSMIUM,BUY,9998,10,passive_resting_fill,9998,public,access,15.0,-0.166667,-1.25,high,extreme,normal,agree,1,-99980,0.0,60.0
access,12004,0,200400,200400,ASH_COATED_OSMIUM,SELL,10013,2,passive_resting_fill,10013,public,access,16.0,0.0,0.0,low,mild,normal,agree,0,20026,0.0,18.0
access,12007,0,200700,200700,ASH_COATED_OSMIUM,SELL,10012,8,passive_resting_fill,10012,public,access,14.0,-0.142857,-1.0,high,strong,normal,agree,2,80096,0.0,68.0
access,12017,0,201700,201700,ASH_COATED_OSMIUM,BUY,9998,4,passive_resting_fill,9998,public,access,19.0,0.297297,2.8243,high,extreme,wide,agree,0,-39992,0.0,30.0
access,12017,0,201700,201700,ASH_COATED_OSMIUM,BUY,9996,4,passive_resting_fill,9996,public,access,19.0,0.297297,2.8243,high,extreme,wide,agree,0,-39984,0.0,38.0
access,12056,0,205600,205600,ASH_COATED_OSMIUM,BUY,9995,2,passive_resting_fill,9995,public,access,20.0,0.473684,4.7368,high,extreme,wide,agree,1,-19990,0.0,12.0
access,12056,0,205600,205600,ASH_COATED_OSMIUM,BUY,9993,2,passive_resting_fill,9993,public,access,20.0,0.473684,4.7368,high,extreme,wide,agree,1,-19986,0.0,16.0
access,12063,0,206300,206300,ASH_COATED_OSMIUM,BUY,9999,4,aggressive_cross,9999,public,access,5.0,0.272727,0.6818,medium,strong,tight,agree,0,-39996,0.0,6.0
access,12066,0,206600,206600,ASH_COATED_OSMIUM,BUY,9995,7,passive_resting_fill,9995,public,access,14.0,0.166667,1.1667,high,strong,normal,agree,2,-69965,0.0,56.0
access,12066,0,206600,206600,ASH_COATED_OSMIUM,BUY,9993,5,passive_resting_fill,9993,public,access,14.0,0.166667,1.1667,high,strong,normal,agree,2,-49965,0.0,50.0
access,12067,0,206700,206700,ASH_COATED_OSMIUM,SELL,10002,5,aggressive_cross,10002,public,access,7.0,-0.473684,-1.6579,high,extreme,tight,agree,1,50010,0.0,10.0
access,12071,0,207100,207100,ASH_COATED_OSMIUM,SELL,9999,11,aggressive_cross,9999,access,access,8.0,-0.12,-0.48,medium,mild,tight,agree,2,109989,0.0,-11.0
access,12089,0,208900,208900,ASH_COATED_OSMIUM,BUY,9991,10,passive_resting_fill,9991,public,access,17.0,0.380952,3.2381,high,extreme,wide,agree,1,-99910,0.0,70.0
access,12089,0,208900,208900,ASH_COATED_OSMIUM,BUY,9989,7,passive_resting_fill,9989,access,access,17.0,0.380952,3.2381,high,extreme,wide,agree,1,-69923,0.0,63.0
access,12100,0,210000,210000,ASH_COATED_OSMIUM,BUY,9990,4,passive_resting_fill,9990,public,access,18.0,-0.043478,-0.3913,medium,mild,wide,agree,1,-39960,0.0,32.0
access,12100,0,210000,210000,ASH_COATED_OSMIUM,BUY,9988,4,passive_resting_fill,9988,public,access,18.0,-0.043478,-0.3913,medium,mild,wide,agree,1,-39952,0.0,40.0
access,12127,0,212700,212700,ASH_COATED_OSMIUM,BUY,9991,6,passive_resting_fill,9991,public,access,8.0,0.677419,2.7097,high,extreme,tight,agree,0,-59946,0.0,45.0
access,12127,0,212700,212700,ASH_COATED_OSMIUM,BUY,9989,5,passive_resting_fill,9989,public,access,8.0,0.677419,2.7097,high,extreme,tight,agree,0,-49945,0.0,47.5
access,12169,0,216900,216900,ASH_COATED_OSMIUM,SELL,10002,7,aggressive_cross,10002,public,access,6.0,-0.333333,-1.0,high,strong,tight,agree,0,70014,0.0,17.5
access,12217,0,221700,221700,ASH_COATED_OSMIUM,SELL,9998,4,aggressive_cross,9998,public,access,11.0,-0.5,-2.75,high,extreme,normal,agree,0,39992,0.0,-12.0
access,12225,0,222500,222500,ASH_COATED_OSMIUM,SELL,9999,5,aggressive_cross,9999,public,access,10.0,-0.375,-1.875,high,extreme,normal,agree,1,49995,0.0,-10.0
access,12229,0,222900,222900,ASH_COATED_OSMIUM,SELL,10004,2,passive_resting_fill,10004,public,access,18.0,-0.45,-4.05,high,extreme,wide,agree,0,20008,0.0,4.0
access,12239,0,223900,223900,ASH_COATED_OSMIUM,SELL,10003,5,aggressive_cross,10003,public,access,6.0,-0.444444,-1.3333,high,extreme,tight,agree,1,50015,0.0,7.5
access,12249,0,224900,224900,ASH_COATED_OSMIUM,SELL,10007,7,passive_resting_fill,10007,public,access,15.0,-0.130435,-0.9783,high,strong,normal,agree,2,70049,0.0,49.0
access,12262,0,226200,226200,ASH_COATED_OSMIUM,BUY,9992,6,passive_resting_fill,9992,public,access,18.0,0.371429,3.3429,high,extreme,wide,agree,0,-59952,0.0,36.0
access,12262,0,226200,226200,ASH_COATED_OSMIUM,BUY,9990,5,passive_resting_fill,9990,public,access,18.0,0.371429,3.3429,high,extreme,wide,agree,0,-49950,0.0,40.0
access,12276,0,227600,227600,ASH_COATED_OSMIUM,BUY,9992,5,passive_resting_fill,9992,public,access,19.0,-0.365854,-3.4756,high,extreme,wide,agree,2,-49960,0.0,27.5
access,12276,0,227600,227600,ASH_COATED_OSMIUM,BUY,9990,5,passive_resting_fill,9990,public,access,19.0,-0.365854,-3.4756,high,extreme,wide,agree,2,-49950,0.0,37.5
access,12280,0,228000,228000,ASH_COATED_OSMIUM,BUY,9991,5,passive_resting_fill,9991,access,access,14.0,-0.365854,-2.561,high,extreme,normal,agree,2,-49955,0.0,50.0
access,12283,0,228300,228300,ASH_COATED_OSMIUM,SELL,10001,7,aggressive_cross,10001,public,access,6.0,-0.222222,-0.6667,medium,strong,tight,agree,0,70007,0.0,0.0
access,12295,0,229500,229500,ASH_COATED_OSMIUM,SELL,9998,3,aggressive_cross,9998,public,access,9.0,-0.8125,-3.6562,high,extreme,normal,agree,1,29994,0.0,-3.0
access,12296,0,229600,229600,ASH_COATED_OSMIUM,SELL,10006,5,passive_resting_fill,10006,public,access,18.0,0.069767,0.6279,medium,strong,wide,agree,1,50030,0.0,40.0
access,12296,0,229600,229600,ASH_COATED_OSMIUM,SELL,10008,5,passive_resting_fill,10008,public,access,18.0,0.069767,0.6279,medium,strong,wide,agree,1,50040,0.0,50.0
access,12356,0,235600,235600,ASH_COATED_OSMIUM,BUY,9990,8,passive_resting_fill,9990,public,access,19.0,-0.5,-4.75,high,extreme,wide,agree,0,-79920,0.0,56.0
access,12361,0,236100,236100,ASH_COATED_OSMIUM,BUY,9989,4,passive_resting_fill,9989,public,access,16.0,0.0,0.0,low,mild,normal,agree,0,-39956,0.0,36.0
access,12365,0,236500,236500,ASH_COATED_OSMIUM,BUY,9990,2,passive_resting_fill,9990,public,access,15.0,0.047619,0.3571,medium,mild,normal,agree,2,-19980,0.0,15.0
access,12366,0,236600,236600,ASH_COATED_OSMIUM,BUY,9990,4,passive_resting_fill,9990,public,access,14.0,-0.235294,-1.6471,high,extreme,normal,agree,2,-39960,0.0,30.0
access,12371,0,237100,237100,ASH_COATED_OSMIUM,BUY,9991,3,passive_resting_fill,9991,public,access,21.0,0.0,0.0,low,mild,wide,agree,0,-29973,0.0,21.0
access,12371,0,237100,237100,ASH_COATED_OSMIUM,BUY,9989,3,passive_resting_fill,9989,public,access,21.0,0.0,0.0,low,mild,wide,agree,0,-29967,0.0,27.0
access,12392,0,239200,239200,ASH_COATED_OSMIUM,SELL,9995,8,aggressive_cross,9995,access,access,9.0,-0.071429,-0.3214,low,mild,normal,agree,2,79960,0.0,-8.0
access,12417,0,241700,241700,ASH_COATED_OSMIUM,BUY,9989,7,passive_resting_fill,9989,access,access,17.0,-0.022222,-0.1889,low,mild,wide,agree,1,-69923,0.0,45.5
access,12432,0,243200,243200,ASH_COATED_OSMIUM,SELL,10001,6,passive_resting_fill,10001,public,access,15.0,0.071429,0.5357,medium,strong,normal,agree,2,60006,0.0,27.0
access,12432,0,243200,243200,ASH_COATED_OSMIUM,SELL,10003,6,passive_resting_fill,10003,public,access,15.0,0.071429,0.5357,medium,strong,normal,agree,2,60018,0.0,39.0
access,12437,0,243700,243700,ASH_COATED_OSMIUM,SELL,10002,6,passive_resting_fill,10002,public,access,19.0,-0.333333,-3.1667,high,extreme,wide,agree,0,60012,0.0,60.0
access,12437,0,243700,243700,ASH_COATED_OSMIUM,SELL,10004,4,passive_resting_fill,10004,public,access,19.0,-0.333333,-3.1667,high,extreme,wide,agree,0,40016,0.0,48.0
access,12476,0,247600,247600,ASH_COATED_OSMIUM,BUY,9986,6,passive_resting_fill,9986,public,access,16.0,0.0,0.0,low,mild,normal,agree,1,-59916,0.0,36.0
access,12478,0,247800,247800,ASH_COATED_OSMIUM,BUY,9990,7,aggressive_cross,9990,public,access,6.0,0.363636,1.0909,high,strong,tight,agree,0,-69930,0.0,17.5
access,12512,0,251200,251200,ASH_COATED_OSMIUM,BUY,9991,6,aggressive_cross,9991,public,access,7.0,0.0,0.0,low,mild,tight,agree,1,-59946,0.0,12.0
access,12517,0,251700,251700,ASH_COATED_OSMIUM,BUY,9986,4,passive_resting_fill,9986,public,access,16.0,0.0,0.0,low,mild,normal,agree,0,-39944,0.0,28.0
access,12523,0,252300,252300,ASH_COATED_OSMIUM,SELL,10000,5,passive_resting_fill,10000,access,access,14.0,-0.384615,-2.6923,high,extreme,normal,agree,2,50000,0.0,40.0
access,12524,0,252400,252400,ASH_COATED_OSMIUM,SELL,9999,7,passive_resting_fill,9999,public,access,19.0,-0.189189,-1.7973,high,extreme,wide,agree,0,69993,0.0,52.5
access,12524,0,252400,252400,ASH_COATED_OSMIUM,SELL,10001,7,passive_resting_fill,10001,public,access,19.0,-0.189189,-1.7973,high,extreme,wide,agree,0,70007,0.0,66.5
access,12547,0,254700,254700,ASH_COATED_OSMIUM,SELL,9995,8,aggressive_cross,9995,public,access,6.0,-0.047619,-0.1429,low,mild,tight,agree,0,79960,0.0,-4.0
access,12556,0,255600,255600,ASH_COATED_OSMIUM,SELL,9996,8,aggressive_cross,9996,public,access,5.0,-0.4,-1.0,high,strong,tight,agree,1,79968,0.0,-4.0
access,12583,0,258300,258300,ASH_COATED_OSMIUM,SELL,10002,9,passive_resting_fill,10002,access,access,15.0,-0.153846,-1.1538,high,strong,normal,agree,2,90018,0.0,45.0
access,12584,0,258400,258400,ASH_COATED_OSMIUM,SELL,10001,4,passive_resting_fill,10001,public,access,16.0,0.0,0.0,low,mild,normal,agree,0,40004,0.0,20.0
access,12584,0,258400,258400,ASH_COATED_OSMIUM,SELL,10003,4,passive_resting_fill,10003,public,access,16.0,0.0,0.0,low,mild,normal,agree,0,40012,0.0,28.0
access,12594,0,259400,259400,ASH_COATED_OSMIUM,BUY,9991,8,passive_resting_fill,9991,public,access,16.0,0.0,0.0,low,mild,normal,agree,0,-79928,0.0,56.0
access,12594,0,259400,259400,ASH_COATED_OSMIUM,BUY,9989,8,passive_resting_fill,9989,public,access,16.0,0.0,0.0,low,mild,normal,agree,0,-79912,0.0,72.0
access,12605,0,260500,260500,ASH_COATED_OSMIUM,SELL,10005,7,passive_resting_fill,10005,public,access,18.0,-0.230769,-2.0769,high,extreme,wide,agree,0,70035,0.0,31.5
access,12605,0,260500,260500,ASH_COATED_OSMIUM,SELL,10007,7,passive_resting_fill,10007,public,access,18.0,-0.230769,-2.0769,high,extreme,wide,agree,0,70049,0.0,45.5
access,12613,0,261300,261300,ASH_COATED_OSMIUM,BUY,9991,2,passive_resting_fill,9991,public,access,17.0,0.222222,1.8889,high,extreme,wide,agree,1,-19982,0.0,22.0
access,12613,0,261300,261300,ASH_COATED_OSMIUM,BUY,9989,2,passive_resting_fill,9989,access,access,17.0,0.222222,1.8889,high,extreme,wide,agree,1,-19978,0.0,26.0
access,12620,0,262000,262000,ASH_COATED_OSMIUM,SELL,10000,8,aggressive_cross,10000,public,access,7.0,-0.238095,-0.8333,medium,strong,tight,agree,0,80000,0.0,8.0
access,12650,0,265000,265000,ASH_COATED_OSMIUM,BUY,9991,8,passive_resting_fill,9991,public,access,0.0,0.0,0.0,low,mild,tight,agree,0,-79928,0.0,84.0
access,12670,0,267000,267000,ASH_COATED_OSMIUM,BUY,9996,9,passive_resting_fill,9996,public,access,16.0,0.0,0.0,low,mild,normal,agree,0,-89964,0.0,31.5
access,12670,0,267000,267000,ASH_COATED_OSMIUM,BUY,9994,8,passive_resting_fill,9994,public,access,16.0,0.0,0.0,low,mild,normal,agree,0,-79952,0.0,44.0
access,12672,0,267200,267200,ASH_COATED_OSMIUM,SELL,9998,2,aggressive_cross,9998,public,access,11.0,-0.764706,-4.2059,high,extreme,normal,agree,0,19996,0.0,-5.0
access,12688,0,268800,268800,ASH_COATED_OSMIUM,SELL,10007,6,passive_resting_fill,10007,public,access,18.0,0.083333,0.75,medium,strong,wide,agree,1,60042,0.0,3.0
access,12688,0,268800,268800,ASH_COATED_OSMIUM,SELL,10009,5,passive_resting_fill,10009,public,access,18.0,0.083333,0.75,medium,strong,wide,agree,1,50045,0.0,12.5
access,12693,0,269300,269300,ASH_COATED_OSMIUM,SELL,10002,4,passive_resting_fill,10002,public,access,9.0,-0.733333,-3.3,high,extreme,normal,agree,0,40008,0.0,-2.0
access,12693,0,269300,269300,ASH_COATED_OSMIUM,SELL,10002,4,aggressive_cross,10002,public,access,9.0,-0.733333,-3.3,high,extreme,normal,agree,0,40008,0.0,-2.0
access,12694,0,269400,269400,ASH_COATED_OSMIUM,BUY,10002,4,passive_resting_fill,10002,public,access,17.0,-0.351351,-2.9865,high,extreme,wide,agree,1,-40008,0.0,0.0
access,12694,0,269400,269400,ASH_COATED_OSMIUM,BUY,10000,4,passive_resting_fill,10000,public,access,17.0,-0.351351,-2.9865,high,extreme,wide,agree,1,-40000,0.0,8.0
access,12704,0,270400,270400,ASH_COATED_OSMIUM,SELL,10008,2,passive_resting_fill,10008,public,access,16.0,0.0,0.0,low,mild,normal,agree,0,20016,0.0,12.0
access,12704,0,270400,270400,ASH_COATED_OSMIUM,SELL,10010,2,passive_resting_fill,10010,public,access,16.0,0.0,0.0,low,mild,normal,agree,0,20020,0.0,16.0
access,12718,0,271800,271800,ASH_COATED_OSMIUM,SELL,10009,5,passive_resting_fill,10009,public,access,15.0,-0.363636,-2.7273,high,extreme,normal,agree,1,50045,0.0,35.0
access,12718,0,271800,271800,ASH_COATED_OSMIUM,SELL,10011,5,passive_resting_fill,10011,public,access,15.0,-0.363636,-2.7273,high,extreme,normal,agree,1,50055,0.0,45.0
access,12728,0,272800,272800,ASH_COATED_OSMIUM,SELL,10011,6,passive_resting_fill,10011,public,access,16.0,0.0,0.0,low,mild,normal,agree,0,60066,0.0,45.0
access,12756,0,275600,275600,ASH_COATED_OSMIUM,SELL,10010,4,passive_resting_fill,10010,public,access,18.0,0.243243,2.1892,high,extreme,wide,agree,1,40040,0.0,34.0
access,12800,0,280000,280000,ASH_COATED_OSMIUM,BUY,9999,6,aggressive_cross,9999,public,access,6.0,0.368421,1.1053,high,strong,tight,agree,0,-59994,0.0,9.0
access,12809,0,280900,280900,ASH_COATED_OSMIUM,BUY,9996,2,passive_resting_fill,9996,public,access,16.0,0.0,0.0,low,mild,normal,agree,1,-19992,0.0,13.0
access,12809,0,280900,280900,ASH_COATED_OSMIUM,BUY,9994,2,passive_resting_fill,9994,public,access,16.0,0.0,0.0,low,mild,normal,agree,1,-19988,0.0,17.0
access,12819,0,281900,281900,ASH_COATED_OSMIUM,BUY,9999,8,aggressive_cross,9999,access,access,4.0,0.0,0.0,low,mild,tight,agree,1,-79992,0.0,16.0
access,12880,0,288000,288000,ASH_COATED_OSMIUM,SELL,10001,4,aggressive_cross,10001,public,access,10.0,-0.473684,-2.3684,high,extreme,normal,agree,0,40004,0.0,-12.0
access,12955,0,295500,295500,ASH_COATED_OSMIUM,SELL,10009,8,passive_resting_fill,10009,public,access,16.0,0.0,0.0,low,mild,normal,agree,0,80072,0.0,68.0
access,12970,0,297000,297000,ASH_COATED_OSMIUM,SELL,10008,9,passive_resting_fill,10008,public,access,16.0,0.0,0.0,low,mild,normal,agree,0,90072,0.0,22.5
access,12970,0,297000,297000,ASH_COATED_OSMIUM,SELL,10010,7,passive_resting_fill,10010,public,access,16.0,0.0,0.0,low,mild,normal,agree,0,70070,0.0,31.5
access,12971,0,297100,297100,ASH_COATED_OSMIUM,SELL,10004,6,aggressive_cross,10004,public,access,6.0,-0.368421,-1.1053,high,strong,tight,agree,0,60024,0.0,0.0
access,12973,0,297300,297300,ASH_COATED_OSMIUM,SELL,10009,3,passive_resting_fill,10009,public,access,18.0,0.0,0.0,low,mild,wide,agree,1,30027,0.0,15.0
access,12973,0,297300,297300,ASH_COATED_OSMIUM,SELL,10011,3,passive_resting_fill,10011,public,access,18.0,0.0,0.0,low,mild,wide,agree,1,30033,0.0,21.0
access,12995,0,299500,299500,ASH_COATED_OSMIUM,BUY,9997,2,passive_resting_fill,9997,public,access,20.0,0.411765,4.1176,high,extreme,wide,agree,2,-19994,0.0,14.0
access,12995,0,299500,299500,ASH_COATED_OSMIUM,BUY,9995,2,passive_resting_fill,9995,public,access,20.0,0.411765,4.1176,high,extreme,wide,agree,2,-19990,0.0,18.0
access,13016,0,301600,301600,ASH_COATED_OSMIUM,BUY,9996,9,passive_resting_fill,9996,public,access,16.0,0.0,0.0,low,mild,normal,agree,1,-89964,0.0,54.0
access,13016,0,301600,301600,ASH_COATED_OSMIUM,BUY,9994,7,passive_resting_fill,9994,public,access,16.0,0.0,0.0,low,mild,normal,agree,1,-69958,0.0,56.0
access,13028,0,302800,302800,ASH_COATED_OSMIUM,SELL,10003,5,aggressive_cross,10003,public,access,7.0,-0.473684,-1.6579,high,extreme,tight,agree,0,50015,0.0,7.5
access,13065,0,306500,306500,ASH_COATED_OSMIUM,SELL,10009,5,passive_resting_fill,10009,access,access,15.0,-0.076923,-0.5769,medium,strong,normal,agree,1,50045,0.0,35.0
access,13076,0,307600,307600,ASH_COATED_OSMIUM,BUY,9995,5,passive_resting_fill,9995,access,access,15.0,-0.153846,-1.1538,high,strong,normal,agree,1,-49975,0.0,37.5
access,13100,0,310000,310000,ASH_COATED_OSMIUM,SELL,10007,9,passive_resting_fill,10007,public,access,19.0,0.277778,2.6389,high,extreme,wide,agree,0,90063,0.0,63.0
access,13109,0,310900,310900,ASH_COATED_OSMIUM,SELL,10006,6,passive_resting_fill,10006,public,access,14.0,0.166667,1.1667,high,strong,normal,agree,2,60036,0.0,-18.0
access,13109,0,310900,310900,ASH_COATED_OSMIUM,SELL,10008,6,passive_resting_fill,10008,access,access,14.0,0.166667,1.1667,high,strong,normal,agree,2,60048,0.0,-6.0
access,13120,0,312000,312000,ASH_COATED_OSMIUM,SELL,10003,4,aggressive_cross,10003,public,access,6.0,-0.5,-1.5,high,extreme,tight,agree,0,40012,0.0,4.0
access,13131,0,313100,313100,ASH_COATED_OSMIUM,BUY,9995,2,passive_resting_fill,9995,public,access,16.0,0.0,0.0,low,mild,normal,agree,0,-19990,0.0,17.0
access,13136,0,313600,313600,ASH_COATED_OSMIUM,SELL,10011,3,passive_resting_fill,10011,access,access,15.0,-0.272727,-2.0455,high,extreme,normal,agree,1,30033,0.0,19.5
access,13142,0,314200,314200,ASH_COATED_OSMIUM,BUY,10000,8,aggressive_cross,10000,access,access,4.0,-0.285714,-0.5714,medium,strong,tight,agree,1,-80000,0.0,20.0
access,13156,0,315600,315600,ASH_COATED_OSMIUM,BUY,10000,8,aggressive_cross,10000,public,access,5.0,0.272727,0.6818,medium,strong,tight,agree,0,-80000,0.0,16.0
access,13191,0,319100,319100,ASH_COATED_OSMIUM,SELL,10006,8,aggressive_cross,10006,public,access,5.0,-0.047619,-0.119,low,mild,tight,agree,1,80048,0.0,28.0
access,13209,0,320900,320900,ASH_COATED_OSMIUM,SELL,10005,6,passive_resting_fill,10005,public,access,19.0,-0.428571,-4.0714,high,extreme,wide,agree,1,60030,0.0,9.0
access,13209,0,320900,320900,ASH_COATED_OSMIUM,SELL,10007,6,passive_resting_fill,10007,public,access,19.0,-0.428571,-4.0714,high,extreme,wide,agree,1,60042,0.0,21.0
access,13235,0,323500,323500,ASH_COATED_OSMIUM,BUY,9996,6,passive_resting_fill,9996,public,access,16.0,0.0,0.0,low,mild,normal,agree,0,-59976,0.0,36.0
access,13235,0,323500,323500,ASH_COATED_OSMIUM,BUY,9994,6,passive_resting_fill,9994,public,access,16.0,0.0,0.0,low,mild,normal,agree,0,-59964,0.0,48.0
access,13246,0,324600,324600,ASH_COATED_OSMIUM,BUY,9994,2,passive_resting_fill,9994,access,access,15.0,0.428571,3.2143,high,extreme,normal,agree,1,-19988,0.0,-2.0
access,13250,0,325000,325000,ASH_COATED_OSMIUM,SELL,10007,5,passive_resting_fill,10007,public,access,15.0,0.230769,1.7308,high,extreme,normal,agree,2,50035,0.0,37.5
access,13250,0,325000,325000,ASH_COATED_OSMIUM,SELL,10009,5,passive_resting_fill,10009,public,access,15.0,0.230769,1.7308,high,extreme,normal,agree,2,50045,0.0,47.5
access,13256,0,325600,325600,ASH_COATED_OSMIUM,BUY,10002,4,aggressive_cross,10002,public,access,9.0,0.529412,2.3824,high,extreme,normal,agree,1,-40008,0.0,-4.0
access,13270,0,327000,327000,ASH_COATED_OSMIUM,BUY,10003,5,aggressive_cross,10003,public,access,9.0,0.473684,2.1316,high,extreme,normal,agree,0,-50015,0.0,-15.0
access,13290,0,329000,329000,ASH_COATED_OSMIUM,BUY,9996,2,passive_resting_fill,9996,public,access,16.0,0.0,0.0,low,mild,normal,agree,0,-19992,0.0,12.0
access,13303,0,330300,330300,ASH_COATED_OSMIUM,SELL,10003,4,aggressive_cross,10003,public,access,6.0,-0.5,-1.5,high,extreme,tight,agree,1,40012,0.0,2.0
access,13306,0,330600,330600,ASH_COATED_OSMIUM,BUY,9996,2,passive_resting_fill,9996,public,access,15.0,0.0,0.0,low,mild,normal,agree,2,-19992,0.0,9.0
access,13306,0,330600,330600,ASH_COATED_OSMIUM,BUY,9994,2,passive_resting_fill,9994,public,access,15.0,0.0,0.0,low,mild,normal,agree,2,-19988,0.0,13.0
access,13318,0,331800,331800,ASH_COATED_OSMIUM,SELL,10010,8,passive_resting_fill,10010,public,access,18.0,0.318182,2.8636,high,extreme,wide,agree,1,80080,0.0,80.0
access,13319,0,331900,331900,ASH_COATED_OSMIUM,BUY,10004,4,aggressive_cross,10004,public,access,9.0,0.529412,2.3824,high,extreme,normal,agree,0,-40016,0.0,-6.0
access,13328,0,332800,332800,ASH_COATED_OSMIUM,SELL,10009,5,passive_resting_fill,10009,access,access,15.0,0.0,0.0,low,mild,normal,agree,1,50045,0.0,32.5
access,13332,0,333200,333200,ASH_COATED_OSMIUM,SELL,10004,6,aggressive_cross,10004,public,access,5.0,-0.666667,-1.6667,high,extreme,tight,agree,1,60024,0.0,9.0
access,13358,0,335800,335800,ASH_COATED_OSMIUM,BUY,9995,6,passive_resting_fill,9995,public,access,16.0,0.0,0.0,low,mild,normal,agree,0,-59970,0.0,51.0
access,13360,0,336000,336000,ASH_COATED_OSMIUM,BUY,9996,6,passive_resting_fill,9996,access,access,15.0,-0.043478,-0.3261,low,mild,normal,agree,1,-59976,0.0,42.0
access,13361,0,336100,336100,ASH_COATED_OSMIUM,SELL,10005,4,aggressive_cross,10005,public,access,7.0,-0.578947,-2.0263,high,extreme,tight,agree,0,40020,0.0,-2.0
access,13364,0,336400,336400,ASH_COATED_OSMIUM,SELL,10010,9,passive_resting_fill,10010,public,access,15.0,0.189189,1.4189,high,extreme,normal,agree,1,90090,0.0,58.5
access,13364,0,336400,336400,ASH_COATED_OSMIUM,SELL,10012,7,passive_resting_fill,10012,public,access,15.0,0.189189,1.4189,high,extreme,normal,agree,1,70084,0.0,59.5
access,13368,0,336800,336800,ASH_COATED_OSMIUM,BUY,9998,4,passive_resting_fill,9998,public,access,17.0,0.176471,1.5,high,extreme,wide,agree,1,-39992,0.0,20.0
access,13368,0,336800,336800,ASH_COATED_OSMIUM,BUY,9996,4,passive_resting_fill,9996,public,access,17.0,0.176471,1.5,high,extreme,wide,agree,1,-39984,0.0,28.0
access,13372,0,337200,337200,ASH_COATED_OSMIUM,BUY,9998,6,passive_resting_fill,9998,public,access,17.0,0.35,2.975,high,extreme,wide,agree,1,-59988,0.0,24.0
access,13372,0,337200,337200,ASH_COATED_OSMIUM,BUY,9996,6,passive_resting_fill,9996,public,access,17.0,0.35,2.975,high,extreme,wide,agree,1,-59976,0.0,36.0
access,13412,0,341200,341200,ASH_COATED_OSMIUM,BUY,9994,2,passive_resting_fill,9994,public,access,16.0,-0.4,-3.2,high,extreme,normal,agree,2,-19988,0.0,16.0
access,13432,0,343200,343200,ASH_COATED_OSMIUM,BUY,10001,17,passive_resting_fill,10001,public,access,4.0,0.130435,0.2609,low,mild,tight,agree,1,-170017,0.0,34.0
access,13432,0,343200,343200,ASH_COATED_OSMIUM,BUY,9999,5,passive_resting_fill,9999,public,access,4.0,0.130435,0.2609,low,mild,tight,agree,1,-49995,0.0,20.0
access,13432,0,343200,343200,ASH_COATED_OSMIUM,BUY,9999,8,aggressive_cross,9999,access,access,4.0,0.130435,0.2609,low,mild,tight,agree,1,-79992,0.0,32.0
access,13442,0,344200,344200,ASH_COATED_OSMIUM,BUY,9997,4,passive_resting_fill,9997,public,access,16.0,0.0,0.0,low,mild,normal,agree,1,-39988,0.0,24.0
access,13458,0,345800,345800,ASH_COATED_OSMIUM,BUY,9997,3,passive_resting_fill,9997,public,access,16.0,0.0,0.0,low,mild,normal,agree,0,-29991,0.0,25.5
access,13462,0,346200,346200,ASH_COATED_OSMIUM,BUY,9997,4,passive_resting_fill,9997,public,access,15.0,0.083333,0.625,medium,strong,normal,agree,1,-39988,0.0,26.0
access,13462,0,346200,346200,ASH_COATED_OSMIUM,BUY,9995,4,passive_resting_fill,9995,public,access,15.0,0.083333,0.625,medium,strong,normal,agree,1,-39980,0.0,34.0
access,13463,0,346300,346300,ASH_COATED_OSMIUM,SELL,10001,2,aggressive_cross,10001,public,access,9.0,-0.692308,-3.1154,high,extreme,normal,agree,2,20002,0.0,-1.0
access,13464,0,346400,346400,ASH_COATED_OSMIUM,SELL,10000,4,aggressive_cross,10000,public,access,11.0,-0.411765,-2.2647,high,extreme,normal,agree,0,40000,0.0,-14.0
access,13480,0,348000,348000,ASH_COATED_OSMIUM,SELL,10001,3,aggressive_cross,10001,public,access,11.0,-0.625,-3.4375,high,extreme,normal,agree,0,30003,0.0,-6.0
access,13486,0,348600,348600,ASH_COATED_OSMIUM,SELL,10001,2,aggressive_cross,10001,public,access,10.0,-0.733333,-3.6667,high,extreme,normal,agree,0,20002,0.0,-4.0
access,13504,0,350400,350400,ASH_COATED_OSMIUM,SELL,10007,5,passive_resting_fill,10007,public,access,15.0,0.294118,2.2059,high,extreme,normal,agree,1,50035,0.0,27.5
access,13518,0,351800,351800,ASH_COATED_OSMIUM,SELL,10009,5,passive_resting_fill,10009,access,access,14.0,0.0,0.0,low,mild,normal,agree,2,50045,0.0,27.5
access,13530,0,353000,353000,ASH_COATED_OSMIUM,BUY,9995,5,passive_resting_fill,9995,public,access,16.0,0.0,0.0,low,mild,normal,agree,0,-49975,0.0,70.0
access,13530,0,353000,353000,ASH_COATED_OSMIUM,BUY,9993,5,passive_resting_fill,9993,public,access,16.0,0.0,0.0,low,mild,normal,agree,0,-49965,0.0,80.0
access,13567,0,356700,356700,ASH_COATED_OSMIUM,SELL,10009,9,passive_resting_fill,10009,public,access,16.0,0.0,0.0,low,mild,normal,agree,1,90081,0.0,45.0
access,13567,0,356700,356700,ASH_COATED_OSMIUM,SELL,10011,6,passive_resting_fill,10011,public,access,16.0,0.0,0.0,low,mild,normal,agree,1,60066,0.0,42.0
access,13575,0,357500,357500,ASH_COATED_OSMIUM,BUY,9997,3,passive_resting_fill,9997,public,access,16.0,0.0,0.0,low,mild,normal,agree,0,-29991,0.0,9.0
access,13584,0,358400,358400,ASH_COATED_OSMIUM,SELL,10009,3,passive_resting_fill,10009,public,access,16.0,0.0,0.0,low,mild,normal,agree,1,30027,0.0,15.0
access,13584,0,358400,358400,ASH_COATED_OSMIUM,SELL,10011,3,passive_resting_fill,10011,public,access,16.0,0.0,0.0,low,mild,normal,agree,1,30033,0.0,21.0
access,13593,0,359300,359300,ASH_COATED_OSMIUM,BUY,9996,4,passive_resting_fill,9996,public,access,18.0,-0.4,-3.6,high,extreme,wide,agree,1,-39984,0.0,28.0
access,13614,0,361400,361400,ASH_COATED_OSMIUM,BUY,9995,6,passive_resting_fill,9995,access,access,17.0,-0.071429,-0.6071,medium,strong,wide,agree,2,-59970,0.0,42.0
access,13616,0,361600,361600,ASH_COATED_OSMIUM,SELL,10004,8,aggressive_cross,10004,public,access,6.0,-0.304348,-0.913,high,strong,tight,agree,0,80032,0.0,8.0
access,13632,0,363200,363200,ASH_COATED_OSMIUM,SELL,10009,2,passive_resting_fill,10009,public,access,5.0,0.285714,0.7143,medium,strong,tight,agree,1,20018,0.0,10.0
access,13633,0,363300,363300,ASH_COATED_OSMIUM,SELL,10004,8,aggressive_cross,10004,public,access,6.0,-0.111111,-0.3333,low,mild,tight,agree,0,80032,0.0,16.0
access,13653,0,365300,365300,ASH_COATED_OSMIUM,BUY,9994,3,passive_resting_fill,9994,public,access,15.0,0.302326,2.2674,high,extreme,normal,agree,1,-29982,0.0,28.5
access,13657,0,365700,365700,ASH_COATED_OSMIUM,SELL,10005,4,aggressive_cross,10005,public,access,6.0,-0.529412,-1.5882,high,extreme,tight,agree,0,40020,0.0,8.0
access,13671,0,367100,367100,ASH_COATED_OSMIUM,BUY,9998,8,aggressive_cross,9998,access,access,4.0,-0.282051,-0.5641,medium,strong,tight,agree,2,-79984,0.0,56.0
access,13690,0,369000,369000,ASH_COATED_OSMIUM,BUY,10000,8,aggressive_cross,10000,public,access,6.0,0.217391,0.6522,medium,strong,tight,agree,0,-80000,0.0,16.0
access,13705,0,370500,370500,ASH_COATED_OSMIUM,SELL,10003,5,aggressive_cross,10003,public,access,7.0,-0.333333,-1.1667,high,strong,tight,agree,0,50015,0.0,2.5
access,13753,0,375300,375300,ASH_COATED_OSMIUM,BUY,9996,4,passive_resting_fill,9996,public,access,15.0,-0.04,-0.3,low,mild,normal,agree,1,-39984,0.0,28.0
access,13754,0,375400,375400,ASH_COATED_OSMIUM,SELL,10009,3,passive_resting_fill,10009,access,access,15.0,-0.371429,-2.7857,high,extreme,normal,agree,1,30027,0.0,18.0
access,13774,0,377400,377400,ASH_COATED_OSMIUM,BUY,9995,4,passive_resting_fill,9995,public,access,16.0,0.0,0.0,low,mild,normal,agree,0,-39980,0.0,32.0
access,13784,0,378400,378400,ASH_COATED_OSMIUM,SELL,10003,4,aggressive_cross,10003,public,access,7.0,-0.529412,-1.8529,high,extreme,tight,agree,0,40012,0.0,8.0
access,13809,0,380900,380900,ASH_COATED_OSMIUM,BUY,9996,8,passive_resting_fill,9996,access,access,15.0,-0.153846,-1.1538,high,strong,normal,agree,1,-79968,0.0,56.0
access,13810,0,381000,381000,ASH_COATED_OSMIUM,SELL,10010,2,passive_resting_fill,10010,public,access,16.0,0.0,0.0,low,mild,normal,agree,1,20020,0.0,13.0
access,13830,0,383000,383000,ASH_COATED_OSMIUM,SELL,10008,6,passive_resting_fill,10008,public,access,16.0,0.0,0.0,low,mild,normal,agree,1,60048,0.0,36.0
access,13836,0,383600,383600,ASH_COATED_OSMIUM,SELL,10004,8,aggressive_cross,10004,access,access,5.0,-0.166667,-0.4167,medium,mild,tight,agree,2,80032,0.0,36.0
access,13840,0,384000,384000,ASH_COATED_OSMIUM,BUY,9992,4,passive_resting_fill,9992,public,access,18.0,0.282051,2.5385,high,extreme,wide,agree,1,-39968,0.0,42.0
access,13840,0,384000,384000,ASH_COATED_OSMIUM,BUY,9990,4,passive_resting_fill,9990,public,access,18.0,0.282051,2.5385,high,extreme,wide,agree,1,-39960,0.0,50.0
access,13848,0,384800,384800,ASH_COATED_OSMIUM,SELL,10003,7,aggressive_cross,10003,public,access,6.0,-0.3,-0.9,medium,strong,tight,agree,1,70021,0.0,14.0
access,13898,0,389800,389800,ASH_COATED_OSMIUM,SELL,10008,10,passive_resting_fill,10008,public,access,16.0,0.0,0.0,low,mild,normal,agree,0,100080,0.0,65.0
access,13899,0,389900,389900,ASH_COATED_OSMIUM,BUY,9994,7,passive_resting_fill,9994,public,access,17.0,0.043478,0.3696,medium,mild,wide,agree,2,-69958,0.0,49.0
access,13899,0,389900,389900,ASH_COATED_OSMIUM,BUY,9992,7,passive_resting_fill,9992,public,access,17.0,0.043478,0.3696,medium,mild,wide,agree,2,-69944,0.0,63.0
access,13904,0,390400,390400,ASH_COATED_OSMIUM,BUY,9995,9,passive_resting_fill,9995,public,access,16.0,0.0,0.0,low,mild,normal,agree,0,-89955,0.0,36.0
access,13904,0,390400,390400,ASH_COATED_OSMIUM,BUY,9993,7,passive_resting_fill,9993,public,access,16.0,0.0,0.0,low,mild,normal,agree,0,-69951,0.0,42.0
access,13923,0,392300,392300,ASH_COATED_OSMIUM,SELL,10009,5,passive_resting_fill,10009,public,access,15.0,0.411765,3.0882,high,extreme,normal,agree,1,50045,0.0,30.0
access,13947,0,394700,394700,ASH_COATED_OSMIUM,BUY,10000,5,aggressive_cross,10000,public,access,6.0,0.375,1.125,high,strong,tight,agree,0,-50000,0.0,10.0
access,13987,0,398700,398700,ASH_COATED_OSMIUM,SELL,10002,5,aggressive_cross,10002,public,access,10.0,-0.473684,-2.3684,high,extreme,normal,agree,1,50010,0.0,-7.5
access,14014,0,401400,401400,ASH_COATED_OSMIUM,SELL,10006,8,aggressive_cross,10006,access,access,5.0,0.037037,0.0926,low,mild,tight,agree,2,80048,0.0,24.0
access,14017,0,401700,401700,ASH_COATED_OSMIUM,SELL,10011,9,passive_resting_fill,10011,public,access,16.0,0.0,0.0,low,mild,normal,agree,0,90099,0.0,94.5
access,14024,0,402400,402400,ASH_COATED_OSMIUM,BUY,9995,5,passive_resting_fill,9995,access,access,15.0,0.034483,0.2586,low,mild,normal,agree,1,-49975,0.0,40.0
access,14052,0,405200,405200,ASH_COATED_OSMIUM,BUY,9994,2,passive_resting_fill,9994,public,access,16.0,0.0,0.0,low,mild,normal,agree,0,-19988,0.0,0.0
access,14052,0,405200,405200,ASH_COATED_OSMIUM,BUY,9992,2,passive_resting_fill,9992,public,access,16.0,0.0,0.0,low,mild,normal,agree,0,-19984,0.0,4.0
access,14092,0,409200,409200,ASH_COATED_OSMIUM,BUY,9999,7,aggressive_cross,9999,public,access,6.0,0.333333,1.0,high,strong,tight,agree,0,-69993,0.0,7.0
access,14095,0,409500,409500,ASH_COATED_OSMIUM,BUY,9999,7,aggressive_cross,9999,public,access,6.0,0.222222,0.6667,medium,strong,tight,agree,0,-69993,0.0,35.0
access,14126,0,412600,412600,ASH_COATED_OSMIUM,BUY,9992,4,passive_resting_fill,9992,public,access,16.0,0.0,0.0,low,mild,normal,agree,0,-39968,0.0,38.0
access,14158,0,415800,415800,ASH_COATED_OSMIUM,BUY,9995,6,passive_resting_fill,9995,access,access,15.0,-0.2,-1.5,high,extreme,normal,agree,1,-59970,0.0,42.0
access,14189,0,418900,418900,ASH_COATED_OSMIUM,SELL,10001,5,aggressive_cross,10001,public,access,10.0,-0.444444,-2.2222,high,extreme,normal,agree,1,50005,0.0,-10.0
access,14239,0,423900,423900,ASH_COATED_OSMIUM,SELL,10002,8,aggressive_cross,10002,access,access,6.0,-0.083333,-0.25,low,mild,tight,agree,2,80016,0.0,72.0
access,14244,0,424400,424400,ASH_COATED_OSMIUM,BUY,9999,4,aggressive_cross,9999,public,access,12.0,0.764706,4.5882,high,extreme,normal,agree,0,-39996,0.0,-2.0
access,14247,0,424700,424700,ASH_COATED_OSMIUM,BUY,9992,6,passive_resting_fill,9992,public,access,16.0,0.0,0.0,low,mild,normal,agree,0,-59952,0.0,33.0
access,14247,0,424700,424700,ASH_COATED_OSMIUM,BUY,9990,6,passive_resting_fill,9990,public,access,16.0,0.0,0.0,low,mild,normal,agree,0,-59940,0.0,45.0
access,14252,0,425200,425200,ASH_COATED_OSMIUM,SELL,10005,6,passive_resting_fill,10005,access,access,15.0,-0.5,-3.75,high,extreme,normal,agree,2,60030,0.0,42.0
access,14258,0,425800,425800,ASH_COATED_OSMIUM,BUY,9991,7,passive_resting_fill,9991,access,access,17.0,0.428571,3.6429,high,extreme,wide,agree,2,-69937,0.0,42.0
access,14280,0,428000,428000,ASH_COATED_OSMIUM,SELL,10000,8,aggressive_cross,10000,public,access,7.0,-0.238095,-0.8333,medium,strong,tight,agree,1,80000,0.0,-4.0
access,14298,0,429800,429800,ASH_COATED_OSMIUM,SELL,10000,6,aggressive_cross,10000,public,access,6.0,-0.428571,-1.2857,high,extreme,tight,agree,0,60000,0.0,-3.0
access,14301,0,430100,430100,ASH_COATED_OSMIUM,SELL,10005,4,passive_resting_fill,10005,public,access,15.0,0.071429,0.5357,medium,strong,normal,agree,1,40020,0.0,28.0
access,14301,0,430100,430100,ASH_COATED_OSMIUM,SELL,10007,4,passive_resting_fill,10007,public,access,15.0,0.071429,0.5357,medium,strong,normal,agree,1,40028,0.0,36.0
access,14328,0,432800,432800,ASH_COATED_OSMIUM,BUY,9992,6,passive_resting_fill,9992,access,access,15.0,0.473684,3.5526,high,extreme,normal,agree,1,-59952,0.0,63.0
access,14354,0,435400,435400,ASH_COATED_OSMIUM,BUY,9989,3,passive_resting_fill,9989,public,access,16.0,0.0,0.0,low,mild,normal,agree,0,-29967,0.0,27.0
access,14369,0,436900,436900,ASH_COATED_OSMIUM,BUY,9998,2,aggressive_cross,9998,public,access,12.0,0.875,5.25,high,extreme,normal,agree,0,-19996,0.0,-3.0
access,14391,0,439100,439100,ASH_COATED_OSMIUM,SELL,10007,5,passive_resting_fill,10007,access,access,15.0,0.12,0.9,medium,strong,normal,agree,1,50035,0.0,45.0
access,14398,0,439800,439800,ASH_COATED_OSMIUM,SELL,10010,7,passive_resting_fill,10010,public,access,19.0,-0.435897,-4.141,high,extreme,wide,agree,1,70070,0.0,70.0
access,14403,0,440300,440300,ASH_COATED_OSMIUM,SELL,10007,3,passive_resting_fill,10007,public,access,16.0,0.0,0.0,low,mild,normal,agree,1,30021,0.0,18.0
access,14407,0,440700,440700,ASH_COATED_OSMIUM,BUY,9992,2,passive_resting_fill,9992,public,access,16.0,0.0,0.0,low,mild,normal,agree,0,-19984,0.0,18.0
access,14419,0,441900,441900,ASH_COATED_OSMIUM,BUY,9997,8,aggressive_cross,9997,access,access,4.0,0.0,0.0,low,mild,tight,agree,2,-79976,0.0,36.0
access,14427,0,442700,442700,ASH_COATED_OSMIUM,SELL,10009,6,passive_resting_fill,10009,public,access,15.0,0.463415,3.4756,high,extreme,normal,agree,2,60054,0.0,54.0
access,14440,0,444000,444000,ASH_COATED_OSMIUM,SELL,10003,8,aggressive_cross,10003,public,access,6.0,-0.2,-0.6,medium,strong,tight,agree,0,80024,0.0,8.0
access,14450,0,445000,445000,ASH_COATED_OSMIUM,SELL,10008,8,passive_resting_fill,10008,public,access,15.0,-0.371429,-2.7857,high,extreme,normal,agree,1,80064,0.0,52.0
access,14450,0,445000,445000,ASH_COATED_OSMIUM,SELL,10010,7,passive_resting_fill,10010,public,access,15.0,-0.371429,-2.7857,high,extreme,normal,agree,1,70070,0.0,59.5
access,14480,0,448000,448000,ASH_COATED_OSMIUM,BUY,10000,8,aggressive_cross,10000,access,access,5.0,-0.090909,-0.2273,low,mild,tight,agree,1,-80000,0.0,28.0
access,14491,0,449100,449100,ASH_COATED_OSMIUM,BUY,9996,8,passive_resting_fill,9996,public,access,15.0,-0.473684,-3.5526,high,extreme,normal,agree,1,-79968,0.0,56.0
access,14518,0,451800,451800,ASH_COATED_OSMIUM,BUY,9999,5,passive_resting_fill,9999,public,access,16.0,0.0,0.0,low,mild,normal,agree,2,-49995,0.0,20.0
access,14518,0,451800,451800,ASH_COATED_OSMIUM,BUY,9997,5,passive_resting_fill,9997,public,access,16.0,0.0,0.0,low,mild,normal,agree,2,-49985,0.0,30.0
access,14534,0,453400,453400,ASH_COATED_OSMIUM,BUY,9998,6,passive_resting_fill,9998,public,access,15.0,-0.076923,-0.5769,medium,strong,normal,agree,2,-59988,0.0,63.0
access,14537,0,453700,453700,ASH_COATED_OSMIUM,SELL,10008,6,aggressive_cross,10008,public,access,7.0,-0.4,-1.4,high,extreme,tight,agree,0,60048,0.0,-3.0
access,14559,0,455900,455900,ASH_COATED_OSMIUM,BUY,10005,8,aggressive_cross,10005,public,access,6.0,0.090909,0.2727,low,mild,tight,agree,0,-80040,0.0,28.0
access,14560,0,456000,456000,ASH_COATED_OSMIUM,SELL,10005,4,passive_resting_fill,10005,public,access,16.0,0.230769,1.8462,high,extreme,normal,agree,2,40020,0.0,24.0
access,14560,0,456000,456000,ASH_COATED_OSMIUM,SELL,10007,4,passive_resting_fill,10007,public,access,16.0,0.230769,1.8462,high,extreme,normal,agree,2,40028,0.0,32.0
access,14624,0,462400,462400,ASH_COATED_OSMIUM,SELL,10007,6,aggressive_cross,10007,public,access,9.0,-0.571429,-2.5714,high,extreme,normal,agree,2,60042,0.0,6.0
access,14637,0,463700,463700,ASH_COATED_OSMIUM,BUY,10003,8,aggressive_cross,10003,public,access,5.0,0.272727,0.6818,medium,strong,tight,agree,0,-80024,0.0,20.0
access,14639,0,463900,463900,ASH_COATED_OSMIUM,SELL,10012,6,passive_resting_fill,10012,public,access,16.0,0.0,0.0,low,mild,normal,agree,1,60072,0.0,42.0
access,14655,0,465500,465500,ASH_COATED_OSMIUM,SELL,10012,6,passive_resting_fill,10012,public,access,15.0,0.090909,0.6818,medium,strong,normal,agree,2,60072,0.0,36.0
access,14659,0,465900,465900,ASH_COATED_OSMIUM,SELL,10006,4,aggressive_cross,10006,public,access,6.0,-0.578947,-1.7368,high,extreme,tight,agree,1,40024,0.0,2.0
access,14678,0,467800,467800,ASH_COATED_OSMIUM,SELL,10013,5,passive_resting_fill,10013,public,access,7.0,-0.466667,-1.6333,high,extreme,tight,agree,1,50065,0.0,62.5
access,14678,0,467800,467800,ASH_COATED_OSMIUM,SELL,10007,4,aggressive_cross,10007,public,access,7.0,-0.466667,-1.6333,high,extreme,tight,agree,1,40028,0.0,26.0
access,14681,0,468100,468100,ASH_COATED_OSMIUM,BUY,9999,8,passive_resting_fill,9999,public,access,20.0,0.083333,0.8333,medium,strong,wide,agree,1,-79992,0.0,48.0
access,14681,0,468100,468100,ASH_COATED_OSMIUM,BUY,9997,5,passive_resting_fill,9997,public,access,20.0,0.083333,0.8333,medium,strong,wide,agree,1,-49985,0.0,40.0
access,14683,0,468300,468300,ASH_COATED_OSMIUM,BUY,10003,4,aggressive_cross,10003,public,access,5.0,0.529412,1.3235,high,extreme,tight,agree,0,-40012,0.0,-4.0
access,14719,0,471900,471900,ASH_COATED_OSMIUM,SELL,10012,6,passive_resting_fill,10012,public,access,14.0,0.290323,2.0323,high,extreme,normal,agree,2,60072,0.0,45.0
access,14719,0,471900,471900,ASH_COATED_OSMIUM,SELL,10014,6,passive_resting_fill,10014,public,access,14.0,0.290323,2.0323,high,extreme,normal,agree,2,60084,0.0,57.0
access,14722,0,472200,472200,ASH_COATED_OSMIUM,BUY,9998,3,passive_resting_fill,9998,public,access,16.0,0.0,0.0,low,mild,normal,agree,0,-29994,0.0,15.0
access,14764,0,476400,476400,ASH_COATED_OSMIUM,SELL,10008,5,passive_resting_fill,10008,public,access,16.0,0.0,0.0,low,mild,normal,agree,0,50040,0.0,40.0
access,14771,0,477100,477100,ASH_COATED_OSMIUM,BUY,10001,3,aggressive_cross,10001,public,access,10.0,0.538462,2.6923,high,extreme,normal,agree,1,-30003,0.0,-1.5
access,14772,0,477200,477200,ASH_COATED_OSMIUM,BUY,9992,6,passive_resting_fill,9992,public,access,16.0,0.0,0.0,low,mild,normal,agree,0,-59952,0.0,48.0
access,14785,0,478500,478500,ASH_COATED_OSMIUM,BUY,9993,3,passive_resting_fill,9993,public,access,15.0,-0.12,-0.9,medium,strong,normal,agree,1,-29979,0.0,12.0
access,14785,0,478500,478500,ASH_COATED_OSMIUM,BUY,9991,3,passive_resting_fill,9991,public,access,15.0,-0.12,-0.9,medium,strong,normal,agree,1,-29973,0.0,18.0
access,14786,0,478600,478600,ASH_COATED_OSMIUM,BUY,9992,6,passive_resting_fill,9992,public,access,16.0,0.0,0.0,low,mild,normal,agree,0,-59952,0.0,36.0
access,14796,0,479600,479600,ASH_COATED_OSMIUM,BUY,9992,2,passive_resting_fill,9992,public,access,19.0,-0.5,-4.75,high,extreme,wide,agree,1,-19984,0.0,6.0
access,14801,0,480100,480100,ASH_COATED_OSMIUM,BUY,9998,4,aggressive_cross,9998,public,access,6.0,0.578947,1.7368,high,extreme,tight,agree,0,-39992,0.0,12.0
access,14826,0,482600,482600,ASH_COATED_OSMIUM,BUY,9991,5,passive_resting_fill,9991,public,access,16.0,0.0,0.0,low,mild,normal,agree,0,-49955,0.0,30.0
access,14826,0,482600,482600,ASH_COATED_OSMIUM,BUY,9989,5,passive_resting_fill,9989,public,access,16.0,0.0,0.0,low,mild,normal,agree,0,-49945,0.0,40.0
access,14827,0,482700,482700,ASH_COATED_OSMIUM,BUY,9990,5,passive_resting_fill,9990,public,access,19.0,-0.405405,-3.8514,high,extreme,wide,agree,0,-49950,0.0,35.0
access,14834,0,483400,483400,ASH_COATED_OSMIUM,BUY,9995,7,aggressive_cross,9995,public,access,6.0,0.3,0.9,medium,strong,tight,agree,1,-69965,0.0,28.0
access,14872,0,487200,487200,ASH_COATED_OSMIUM,SELL,10007,3,passive_resting_fill,10007,public,access,16.0,0.0,0.0,low,mild,normal,agree,0,30021,0.0,24.0
access,14875,0,487500,487500,ASH_COATED_OSMIUM,BUY,9993,4,passive_resting_fill,9993,public,access,20.0,0.388889,3.8889,high,extreme,wide,agree,1,-39972,0.0,32.0
access,14875,0,487500,487500,ASH_COATED_OSMIUM,BUY,9991,4,passive_resting_fill,9991,public,access,20.0,0.388889,3.8889,high,extreme,wide,agree,1,-39964,0.0,40.0
access,14877,0,487700,487700,ASH_COATED_OSMIUM,BUY,9995,5,passive_resting_fill,9995,public,access,18.0,0.351351,3.1622,high,extreme,wide,agree,1,-49975,0.0,30.0
access,14877,0,487700,487700,ASH_COATED_OSMIUM,BUY,9993,5,passive_resting_fill,9993,public,access,18.0,0.351351,3.1622,high,extreme,wide,agree,1,-49965,0.0,40.0
access,14897,0,489700,489700,ASH_COATED_OSMIUM,SELL,10012,7,passive_resting_fill,10012,public,access,19.0,-0.371429,-3.5286,high,extreme,wide,agree,0,70084,0.0,77.0
access,14906,0,490600,490600,ASH_COATED_OSMIUM,SELL,9998,3,aggressive_cross,9998,public,access,11.0,-0.666667,-3.6667,high,extreme,normal,agree,0,29994,0.0,-7.5
access,14914,0,491400,491400,ASH_COATED_OSMIUM,SELL,9998,3,aggressive_cross,9998,public,access,10.0,-0.625,-3.125,high,extreme,normal,agree,0,29994,0.0,-9.0
access,14923,0,492300,492300,ASH_COATED_OSMIUM,SELL,10000,5,aggressive_cross,10000,public,access,10.0,-0.473684,-2.3684,high,extreme,normal,agree,0,50000,0.0,-10.0
access,14939,0,493900,493900,ASH_COATED_OSMIUM,SELL,10003,10,aggressive_cross,10003,public,access,7.0,-0.130435,-0.4565,medium,mild,tight,agree,0,100030,0.0,15.0
access,14943,0,494300,494300,ASH_COATED_OSMIUM,SELL,10009,3,passive_resting_fill,10009,public,access,15.0,0.034483,0.2586,low,mild,normal,agree,1,30027,0.0,22.5
access,14958,0,495800,495800,ASH_COATED_OSMIUM,SELL,10001,8,aggressive_cross,10001,access,access,9.0,-0.405405,-1.8243,high,extreme,normal,agree,2,80008,0.0,-16.0
access,14988,0,498800,498800,ASH_COATED_OSMIUM,SELL,10001,6,aggressive_cross,10001,public,access,7.0,-0.428571,-1.5,high,extreme,tight,agree,1,60006,0.0,6.0
access,14989,0,498900,498900,ASH_COATED_OSMIUM,BUY,9998,8,passive_resting_fill,9998,public,access,18.0,-0.459459,-4.1351,high,extreme,wide,agree,1,-79984,0.0,20.0
access,14989,0,498900,498900,ASH_COATED_OSMIUM,BUY,9996,5,passive_resting_fill,9996,public,access,18.0,-0.459459,-4.1351,high,extreme,wide,agree,1,-49980,0.0,22.5
access,15000,0,500000,500000,ASH_COATED_OSMIUM,BUY,9993,4,passive_resting_fill,9993,public,access,17.0,0.555556,4.7222,high,extreme,wide,agree,2,-39972,0.0,24.0
access,15000,0,500000,500000,ASH_COATED_OSMIUM,BUY,9991,4,passive_resting_fill,9991,access,access,17.0,0.555556,4.7222,high,extreme,wide,agree,2,-39964,0.0,32.0
access,15015,0,501500,501500,ASH_COATED_OSMIUM,BUY,9997,8,aggressive_cross,9997,public,access,5.0,0.444444,1.1111,high,strong,tight,agree,1,-79976,0.0,8.0
access,15019,0,501900,501900,ASH_COATED_OSMIUM,SELL,10000,6,aggressive_cross,10000,public,access,7.0,-0.368421,-1.2895,high,extreme,tight,agree,0,60000,0.0,9.0
access,15027,0,502700,502700,ASH_COATED_OSMIUM,SELL,10005,2,passive_resting_fill,10005,public,access,16.0,0.0,0.0,low,mild,normal,agree,1,20010,0.0,12.0
access,15027,0,502700,502700,ASH_COATED_OSMIUM,SELL,10007,2,passive_resting_fill,10007,public,access,16.0,0.0,0.0,low,mild,normal,agree,1,20014,0.0,16.0
access,15031,0,503100,503100,ASH_COATED_OSMIUM,BUY,9996,5,aggressive_cross,9996,public,access,5.0,0.444444,1.1111,high,strong,tight,agree,0,-49980,0.0,20.0
access,15117,0,511700,511700,ASH_COATED_OSMIUM,SELL,10013,2,passive_resting_fill,10013,public,access,16.0,0.0,0.0,low,mild,normal,agree,1,20026,0.0,17.0
access,15125,0,512500,512500,ASH_COATED_OSMIUM,SELL,10013,4,passive_resting_fill,10013,access,access,18.0,-0.12,-1.08,high,strong,wide,agree,1,40052,0.0,28.0
access,15128,0,512800,512800,ASH_COATED_OSMIUM,BUY,9997,7,passive_resting_fill,9997,public,access,0.0,0.0,0.0,low,mild,tight,agree,0,-69979,0.0,70.0
access,15143,0,514300,514300,ASH_COATED_OSMIUM,BUY,9998,5,passive_resting_fill,9998,public,access,18.0,0.463415,4.1707,high,extreme,wide,agree,1,-49990,0.0,35.0
access,15143,0,514300,514300,ASH_COATED_OSMIUM,BUY,9996,5,passive_resting_fill,9996,public,access,18.0,0.463415,4.1707,high,extreme,wide,agree,1,-49980,0.0,45.0
access,15161,0,516100,516100,ASH_COATED_OSMIUM,SELL,10012,5,passive_resting_fill,10012,public,access,16.0,0.0,0.0,low,mild,normal,agree,0,50060,0.0,35.0
access,15172,0,517200,517200,ASH_COATED_OSMIUM,SELL,10011,5,passive_resting_fill,10011,public,access,17.0,0.428571,3.6429,high,extreme,wide,agree,1,50055,0.0,32.5
access,15201,0,520100,520100,ASH_COATED_OSMIUM,SELL,10015,6,passive_resting_fill,10015,public,access,16.0,0.0,0.0,low,mild,normal,agree,0,60090,0.0,42.0
access,15218,0,521800,521800,ASH_COATED_OSMIUM,BUY,10000,4,passive_resting_fill,10000,public,access,17.0,0.0,0.0,low,mild,wide,agree,1,-40000,0.0,24.0
access,15218,0,521800,521800,ASH_COATED_OSMIUM,BUY,9998,4,passive_resting_fill,9998,public,access,17.0,0.0,0.0,low,mild,wide,agree,1,-39992,0.0,32.0
access,15253,0,525300,525300,ASH_COATED_OSMIUM,SELL,10008,18,aggressive_cross,10008,access,access,5.0,0.176471,0.4412,medium,mild,tight,agree,1,180144,0.0,180.0
access,15254,0,525400,525400,ASH_COATED_OSMIUM,SELL,10003,2,aggressive_cross,10003,public,access,12.0,-0.846154,-5.0769,high,extreme,normal,agree,1,20006,0.0,5.0
access,15257,0,525700,525700,ASH_COATED_OSMIUM,BUY,9999,4,passive_resting_fill,9999,public,access,16.0,0.0,0.0,low,mild,normal,agree,0,-39996,0.0,28.0
access,15257,0,525700,525700,ASH_COATED_OSMIUM,BUY,9997,4,passive_resting_fill,9997,public,access,16.0,0.0,0.0,low,mild,normal,agree,0,-39988,0.0,36.0
access,15259,0,525900,525900,ASH_COATED_OSMIUM,BUY,10003,4,aggressive_cross,10003,public,access,5.0,0.1,0.25,low,mild,tight,agree,0,-40012,0.0,6.0
access,15263,0,526300,526300,ASH_COATED_OSMIUM,SELL,10002,2,aggressive_cross,10002,public,access,11.0,-0.714286,-3.9286,high,extreme,normal,agree,0,20004,0.0,-20.0
access,15265,0,526500,526500,ASH_COATED_OSMIUM,SELL,10006,10,aggressive_cross,10006,public,access,7.0,0.0,0.0,low,mild,tight,agree,0,100060,0.0,20.0
access,15278,0,527800,527800,ASH_COATED_OSMIUM,SELL,10003,8,aggressive_cross,10003,access,access,10.0,0.076923,0.3846,medium,mild,normal,agree,2,80024,0.0,-24.0
access,15323,0,532300,532300,ASH_COATED_OSMIUM,BUY,10000,3,passive_resting_fill,10000,public,access,16.0,0.0,0.0,low,mild,normal,agree,0,-30000,0.0,4.5
access,15323,0,532300,532300,ASH_COATED_OSMIUM,BUY,9998,3,passive_resting_fill,9998,public,access,16.0,0.0,0.0,low,mild,normal,agree,0,-29994,0.0,10.5
access,15337,0,533700,533700,ASH_COATED_OSMIUM,SELL,10005,3,aggressive_cross,10005,public,access,11.0,-0.538462,-2.9615,high,extreme,normal,agree,1,30015,0.0,-12.0
access,15341,0,534100,534100,ASH_COATED_OSMIUM,SELL,10006,4,aggressive_cross,10006,public,access,11.0,-0.5,-2.75,high,extreme,normal,agree,0,40024,0.0,-18.0
access,15344,0,534400,534400,ASH_COATED_OSMIUM,SELL,10007,3,aggressive_cross,10007,public,access,11.0,-0.647059,-3.5588,high,extreme,normal,agree,0,30021,0.0,-12.0
access,15348,0,534800,534800,ASH_COATED_OSMIUM,SELL,10013,8,aggressive_cross,10013,access,access,6.0,0.405405,1.2162,high,strong,tight,agree,1,80104,0.0,16.0
access,15354,0,535400,535400,ASH_COATED_OSMIUM,SELL,10009,4,aggressive_cross,10009,public,access,10.0,-0.428571,-2.1429,high,extreme,normal,agree,0,40036,0.0,-16.0
access,15357,0,535700,535700,ASH_COATED_OSMIUM,SELL,10009,3,aggressive_cross,10009,public,access,10.0,-0.625,-3.125,high,extreme,normal,agree,0,30027,0.0,-1.5
access,15361,0,536100,536100,ASH_COATED_OSMIUM,BUY,10004,6,passive_resting_fill,10004,public,access,16.0,0.0,0.0,low,mild,normal,agree,0,-60024,0.0,21.0
access,15372,0,537200,537200,ASH_COATED_OSMIUM,SELL,10018,3,passive_resting_fill,10018,public,access,16.0,0.0,0.0,low,mild,normal,agree,0,30054,0.0,22.5
access,15382,0,538200,538200,ASH_COATED_OSMIUM,SELL,10013,9,aggressive_cross,10013,public,access,6.0,-0.1,-0.3,low,mild,tight,agree,0,90117,0.0,18.0
access,15390,0,539000,539000,ASH_COATED_OSMIUM,SELL,10009,5,aggressive_cross,10009,public,access,10.0,-0.444444,-2.2222,high,extreme,normal,agree,0,50045,0.0,40.0
access,15423,0,542300,542300,ASH_COATED_OSMIUM,SELL,10015,8,aggressive_cross,10015,public,access,6.0,-0.2,-0.6,medium,strong,tight,agree,1,80120,0.0,0.0
access,15459,0,545900,545900,ASH_COATED_OSMIUM,SELL,10017,11,aggressive_cross,10017,access,access,6.0,-0.12,-0.36,medium,mild,tight,agree,1,110187,0.0,11.0
access,15484,0,548400,548400,ASH_COATED_OSMIUM,SELL,10016,18,aggressive_cross,10016,access,access,5.0,-0.018182,-0.0455,low,mild,tight,agree,2,180288,0.0,9.0
access,15526,0,552600,552600,ASH_COATED_OSMIUM,SELL,10014,5,aggressive_cross,10014,public,access,6.0,-0.333333,-1.0,high,strong,tight,agree,0,50070,0.0,-30.0
access,15529,0,552900,552900,ASH_COATED_OSMIUM,BUY,10005,2,passive_resting_fill,10005,public,access,16.0,0.0,0.0,low,mild,normal,agree,1,-20010,0.0,12.0
access,15544,0,554400,554400,ASH_COATED_OSMIUM,BUY,10011,10,passive_resting_fill,10011,public,access,16.0,0.0,0.0,low,mild,normal,agree,1,-100110,0.0,-5.0
access,15544,0,554400,554400,ASH_COATED_OSMIUM,BUY,10009,4,passive_resting_fill,10009,public,access,16.0,0.0,0.0,low,mild,normal,agree,1,-40036,0.0,6.0
access,15567,0,556700,556700,ASH_COATED_OSMIUM,BUY,10006,2,passive_resting_fill,10006,public,access,16.0,0.0,0.0,low,mild,normal,agree,0,-20012,0.0,11.0
access,15577,0,557700,557700,ASH_COATED_OSMIUM,BUY,10004,8,passive_resting_fill,10004,public,access,16.0,0.0,0.0,low,mild,normal,agree,1,-80032,0.0,56.0
access,15578,0,557800,557800,ASH_COATED_OSMIUM,BUY,10008,6,aggressive_cross,10008,public,access,6.0,0.25,0.75,medium,strong,tight,agree,0,-60048,0.0,9.0
access,15603,0,560300,560300,ASH_COATED_OSMIUM,SELL,10018,6,passive_resting_fill,10018,public,access,16.0,0.0,0.0,low,mild,normal,agree,1,60108,0.0,21.0
access,15608,0,560800,560800,ASH_COATED_OSMIUM,SELL,10011,8,aggressive_cross,10011,public,access,7.0,-0.130435,-0.4565,medium,mild,tight,agree,1,80088,0.0,20.0
access,15635,0,563500,563500,ASH_COATED_OSMIUM,BUY,10010,2,aggressive_cross,10010,public,access,10.0,0.692308,3.4615,high,extreme,normal,agree,0,-20020,0.0,-4.0
access,15637,0,563700,563700,ASH_COATED_OSMIUM,SELL,10015,3,passive_resting_fill,10015,public,access,15.0,0.421053,3.1579,high,extreme,normal,agree,1,30045,0.0,21.0
access,15649,0,564900,564900,ASH_COATED_OSMIUM,BUY,10009,5,aggressive_cross,10009,public,access,9.0,0.375,1.6875,high,extreme,normal,agree,0,-50045,0.0,7.5
access,15666,0,566600,566600,ASH_COATED_OSMIUM,SELL,10017,7,passive_resting_fill,10017,public,access,16.0,0.0,0.0,low,mild,normal,agree,0,70119,0.0,42.0
access,15673,0,567300,567300,ASH_COATED_OSMIUM,BUY,10004,10,passive_resting_fill,10004,public,access,16.0,0.0,0.0,low,mild,normal,agree,0,-100040,0.0,55.0
access,15673,0,567300,567300,ASH_COATED_OSMIUM,BUY,10002,7,passive_resting_fill,10002,public,access,16.0,0.0,0.0,low,mild,normal,agree,0,-70014,0.0,52.5
access,15730,0,573000,573000,ASH_COATED_OSMIUM,SELL,10015,3,passive_resting_fill,10015,access,access,15.0,-0.318182,-2.3864,high,extreme,normal,agree,1,30045,0.0,21.0
access,15740,0,574000,574000,ASH_COATED_OSMIUM,BUY,10003,2,passive_resting_fill,10003,public,access,15.0,-0.348837,-2.6163,high,extreme,normal,agree,1,-20006,0.0,9.0
access,15740,0,574000,574000,ASH_COATED_OSMIUM,BUY,10001,2,passive_resting_fill,10001,public,access,15.0,-0.348837,-2.6163,high,extreme,normal,agree,1,-20002,0.0,13.0
access,15741,0,574100,574100,ASH_COATED_OSMIUM,SELL,10015,5,passive_resting_fill,10015,public,access,16.0,0.0,0.0,low,mild,normal,agree,1,50075,0.0,65.0
access,15741,0,574100,574100,ASH_COATED_OSMIUM,SELL,10017,5,passive_resting_fill,10017,public,access,16.0,0.0,0.0,low,mild,normal,agree,1,50085,0.0,75.0
access,15743,0,574300,574300,ASH_COATED_OSMIUM,BUY,10003,3,passive_resting_fill,10003,public,access,17.0,-0.04,-0.34,low,mild,wide,agree,1,-30009,0.0,21.0
access,15743,0,574300,574300,ASH_COATED_OSMIUM,BUY,10001,3,passive_resting_fill,10001,public,access,17.0,-0.04,-0.34,low,mild,wide,agree,1,-30003,0.0,27.0
access,15784,0,578400,578400,ASH_COATED_OSMIUM,BUY,10005,4,aggressive_cross,10005,public,access,5.0,0.529412,1.3235,high,extreme,tight,agree,0,-40020,0.0,20.0
access,15786,0,578600,578600,ASH_COATED_OSMIUM,SELL,10010,6,aggressive_cross,10010,public,access,6.0,-0.294118,-0.8824,medium,strong,tight,agree,0,60060,0.0,12.0
access,15790,0,579000,579000,ASH_COATED_OSMIUM,BUY,10005,14,aggressive_cross,10005,access,access,6.0,0.034483,0.1034,low,mild,tight,agree,2,-140070,0.0,28.0
access,15808,0,580800,580800,ASH_COATED_OSMIUM,BUY,10005,6,aggressive_cross,10005,public,access,4.0,0.294118,0.5882,medium,strong,tight,agree,1,-60030,0.0,-42.0
access,15832,0,583200,583200,ASH_COATED_OSMIUM,BUY,10003,8,aggressive_cross,10003,public,access,4.0,0.470588,0.9412,high,strong,tight,agree,2,-80024,0.0,24.0
access,15839,0,583900,583900,ASH_COATED_OSMIUM,SELL,10013,7,passive_resting_fill,10013,access,access,15.0,0.12,0.9,medium,strong,normal,agree,1,70091,0.0,70.0
access,15840,0,584000,584000,ASH_COATED_OSMIUM,SELL,10012,8,passive_resting_fill,10012,public,access,16.0,0.0,0.0,low,mild,normal,agree,0,80096,0.0,60.0
access,15851,0,585100,585100,ASH_COATED_OSMIUM,BUY,10001,5,aggressive_cross,10001,public,access,6.0,0.411765,1.2353,high,strong,tight,agree,1,-50005,0.0,17.5
access,15890,0,589000,589000,ASH_COATED_OSMIUM,BUY,10002,6,aggressive_cross,10002,public,access,4.0,0.294118,0.5882,medium,strong,tight,agree,1,-60012,0.0,9.0
access,15901,0,590100,590100,ASH_COATED_OSMIUM,SELL,10011,3,passive_resting_fill,10011,public,access,18.0,0.297297,2.6757,high,extreme,wide,agree,0,30033,0.0,16.5
access,15930,0,593000,593000,ASH_COATED_OSMIUM,SELL,10007,8,aggressive_cross,10007,public,access,9.0,-0.466667,-2.1,high,extreme,normal,agree,0,80056,0.0,12.0
access,15931,0,593100,593100,ASH_COATED_OSMIUM,BUY,10007,18,passive_resting_fill,10007,public,access,9.0,-0.393939,-1.7727,high,extreme,normal,agree,2,-180126,0.0,-45.0
access,15940,0,594000,594000,ASH_COATED_OSMIUM,SELL,10004,4,aggressive_cross,10004,public,access,9.0,-0.375,-1.6875,high,extreme,normal,agree,1,40016,0.0,-40.0
access,15948,0,594800,594800,ASH_COATED_OSMIUM,SELL,10011,2,passive_resting_fill,10011,public,access,16.0,0.0,0.0,low,mild,normal,agree,1,20022,0.0,15.0
access,15948,0,594800,594800,ASH_COATED_OSMIUM,SELL,10013,2,passive_resting_fill,10013,public,access,16.0,0.0,0.0,low,mild,normal,agree,1,20026,0.0,19.0
access,16006,0,600600,600600,ASH_COATED_OSMIUM,BUY,9994,6,passive_resting_fill,9994,public,access,16.0,0.0,0.0,low,mild,normal,agree,0,-59964,0.0,54.0
access,16042,0,604200,604200,ASH_COATED_OSMIUM,BUY,10002,4,aggressive_cross,10002,public,access,5.0,0.428571,1.0714,high,strong,tight,agree,0,-40008,0.0,14.0
access,16072,0,607200,607200,ASH_COATED_OSMIUM,BUY,9997,3,passive_resting_fill,9997,public,access,16.0,0.0,0.0,low,mild,normal,agree,0,-29991,0.0,24.0
access,16088,0,608800,608800,ASH_COATED_OSMIUM,BUY,10000,6,aggressive_cross,10000,public,access,6.0,0.428571,1.2857,high,extreme,tight,agree,0,-60000,0.0,12.0
access,16097,0,609700,609700,ASH_COATED_OSMIUM,BUY,9998,6,aggressive_cross,9998,public,access,5.0,0.4,1.0,high,strong,tight,agree,0,-59988,0.0,21.0
access,16114,0,611400,611400,ASH_COATED_OSMIUM,BUY,9995,6,passive_resting_fill,9995,public,access,16.0,0.0,0.0,low,mild,normal,agree,0,-59970,0.0,24.0
access,16114,0,611400,611400,ASH_COATED_OSMIUM,BUY,9993,6,passive_resting_fill,9993,public,access,16.0,0.0,0.0,low,mild,normal,agree,0,-59958,0.0,36.0
access,16117,0,611700,611700,ASH_COATED_OSMIUM,BUY,9994,2,passive_resting_fill,9994,access,access,15.0,0.153846,1.1538,high,strong,normal,agree,1,-19988,0.0,10.0
access,16156,0,615600,615600,ASH_COATED_OSMIUM,SELL,10008,5,passive_resting_fill,10008,access,access,15.0,-0.083333,-0.625,medium,strong,normal,agree,2,50040,0.0,45.0
access,16187,0,618700,618700,ASH_COATED_OSMIUM,BUY,9998,4,aggressive_cross,9998,access,access,6.0,0.428571,1.2857,high,extreme,tight,agree,2,-39992,0.0,18.0
access,16207,0,620700,620700,ASH_COATED_OSMIUM,SELL,10010,8,passive_resting_fill,10010,public,access,15.0,0.375,2.8125,high,extreme,normal,agree,1,80080,0.0,52.0
access,16227,0,622700,622700,ASH_COATED_OSMIUM,SELL,10011,4,passive_resting_fill,10011,public,access,19.0,0.021277,0.2021,low,mild,wide,agree,2,40044,0.0,26.0
access,16227,0,622700,622700,ASH_COATED_OSMIUM,SELL,10013,4,passive_resting_fill,10013,public,access,19.0,0.021277,0.2021,low,mild,wide,agree,2,40052,0.0,34.0
access,16245,0,624500,624500,ASH_COATED_OSMIUM,BUY,9996,6,passive_resting_fill,9996,access,access,17.0,-0.038462,-0.3269,low,mild,wide,agree,1,-59976,0.0,27.0
access,16260,0,626000,626000,ASH_COATED_OSMIUM,BUY,9998,5,aggressive_cross,9998,public,access,5.0,0.5,1.25,high,extreme,tight,agree,0,-49990,0.0,10.0
access,16289,0,628900,628900,ASH_COATED_OSMIUM,SELL,10008,6,passive_resting_fill,10008,public,access,15.0,-0.189189,-1.4189,high,extreme,normal,agree,1,60048,0.0,42.0
access,16321,0,632100,632100,ASH_COATED_OSMIUM,SELL,10009,5,passive_resting_fill,10009,public,access,16.0,0.0,0.0,low,mild,normal,agree,1,50045,0.0,52.5
access,16340,0,634000,634000,ASH_COATED_OSMIUM,BUY,9995,2,passive_resting_fill,9995,public,access,16.0,0.0,0.0,low,mild,normal,agree,0,-19990,0.0,15.0
access,16391,0,639100,639100,ASH_COATED_OSMIUM,SELL,10011,8,passive_resting_fill,10011,access,access,15.0,-0.277778,-2.0833,high,extreme,normal,agree,1,80088,0.0,60.0
access,16405,0,640500,640500,ASH_COATED_OSMIUM,SELL,10006,8,aggressive_cross,10006,public,access,6.0,-0.157895,-0.4737,medium,mild,tight,agree,0,80048,0.0,0.0
access,16418,0,641800,641800,ASH_COATED_OSMIUM,SELL,10011,5,passive_resting_fill,10011,public,access,16.0,0.0,0.0,low,mild,normal,agree,0,50055,0.0,30.0
access,16427,0,642700,642700,ASH_COATED_OSMIUM,SELL,10012,6,passive_resting_fill,10012,public,access,21.0,0.0,0.0,low,mild,wide,agree,1,60072,0.0,72.0
access,16427,0,642700,642700,ASH_COATED_OSMIUM,SELL,10014,6,passive_resting_fill,10014,public,access,21.0,0.0,0.0,low,mild,wide,agree,1,60084,0.0,84.0
access,16441,0,644100,644100,ASH_COATED_OSMIUM,SELL,10010,6,passive_resting_fill,10010,public,access,19.0,0.35,3.325,high,extreme,wide,agree,2,60060,0.0,42.0
access,16454,0,645400,645400,ASH_COATED_OSMIUM,BUY,9997,2,passive_resting_fill,9997,public,access,15.0,0.047619,0.3571,medium,mild,normal,agree,1,-19994,0.0,14.0
access,16454,0,645400,645400,ASH_COATED_OSMIUM,BUY,9995,2,passive_resting_fill,9995,public,access,15.0,0.047619,0.3571,medium,mild,normal,agree,1,-19990,0.0,18.0
access,16457,0,645700,645700,ASH_COATED_OSMIUM,SELL,10010,8,passive_resting_fill,10010,public,access,0.0,0.0,0.0,low,mild,tight,agree,0,80080,0.0,60.0
access,16466,0,646600,646600,ASH_COATED_OSMIUM,BUY,10005,4,aggressive_cross,10005,public,access,8.0,0.466667,1.8667,high,extreme,tight,agree,1,-40020,0.0,-10.0
access,16473,0,647300,647300,ASH_COATED_OSMIUM,SELL,10010,5,passive_resting_fill,10010,public,access,18.0,-0.365854,-3.2927,high,extreme,wide,agree,1,50050,0.0,30.0
access,16473,0,647300,647300,ASH_COATED_OSMIUM,SELL,10012,5,passive_resting_fill,10012,public,access,18.0,-0.365854,-3.2927,high,extreme,wide,agree,1,50060,0.0,40.0
access,16504,0,650400,650400,ASH_COATED_OSMIUM,BUY,9995,4,passive_resting_fill,9995,public,access,16.0,0.0,0.0,low,mild,normal,agree,1,-39980,0.0,20.0
access,16504,0,650400,650400,ASH_COATED_OSMIUM,BUY,9993,4,passive_resting_fill,9993,public,access,16.0,0.0,0.0,low,mild,normal,agree,1,-39972,0.0,28.0
access,16515,0,651500,651500,ASH_COATED_OSMIUM,BUY,10002,2,aggressive_cross,10002,public,access,9.0,0.764706,3.4412,high,extreme,normal,agree,0,-20004,0.0,-1.0
access,16539,0,653900,653900,ASH_COATED_OSMIUM,BUY,9993,6,passive_resting_fill,9993,public,access,18.0,-0.411765,-3.7059,high,extreme,wide,agree,0,-59958,0.0,27.0
access,16539,0,653900,653900,ASH_COATED_OSMIUM,BUY,9991,6,passive_resting_fill,9991,public,access,18.0,-0.411765,-3.7059,high,extreme,wide,agree,0,-59946,0.0,39.0
access,16548,0,654800,654800,ASH_COATED_OSMIUM,BUY,9992,6,passive_resting_fill,9992,public,access,15.0,-0.375,-2.8125,high,extreme,normal,agree,1,-59952,0.0,39.0
access,16569,0,656900,656900,ASH_COATED_OSMIUM,BUY,9993,10,passive_resting_fill,9993,public,access,15.0,0.083333,0.625,medium,strong,normal,agree,1,-99930,0.0,30.0
access,16569,0,656900,656900,ASH_COATED_OSMIUM,BUY,9991,7,passive_resting_fill,9991,access,access,15.0,0.083333,0.625,medium,strong,normal,agree,1,-69937,0.0,35.0
access,16580,0,658000,658000,ASH_COATED_OSMIUM,BUY,9992,3,passive_resting_fill,9992,public,access,17.0,-0.333333,-2.8333,high,extreme,wide,agree,1,-29976,0.0,13.5
access,16583,0,658300,658300,ASH_COATED_OSMIUM,SELL,10005,2,passive_resting_fill,10005,public,access,0.0,0.0,0.0,low,mild,tight,agree,0,20010,0.0,14.0
access,16584,0,658400,658400,ASH_COATED_OSMIUM,SELL,10005,2,passive_resting_fill,10005,public,access,15.0,0.0,0.0,low,mild,normal,agree,1,20010,0.0,15.0
access,16594,0,659400,659400,ASH_COATED_OSMIUM,BUY,9997,8,aggressive_cross,9997,access,access,9.0,0.0,0.0,low,mild,normal,agree,1,-79976,0.0,-16.0
access,16664,0,666400,666400,ASH_COATED_OSMIUM,BUY,9983,4,passive_resting_fill,9983,public,access,18.0,-0.277778,-2.5,high,extreme,wide,agree,1,-39932,0.0,26.0
access,16668,0,666800,666800,ASH_COATED_OSMIUM,BUY,9983,5,passive_resting_fill,9983,public,access,16.0,0.0,0.0,low,mild,normal,agree,0,-49915,0.0,45.0
access,16668,0,666800,666800,ASH_COATED_OSMIUM,BUY,9981,5,passive_resting_fill,9981,public,access,16.0,0.0,0.0,low,mild,normal,agree,0,-49905,0.0,55.0
access,16670,0,667000,667000,ASH_COATED_OSMIUM,BUY,9992,5,aggressive_cross,9992,public,access,9.0,0.444444,2.0,high,extreme,normal,agree,0,-49960,0.0,0.0
access,16680,0,668000,668000,ASH_COATED_OSMIUM,SELL,9998,2,passive_resting_fill,9998,public,access,15.0,-0.189189,-1.4189,high,extreme,normal,agree,1,19996,0.0,8.0
access,16680,0,668000,668000,ASH_COATED_OSMIUM,SELL,10000,2,passive_resting_fill,10000,public,access,15.0,-0.189189,-1.4189,high,extreme,normal,agree,1,20000,0.0,12.0
access,16736,0,673600,673600,ASH_COATED_OSMIUM,BUY,9991,10,passive_resting_fill,9991,access,access,14.0,-0.444444,-3.1111,high,extreme,normal,agree,2,-99910,0.0,40.0
access,16768,0,676800,676800,ASH_COATED_OSMIUM,BUY,9989,4,passive_resting_fill,9989,public,access,16.0,0.0,0.0,low,mild,normal,agree,1,-39956,0.0,22.0
access,16768,0,676800,676800,ASH_COATED_OSMIUM,BUY,9987,4,passive_resting_fill,9987,public,access,16.0,0.0,0.0,low,mild,normal,agree,1,-39948,0.0,30.0
access,16771,0,677100,677100,ASH_COATED_OSMIUM,BUY,9989,2,passive_resting_fill,9989,public,access,0.0,0.0,0.0,low,mild,tight,agree,0,-19978,0.0,14.0
access,16771,0,677100,677100,ASH_COATED_OSMIUM,BUY,9987,2,passive_resting_fill,9987,public,access,0.0,0.0,0.0,low,mild,tight,agree,0,-19974,0.0,18.0
access,16793,0,679300,679300,ASH_COATED_OSMIUM,BUY,9991,6,aggressive_cross,9991,public,access,5.0,0.25,0.625,medium,strong,tight,agree,0,-59946,0.0,0.0
access,16812,0,681200,681200,ASH_COATED_OSMIUM,SELL,10001,9,passive_resting_fill,10001,public,access,16.0,0.0,0.0,low,mild,normal,agree,0,90009,0.0,49.5
access,16829,0,682900,682900,ASH_COATED_OSMIUM,SELL,10001,4,passive_resting_fill,10001,public,access,14.0,0.047619,0.3333,low,mild,normal,agree,2,40004,0.0,18.0
access,16829,0,682900,682900,ASH_COATED_OSMIUM,SELL,10003,4,passive_resting_fill,10003,public,access,14.0,0.047619,0.3333,low,mild,normal,agree,2,40012,0.0,26.0
access,16854,0,685400,685400,ASH_COATED_OSMIUM,SELL,10000,7,passive_resting_fill,10000,public,access,18.0,0.3,2.7,high,extreme,wide,agree,1,70000,0.0,31.5
access,16876,0,687600,687600,ASH_COATED_OSMIUM,BUY,9996,3,aggressive_cross,9996,public,access,10.0,0.647059,3.2353,high,extreme,normal,agree,0,-29988,0.0,-1.5
access,16896,0,689600,689600,ASH_COATED_OSMIUM,BUY,9991,10,aggressive_cross,9991,public,access,6.0,0.090909,0.2727,low,mild,tight,agree,0,-99910,0.0,10.0
access,16897,0,689700,689700,ASH_COATED_OSMIUM,BUY,9994,3,aggressive_cross,9994,public,access,9.0,0.647059,2.9118,high,extreme,normal,agree,0,-29982,0.0,18.0
access,16908,0,690800,690800,ASH_COATED_OSMIUM,BUY,9984,4,passive_resting_fill,9984,public,access,18.0,-0.297297,-2.6757,high,extreme,wide,agree,0,-39936,0.0,26.0
access,16994,0,699400,699400,ASH_COATED_OSMIUM,BUY,9991,2,aggressive_cross,9991,public,access,9.0,0.764706,3.4412,high,extreme,normal,agree,0,-19982,0.0,1.0
access,16997,0,699700,699700,ASH_COATED_OSMIUM,BUY,9990,4,aggressive_cross,9990,public,access,8.0,0.428571,1.7143,high,extreme,tight,agree,1,-39960,0.0,-6.0
access,16999,0,699900,699900,ASH_COATED_OSMIUM,SELL,9996,2,passive_resting_fill,9996,public,access,11.0,-0.333333,-1.8333,high,extreme,normal,agree,0,19992,0.0,12.0
access,17003,0,700300,700300,ASH_COATED_OSMIUM,SELL,9995,6,passive_resting_fill,9995,public,access,16.0,0.0,0.0,low,mild,normal,agree,0,59970,0.0,54.0
access,17003,0,700300,700300,ASH_COATED_OSMIUM,SELL,9997,6,passive_resting_fill,9997,public,access,16.0,0.0,0.0,low,mild,normal,agree,0,59982,0.0,66.0
access,17004,0,700400,700400,ASH_COATED_OSMIUM,BUY,9982,3,passive_resting_fill,9982,public,access,18.0,-0.235294,-2.1176,high,extreme,wide,agree,1,-29946,0.0,19.5
access,17008,0,700800,700800,ASH_COATED_OSMIUM,BUY,9991,2,aggressive_cross,9991,public,access,10.0,0.692308,3.4615,high,extreme,normal,agree,0,-19982,0.0,-2.0
access,17020,0,702000,702000,ASH_COATED_OSMIUM,BUY,9991,2,aggressive_cross,9991,public,access,9.0,0.764706,3.4412,high,extreme,normal,agree,0,-19982,0.0,2.0
access,17031,0,703100,703100,ASH_COATED_OSMIUM,BUY,9986,4,passive_resting_fill,9986,public,access,16.0,0.0,0.0,low,mild,normal,agree,0,-39944,0.0,-8.0
access,17031,0,703100,703100,ASH_COATED_OSMIUM,BUY,9984,4,passive_resting_fill,9984,public,access,16.0,0.0,0.0,low,mild,normal,agree,0,-39936,0.0,0.0
access,17039,0,703900,703900,ASH_COATED_OSMIUM,BUY,9986,2,passive_resting_fill,9986,public,access,4.0,-0.333333,-0.6667,medium,strong,tight,agree,1,-19972,0.0,6.0
access,17039,0,703900,703900,ASH_COATED_OSMIUM,BUY,9984,2,passive_resting_fill,9984,public,access,4.0,-0.333333,-0.6667,medium,strong,tight,agree,1,-19968,0.0,10.0
access,17078,0,707800,707800,ASH_COATED_OSMIUM,BUY,9983,5,passive_resting_fill,9983,public,access,19.0,0.0,0.0,low,mild,wide,agree,1,-49915,0.0,35.0
access,17094,0,709400,709400,ASH_COATED_OSMIUM,SELL,9991,6,aggressive_cross,9991,public,access,9.0,-0.625,-2.8125,high,extreme,normal,agree,0,59946,0.0,12.0
access,17098,0,709800,709800,ASH_COATED_OSMIUM,SELL,9990,8,aggressive_cross,9990,public,access,7.0,-0.052632,-0.1842,low,mild,tight,agree,0,79920,0.0,24.0
access,17102,0,710200,710200,ASH_COATED_OSMIUM,SELL,9995,2,passive_resting_fill,9995,public,access,21.0,0.0,0.0,low,mild,wide,agree,1,19990,0.0,10.0
access,17116,0,711600,711600,ASH_COATED_OSMIUM,BUY,9987,10,aggressive_cross,9987,public,access,7.0,0.166667,0.5833,medium,strong,tight,agree,1,-99870,0.0,15.0
access,17121,0,712100,712100,ASH_COATED_OSMIUM,SELL,9995,5,passive_resting_fill,9995,public,access,15.0,-0.043478,-0.3261,low,mild,normal,agree,1,49975,0.0,30.0
access,17121,0,712100,712100,ASH_COATED_OSMIUM,SELL,9997,5,passive_resting_fill,9997,public,access,15.0,-0.043478,-0.3261,low,mild,normal,agree,1,49985,0.0,40.0
access,17137,0,713700,713700,ASH_COATED_OSMIUM,BUY,9986,10,aggressive_cross,9986,public,access,6.0,0.166667,0.5,medium,strong,tight,agree,0,-99860,0.0,20.0
access,17149,0,714900,714900,ASH_COATED_OSMIUM,BUY,9985,5,aggressive_cross,9985,public,access,5.0,0.5,1.25,high,extreme,tight,agree,0,-49925,0.0,12.5
access,17178,0,717800,717800,ASH_COATED_OSMIUM,BUY,9988,3,aggressive_cross,9988,public,access,9.0,0.538462,2.4231,high,extreme,normal,agree,0,-29964,0.0,-4.5
access,17190,0,719000,719000,ASH_COATED_OSMIUM,BUY,9988,2,aggressive_cross,9988,public,access,11.0,0.714286,3.9286,high,extreme,normal,agree,1,-19976,0.0,-3.0
access,17204,0,720400,720400,ASH_COATED_OSMIUM,SELL,9994,4,passive_resting_fill,9994,public,access,16.0,0.0,0.0,low,mild,normal,agree,0,39976,0.0,24.0
access,17204,0,720400,720400,ASH_COATED_OSMIUM,SELL,9996,4,passive_resting_fill,9996,public,access,16.0,0.0,0.0,low,mild,normal,agree,0,39984,0.0,32.0
access,17212,0,721200,721200,ASH_COATED_OSMIUM,SELL,9989,8,aggressive_cross,9989,public,access,6.0,-0.272727,-0.8182,medium,strong,tight,agree,0,79912,0.0,16.0
access,17231,0,723100,723100,ASH_COATED_OSMIUM,BUY,9980,6,passive_resting_fill,9980,public,access,16.0,0.0,0.0,low,mild,normal,agree,0,-59880,0.0,36.0
access,17248,0,724800,724800,ASH_COATED_OSMIUM,BUY,9985,8,aggressive_cross,9985,public,access,6.0,0.2,0.6,medium,strong,tight,agree,1,-79880,0.0,24.0
access,17257,0,725700,725700,ASH_COATED_OSMIUM,BUY,9981,8,passive_resting_fill,9981,public,access,15.0,-0.282051,-2.1154,high,extreme,normal,agree,2,-79848,0.0,64.0
access,17267,0,726700,726700,ASH_COATED_OSMIUM,SELL,9988,5,aggressive_cross,9988,public,access,9.0,-0.714286,-3.2143,high,extreme,normal,agree,1,49940,0.0,-15.0
access,17282,0,728200,728200,ASH_COATED_OSMIUM,SELL,9989,2,aggressive_cross,9989,public,access,11.0,-0.714286,-3.9286,high,extreme,normal,agree,0,19978,0.0,-8.0
access,17291,0,729100,729100,ASH_COATED_OSMIUM,SELL,9998,8,passive_resting_fill,9998,public,access,18.0,0.290323,2.6129,high,extreme,wide,agree,0,79984,0.0,48.0
access,17293,0,729300,729300,ASH_COATED_OSMIUM,BUY,9986,5,passive_resting_fill,9986,public,access,15.0,-0.263158,-1.9737,high,extreme,normal,agree,2,-49930,0.0,35.0
access,17293,0,729300,729300,ASH_COATED_OSMIUM,BUY,9984,5,passive_resting_fill,9984,public,access,15.0,-0.263158,-1.9737,high,extreme,normal,agree,2,-49920,0.0,45.0
access,17305,0,730500,730500,ASH_COATED_OSMIUM,BUY,9985,5,passive_resting_fill,9985,public,access,19.0,0.363636,3.4545,high,extreme,wide,agree,0,-49925,0.0,57.5
access,17310,0,731000,731000,ASH_COATED_OSMIUM,SELL,9991,9,passive_resting_fill,9991,public,access,9.0,-0.454545,-2.0455,high,extreme,normal,agree,1,89919,0.0,22.5
access,17310,0,731000,731000,ASH_COATED_OSMIUM,SELL,9992,8,aggressive_cross,9992,public,access,9.0,-0.454545,-2.0455,high,extreme,normal,agree,1,79936,0.0,28.0
access,17312,0,731200,731200,ASH_COATED_OSMIUM,SELL,9999,9,passive_resting_fill,9999,public,access,16.0,0.0,0.0,low,mild,normal,agree,0,89991,0.0,63.0
access,17337,0,733700,733700,ASH_COATED_OSMIUM,BUY,9990,7,aggressive_cross,9990,public,access,5.0,0.222222,0.5556,medium,strong,tight,agree,0,-69930,0.0,10.5
access,17348,0,734800,734800,ASH_COATED_OSMIUM,SELL,10001,5,passive_resting_fill,10001,public,access,15.0,-0.578947,-4.3421,high,extreme,normal,agree,1,50005,0.0,47.5
access,17349,0,734900,734900,ASH_COATED_OSMIUM,BUY,9987,5,passive_resting_fill,9987,public,access,17.0,-0.333333,-2.8333,high,extreme,wide,agree,1,-49935,0.0,27.5
access,17349,0,734900,734900,ASH_COATED_OSMIUM,BUY,9985,5,passive_resting_fill,9985,public,access,17.0,-0.333333,-2.8333,high,extreme,wide,agree,1,-49925,0.0,37.5
access,17395,0,739500,739500,ASH_COATED_OSMIUM,BUY,9984,10,passive_resting_fill,9984,public,access,17.0,-0.153846,-1.3077,high,extreme,wide,agree,1,-99840,0.0,75.0
access,17395,0,739500,739500,ASH_COATED_OSMIUM,BUY,9982,3,passive_resting_fill,9982,public,access,17.0,-0.153846,-1.3077,high,extreme,wide,agree,1,-29946,0.0,28.5
access,17398,0,739800,739800,ASH_COATED_OSMIUM,SELL,9989,4,aggressive_cross,9989,public,access,10.0,-0.555556,-2.7778,high,extreme,normal,agree,0,39956,0.0,-10.0
access,17420,0,742000,742000,ASH_COATED_OSMIUM,SELL,9998,5,passive_resting_fill,9998,public,access,15.0,0.538462,4.0385,high,extreme,normal,agree,2,49990,0.0,30.0
access,17420,0,742000,742000,ASH_COATED_OSMIUM,SELL,10000,5,passive_resting_fill,10000,public,access,15.0,0.538462,4.0385,high,extreme,normal,agree,2,50000,0.0,40.0
access,17435,0,743500,743500,ASH_COATED_OSMIUM,BUY,9985,4,passive_resting_fill,9985,public,access,16.0,0.0,0.0,low,mild,normal,agree,1,-39940,0.0,32.0
access,17452,0,745200,745200,ASH_COATED_OSMIUM,BUY,9986,6,passive_resting_fill,9986,public,access,15.0,-0.294118,-2.2059,high,extreme,normal,agree,1,-59916,0.0,51.0
access,17457,0,745700,745700,ASH_COATED_OSMIUM,BUY,9985,4,passive_resting_fill,9985,public,access,17.0,-0.2,-1.7,high,extreme,wide,agree,1,-39940,0.0,68.0
access,17461,0,746100,746100,ASH_COATED_OSMIUM,SELL,9994,8,passive_resting_fill,9994,public,access,16.0,0.0,0.0,low,mild,normal,agree,0,79952,0.0,-12.0
access,17461,0,746100,746100,ASH_COATED_OSMIUM,SELL,9996,5,passive_resting_fill,9996,public,access,16.0,0.0,0.0,low,mild,normal,agree,0,49980,0.0,2.5
access,17487,0,748700,748700,ASH_COATED_OSMIUM,SELL,9993,4,aggressive_cross,9993,public,access,10.0,-0.428571,-2.1429,high,extreme,normal,agree,0,39972,0.0,-6.0
access,17512,0,751200,751200,ASH_COATED_OSMIUM,SELL,9995,3,aggressive_cross,9995,public,access,10.0,-0.625,-3.125,high,extreme,normal,agree,0,29985,0.0,-4.5
access,17519,0,751900,751900,ASH_COATED_OSMIUM,SELL,10004,4,passive_resting_fill,10004,public,access,15.0,0.294118,2.2059,high,extreme,normal,agree,1,40016,0.0,22.0
access,17520,0,752000,752000,ASH_COATED_OSMIUM,BUY,9995,4,aggressive_cross,9995,public,access,8.0,0.454545,1.8182,high,extreme,tight,agree,0,-39980,0.0,6.0
access,17531,0,753100,753100,ASH_COATED_OSMIUM,SELL,9998,9,aggressive_cross,9998,public,access,7.0,-0.25,-0.875,medium,strong,tight,agree,0,89982,0.0,22.5
access,17555,0,755500,755500,ASH_COATED_OSMIUM,SELL,10004,4,passive_resting_fill,10004,public,access,19.0,0.333333,3.1667,high,extreme,wide,agree,1,40016,0.0,34.0
access,17562,0,756200,756200,ASH_COATED_OSMIUM,BUY,9989,6,passive_resting_fill,9989,public,access,16.0,0.0,0.0,low,mild,normal,agree,0,-59934,0.0,54.0
access,17564,0,756400,756400,ASH_COATED_OSMIUM,SELL,9995,3,aggressive_cross,9995,public,access,10.0,-0.647059,-3.2353,high,extreme,normal,agree,1,29985,0.0,-9.0
access,17566,0,756600,756600,ASH_COATED_OSMIUM,BUY,9993,9,passive_resting_fill,9993,public,access,15.0,-0.405405,-3.0405,high,extreme,normal,agree,2,-89937,0.0,45.0
access,17566,0,756600,756600,ASH_COATED_OSMIUM,BUY,9991,6,passive_resting_fill,9991,public,access,15.0,-0.405405,-3.0405,high,extreme,normal,agree,2,-59946,0.0,42.0
access,17569,0,756900,756900,ASH_COATED_OSMIUM,BUY,9991,5,passive_resting_fill,9991,public,access,16.0,0.0,0.0,low,mild,normal,agree,1,-49955,0.0,45.0
access,17572,0,757200,757200,ASH_COATED_OSMIUM,BUY,9991,9,passive_resting_fill,9991,public,access,16.0,0.0,0.0,low,mild,normal,agree,1,-89919,0.0,72.0
access,17574,0,757400,757400,ASH_COATED_OSMIUM,SELL,9995,3,aggressive_cross,9995,public,access,10.0,-0.8125,-4.0625,high,extreme,normal,agree,1,29985,0.0,-9.0
access,17581,0,758100,758100,ASH_COATED_OSMIUM,SELL,9999,5,aggressive_cross,9999,public,access,7.0,-0.411765,-1.4412,high,extreme,tight,agree,0,49995,0.0,-45.0
access,17583,0,758300,758300,ASH_COATED_OSMIUM,BUY,9991,6,passive_resting_fill,9991,public,access,16.0,0.314286,2.5143,high,extreme,normal,agree,2,-59946,0.0,36.0
access,17583,0,758300,758300,ASH_COATED_OSMIUM,BUY,9989,4,passive_resting_fill,9989,access,access,16.0,0.314286,2.5143,high,extreme,normal,agree,2,-39956,0.0,32.0
access,17619,0,761900,761900,ASH_COATED_OSMIUM,SELL,9994,4,passive_resting_fill,9994,public,access,11.0,-0.555556,-3.0556,high,extreme,normal,agree,1,39976,0.0,-16.0
access,17619,0,761900,761900,ASH_COATED_OSMIUM,SELL,9995,4,aggressive_cross,9995,public,access,11.0,-0.555556,-3.0556,high,extreme,normal,agree,1,39980,0.0,-12.0
access,17637,0,763700,763700,ASH_COATED_OSMIUM,BUY,9990,6,passive_resting_fill,9990,public,access,18.0,0.3125,2.8125,high,extreme,wide,agree,0,-59940,0.0,45.0
access,17639,0,763900,763900,ASH_COATED_OSMIUM,BUY,9991,8,passive_resting_fill,9991,public,access,19.0,-0.189189,-1.7973,high,extreme,wide,agree,0,-79928,0.0,44.0
access,17670,0,767000,767000,ASH_COATED_OSMIUM,SELL,9994,9,passive_resting_fill,9994,public,access,15.0,-0.071429,-0.5357,medium,strong,normal,agree,1,89946,0.0,-22.5
access,17670,0,767000,767000,ASH_COATED_OSMIUM,SELL,9996,6,passive_resting_fill,9996,public,access,15.0,-0.071429,-0.5357,medium,strong,normal,agree,1,59976,0.0,-3.0
access,17718,0,771800,771800,ASH_COATED_OSMIUM,SELL,10002,9,aggressive_cross,10002,public,access,6.0,-0.052632,-0.1579,low,mild,tight,agree,0,90018,0.0,27.0
access,17734,0,773400,773400,ASH_COATED_OSMIUM,SELL,10002,8,aggressive_cross,10002,public,access,6.0,-0.304348,-0.913,high,strong,tight,agree,0,80016,0.0,12.0
access,17750,0,775000,775000,ASH_COATED_OSMIUM,BUY,9996,4,aggressive_cross,9996,public,access,5.0,0.333333,0.8333,medium,strong,tight,agree,0,-39984,0.0,16.0
access,17766,0,776600,776600,ASH_COATED_OSMIUM,SELL,9997,4,aggressive_cross,9997,public,access,10.0,-0.714286,-3.5714,high,extreme,normal,agree,1,39988,0.0,-16.0
access,17797,0,779700,779700,ASH_COATED_OSMIUM,BUY,9994,6,aggressive_cross,9994,public,access,4.0,0.555556,1.1111,high,strong,tight,agree,1,-59964,0.0,30.0
access,17799,0,779900,779900,ASH_COATED_OSMIUM,SELL,10004,2,passive_resting_fill,10004,access,access,15.0,0.176471,1.3235,high,extreme,normal,agree,1,20008,0.0,16.0
access,17825,0,782500,782500,ASH_COATED_OSMIUM,SELL,10003,7,passive_resting_fill,10003,public,access,19.0,-0.189189,-1.7973,high,extreme,wide,agree,1,70021,0.0,42.0
access,17825,0,782500,782500,ASH_COATED_OSMIUM,SELL,10005,6,passive_resting_fill,10005,public,access,19.0,-0.189189,-1.7973,high,extreme,wide,agree,1,60030,0.0,48.0
access,17848,0,784800,784800,ASH_COATED_OSMIUM,BUY,9994,8,aggressive_cross,9994,access,access,5.0,0.166667,0.4167,medium,mild,tight,agree,2,-79952,0.0,88.0
access,17880,0,788000,788000,ASH_COATED_OSMIUM,SELL,10005,5,passive_resting_fill,10005,public,access,21.0,0.0,0.0,low,mild,wide,agree,1,50025,0.0,30.0
access,17880,0,788000,788000,ASH_COATED_OSMIUM,SELL,10007,5,passive_resting_fill,10007,public,access,21.0,0.0,0.0,low,mild,wide,agree,1,50035,0.0,40.0
access,17895,0,789500,789500,ASH_COATED_OSMIUM,BUY,9990,2,passive_resting_fill,9990,public,access,16.0,0.0,0.0,low,mild,normal,agree,0,-19980,0.0,15.0
access,17923,0,792300,792300,ASH_COATED_OSMIUM,SELL,10003,10,passive_resting_fill,10003,public,access,16.0,0.0,0.0,low,mild,normal,agree,1,100030,0.0,70.0
access,17923,0,792300,792300,ASH_COATED_OSMIUM,SELL,10005,6,passive_resting_fill,10005,public,access,16.0,0.0,0.0,low,mild,normal,agree,1,60030,0.0,54.0
access,17937,0,793700,793700,ASH_COATED_OSMIUM,SELL,10004,10,passive_resting_fill,10004,public,access,0.0,0.0,0.0,low,mild,tight,agree,0,100040,0.0,70.0
access,17940,0,794000,794000,ASH_COATED_OSMIUM,BUY,9994,5,aggressive_cross,9994,public,access,8.0,0.615385,2.4615,high,extreme,tight,agree,0,-49970,0.0,15.0
access,17963,0,796300,796300,ASH_COATED_OSMIUM,BUY,9996,4,passive_resting_fill,9996,public,access,19.0,0.459459,4.3649,high,extreme,wide,agree,0,-39984,0.0,4.0
access,17963,0,796300,796300,ASH_COATED_OSMIUM,BUY,9994,4,passive_resting_fill,9994,public,access,19.0,0.459459,4.3649,high,extreme,wide,agree,0,-39976,0.0,12.0
access,18011,0,801100,801100,ASH_COATED_OSMIUM,BUY,9993,6,aggressive_cross,9993,public,access,4.0,0.647059,1.2941,high,extreme,tight,agree,1,-59958,0.0,18.0
access,18024,0,802400,802400,ASH_COATED_OSMIUM,BUY,9994,6,aggressive_cross,9994,public,access,8.0,0.555556,2.2222,high,extreme,tight,agree,0,-59964,0.0,21.0
access,18031,0,803100,803100,ASH_COATED_OSMIUM,SELL,10005,5,passive_resting_fill,10005,access,access,15.0,0.043478,0.3261,low,mild,normal,agree,1,50025,0.0,35.0
access,18050,0,805000,805000,ASH_COATED_OSMIUM,SELL,10005,6,passive_resting_fill,10005,public,access,16.0,0.0,0.0,low,mild,normal,agree,0,60030,0.0,42.0
access,18054,0,805400,805400,ASH_COATED_OSMIUM,BUY,9995,4,aggressive_cross,9995,public,access,4.0,0.757576,1.5152,high,extreme,tight,agree,1,-39980,0.0,16.0
access,18095,0,809500,809500,ASH_COATED_OSMIUM,SELL,10000,4,aggressive_cross,10000,public,access,11.0,-0.5,-2.75,high,extreme,normal,agree,1,40000,0.0,-14.0
access,18105,0,810500,810500,ASH_COATED_OSMIUM,SELL,10009,2,passive_resting_fill,10009,public,access,17.0,0.017544,0.1491,low,mild,wide,agree,2,20018,0.0,16.0
access,18105,0,810500,810500,ASH_COATED_OSMIUM,SELL,10011,2,passive_resting_fill,10011,public,access,17.0,0.017544,0.1491,low,mild,wide,agree,2,20022,0.0,20.0
access,18154,0,815400,815400,ASH_COATED_OSMIUM,SELL,10009,4,passive_resting_fill,10009,public,access,19.0,0.487179,4.6282,high,extreme,wide,agree,1,40036,0.0,42.0
access,18191,0,819100,819100,ASH_COATED_OSMIUM,SELL,10002,5,aggressive_cross,10002,public,access,11.0,-0.5,-2.75,high,extreme,normal,agree,0,50010,0.0,-10.0
access,18211,0,821100,821100,ASH_COATED_OSMIUM,SELL,10003,8,passive_resting_fill,10003,public,access,16.0,0.0,0.0,low,mild,normal,agree,1,80024,0.0,8.0
access,18211,0,821100,821100,ASH_COATED_OSMIUM,SELL,10005,5,passive_resting_fill,10005,public,access,16.0,0.0,0.0,low,mild,normal,agree,1,50025,0.0,15.0
access,18327,0,832700,832700,ASH_COATED_OSMIUM,BUY,9999,5,passive_resting_fill,9999,public,access,18.0,-0.333333,-3.0,high,extreme,wide,agree,1,-49995,0.0,45.0
access,18327,0,832700,832700,ASH_COATED_OSMIUM,BUY,9997,5,passive_resting_fill,9997,public,access,18.0,-0.333333,-3.0,high,extreme,wide,agree,1,-49985,0.0,55.0
access,18339,0,833900,833900,ASH_COATED_OSMIUM,SELL,10007,4,aggressive_cross,10007,public,access,7.0,-0.5,-1.75,high,extreme,tight,agree,0,40028,0.0,0.0
access,18357,0,835700,835700,ASH_COATED_OSMIUM,SELL,10015,8,passive_resting_fill,10015,access,access,15.0,-0.333333,-2.5,high,extreme,normal,agree,2,80120,0.0,64.0
access,18368,0,836800,836800,ASH_COATED_OSMIUM,BUY,10000,7,passive_resting_fill,10000,public,access,0.0,0.0,0.0,low,mild,tight,agree,0,-70000,0.0,42.0
access,18395,0,839500,839500,ASH_COATED_OSMIUM,SELL,10012,4,passive_resting_fill,10012,public,access,18.0,-0.212121,-1.9091,high,extreme,wide,agree,1,40048,0.0,28.0
access,18395,0,839500,839500,ASH_COATED_OSMIUM,SELL,10014,4,passive_resting_fill,10014,public,access,18.0,-0.212121,-1.9091,high,extreme,wide,agree,1,40056,0.0,36.0
access,18398,0,839800,839800,ASH_COATED_OSMIUM,SELL,10007,7,aggressive_cross,10007,public,access,6.0,-0.363636,-1.0909,high,strong,tight,agree,0,70049,0.0,7.0
access,18411,0,841100,841100,ASH_COATED_OSMIUM,BUY,10002,8,aggressive_cross,10002,public,access,6.0,0.130435,0.3913,medium,mild,tight,agree,0,-80016,0.0,20.0
access,18415,0,841500,841500,ASH_COATED_OSMIUM,BUY,9997,6,passive_resting_fill,9997,public,access,16.0,0.0,0.0,low,mild,normal,agree,1,-59982,0.0,48.0
access,18431,0,843100,843100,ASH_COATED_OSMIUM,BUY,9998,5,passive_resting_fill,9998,public,access,16.0,0.0,0.0,low,mild,normal,agree,1,-49990,0.0,35.0
access,18432,0,843200,843200,ASH_COATED_OSMIUM,BUY,9998,4,passive_resting_fill,9998,access,access,14.0,-0.333333,-2.3333,high,extreme,normal,agree,2,-39992,0.0,34.0
access,18451,0,845100,845100,ASH_COATED_OSMIUM,SELL,10011,3,passive_resting_fill,10011,public,access,19.0,0.473684,4.5,high,extreme,wide,agree,0,30033,0.0,27.0
access,18451,0,845100,845100,ASH_COATED_OSMIUM,SELL,10013,3,passive_resting_fill,10013,public,access,19.0,0.473684,4.5,high,extreme,wide,agree,0,30039,0.0,33.0
access,18454,0,845400,845400,ASH_COATED_OSMIUM,SELL,10012,3,passive_resting_fill,10012,public,access,16.0,0.0,0.0,low,mild,normal,agree,1,30036,0.0,22.5
access,18461,0,846100,846100,ASH_COATED_OSMIUM,SELL,10007,6,aggressive_cross,10007,public,access,5.0,-0.4,-1.0,high,strong,tight,agree,1,60042,0.0,3.0
access,18463,0,846300,846300,ASH_COATED_OSMIUM,BUY,10003,4,aggressive_cross,10003,public,access,4.0,0.5,1.0,high,strong,tight,agree,1,-40012,0.0,8.0
access,18467,0,846700,846700,ASH_COATED_OSMIUM,SELL,10015,2,passive_resting_fill,10015,public,access,15.0,-0.045455,-0.3409,low,mild,normal,agree,1,20030,0.0,20.0
access,18475,0,847500,847500,ASH_COATED_OSMIUM,SELL,10012,8,passive_resting_fill,10012,public,access,16.0,0.0,0.0,low,mild,normal,agree,1,80096,0.0,36.0
access,18475,0,847500,847500,ASH_COATED_OSMIUM,SELL,10014,6,passive_resting_fill,10014,public,access,16.0,0.0,0.0,low,mild,normal,agree,1,60084,0.0,39.0
access,18478,0,847800,847800,ASH_COATED_OSMIUM,BUY,9998,7,passive_resting_fill,9998,public,access,15.0,0.263158,1.9737,high,extreme,normal,agree,2,-69986,0.0,45.5
access,18483,0,848300,848300,ASH_COATED_OSMIUM,BUY,10000,5,passive_resting_fill,10000,public,access,17.0,0.12,1.02,high,strong,wide,agree,1,-50000,0.0,25.0
access,18483,0,848300,848300,ASH_COATED_OSMIUM,BUY,9998,5,passive_resting_fill,9998,public,access,17.0,0.12,1.02,high,strong,wide,agree,1,-49990,0.0,35.0
access,18503,0,850300,850300,ASH_COATED_OSMIUM,SELL,10009,18,aggressive_cross,10009,access,access,4.0,-0.071429,-0.1429,low,mild,tight,agree,2,180162,0.0,198.0
access,18523,0,852300,852300,ASH_COATED_OSMIUM,BUY,10000,3,passive_resting_fill,10000,public,access,15.0,-0.263158,-1.9737,high,extreme,normal,agree,1,-30000,0.0,15.0
access,18523,0,852300,852300,ASH_COATED_OSMIUM,BUY,9998,3,passive_resting_fill,9998,public,access,15.0,-0.263158,-1.9737,high,extreme,normal,agree,1,-29994,0.0,21.0
access,18524,0,852400,852400,ASH_COATED_OSMIUM,SELL,10004,5,aggressive_cross,10004,public,access,10.0,-0.5,-2.5,high,extreme,normal,agree,0,50020,0.0,35.0
access,18555,0,855500,855500,ASH_COATED_OSMIUM,BUY,10001,8,aggressive_cross,10001,public,access,6.0,0.304348,0.913,high,strong,tight,agree,1,-80008,0.0,-12.0
access,18587,0,858700,858700,ASH_COATED_OSMIUM,BUY,10001,5,aggressive_cross,10001,public,access,9.0,0.411765,1.8529,high,extreme,normal,agree,1,-50005,0.0,-2.5
access,18595,0,859500,859500,ASH_COATED_OSMIUM,BUY,9993,4,passive_resting_fill,9993,access,access,15.0,0.0,0.0,low,mild,normal,agree,1,-39972,0.0,28.0
access,18616,0,861600,861600,ASH_COATED_OSMIUM,BUY,9999,4,aggressive_cross,9999,public,access,8.0,0.692308,2.7692,high,extreme,tight,agree,0,-39996,0.0,4.0
access,18619,0,861900,861900,ASH_COATED_OSMIUM,SELL,10002,6,aggressive_cross,10002,public,access,6.0,-0.294118,-0.8824,medium,strong,tight,agree,0,60012,0.0,51.0
access,18624,0,862400,862400,ASH_COATED_OSMIUM,BUY,9997,5,aggressive_cross,9997,public,access,7.0,0.714286,2.5,high,extreme,tight,agree,1,-49985,0.0,5.0
access,18636,0,863600,863600,ASH_COATED_OSMIUM,BUY,9995,9,aggressive_cross,9995,public,access,5.0,0.25,0.625,medium,strong,tight,agree,0,-89955,0.0,36.0
access,18648,0,864800,864800,ASH_COATED_OSMIUM,SELL,10005,8,passive_resting_fill,10005,public,access,16.0,0.0,0.0,low,mild,normal,agree,1,80040,0.0,48.0
access,18650,0,865000,865000,ASH_COATED_OSMIUM,BUY,9991,6,passive_resting_fill,9991,public,access,16.0,0.0,0.0,low,mild,normal,agree,1,-59946,0.0,54.0
access,18671,0,867100,867100,ASH_COATED_OSMIUM,BUY,9995,8,aggressive_cross,9995,access,access,4.0,-0.04,-0.08,low,mild,tight,agree,2,-79960,0.0,32.0
access,18676,0,867600,867600,ASH_COATED_OSMIUM,BUY,9993,3,passive_resting_fill,9993,public,access,16.0,0.0,0.0,low,mild,normal,agree,1,-29979,0.0,33.0
access,18676,0,867600,867600,ASH_COATED_OSMIUM,BUY,9991,3,passive_resting_fill,9991,public,access,16.0,0.0,0.0,low,mild,normal,agree,1,-29973,0.0,39.0
access,18681,0,868100,868100,ASH_COATED_OSMIUM,SELL,10001,7,aggressive_cross,10001,public,access,6.0,-0.3,-0.9,medium,strong,tight,agree,0,70007,0.0,14.0
access,18707,0,870700,870700,ASH_COATED_OSMIUM,SELL,10006,5,passive_resting_fill,10006,public,access,11.0,-0.647059,-3.5588,high,extreme,normal,agree,1,50030,0.0,0.0
access,18715,0,871500,871500,ASH_COATED_OSMIUM,SELL,10005,2,passive_resting_fill,10005,public,access,16.0,0.0,0.0,low,mild,normal,agree,0,20010,0.0,12.0
access,18715,0,871500,871500,ASH_COATED_OSMIUM,SELL,10007,2,passive_resting_fill,10007,public,access,16.0,0.0,0.0,low,mild,normal,agree,0,20014,0.0,16.0
access,18740,0,874000,874000,ASH_COATED_OSMIUM,BUY,9994,5,passive_resting_fill,9994,public,access,16.0,0.0,0.0,low,mild,normal,agree,1,-49970,0.0,25.0
access,18740,0,874000,874000,ASH_COATED_OSMIUM,BUY,9992,5,passive_resting_fill,9992,public,access,16.0,0.0,0.0,low,mild,normal,agree,1,-49960,0.0,35.0
access,18754,0,875400,875400,ASH_COATED_OSMIUM,BUY,9991,5,passive_resting_fill,9991,access,access,14.0,-0.176471,-1.2353,high,strong,normal,agree,2,-49955,0.0,57.5
access,18759,0,875900,875900,ASH_COATED_OSMIUM,SELL,9999,7,aggressive_cross,9999,public,access,7.0,-0.363636,-1.2727,high,extreme,tight,agree,0,69993,0.0,7.0
access,18775,0,877500,877500,ASH_COATED_OSMIUM,SELL,10000,4,aggressive_cross,10000,public,access,6.0,-0.5,-1.5,high,extreme,tight,agree,1,40000,0.0,4.0
access,18779,0,877900,877900,ASH_COATED_OSMIUM,BUY,9992,7,passive_resting_fill,9992,public,access,16.0,0.0,0.0,low,mild,normal,agree,0,-69944,0.0,42.0
access,18780,0,878000,878000,ASH_COATED_OSMIUM,SELL,10006,5,passive_resting_fill,10006,public,access,16.0,0.0,0.0,low,mild,normal,agree,0,50030,0.0,50.0
access,18791,0,879100,879100,ASH_COATED_OSMIUM,BUY,9996,2,aggressive_cross,9996,access,access,5.0,0.764706,1.9118,high,extreme,tight,agree,1,-19992,0.0,8.0
access,18806,0,880600,880600,ASH_COATED_OSMIUM,BUY,9993,4,passive_resting_fill,9993,access,access,15.0,-0.034483,-0.2586,low,mild,normal,agree,1,-39972,0.0,28.0
access,18814,0,881400,881400,ASH_COATED_OSMIUM,SELL,10002,8,aggressive_cross,10002,access,access,5.0,0.111111,0.2778,low,mild,tight,agree,2,80016,0.0,-40.0
access,18827,0,882700,882700,ASH_COATED_OSMIUM,BUY,9996,8,aggressive_cross,9996,public,access,8.0,0.459459,1.8378,high,extreme,tight,agree,0,-79968,0.0,16.0
access,18866,0,886600,886600,ASH_COATED_OSMIUM,BUY,9994,9,aggressive_cross,9994,public,access,6.0,0.142857,0.4286,medium,mild,tight,agree,1,-89946,0.0,31.5
access,18876,0,887600,887600,ASH_COATED_OSMIUM,SELL,9998,8,aggressive_cross,9998,public,access,7.0,-0.217391,-0.7609,medium,strong,tight,agree,0,79984,0.0,24.0
access,18877,0,887700,887700,ASH_COATED_OSMIUM,SELL,10004,6,passive_resting_fill,10004,public,access,15.0,-0.166667,-1.25,high,extreme,normal,agree,2,60024,0.0,51.0
access,18883,0,888300,888300,ASH_COATED_OSMIUM,BUY,9997,2,aggressive_cross,9997,public,access,10.0,0.733333,3.6667,high,extreme,normal,agree,0,-19994,0.0,1.0
access,18905,0,890500,890500,ASH_COATED_OSMIUM,BUY,9993,6,aggressive_cross,9993,public,access,5.0,0.25,0.625,medium,strong,tight,agree,1,-59958,0.0,24.0
access,18929,0,892900,892900,ASH_COATED_OSMIUM,SELL,10004,8,passive_resting_fill,10004,public,access,15.0,0.268293,2.0122,high,extreme,normal,agree,1,80032,0.0,48.0
access,18929,0,892900,892900,ASH_COATED_OSMIUM,SELL,10006,6,passive_resting_fill,10006,public,access,15.0,0.268293,2.0122,high,extreme,normal,agree,1,60036,0.0,48.0
access,18930,0,893000,893000,ASH_COATED_OSMIUM,BUY,9992,4,passive_resting_fill,9992,public,access,18.0,-0.130435,-1.1739,high,strong,wide,agree,1,-39968,0.0,22.0
access,18930,0,893000,893000,ASH_COATED_OSMIUM,BUY,9990,4,passive_resting_fill,9990,public,access,18.0,-0.130435,-1.1739,high,strong,wide,agree,1,-39960,0.0,30.0
access,18949,0,894900,894900,ASH_COATED_OSMIUM,SELL,10001,5,aggressive_cross,10001,public,access,6.0,-0.5,-1.5,high,extreme,tight,agree,0,50005,0.0,2.5
access,18982,0,898200,898200,ASH_COATED_OSMIUM,SELL,10001,7,aggressive_cross,10001,public,access,9.0,-0.588235,-2.6471,high,extreme,normal,agree,1,70007,0.0,10.5
access,18992,0,899200,899200,ASH_COATED_OSMIUM,SELL,10010,5,passive_resting_fill,10010,access,access,17.0,0.037037,0.3148,low,mild,wide,agree,1,50050,0.0,57.5
access,19000,0,900000,900000,ASH_COATED_OSMIUM,BUY,9997,10,aggressive_cross,9997,public,access,5.0,0.047619,0.119,low,mild,tight,agree,0,-99970,0.0,35.0
access,19015,0,901500,901500,ASH_COATED_OSMIUM,SELL,10002,6,aggressive_cross,10002,public,access,6.0,-0.4,-1.2,high,strong,tight,agree,0,60012,0.0,15.0
access,19019,0,901900,901900,ASH_COATED_OSMIUM,SELL,10001,7,passive_resting_fill,10001,public,access,6.0,-0.3,-0.9,medium,strong,tight,agree,0,70007,0.0,0.0
access,19019,0,901900,901900,ASH_COATED_OSMIUM,SELL,10003,6,passive_resting_fill,10003,public,access,6.0,-0.3,-0.9,medium,strong,tight,agree,0,60018,0.0,12.0
access,19019,0,901900,901900,ASH_COATED_OSMIUM,SELL,10003,7,aggressive_cross,10003,public,access,6.0,-0.3,-0.9,medium,strong,tight,agree,0,70021,0.0,14.0
access,19045,0,904500,904500,ASH_COATED_OSMIUM,SELL,10008,3,passive_resting_fill,10008,public,access,16.0,0.0,0.0,low,mild,normal,agree,1,30024,0.0,12.0
access,19045,0,904500,904500,ASH_COATED_OSMIUM,SELL,10010,3,passive_resting_fill,10010,public,access,16.0,0.0,0.0,low,mild,normal,agree,1,30030,0.0,18.0
access,19049,0,904900,904900,ASH_COATED_OSMIUM,BUY,10001,4,passive_resting_fill,10001,public,access,16.0,-0.076923,-0.6154,medium,strong,normal,agree,2,-40004,0.0,6.0
access,19049,0,904900,904900,ASH_COATED_OSMIUM,BUY,9999,4,passive_resting_fill,9999,public,access,16.0,-0.076923,-0.6154,medium,strong,normal,agree,2,-39996,0.0,14.0
access,19057,0,905700,905700,ASH_COATED_OSMIUM,SELL,10010,5,passive_resting_fill,10010,public,access,18.0,-0.263158,-2.3684,high,extreme,wide,agree,1,50050,0.0,35.0
access,19057,0,905700,905700,ASH_COATED_OSMIUM,SELL,10012,5,passive_resting_fill,10012,public,access,18.0,-0.263158,-2.3684,high,extreme,wide,agree,1,50060,0.0,45.0
access,19067,0,906700,906700,ASH_COATED_OSMIUM,BUY,10003,6,aggressive_cross,10003,public,access,5.0,0.368421,0.9211,high,strong,tight,agree,1,-60018,0.0,12.0
access,19068,0,906800,906800,ASH_COATED_OSMIUM,BUY,10003,6,aggressive_cross,10003,public,access,5.0,0.25,0.625,medium,strong,tight,agree,1,-60018,0.0,18.0
access,19092,0,909200,909200,ASH_COATED_OSMIUM,BUY,10002,4,passive_resting_fill,10002,public,access,18.0,0.348837,3.1395,high,extreme,wide,agree,0,-40008,0.0,22.0
access,19092,0,909200,909200,ASH_COATED_OSMIUM,BUY,10000,4,passive_resting_fill,10000,public,access,18.0,0.348837,3.1395,high,extreme,wide,agree,0,-40000,0.0,30.0
access,19099,0,909900,909900,ASH_COATED_OSMIUM,SELL,10014,8,passive_resting_fill,10014,public,access,18.0,0.459459,4.1351,high,extreme,wide,agree,0,80112,0.0,36.0
access,19099,0,909900,909900,ASH_COATED_OSMIUM,SELL,10016,6,passive_resting_fill,10016,public,access,18.0,0.459459,4.1351,high,extreme,wide,agree,0,60096,0.0,39.0
access,19100,0,910000,910000,ASH_COATED_OSMIUM,SELL,10006,4,aggressive_cross,10006,public,access,10.0,-0.375,-1.875,high,extreme,normal,agree,0,40024,0.0,-18.0
access,19101,0,910100,910100,ASH_COATED_OSMIUM,SELL,10009,5,aggressive_cross,10009,public,access,7.0,-0.375,-1.3125,high,extreme,tight,agree,0,50045,0.0,2.5
access,19110,0,911000,911000,ASH_COATED_OSMIUM,SELL,10015,2,passive_resting_fill,10015,public,access,0.0,0.0,0.0,low,mild,tight,agree,0,20030,0.0,18.0
access,19122,0,912200,912200,ASH_COATED_OSMIUM,SELL,10016,3,passive_resting_fill,10016,access,access,15.0,0.043478,0.3261,low,mild,normal,agree,1,30048,0.0,16.5
access,19131,0,913100,913100,ASH_COATED_OSMIUM,SELL,10012,7,aggressive_cross,10012,public,access,7.0,-0.222222,-0.7778,medium,strong,tight,agree,2,70084,0.0,3.5
access,19153,0,915300,915300,ASH_COATED_OSMIUM,BUY,10009,8,aggressive_cross,10009,public,access,6.0,0.166667,0.5,medium,strong,tight,agree,0,-80072,0.0,32.0
access,19172,0,917200,917200,ASH_COATED_OSMIUM,SELL,10008,2,aggressive_cross,10008,public,access,10.0,-0.733333,-3.6667,high,extreme,normal,agree,0,20016,0.0,-4.0
access,19175,0,917500,917500,ASH_COATED_OSMIUM,BUY,10008,8,aggressive_cross,10008,public,access,6.0,0.238095,0.7143,medium,strong,tight,agree,0,-80064,0.0,8.0
access,19179,0,917900,917900,ASH_COATED_OSMIUM,SELL,10016,5,passive_resting_fill,10016,public,access,16.0,0.0,0.0,low,mild,normal,agree,0,50080,0.0,30.0
access,19179,0,917900,917900,ASH_COATED_OSMIUM,SELL,10018,5,passive_resting_fill,10018,public,access,16.0,0.0,0.0,low,mild,normal,agree,0,50090,0.0,40.0
access,19188,0,918800,918800,ASH_COATED_OSMIUM,BUY,10003,3,passive_resting_fill,10003,public,access,8.0,0.764706,3.0588,high,extreme,tight,agree,0,-30009,0.0,21.0
access,19188,0,918800,918800,ASH_COATED_OSMIUM,BUY,10001,3,passive_resting_fill,10001,public,access,8.0,0.764706,3.0588,high,extreme,tight,agree,0,-30003,0.0,27.0
access,19188,0,918800,918800,ASH_COATED_OSMIUM,BUY,10007,4,aggressive_cross,10007,public,access,8.0,0.764706,3.0588,high,extreme,tight,agree,0,-40028,0.0,12.0
access,19204,0,920400,920400,ASH_COATED_OSMIUM,SELL,10009,2,aggressive_cross,10009,public,access,10.0,-0.714286,-3.5714,high,extreme,normal,agree,1,20018,0.0,-3.0
access,19205,0,920500,920500,ASH_COATED_OSMIUM,SELL,10018,3,passive_resting_fill,10018,access,access,15.0,-0.368421,-2.7632,high,extreme,normal,agree,1,30054,0.0,21.0
access,19212,0,921200,921200,ASH_COATED_OSMIUM,SELL,10017,10,passive_resting_fill,10017,public,access,18.0,-0.268293,-2.4146,high,extreme,wide,agree,0,100170,0.0,90.0
access,19212,0,921200,921200,ASH_COATED_OSMIUM,SELL,10019,7,passive_resting_fill,10019,public,access,18.0,-0.268293,-2.4146,high,extreme,wide,agree,0,70133,0.0,77.0
access,19216,0,921600,921600,ASH_COATED_OSMIUM,SELL,10011,8,aggressive_cross,10011,public,access,6.0,-0.181818,-0.5455,medium,strong,tight,agree,0,80088,0.0,12.0
access,19238,0,923800,923800,ASH_COATED_OSMIUM,SELL,10011,6,aggressive_cross,10011,public,access,6.0,-0.368421,-1.1053,high,strong,tight,agree,0,60066,0.0,60.0
access,19261,0,926100,926100,ASH_COATED_OSMIUM,BUY,10006,10,aggressive_cross,10006,public,access,6.0,0.130435,0.3913,medium,mild,tight,agree,0,-100060,0.0,100.0
access,19281,0,928100,928100,ASH_COATED_OSMIUM,BUY,9999,3,passive_resting_fill,9999,public,access,15.0,0.166667,1.25,high,extreme,normal,agree,2,-29997,0.0,24.0
access,19287,0,928700,928700,ASH_COATED_OSMIUM,BUY,10000,4,passive_resting_fill,10000,public,access,18.0,-0.411765,-3.7059,high,extreme,wide,agree,0,-40000,0.0,18.0
access,19293,0,929300,929300,ASH_COATED_OSMIUM,SELL,10012,2,passive_resting_fill,10012,public,access,15.0,0.166667,1.25,high,extreme,normal,agree,1,20024,0.0,15.0
access,19293,0,929300,929300,ASH_COATED_OSMIUM,SELL,10014,2,passive_resting_fill,10014,public,access,15.0,0.166667,1.25,high,extreme,normal,agree,1,20028,0.0,19.0
access,19306,0,930600,930600,ASH_COATED_OSMIUM,BUY,9998,6,passive_resting_fill,9998,public,access,16.0,0.0,0.0,low,mild,normal,agree,1,-59988,0.0,48.0
access,19326,0,932600,932600,ASH_COATED_OSMIUM,SELL,10016,10,passive_resting_fill,10016,public,access,17.0,-0.35,-2.975,high,extreme,wide,agree,1,100160,0.0,90.0
access,19332,0,933200,933200,ASH_COATED_OSMIUM,BUY,10008,3,aggressive_cross,10008,public,access,12.0,0.818182,4.9091,high,extreme,normal,agree,0,-30024,0.0,-1.5
access,19344,0,934400,934400,ASH_COATED_OSMIUM,SELL,10009,6,aggressive_cross,10009,public,access,6.0,-0.294118,-0.8824,medium,strong,tight,agree,0,60054,0.0,12.0
access,19359,0,935900,935900,ASH_COATED_OSMIUM,BUY,10001,8,passive_resting_fill,10001,public,access,16.0,0.0,0.0,low,mild,normal,agree,1,-80008,0.0,32.0
access,19359,0,935900,935900,ASH_COATED_OSMIUM,BUY,9999,7,passive_resting_fill,9999,public,access,16.0,0.0,0.0,low,mild,normal,agree,1,-69993,0.0,42.0
access,19387,0,938700,938700,ASH_COATED_OSMIUM,SELL,10013,2,passive_resting_fill,10013,public,access,0.0,0.0,0.0,low,mild,tight,agree,1,20026,0.0,15.0
access,19392,0,939200,939200,ASH_COATED_OSMIUM,SELL,10013,6,passive_resting_fill,10013,access,access,15.0,0.0,0.0,low,mild,normal,agree,1,60078,0.0,60.0
access,19395,0,939500,939500,ASH_COATED_OSMIUM,SELL,10012,9,passive_resting_fill,10012,public,access,18.0,-0.302326,-2.7209,high,extreme,wide,agree,1,90108,0.0,27.0
access,19395,0,939500,939500,ASH_COATED_OSMIUM,SELL,10014,7,passive_resting_fill,10014,public,access,18.0,-0.302326,-2.7209,high,extreme,wide,agree,1,70098,0.0,35.0
access,19398,0,939800,939800,ASH_COATED_OSMIUM,BUY,10006,2,aggressive_cross,10006,public,access,10.0,0.764706,3.8235,high,extreme,normal,agree,0,-20012,0.0,-3.0
access,19457,0,945700,945700,ASH_COATED_OSMIUM,BUY,10008,3,aggressive_cross,10008,public,access,10.0,0.666667,3.3333,high,extreme,normal,agree,1,-30024,0.0,-4.5
access,19461,0,946100,946100,ASH_COATED_OSMIUM,BUY,9999,10,passive_resting_fill,9999,public,access,19.0,0.210526,2.0,high,extreme,wide,agree,0,-99990,0.0,80.0
access,19461,0,946100,946100,ASH_COATED_OSMIUM,BUY,9997,6,passive_resting_fill,9997,public,access,19.0,0.210526,2.0,high,extreme,wide,agree,0,-59982,0.0,60.0
access,19477,0,947700,947700,ASH_COATED_OSMIUM,BUY,10004,6,aggressive_cross,10004,public,access,8.0,0.647059,2.5882,high,extreme,tight,agree,0,-60024,0.0,6.0
access,19492,0,949200,949200,ASH_COATED_OSMIUM,SELL,10014,2,passive_resting_fill,10014,access,access,17.0,-0.038462,-0.3269,low,mild,wide,agree,1,20028,0.0,14.0
access,19495,0,949500,949500,ASH_COATED_OSMIUM,BUY,10005,4,aggressive_cross,10005,public,access,5.0,0.473684,1.1842,high,strong,tight,agree,1,-40020,0.0,6.0
access,19531,0,953100,953100,ASH_COATED_OSMIUM,BUY,10007,8,aggressive_cross,10007,public,access,8.0,0.5,2.0,high,extreme,tight,agree,0,-80056,0.0,28.0
access,19539,0,953900,953900,ASH_COATED_OSMIUM,SELL,10011,7,aggressive_cross,10011,public,access,6.0,-0.222222,-0.6667,medium,strong,tight,agree,0,70077,0.0,10.5
access,19543,0,954300,954300,ASH_COATED_OSMIUM,SELL,10011,8,aggressive_cross,10011,public,access,7.0,-0.2,-0.7,medium,strong,tight,agree,0,80088,0.0,24.0
access,19596,0,959600,959600,ASH_COATED_OSMIUM,SELL,10010,2,aggressive_cross,10010,public,access,11.0,-0.764706,-4.2059,high,extreme,normal,agree,0,20020,0.0,-4.0
access,19600,0,960000,960000,ASH_COATED_OSMIUM,BUY,10005,4,passive_resting_fill,10005,public,access,18.0,0.189189,1.7027,high,extreme,wide,agree,1,-40020,0.0,32.0
access,19600,0,960000,960000,ASH_COATED_OSMIUM,BUY,10003,4,passive_resting_fill,10003,public,access,18.0,0.189189,1.7027,high,extreme,wide,agree,1,-40012,0.0,40.0
access,19611,0,961100,961100,ASH_COATED_OSMIUM,SELL,10015,4,aggressive_cross,10015,public,access,6.0,-0.578947,-1.7368,high,extreme,tight,agree,0,40060,0.0,10.0
access,19640,0,964000,964000,ASH_COATED_OSMIUM,SELL,10017,3,passive_resting_fill,10017,public,access,15.0,-0.333333,-2.5,high,extreme,normal,agree,2,30051,0.0,13.5
access,19640,0,964000,964000,ASH_COATED_OSMIUM,SELL,10019,3,passive_resting_fill,10019,public,access,15.0,-0.333333,-2.5,high,extreme,normal,agree,2,30057,0.0,19.5
access,19698,0,969800,969800,ASH_COATED_OSMIUM,BUY,10008,6,aggressive_cross,10008,public,access,5.0,0.555556,1.3889,high,extreme,tight,agree,1,-60048,0.0,6.0
access,19709,0,970900,970900,ASH_COATED_OSMIUM,SELL,10017,5,passive_resting_fill,10017,public,access,16.0,0.0,0.0,low,mild,normal,agree,1,50085,0.0,37.5
access,19738,0,973800,973800,ASH_COATED_OSMIUM,SELL,10011,4,aggressive_cross,10011,public,access,6.0,-0.692308,-2.0769,high,extreme,tight,agree,1,40044,0.0,12.0
access,19751,0,975100,975100,ASH_COATED_OSMIUM,BUY,10001,2,passive_resting_fill,10001,access,access,15.0,0.243243,1.8243,high,extreme,normal,agree,1,-20002,0.0,14.0
access,19755,0,975500,975500,ASH_COATED_OSMIUM,SELL,10015,3,passive_resting_fill,10015,public,access,15.0,0.071429,0.5357,medium,strong,normal,agree,2,30045,0.0,25.5
access,19765,0,976500,976500,ASH_COATED_OSMIUM,BUY,10001,6,passive_resting_fill,10001,public,access,15.0,-0.153846,-1.1538,high,strong,normal,agree,1,-60006,0.0,39.0
access,19773,0,977300,977300,ASH_COATED_OSMIUM,BUY,10005,8,aggressive_cross,10005,public,access,5.0,0.052632,0.1316,low,mild,tight,agree,0,-80040,0.0,32.0
access,19775,0,977500,977500,ASH_COATED_OSMIUM,SELL,10010,8,aggressive_cross,10010,public,access,6.0,-0.090909,-0.2727,low,mild,tight,agree,0,80080,0.0,8.0
access,19808,0,980800,980800,ASH_COATED_OSMIUM,SELL,10016,5,passive_resting_fill,10016,public,access,16.0,0.0,0.0,low,mild,normal,agree,0,50080,0.0,40.0
access,19841,0,984100,984100,ASH_COATED_OSMIUM,SELL,10015,4,passive_resting_fill,10015,public,access,16.0,0.0,0.0,low,mild,normal,agree,0,40060,0.0,26.0
access,19841,0,984100,984100,ASH_COATED_OSMIUM,SELL,10017,4,passive_resting_fill,10017,public,access,16.0,0.0,0.0,low,mild,normal,agree,0,40068,0.0,34.0
access,19853,0,985300,985300,ASH_COATED_OSMIUM,BUY,10001,3,passive_resting_fill,10001,public,access,17.0,0.428571,3.6429,high,extreme,wide,agree,1,-30003,0.0,25.5
access,19853,0,985300,985300,ASH_COATED_OSMIUM,BUY,9999,3,passive_resting_fill,9999,access,access,17.0,0.428571,3.6429,high,extreme,wide,agree,1,-29997,0.0,31.5
access,19857,0,985700,985700,ASH_COATED_OSMIUM,SELL,10010,4,aggressive_cross,10010,public,access,7.0,-0.473684,-1.6579,high,extreme,tight,agree,1,40040,0.0,4.0
access,19862,0,986200,986200,ASH_COATED_OSMIUM,SELL,10015,3,passive_resting_fill,10015,public,access,16.0,0.0,0.0,low,mild,normal,agree,0,30045,0.0,22.5
access,19862,0,986200,986200,ASH_COATED_OSMIUM,SELL,10017,3,passive_resting_fill,10017,public,access,16.0,0.0,0.0,low,mild,normal,agree,0,30051,0.0,28.5
access,19871,0,987100,987100,ASH_COATED_OSMIUM,SELL,10015,6,passive_resting_fill,10015,access,access,15.0,-0.047619,-0.3571,medium,mild,normal,agree,1,60090,0.0,48.0
access,19887,0,988700,988700,ASH_COATED_OSMIUM,BUY,10008,8,passive_resting_fill,10008,public,access,6.0,0.157895,0.4737,medium,mild,tight,agree,0,-80064,0.0,-8.0
access,19887,0,988700,988700,ASH_COATED_OSMIUM,BUY,10006,6,passive_resting_fill,10006,public,access,6.0,0.157895,0.4737,medium,mild,tight,agree,0,-60036,0.0,6.0
access,19887,0,988700,988700,ASH_COATED_OSMIUM,BUY,10004,8,aggressive_cross,10004,public,access,6.0,0.157895,0.4737,medium,mild,tight,agree,0,-80032,0.0,24.0
access,19889,0,988900,988900,ASH_COATED_OSMIUM,BUY,9999,2,passive_resting_fill,9999,public,access,19.0,-0.348837,-3.314,high,extreme,wide,agree,1,-19998,0.0,15.0
access,19914,0,991400,991400,ASH_COATED_OSMIUM,BUY,10003,9,passive_resting_fill,10003,access,access,15.0,-0.411765,-3.0882,high,extreme,normal,agree,2,-90027,0.0,58.5
access,19932,0,993200,993200,ASH_COATED_OSMIUM,BUY,10006,8,aggressive_cross,10006,public,access,5.0,0.130435,0.3261,low,mild,tight,agree,0,-80048,0.0,16.0
access,19933,0,993300,993300,ASH_COATED_OSMIUM,BUY,10002,5,passive_resting_fill,10002,public,access,15.0,0.12,0.9,medium,strong,normal,agree,1,-50010,0.0,27.5
access,20000,1,0,1000000,ASH_COATED_OSMIUM,BUY,10001,6,passive_resting_fill,10001,public,access,16.0,0.0,0.0,low,mild,normal,agree,1,-60006,0.0,42.0
access,20004,1,400,1000400,ASH_COATED_OSMIUM,SELL,10010,8,aggressive_cross,10010,public,access,6.0,-0.2,-0.6,medium,strong,tight,agree,0,80080,0.0,0.0
access,20036,1,3600,1003600,ASH_COATED_OSMIUM,SELL,10016,3,passive_resting_fill,10016,public,access,15.0,0.047619,0.3571,medium,mild,normal,agree,1,30048,0.0,13.5
access,20042,1,4200,1004200,ASH_COATED_OSMIUM,SELL,10015,2,passive_resting_fill,10015,public,access,15.0,0.5,3.75,high,extreme,normal,agree,1,20030,0.0,12.0
access,20042,1,4200,1004200,ASH_COATED_OSMIUM,SELL,10017,2,passive_resting_fill,10017,public,access,15.0,0.5,3.75,high,extreme,normal,agree,1,20034,0.0,16.0
access,20076,1,7600,1007600,ASH_COATED_OSMIUM,BUY,10007,4,aggressive_cross,10007,public,access,8.0,0.714286,2.8571,high,extreme,tight,agree,0,-40028,0.0,0.0
access,20094,1,9400,1009400,ASH_COATED_OSMIUM,BUY,10006,8,aggressive_cross,10006,public,access,6.0,0.0,0.0,low,mild,tight,agree,1,-80048,0.0,8.0
access,20096,1,9600,1009600,ASH_COATED_OSMIUM,BUY,10001,6,passive_resting_fill,10001,public,access,15.0,0.473684,3.5526,high,extreme,normal,agree,2,-60006,0.0,36.0
access,20096,1,9600,1009600,ASH_COATED_OSMIUM,BUY,9999,6,passive_resting_fill,9999,public,access,15.0,0.473684,3.5526,high,extreme,normal,agree,2,-59994,0.0,48.0
access,20100,1,10000,1010000,ASH_COATED_OSMIUM,BUY,10000,8,passive_resting_fill,10000,public,access,16.0,0.0,0.0,low,mild,normal,agree,0,-80000,0.0,56.0
access,20121,1,12100,1012100,ASH_COATED_OSMIUM,BUY,9998,5,passive_resting_fill,9998,public,access,0.0,0.0,0.0,low,mild,tight,agree,0,-49990,0.0,32.5
access,20140,1,14000,1014000,ASH_COATED_OSMIUM,SELL,10011,3,passive_resting_fill,10011,public,access,0.0,0.0,0.0,low,mild,tight,agree,0,30033,0.0,30.0
access,20151,1,15100,1015100,ASH_COATED_OSMIUM,SELL,10005,10,passive_resting_fill,10005,public,access,19.0,0.405405,3.8514,high,extreme,wide,agree,0,100050,0.0,-10.0
access,20151,1,15100,1015100,ASH_COATED_OSMIUM,SELL,10007,6,passive_resting_fill,10007,public,access,19.0,0.405405,3.8514,high,extreme,wide,agree,0,60042,0.0,6.0
access,20155,1,15500,1015500,ASH_COATED_OSMIUM,SELL,10007,8,aggressive_cross,10007,public,access,7.0,0.0,0.0,low,mild,tight,agree,0,80056,0.0,16.0
access,20185,1,18500,1018500,ASH_COATED_OSMIUM,SELL,10012,6,passive_resting_fill,10012,public,access,19.0,-0.388889,-3.6944,high,extreme,wide,agree,1,60072,0.0,51.0
access,20185,1,18500,1018500,ASH_COATED_OSMIUM,SELL,10014,6,passive_resting_fill,10014,public,access,19.0,-0.388889,-3.6944,high,extreme,wide,agree,1,60084,0.0,63.0
access,20212,1,21200,1021200,ASH_COATED_OSMIUM,BUY,10004,4,aggressive_cross,10004,public,access,10.0,0.411765,2.0588,high,extreme,normal,agree,0,-40016,0.0,-40016.0
access,20232,1,23200,1023200,ASH_COATED_OSMIUM,BUY,10001,7,aggressive_cross,10001,public,access,4.0,0.333333,0.6667,medium,strong,tight,agree,1,-70007,0.0,10.5
access,20243,1,24300,1024300,ASH_COATED_OSMIUM,BUY,9997,4,passive_resting_fill,9997,public,access,15.0,-0.04,-0.3,low,mild,normal,agree,2,-39988,0.0,16.0
access,20243,1,24300,1024300,ASH_COATED_OSMIUM,BUY,9995,4,passive_resting_fill,9995,public,access,15.0,-0.04,-0.3,low,mild,normal,agree,2,-39980,0.0,24.0
access,20246,1,24600,1024600,ASH_COATED_OSMIUM,BUY,9996,3,passive_resting_fill,9996,access,access,15.0,0.263158,1.9737,high,extreme,normal,agree,2,-29988,0.0,37.5
access,20251,1,25100,1025100,ASH_COATED_OSMIUM,SELL,10005,8,aggressive_cross,10005,public,access,7.0,-0.111111,-0.3889,medium,mild,tight,agree,0,80040,0.0,28.0
access,20268,1,26800,1026800,ASH_COATED_OSMIUM,BUY,9998,8,aggressive_cross,9998,public,access,5.0,0.304348,0.7609,medium,strong,tight,agree,0,-79984,0.0,4.0
access,20280,1,28000,1028000,ASH_COATED_OSMIUM,SELL,10001,4,aggressive_cross,10001,public,access,6.0,-0.733333,-2.2,high,extreme,tight,agree,1,40004,0.0,6.0
access,20304,1,30400,1030400,ASH_COATED_OSMIUM,SELL,10007,2,passive_resting_fill,10007,access,access,15.0,0.0,0.0,low,mild,normal,agree,1,20014,0.0,11.0
access,20328,1,32800,1032800,ASH_COATED_OSMIUM,BUY,9994,4,passive_resting_fill,9994,public,access,6.0,0.142857,0.4286,medium,mild,tight,agree,0,-39976,0.0,34.0
access,20328,1,32800,1032800,ASH_COATED_OSMIUM,BUY,9992,4,passive_resting_fill,9992,public,access,6.0,0.142857,0.4286,medium,mild,tight,agree,0,-39968,0.0,42.0
access,20328,1,32800,1032800,ASH_COATED_OSMIUM,BUY,9998,8,aggressive_cross,9998,public,access,6.0,0.142857,0.4286,medium,mild,tight,agree,0,-79984,0.0,36.0
access,20340,1,34000,1034000,ASH_COATED_OSMIUM,SELL,10008,7,passive_resting_fill,10008,public,access,16.0,0.0,0.0,low,mild,normal,agree,1,70056,0.0,35.0
access,20340,1,34000,1034000,ASH_COATED_OSMIUM,SELL,10010,7,passive_resting_fill,10010,public,access,16.0,0.0,0.0,low,mild,normal,agree,1,70070,0.0,49.0
access,20345,1,34500,1034500,ASH_COATED_OSMIUM,BUY,9995,8,passive_resting_fill,9995,public,access,18.0,-0.166667,-1.5,high,extreme,wide,agree,0,-79960,0.0,48.0
access,20365,1,36500,1036500,ASH_COATED_OSMIUM,SELL,10009,3,passive_resting_fill,10009,public,access,16.0,0.0,0.0,low,mild,normal,agree,0,30027,0.0,15.0
access,20378,1,37800,1037800,ASH_COATED_OSMIUM,SELL,10002,8,aggressive_cross,10002,public,access,9.0,-0.515152,-2.3182,high,extreme,normal,agree,0,80016,0.0,16.0
access,20379,1,37900,1037900,ASH_COATED_OSMIUM,BUY,10002,4,passive_resting_fill,10002,public,access,16.0,0.0,0.0,low,mild,normal,agree,0,-40008,0.0,-8.0
access,20379,1,37900,1037900,ASH_COATED_OSMIUM,BUY,10000,4,passive_resting_fill,10000,public,access,16.0,0.0,0.0,low,mild,normal,agree,0,-40000,0.0,0.0
access,20384,1,38400,1038400,ASH_COATED_OSMIUM,SELL,10007,3,passive_resting_fill,10007,public,access,16.0,0.0,0.0,low,mild,normal,agree,0,30021,0.0,21.0
access,20399,1,39900,1039900,ASH_COATED_OSMIUM,SELL,10006,7,passive_resting_fill,10006,public,access,15.0,0.0,0.0,low,mild,normal,agree,1,70042,0.0,49.0
access,20399,1,39900,1039900,ASH_COATED_OSMIUM,SELL,10008,6,passive_resting_fill,10008,public,access,15.0,0.0,0.0,low,mild,normal,agree,1,60048,0.0,54.0
access,20415,1,41500,1041500,ASH_COATED_OSMIUM,SELL,10007,5,passive_resting_fill,10007,public,access,16.0,0.0,0.0,low,mild,normal,agree,0,50035,0.0,30.0
access,20415,1,41500,1041500,ASH_COATED_OSMIUM,SELL,10009,5,passive_resting_fill,10009,public,access,16.0,0.0,0.0,low,mild,normal,agree,0,50045,0.0,40.0
access,20430,1,43000,1043000,ASH_COATED_OSMIUM,BUY,10003,3,aggressive_cross,10003,public,access,9.0,0.571429,2.5714,high,extreme,normal,agree,1,-30009,0.0,-9.0
access,20448,1,44800,1044800,ASH_COATED_OSMIUM,BUY,9999,8,aggressive_cross,9999,public,access,5.0,0.272727,0.6818,medium,strong,tight,agree,0,-79992,0.0,40.0
access,20452,1,45200,1045200,ASH_COATED_OSMIUM,BUY,10001,6,aggressive_cross,10001,public,access,7.0,0.647059,2.2647,high,extreme,tight,agree,2,-60006,0.0,6.0
access,20465,1,46500,1046500,ASH_COATED_OSMIUM,SELL,10004,8,aggressive_cross,10004,public,access,6.0,-0.181818,-0.5455,medium,strong,tight,agree,0,80032,0.0,48.0
access,20470,1,47000,1047000,ASH_COATED_OSMIUM,BUY,10003,2,aggressive_cross,10003,public,access,10.0,0.764706,3.8235,high,extreme,normal,agree,0,-20006,0.0,-3.0
access,20509,1,50900,1050900,ASH_COATED_OSMIUM,BUY,9997,5,passive_resting_fill,9997,public,access,16.0,0.0,0.0,low,mild,normal,agree,0,-49985,0.0,20.0
access,20509,1,50900,1050900,ASH_COATED_OSMIUM,BUY,9995,5,passive_resting_fill,9995,public,access,16.0,0.0,0.0,low,mild,normal,agree,0,-49975,0.0,30.0
access,20546,1,54600,1054600,ASH_COATED_OSMIUM,BUY,9996,6,passive_resting_fill,9996,public,access,18.0,0.314286,2.8286,high,extreme,wide,agree,1,-59976,0.0,48.0
access,20546,1,54600,1054600,ASH_COATED_OSMIUM,BUY,9994,6,passive_resting_fill,9994,public,access,18.0,0.314286,2.8286,high,extreme,wide,agree,1,-59964,0.0,60.0
access,20581,1,58100,1058100,ASH_COATED_OSMIUM,BUY,10002,8,aggressive_cross,10002,public,access,5.0,0.181818,0.4545,medium,mild,tight,agree,1,-80016,0.0,16.0
access,20584,1,58400,1058400,ASH_COATED_OSMIUM,BUY,9998,3,passive_resting_fill,9998,public,access,15.0,-0.153846,-1.1538,high,strong,normal,agree,1,-29994,0.0,21.0
access,20592,1,59200,1059200,ASH_COATED_OSMIUM,SELL,10004,5,aggressive_cross,10004,public,access,10.0,-0.411765,-2.0588,high,extreme,normal,agree,0,50020,0.0,2.5
access,20595,1,59500,1059500,ASH_COATED_OSMIUM,SELL,10013,2,passive_resting_fill,10013,public,access,20.0,-0.153846,-1.5385,high,extreme,wide,agree,1,20026,0.0,11.0
access,20595,1,59500,1059500,ASH_COATED_OSMIUM,SELL,10015,2,passive_resting_fill,10015,public,access,20.0,-0.153846,-1.5385,high,extreme,wide,agree,1,20030,0.0,15.0
access,20616,1,61600,1061600,ASH_COATED_OSMIUM,BUY,10004,4,aggressive_cross,10004,public,access,8.0,0.68,2.72,high,extreme,tight,agree,1,-40016,0.0,2.0
access,20620,1,62000,1062000,ASH_COATED_OSMIUM,SELL,10014,6,passive_resting_fill,10014,public,access,16.0,0.0,0.0,low,mild,normal,agree,1,60084,0.0,48.0
access,20637,1,63700,1063700,ASH_COATED_OSMIUM,BUY,10000,2,passive_resting_fill,10000,public,access,15.0,-0.243243,-1.8243,high,extreme,normal,agree,1,-20000,0.0,9.0
access,20637,1,63700,1063700,ASH_COATED_OSMIUM,BUY,9998,2,passive_resting_fill,9998,public,access,15.0,-0.243243,-1.8243,high,extreme,normal,agree,1,-19996,0.0,13.0
access,20649,1,64900,1064900,ASH_COATED_OSMIUM,SELL,10012,4,passive_resting_fill,10012,public,access,0.0,0.0,0.0,low,mild,tight,agree,0,40048,0.0,24.0
access,20653,1,65300,1065300,ASH_COATED_OSMIUM,BUY,9998,2,passive_resting_fill,9998,public,access,16.0,0.0,0.0,low,mild,normal,agree,1,-19996,0.0,15.0
access,20680,1,68000,1068000,ASH_COATED_OSMIUM,SELL,10016,3,passive_resting_fill,10016,public,access,18.0,-0.414634,-3.7317,high,extreme,wide,agree,0,30048,0.0,27.0
access,20680,1,68000,1068000,ASH_COATED_OSMIUM,SELL,10018,3,passive_resting_fill,10018,public,access,18.0,-0.414634,-3.7317,high,extreme,wide,agree,0,30054,0.0,33.0
access,20723,1,72300,1072300,ASH_COATED_OSMIUM,BUY,10004,8,aggressive_cross,10004,public,access,5.0,0.473684,1.1842,high,strong,tight,agree,1,-80032,0.0,-32.0
access,20740,1,74000,1074000,ASH_COATED_OSMIUM,BUY,10003,4,aggressive_cross,10003,public,access,8.0,0.68,2.72,high,extreme,tight,agree,0,-40012,0.0,8.0
access,20746,1,74600,1074600,ASH_COATED_OSMIUM,SELL,10004,5,aggressive_cross,10004,public,access,10.0,-0.333333,-1.6667,high,extreme,normal,agree,0,50020,0.0,-7.5
access,20763,1,76300,1076300,ASH_COATED_OSMIUM,BUY,9998,1,passive_resting_fill,9998,public,access,16.0,0.0,0.0,low,mild,normal,agree,0,-9998,0.0,6.5
access,20765,1,76500,1076500,ASH_COATED_OSMIUM,SELL,10012,8,passive_resting_fill,10012,public,access,13.0,-0.677419,-4.4032,high,extreme,normal,agree,0,80096,0.0,48.0
access,20765,1,76500,1076500,ASH_COATED_OSMIUM,SELL,10014,7,passive_resting_fill,10014,public,access,13.0,-0.677419,-4.4032,high,extreme,normal,agree,0,70098,0.0,56.0
access,20778,1,77800,1077800,ASH_COATED_OSMIUM,BUY,10003,7,aggressive_cross,10003,public,access,5.0,0.333333,0.8333,medium,strong,tight,agree,0,-70021,0.0,21.0
access,20804,1,80400,1080400,ASH_COATED_OSMIUM,BUY,10005,4,aggressive_cross,10005,public,access,5.0,0.272727,0.6818,medium,strong,tight,agree,0,-40020,0.0,14.0
access,20836,1,83600,1083600,ASH_COATED_OSMIUM,SELL,10005,2,aggressive_cross,10005,public,access,13.0,-0.866667,-5.6333,high,extreme,normal,agree,1,20010,0.0,-2.0
access,20855,1,85500,1085500,ASH_COATED_OSMIUM,BUY,9997,7,passive_resting_fill,9997,access,access,0.0,0.0,0.0,low,mild,tight,agree,1,-69979,0.0,45.5
access,20857,1,85700,1085700,ASH_COATED_OSMIUM,BUY,10001,8,aggressive_cross,10001,public,access,6.0,0.272727,0.8182,medium,strong,tight,agree,0,-80008,0.0,12.0
access,20859,1,85900,1085900,ASH_COATED_OSMIUM,BUY,9997,5,passive_resting_fill,9997,public,access,16.0,0.0,0.0,low,mild,normal,agree,0,-49985,0.0,12.5
access,20859,1,85900,1085900,ASH_COATED_OSMIUM,BUY,9995,5,passive_resting_fill,9995,public,access,16.0,0.0,0.0,low,mild,normal,agree,0,-49975,0.0,22.5
access,20876,1,87600,1087600,ASH_COATED_OSMIUM,SELL,9999,4,aggressive_cross,9999,public,access,11.0,-0.5,-2.75,high,extreme,normal,agree,0,39996,0.0,-12.0
access,20878,1,87800,1087800,ASH_COATED_OSMIUM,SELL,10003,5,aggressive_cross,10003,public,access,6.0,-0.333333,-1.0,high,strong,tight,agree,0,50015,0.0,2.5
access,20879,1,87900,1087900,ASH_COATED_OSMIUM,BUY,9994,5,passive_resting_fill,9994,access,access,15.0,0.0,0.0,low,mild,normal,agree,2,-49970,0.0,35.0
access,20883,1,88300,1088300,ASH_COATED_OSMIUM,SELL,10008,2,passive_resting_fill,10008,public,access,17.0,0.034483,0.2931,low,mild,wide,agree,1,20016,0.0,11.0
access,20883,1,88300,1088300,ASH_COATED_OSMIUM,SELL,10010,2,passive_resting_fill,10010,public,access,17.0,0.034483,0.2931,low,mild,wide,agree,1,20020,0.0,15.0
access,20897,1,89700,1089700,ASH_COATED_OSMIUM,SELL,10004,9,aggressive_cross,10004,public,access,6.0,-0.142857,-0.4286,medium,mild,tight,agree,0,90036,0.0,13.5
access,20902,1,90200,1090200,ASH_COATED_OSMIUM,SELL,10008,10,passive_resting_fill,10008,public,access,15.0,0.348837,2.6163,high,extreme,normal,agree,1,100080,0.0,100080.0
access,20902,1,90200,1090200,ASH_COATED_OSMIUM,SELL,10010,6,passive_resting_fill,10010,public,access,15.0,0.348837,2.6163,high,extreme,normal,agree,1,60060,0.0,60060.0
access,20930,1,93000,1093000,ASH_COATED_OSMIUM,SELL,10003,8,aggressive_cross,10003,public,access,6.0,-0.304348,-0.913,high,strong,tight,agree,0,80024,0.0,24.0
access,20961,1,96100,1096100,ASH_COATED_OSMIUM,SELL,10009,3,passive_resting_fill,10009,public,access,15.0,0.0,0.0,low,mild,normal,agree,1,30027,0.0,27.0
access,20969,1,96900,1096900,ASH_COATED_OSMIUM,SELL,10008,8,passive_resting_fill,10008,public,access,19.0,0.348837,3.314,high,extreme,wide,agree,1,80064,0.0,48.0
access,20969,1,96900,1096900,ASH_COATED_OSMIUM,SELL,10010,7,passive_resting_fill,10010,public,access,19.0,0.348837,3.314,high,extreme,wide,agree,1,70070,0.0,56.0
access,20971,1,97100,1097100,ASH_COATED_OSMIUM,SELL,10009,6,passive_resting_fill,10009,public,access,16.0,0.0,0.0,low,mild,normal,agree,0,60054,0.0,48.0
access,20987,1,98700,1098700,ASH_COATED_OSMIUM,BUY,9999,4,aggressive_cross,9999,public,access,5.0,0.555556,1.3889,high,extreme,tight,agree,1,-39996,0.0,8.0
access,20991,1,99100,1099100,ASH_COATED_OSMIUM,BUY,10002,5,aggressive_cross,10002,public,access,9.0,0.473684,2.1316,high,extreme,normal,agree,1,-50010,0.0,-5.0
access,21001,1,100100,1100100,ASH_COATED_OSMIUM,BUY,10004,4,aggressive_cross,10004,public,access,12.0,0.615385,3.6923,high,extreme,normal,agree,0,-40016,0.0,-4.0
access,21097,1,109700,1109700,ASH_COATED_OSMIUM,BUY,10004,8,aggressive_cross,10004,access,access,11.0,0.125,0.6875,medium,strong,normal,agree,2,-80032,0.0,4.0
access,21118,1,111800,1111800,ASH_COATED_OSMIUM,BUY,9995,5,passive_resting_fill,9995,access,access,15.0,0.076923,0.5769,medium,strong,normal,agree,2,-49975,0.0,17.5
access,21127,1,112700,1112700,ASH_COATED_OSMIUM,BUY,10002,4,aggressive_cross,10002,public,access,9.0,0.466667,2.1,high,extreme,normal,agree,0,-40008,0.0,-4.0
access,21149,1,114900,1114900,ASH_COATED_OSMIUM,BUY,9995,3,passive_resting_fill,9995,public,access,18.0,0.272727,2.4545,high,extreme,wide,agree,0,-29985,0.0,19.5
access,21149,1,114900,1114900,ASH_COATED_OSMIUM,BUY,9993,3,passive_resting_fill,9993,public,access,18.0,0.272727,2.4545,high,extreme,wide,agree,0,-29979,0.0,25.5
access,21151,1,115100,1115100,ASH_COATED_OSMIUM,SELL,10004,4,aggressive_cross,10004,access,access,8.0,-0.06383,-0.2553,low,mild,tight,agree,1,40016,0.0,22.0
access,21200,1,120000,1120000,ASH_COATED_OSMIUM,BUY,9997,10,aggressive_cross,9997,public,access,6.0,0.0,0.0,low,mild,tight,agree,0,-99970,0.0,15.0
access,21203,1,120300,1120300,ASH_COATED_OSMIUM,BUY,9996,9,aggressive_cross,9996,public,access,5.0,0.1,0.25,low,mild,tight,agree,0,-89964,0.0,31.5
access,21215,1,121500,1121500,ASH_COATED_OSMIUM,SELL,10001,5,aggressive_cross,10001,public,access,7.0,-0.333333,-1.1667,high,strong,tight,agree,0,50005,0.0,2.5
access,21220,1,122000,1122000,ASH_COATED_OSMIUM,SELL,10008,10,passive_resting_fill,10008,public,access,15.0,0.12,0.9,medium,strong,normal,agree,1,100080,0.0,70.0
access,21225,1,122500,1122500,ASH_COATED_OSMIUM,SELL,10008,5,passive_resting_fill,10008,public,access,16.0,0.0,0.0,low,mild,normal,agree,0,50040,0.0,42.5
access,21226,1,122600,1122600,ASH_COATED_OSMIUM,BUY,9998,9,aggressive_cross,9998,public,access,6.0,0.142857,0.4286,medium,mild,tight,agree,0,-89982,0.0,31.5
access,21266,1,126600,1126600,ASH_COATED_OSMIUM,BUY,9993,6,passive_resting_fill,9993,public,access,16.0,0.0,0.0,low,mild,normal,agree,0,-59958,0.0,48.0
access,21267,1,126700,1126700,ASH_COATED_OSMIUM,BUY,9993,6,passive_resting_fill,9993,access,access,15.0,-0.130435,-0.9783,high,strong,normal,agree,1,-59958,0.0,39.0
access,21268,1,126800,1126800,ASH_COATED_OSMIUM,BUY,9997,5,aggressive_cross,9997,public,access,5.0,0.333333,0.8333,medium,strong,tight,agree,0,-49985,0.0,17.5
access,21275,1,127500,1127500,ASH_COATED_OSMIUM,BUY,9996,8,aggressive_cross,9996,access,access,7.0,0.352941,1.2353,high,strong,tight,agree,2,-79968,0.0,24.0
access,21280,1,128000,1128000,ASH_COATED_OSMIUM,SELL,10007,2,passive_resting_fill,10007,public,access,16.0,0.0,0.0,low,mild,normal,agree,0,20014,0.0,16.0
access,21299,1,129900,1129900,ASH_COATED_OSMIUM,SELL,10000,8,aggressive_cross,10000,public,access,7.0,-0.1,-0.35,medium,mild,tight,agree,0,80000,0.0,4.0
access,21305,1,130500,1130500,ASH_COATED_OSMIUM,SELL,10006,2,passive_resting_fill,10006,public,access,15.0,0.333333,2.5,high,extreme,normal,agree,2,20012,0.0,13.0
access,21316,1,131600,1131600,ASH_COATED_OSMIUM,SELL,10007,2,passive_resting_fill,10007,public,access,20.0,0.189189,1.8919,high,extreme,wide,agree,2,20014,0.0,12.0
access,21316,1,131600,1131600,ASH_COATED_OSMIUM,SELL,10009,2,passive_resting_fill,10009,public,access,20.0,0.189189,1.8919,high,extreme,wide,agree,2,20018,0.0,16.0
access,21324,1,132400,1132400,ASH_COATED_OSMIUM,BUY,9999,5,aggressive_cross,9999,public,access,5.0,0.666667,1.6667,high,extreme,tight,agree,1,-49995,0.0,7.5
access,21365,1,136500,1136500,ASH_COATED_OSMIUM,SELL,10001,5,aggressive_cross,10001,public,access,10.0,-0.333333,-1.6667,high,extreme,normal,agree,0,50005,0.0,-5.0
access,21379,1,137900,1137900,ASH_COATED_OSMIUM,SELL,10011,3,passive_resting_fill,10011,access,access,15.0,0.444444,3.3333,high,extreme,normal,agree,2,30033,0.0,16.5
access,21394,1,139400,1139400,ASH_COATED_OSMIUM,BUY,9999,5,passive_resting_fill,9999,public,access,16.0,0.0,0.0,low,mild,normal,agree,0,-49995,0.0,20.0
access,21394,1,139400,1139400,ASH_COATED_OSMIUM,BUY,9997,5,passive_resting_fill,9997,public,access,16.0,0.0,0.0,low,mild,normal,agree,0,-49985,0.0,30.0
access,21396,1,139600,1139600,ASH_COATED_OSMIUM,BUY,9998,6,passive_resting_fill,9998,public,access,15.0,-0.235294,-1.7647,high,extreme,normal,agree,1,-59988,0.0,27.0
access,21422,1,142200,1142200,ASH_COATED_OSMIUM,BUY,9999,8,passive_resting_fill,9999,public,access,15.0,-0.230769,-1.7308,high,extreme,normal,agree,1,-79992,0.0,56.0
access,21422,1,142200,1142200,ASH_COATED_OSMIUM,BUY,9997,6,passive_resting_fill,9997,public,access,15.0,-0.230769,-1.7308,high,extreme,normal,agree,1,-59982,0.0,54.0
access,21469,1,146900,1146900,ASH_COATED_OSMIUM,SELL,10013,6,passive_resting_fill,10013,public,access,15.0,0.0,0.0,low,mild,normal,agree,2,60078,0.0,39.0
access,21470,1,147000,1147000,ASH_COATED_OSMIUM,SELL,10003,2,aggressive_cross,10003,public,access,11.0,-0.733333,-4.0333,high,extreme,normal,agree,0,20006,0.0,-3.0
access,21483,1,148300,1148300,ASH_COATED_OSMIUM,SELL,10002,2,aggressive_cross,10002,public,access,11.0,-0.666667,-3.6667,high,extreme,normal,agree,1,20004,0.0,-6.0
access,21495,1,149500,1149500,ASH_COATED_OSMIUM,SELL,10011,9,passive_resting_fill,10011,public,access,13.0,-0.714286,-4.6429,high,extreme,normal,agree,0,90099,0.0,81.0
access,21495,1,149500,1149500,ASH_COATED_OSMIUM,SELL,10013,7,passive_resting_fill,10013,public,access,13.0,-0.714286,-4.6429,high,extreme,normal,agree,0,70091,0.0,77.0
access,21495,1,149500,1149500,ASH_COATED_OSMIUM,SELL,10002,4,aggressive_cross,10002,public,access,13.0,-0.714286,-4.6429,high,extreme,normal,agree,0,40008,0.0,0.0
access,21548,1,154800,1154800,ASH_COATED_OSMIUM,BUY,10002,2,passive_resting_fill,10002,public,access,15.0,-0.4,-3.0,high,extreme,normal,agree,1,-20004,0.0,11.0
access,21548,1,154800,1154800,ASH_COATED_OSMIUM,BUY,10000,2,passive_resting_fill,10000,public,access,15.0,-0.4,-3.0,high,extreme,normal,agree,1,-20000,0.0,15.0
access,21555,1,155500,1155500,ASH_COATED_OSMIUM,SELL,10015,6,passive_resting_fill,10015,public,access,18.0,0.176471,1.5882,high,extreme,wide,agree,1,60090,0.0,48.0
access,21557,1,155700,1155700,ASH_COATED_OSMIUM,SELL,10015,7,passive_resting_fill,10015,public,access,18.0,-0.272727,-2.4545,high,extreme,wide,agree,0,70105,0.0,49.0
access,21557,1,155700,1155700,ASH_COATED_OSMIUM,SELL,10017,7,passive_resting_fill,10017,public,access,18.0,-0.272727,-2.4545,high,extreme,wide,agree,0,70119,0.0,63.0
access,21584,1,158400,1158400,ASH_COATED_OSMIUM,BUY,9998,2,passive_resting_fill,9998,public,access,15.0,0.333333,2.5,high,extreme,normal,agree,1,-19996,0.0,16.0
access,21655,1,165500,1165500,ASH_COATED_OSMIUM,SELL,10009,4,aggressive_cross,10009,public,access,7.0,-0.428571,-1.5,high,extreme,tight,agree,0,40036,0.0,6.0
access,21661,1,166100,1166100,ASH_COATED_OSMIUM,SELL,10005,4,aggressive_cross,10005,public,access,10.0,-0.578947,-2.8947,high,extreme,normal,agree,0,40020,0.0,-36.0
access,21694,1,169400,1169400,ASH_COATED_OSMIUM,SELL,10008,8,aggressive_cross,10008,public,access,7.0,-0.272727,-0.9545,high,strong,tight,agree,0,80064,0.0,20.0
access,21729,1,172900,1172900,ASH_COATED_OSMIUM,SELL,10014,4,passive_resting_fill,10014,public,access,15.0,0.210526,1.5789,high,extreme,normal,agree,2,40056,0.0,28.0
access,21777,1,177700,1177700,ASH_COATED_OSMIUM,BUY,10002,10,passive_resting_fill,10002,public,access,19.0,0.333333,3.1667,high,extreme,wide,agree,0,-100020,0.0,75.0
access,21777,1,177700,1177700,ASH_COATED_OSMIUM,BUY,10000,4,passive_resting_fill,10000,public,access,19.0,0.333333,3.1667,high,extreme,wide,agree,0,-40000,0.0,38.0
access,21797,1,179700,1179700,ASH_COATED_OSMIUM,SELL,10008,4,aggressive_cross,10008,public,access,9.0,-0.578947,-2.6053,high,extreme,normal,agree,1,40032,0.0,-12.0
access,21818,1,181800,1181800,ASH_COATED_OSMIUM,BUY,10004,2,passive_resting_fill,10004,public,access,16.0,0.0,0.0,low,mild,normal,agree,1,-20008,0.0,12.0
access,21818,1,181800,1181800,ASH_COATED_OSMIUM,BUY,10002,2,passive_resting_fill,10002,public,access,16.0,0.0,0.0,low,mild,normal,agree,1,-20004,0.0,16.0
access,21829,1,182900,1182900,ASH_COATED_OSMIUM,BUY,10002,5,passive_resting_fill,10002,public,access,19.0,-0.487179,-4.6282,high,extreme,wide,agree,0,-50010,0.0,32.5
access,21841,1,184100,1184100,ASH_COATED_OSMIUM,SELL,10007,4,aggressive_cross,10007,public,access,10.0,-0.555556,-2.7778,high,extreme,normal,agree,0,40028,0.0,-8.0
access,21847,1,184700,1184700,ASH_COATED_OSMIUM,SELL,10011,4,aggressive_cross,10011,public,access,6.0,-0.428571,-1.2857,high,extreme,tight,agree,0,40044,0.0,6.0
access,21850,1,185000,1185000,ASH_COATED_OSMIUM,BUY,10001,2,passive_resting_fill,10001,public,access,5.0,0.294118,0.7353,medium,strong,tight,agree,0,-20002,0.0,13.0
access,21850,1,185000,1185000,ASH_COATED_OSMIUM,BUY,10006,6,aggressive_cross,10006,public,access,5.0,0.294118,0.7353,medium,strong,tight,agree,0,-60036,0.0,9.0
access,21859,1,185900,1185900,ASH_COATED_OSMIUM,BUY,10002,10,passive_resting_fill,10002,access,access,15.0,0.166667,1.25,high,extreme,normal,agree,1,-100020,0.0,45.0
access,21870,1,187000,1187000,ASH_COATED_OSMIUM,BUY,10003,4,passive_resting_fill,10003,public,access,18.0,-0.352941,-3.1765,high,extreme,wide,agree,0,-40012,0.0,24.0
access,21872,1,187200,1187200,ASH_COATED_OSMIUM,SELL,10007,3,aggressive_cross,10007,public,access,13.0,-0.8,-5.2,high,extreme,normal,agree,0,30021,0.0,-6.0
access,21926,1,192600,1192600,ASH_COATED_OSMIUM,BUY,10000,8,passive_resting_fill,10000,public,access,21.0,0.0,0.0,low,mild,wide,agree,0,-80000,0.0,52.0
access,21926,1,192600,1192600,ASH_COATED_OSMIUM,BUY,9998,7,passive_resting_fill,9998,public,access,21.0,0.0,0.0,low,mild,wide,agree,0,-69986,0.0,59.5
access,21929,1,192900,1192900,ASH_COATED_OSMIUM,SELL,10015,10,passive_resting_fill,10015,public,access,15.0,-0.189189,-1.4189,high,extreme,normal,agree,1,100150,0.0,85.0
access,21933,1,193300,1193300,ASH_COATED_OSMIUM,SELL,10007,5,aggressive_cross,10007,public,access,9.0,-0.666667,-3.0,high,extreme,normal,agree,1,50035,0.0,5.0
access,21973,1,197300,1197300,ASH_COATED_OSMIUM,BUY,9998,9,passive_resting_fill,9998,public,access,17.0,-0.04,-0.34,low,mild,wide,agree,2,-89982,0.0,63.0
access,21973,1,197300,1197300,ASH_COATED_OSMIUM,BUY,9996,7,passive_resting_fill,9996,public,access,17.0,-0.04,-0.34,low,mild,wide,agree,2,-69972,0.0,63.0
access,21982,1,198200,1198200,ASH_COATED_OSMIUM,SELL,10002,4,aggressive_cross,10002,public,access,10.0,-0.466667,-2.3333,high,extreme,normal,agree,1,40008,0.0,-12.0
access,22003,1,200300,1200300,ASH_COATED_OSMIUM,BUY,9993,16,passive_resting_fill,9993,public,access,19.0,0.263158,2.5,high,extreme,wide,agree,1,-159888,0.0,152.0
access,22006,1,200600,1200600,ASH_COATED_OSMIUM,SELL,10010,2,passive_resting_fill,10010,public,access,18.0,0.25,2.25,high,extreme,wide,agree,0,20020,0.0,15.0
access,22007,1,200700,1200700,ASH_COATED_OSMIUM,SELL,10010,8,passive_resting_fill,10010,public,access,15.0,-0.153846,-1.1538,high,strong,normal,agree,2,80080,0.0,64.0
access,22008,1,200800,1200800,ASH_COATED_OSMIUM,SELL,10010,2,passive_resting_fill,10010,access,access,15.0,-0.037037,-0.2778,low,mild,normal,agree,1,20020,0.0,19.0
access,22019,1,201900,1201900,ASH_COATED_OSMIUM,BUY,9993,2,passive_resting_fill,9993,public,access,19.0,-0.3125,-2.9688,high,extreme,wide,agree,0,-19986,0.0,9.0
access,22058,1,205800,1205800,ASH_COATED_OSMIUM,BUY,9995,2,passive_resting_fill,9995,public,access,16.0,0.0,0.0,low,mild,normal,agree,0,-19990,0.0,2.0
access,22058,1,205800,1205800,ASH_COATED_OSMIUM,BUY,9993,2,passive_resting_fill,9993,public,access,16.0,0.0,0.0,low,mild,normal,agree,0,-19986,0.0,6.0
access,22063,1,206300,1206300,ASH_COATED_OSMIUM,BUY,9999,8,aggressive_cross,9999,public,access,6.0,0.272727,0.8182,medium,strong,tight,agree,1,-79992,0.0,32.0
access,22066,1,206600,1206600,ASH_COATED_OSMIUM,BUY,9992,7,passive_resting_fill,9992,public,access,17.0,0.210526,1.7895,high,extreme,wide,agree,1,-69944,0.0,80.5
access,22067,1,206700,1206700,ASH_COATED_OSMIUM,SELL,10003,5,aggressive_cross,10003,public,access,6.0,-0.473684,-1.4211,high,extreme,tight,agree,0,50015,0.0,12.5
access,22071,1,207100,1207100,ASH_COATED_OSMIUM,SELL,9999,2,aggressive_cross,9999,public,access,9.0,-0.870968,-3.9194,high,extreme,normal,agree,1,19998,0.0,-5.0
access,22089,1,208900,1208900,ASH_COATED_OSMIUM,BUY,9995,10,passive_resting_fill,9995,public,access,18.0,0.365854,3.2927,high,extreme,wide,agree,0,-99950,0.0,75.0
access,22089,1,208900,1208900,ASH_COATED_OSMIUM,BUY,9993,5,passive_resting_fill,9993,public,access,18.0,0.365854,3.2927,high,extreme,wide,agree,0,-49965,0.0,47.5
access,22102,1,210200,1210200,ASH_COATED_OSMIUM,BUY,9997,4,passive_resting_fill,9997,public,access,19.0,0.368421,3.5,high,extreme,wide,agree,0,-39988,0.0,-39988.0
access,22102,1,210200,1210200,ASH_COATED_OSMIUM,BUY,9995,4,passive_resting_fill,9995,public,access,19.0,0.368421,3.5,high,extreme,wide,agree,0,-39980,0.0,-39980.0
access,22109,1,210900,1210900,ASH_COATED_OSMIUM,SELL,10002,5,aggressive_cross,10002,public,access,11.0,-0.375,-2.0625,high,extreme,normal,agree,0,50010,0.0,-10.0
access,22129,1,212900,1212900,ASH_COATED_OSMIUM,BUY,9997,6,passive_resting_fill,9997,public,access,19.0,0.315789,3.0,high,extreme,wide,agree,1,-59982,0.0,42.0
access,22129,1,212900,1212900,ASH_COATED_OSMIUM,BUY,9995,6,passive_resting_fill,9995,public,access,19.0,0.315789,3.0,high,extreme,wide,agree,1,-59970,0.0,54.0
access,22154,1,215400,1215400,ASH_COATED_OSMIUM,SELL,9998,2,aggressive_cross,9998,access,access,16.0,-0.866667,-6.9333,high,extreme,normal,agree,2,19996,0.0,-14.0
access,22181,1,218100,1218100,ASH_COATED_OSMIUM,SELL,9997,4,aggressive_cross,9997,public,access,15.0,-0.368421,-2.7632,high,extreme,normal,agree,2,39988,0.0,-24.0
access,22225,1,222500,1222500,ASH_COATED_OSMIUM,SELL,9997,5,aggressive_cross,9997,public,access,10.0,-0.375,-1.875,high,extreme,normal,agree,0,49985,0.0,-15.0
access,22231,1,223100,1223100,ASH_COATED_OSMIUM,SELL,10007,2,passive_resting_fill,10007,public,access,13.0,-0.785714,-5.1071,high,extreme,normal,agree,0,20014,0.0,14.0
access,22231,1,223100,1223100,ASH_COATED_OSMIUM,SELL,10009,2,passive_resting_fill,10009,public,access,13.0,-0.785714,-5.1071,high,extreme,normal,agree,0,20018,0.0,18.0
access,22231,1,223100,1223100,ASH_COATED_OSMIUM,SELL,9997,3,aggressive_cross,9997,public,access,13.0,-0.785714,-5.1071,high,extreme,normal,agree,0,29991,0.0,-9.0
access,22239,1,223900,1223900,ASH_COATED_OSMIUM,SELL,10002,5,aggressive_cross,10002,public,access,6.0,-0.473684,-1.4211,high,extreme,tight,agree,0,50010,0.0,40.0
access,22244,1,224400,1224400,ASH_COATED_OSMIUM,BUY,9998,4,aggressive_cross,9998,public,access,8.0,0.714286,2.8571,high,extreme,tight,agree,0,-39992,0.0,2.0
access,22249,1,224900,1224900,ASH_COATED_OSMIUM,SELL,10008,7,passive_resting_fill,10008,public,access,19.0,0.257143,2.4429,high,extreme,wide,agree,1,70056,0.0,63.0
access,22250,1,225000,1225000,ASH_COATED_OSMIUM,SELL,10007,5,passive_resting_fill,10007,public,access,16.0,0.0,0.0,low,mild,normal,agree,0,50035,0.0,37.5
access,22262,1,226200,1226200,ASH_COATED_OSMIUM,BUY,9992,6,passive_resting_fill,9992,public,access,15.0,-0.153846,-1.1538,high,strong,normal,agree,1,-59952,0.0,51.0
access,22278,1,227800,1227800,ASH_COATED_OSMIUM,BUY,9991,5,passive_resting_fill,9991,public,access,16.0,0.0,0.0,low,mild,normal,agree,1,-49955,0.0,57.5
access,22294,1,229400,1229400,ASH_COATED_OSMIUM,SELL,10005,2,passive_resting_fill,10005,public,access,16.0,0.0,0.0,low,mild,normal,agree,0,20010,0.0,9.0
access,22294,1,229400,1229400,ASH_COATED_OSMIUM,SELL,10007,2,passive_resting_fill,10007,public,access,16.0,0.0,0.0,low,mild,normal,agree,0,20014,0.0,13.0
access,22337,1,233700,1233700,ASH_COATED_OSMIUM,SELL,9998,6,aggressive_cross,9998,public,access,6.0,-0.25,-0.75,medium,strong,tight,agree,0,59988,0.0,9.0
access,22356,1,235600,1235600,ASH_COATED_OSMIUM,BUY,9989,8,passive_resting_fill,9989,public,access,17.0,0.034483,0.2931,low,mild,wide,agree,1,-79912,0.0,64.0
access,22356,1,235600,1235600,ASH_COATED_OSMIUM,BUY,9987,5,passive_resting_fill,9987,public,access,17.0,0.034483,0.2931,low,mild,wide,agree,1,-49935,0.0,50.0
access,22363,1,236300,1236300,ASH_COATED_OSMIUM,BUY,9991,4,passive_resting_fill,9991,public,access,15.0,-0.076923,-0.5769,medium,strong,normal,agree,2,-39964,0.0,26.0
access,22363,1,236300,1236300,ASH_COATED_OSMIUM,BUY,9989,4,passive_resting_fill,9989,public,access,15.0,-0.076923,-0.5769,medium,strong,normal,agree,2,-39956,0.0,34.0
access,22367,1,236700,1236700,ASH_COATED_OSMIUM,BUY,9989,2,passive_resting_fill,9989,access,access,15.0,0.071429,0.5357,medium,strong,normal,agree,2,-19978,0.0,13.0
access,22368,1,236800,1236800,ASH_COATED_OSMIUM,BUY,9990,4,passive_resting_fill,9990,public,access,17.0,-0.35,-2.975,high,extreme,wide,agree,1,-39960,0.0,26.0
access,22368,1,236800,1236800,ASH_COATED_OSMIUM,BUY,9988,4,passive_resting_fill,9988,public,access,17.0,-0.35,-2.975,high,extreme,wide,agree,1,-39952,0.0,34.0
access,22392,1,239200,1239200,ASH_COATED_OSMIUM,SELL,9994,3,aggressive_cross,9994,public,access,13.0,-0.75,-4.875,high,extreme,normal,agree,1,29982,0.0,-1.5
access,22409,1,240900,1240900,ASH_COATED_OSMIUM,SELL,9994,3,aggressive_cross,9994,public,access,10.0,-0.777778,-3.8889,high,extreme,normal,agree,1,29982,0.0,-6.0
access,22417,1,241700,1241700,ASH_COATED_OSMIUM,BUY,9990,7,passive_resting_fill,9990,public,access,16.0,0.0,0.0,low,mild,normal,agree,0,-69930,0.0,49.0
access,22417,1,241700,1241700,ASH_COATED_OSMIUM,BUY,9988,7,passive_resting_fill,9988,public,access,16.0,0.0,0.0,low,mild,normal,agree,0,-69916,0.0,63.0
access,22430,1,243000,1243000,ASH_COATED_OSMIUM,SELL,10004,5,passive_resting_fill,10004,public,access,16.0,0.0,0.0,low,mild,normal,agree,0,50020,0.0,37.5
access,22434,1,243400,1243400,ASH_COATED_OSMIUM,SELL,10003,6,passive_resting_fill,10003,public,access,21.0,0.0,0.0,low,mild,wide,agree,0,60018,0.0,84.0
access,22434,1,243400,1243400,ASH_COATED_OSMIUM,SELL,10005,6,passive_resting_fill,10005,public,access,21.0,0.0,0.0,low,mild,wide,agree,0,60030,0.0,96.0
access,22437,1,243700,1243700,ASH_COATED_OSMIUM,SELL,10003,6,passive_resting_fill,10003,public,access,15.0,0.0,0.0,low,mild,normal,agree,1,60018,0.0,54.0
access,22437,1,243700,1243700,ASH_COATED_OSMIUM,SELL,10005,6,passive_resting_fill,10005,public,access,15.0,0.0,0.0,low,mild,normal,agree,1,60030,0.0,66.0
access,22446,1,244600,1244600,ASH_COATED_OSMIUM,SELL,9998,7,aggressive_cross,9998,public,access,9.0,-0.481481,-2.1667,high,extreme,normal,agree,0,69986,0.0,10.5
access,22462,1,246200,1246200,ASH_COATED_OSMIUM,BUY,9988,9,passive_resting_fill,9988,public,access,17.0,0.414634,3.5244,high,extreme,wide,agree,1,-89892,0.0,45.0
access,22462,1,246200,1246200,ASH_COATED_OSMIUM,BUY,9986,7,passive_resting_fill,9986,public,access,17.0,0.414634,3.5244,high,extreme,wide,agree,1,-69902,0.0,49.0
access,22478,1,247800,1247800,ASH_COATED_OSMIUM,BUY,9988,6,passive_resting_fill,9988,public,access,6.0,0.363636,1.0909,high,strong,tight,agree,0,-59928,0.0,48.0
access,22478,1,247800,1247800,ASH_COATED_OSMIUM,BUY,9993,4,aggressive_cross,9993,public,access,6.0,0.363636,1.0909,high,strong,tight,agree,0,-39972,0.0,12.0
access,22519,1,251900,1251900,ASH_COATED_OSMIUM,BUY,9990,4,passive_resting_fill,9990,access,access,17.0,0.0,0.0,low,mild,wide,agree,1,-39960,0.0,28.0
access,22524,1,252400,1252400,ASH_COATED_OSMIUM,SELL,10003,7,passive_resting_fill,10003,public,access,14.0,0.25,1.75,high,extreme,normal,agree,1,70021,0.0,45.5
access,22545,1,254500,1254500,ASH_COATED_OSMIUM,SELL,9996,8,aggressive_cross,9996,access,access,10.0,0.230769,1.1538,high,strong,normal,agree,1,79968,0.0,-20.0
access,22547,1,254700,1254700,ASH_COATED_OSMIUM,SELL,9999,10,aggressive_cross,9999,public,access,6.0,-0.2,-0.6,medium,strong,tight,agree,1,99990,0.0,80.0
access,22573,1,257300,1257300,ASH_COATED_OSMIUM,SELL,9997,8,aggressive_cross,9997,access,access,9.0,-0.166667,-0.75,medium,strong,normal,agree,1,79976,0.0,-12.0
access,22583,1,258300,1258300,ASH_COATED_OSMIUM,SELL,10008,9,passive_resting_fill,10008,public,access,15.0,-0.043478,-0.3261,low,mild,normal,agree,1,90072,0.0,81.0
access,22586,1,258600,1258600,ASH_COATED_OSMIUM,SELL,10006,4,passive_resting_fill,10006,public,access,17.0,-0.083333,-0.7083,medium,strong,wide,agree,2,40024,0.0,22.0
access,22586,1,258600,1258600,ASH_COATED_OSMIUM,SELL,10008,4,passive_resting_fill,10008,public,access,17.0,-0.083333,-0.7083,medium,strong,wide,agree,2,40032,0.0,30.0
access,22594,1,259400,1259400,ASH_COATED_OSMIUM,BUY,9991,8,passive_resting_fill,9991,public,access,16.0,0.0,0.0,low,mild,normal,agree,0,-79928,0.0,60.0
access,22605,1,260500,1260500,ASH_COATED_OSMIUM,SELL,10003,7,passive_resting_fill,10003,public,access,16.0,0.0,0.0,low,mild,normal,agree,0,70021,0.0,42.0
access,22605,1,260500,1260500,ASH_COATED_OSMIUM,SELL,10005,7,passive_resting_fill,10005,public,access,16.0,0.0,0.0,low,mild,normal,agree,0,70035,0.0,56.0
access,22608,1,260800,1260800,ASH_COATED_OSMIUM,SELL,10004,2,passive_resting_fill,10004,public,access,15.0,-0.166667,-1.25,high,extreme,normal,agree,2,20008,0.0,11.0
access,22615,1,261500,1261500,ASH_COATED_OSMIUM,BUY,9991,2,passive_resting_fill,9991,public,access,16.0,0.0,0.0,low,mild,normal,agree,0,-19982,0.0,28.0
access,22620,1,262000,1262000,ASH_COATED_OSMIUM,SELL,10003,11,aggressive_cross,10003,access,access,4.0,-0.083333,-0.1667,low,mild,tight,agree,2,110033,0.0,121.0
access,22650,1,265000,1265000,ASH_COATED_OSMIUM,BUY,9993,8,passive_resting_fill,9993,public,access,16.0,0.0,0.0,low,mild,normal,agree,1,-79944,0.0,56.0
access,22670,1,267000,1267000,ASH_COATED_OSMIUM,BUY,9992,9,passive_resting_fill,9992,public,access,18.0,0.351351,3.1622,high,extreme,wide,agree,0,-89928,0.0,63.0
access,22670,1,267000,1267000,ASH_COATED_OSMIUM,BUY,9990,7,passive_resting_fill,9990,public,access,18.0,0.351351,3.1622,high,extreme,wide,agree,0,-69930,0.0,63.0
access,22679,1,267900,1267900,ASH_COATED_OSMIUM,BUY,9995,10,aggressive_cross,9995,public,access,6.0,0.090909,0.2727,low,mild,tight,agree,0,-99950,0.0,35.0
access,22690,1,269000,1269000,ASH_COATED_OSMIUM,SELL,10005,6,passive_resting_fill,10005,public,access,14.0,-0.297297,-2.0811,high,extreme,normal,agree,1,60030,0.0,51.0
access,22693,1,269300,1269300,ASH_COATED_OSMIUM,SELL,9999,4,aggressive_cross,9999,public,access,6.0,-0.428571,-1.2857,high,extreme,tight,agree,0,39996,0.0,12.0
access,22696,1,269600,1269600,ASH_COATED_OSMIUM,BUY,9990,4,passive_resting_fill,9990,public,access,19.0,-0.473684,-4.5,high,extreme,wide,agree,0,-39960,0.0,26.0
access,22706,1,270600,1270600,ASH_COATED_OSMIUM,SELL,10004,2,passive_resting_fill,10004,public,access,16.0,0.0,0.0,low,mild,normal,agree,1,20008,0.0,4.0
access,22720,1,272000,1272000,ASH_COATED_OSMIUM,SELL,10004,5,passive_resting_fill,10004,public,access,19.0,0.0,0.0,low,mild,wide,agree,2,50020,0.0,35.0
access,22720,1,272000,1272000,ASH_COATED_OSMIUM,SELL,10006,5,passive_resting_fill,10006,public,access,19.0,0.0,0.0,low,mild,wide,agree,2,50030,0.0,45.0
access,22730,1,273000,1273000,ASH_COATED_OSMIUM,SELL,10004,6,passive_resting_fill,10004,access,access,18.0,0.487179,4.3846,high,extreme,wide,agree,1,60024,0.0,42.0
access,22758,1,275800,1275800,ASH_COATED_OSMIUM,SELL,10005,4,passive_resting_fill,10005,public,access,19.0,0.235294,2.2353,high,extreme,wide,agree,0,40020,0.0,30.0
access,22764,1,276400,1276400,ASH_COATED_OSMIUM,BUY,9995,9,aggressive_cross,9995,public,access,6.0,0.142857,0.4286,medium,mild,tight,agree,0,-89955,0.0,36.0
access,22811,1,281100,1281100,ASH_COATED_OSMIUM,BUY,9991,2,passive_resting_fill,9991,access,access,15.0,0.428571,3.2143,high,extreme,normal,agree,1,-19982,0.0,11.0
access,22827,1,282700,1282700,ASH_COATED_OSMIUM,BUY,9990,4,passive_resting_fill,9990,public,access,16.0,0.0,0.0,low,mild,normal,agree,1,-39960,0.0,24.0
access,22827,1,282700,1282700,ASH_COATED_OSMIUM,BUY,9988,4,passive_resting_fill,9988,public,access,16.0,0.0,0.0,low,mild,normal,agree,1,-39952,0.0,32.0
access,22827,1,282700,1282700,ASH_COATED_OSMIUM,SELL,10004,6,passive_resting_fill,10004,public,access,16.0,0.0,0.0,low,mild,normal,agree,1,60024,0.0,48.0
access,22852,1,285200,1285200,ASH_COATED_OSMIUM,BUY,9997,4,aggressive_cross,9997,public,access,9.0,0.428571,1.9286,high,extreme,normal,agree,1,-39988,0.0,-2.0
access,22887,1,288700,1288700,ASH_COATED_OSMIUM,BUY,9997,4,aggressive_cross,9997,public,access,8.0,0.703704,2.8148,high,extreme,tight,agree,1,-39988,0.0,-2.0
access,22894,1,289400,1289400,ASH_COATED_OSMIUM,BUY,9992,6,aggressive_cross,9992,public,access,8.0,0.6,2.4,high,extreme,tight,agree,0,-59952,0.0,24.0
access,22916,1,291600,1291600,ASH_COATED_OSMIUM,BUY,9989,3,passive_resting_fill,9989,public,access,19.0,-0.421053,-4.0,high,extreme,wide,agree,1,-29967,0.0,19.5
access,22955,1,295500,1295500,ASH_COATED_OSMIUM,SELL,10002,8,passive_resting_fill,10002,public,access,15.0,0.166667,1.25,high,extreme,normal,agree,1,80016,0.0,48.0
access,22955,1,295500,1295500,ASH_COATED_OSMIUM,SELL,10004,7,passive_resting_fill,10004,public,access,15.0,0.166667,1.25,high,extreme,normal,agree,1,70028,0.0,56.0
access,22970,1,297000,1297000,ASH_COATED_OSMIUM,SELL,10002,9,passive_resting_fill,10002,access,access,14.0,0.428571,3.0,high,extreme,normal,agree,2,90018,0.0,36.0
access,22975,1,297500,1297500,ASH_COATED_OSMIUM,SELL,10002,3,passive_resting_fill,10002,public,access,10.0,-0.473684,-2.3684,high,extreme,normal,agree,0,30006,0.0,19.5
access,22997,1,299700,1299700,ASH_COATED_OSMIUM,BUY,9990,2,passive_resting_fill,9990,public,access,17.0,0.25,2.125,high,extreme,wide,agree,1,-19980,0.0,13.0
access,22997,1,299700,1299700,ASH_COATED_OSMIUM,BUY,9988,2,passive_resting_fill,9988,public,access,17.0,0.25,2.125,high,extreme,wide,agree,1,-19976,0.0,17.0
access,23016,1,301600,1301600,ASH_COATED_OSMIUM,BUY,9990,9,passive_resting_fill,9990,public,access,14.0,-0.282051,-1.9744,high,extreme,normal,agree,2,-89910,0.0,63.0
access,23028,1,302800,1302800,ASH_COATED_OSMIUM,SELL,9998,7,aggressive_cross,9998,public,access,5.0,-0.333333,-0.8333,medium,strong,tight,agree,1,69986,0.0,14.0
access,23062,1,306200,1306200,ASH_COATED_OSMIUM,BUY,9989,6,passive_resting_fill,9989,public,access,19.0,0.414634,3.939,high,extreme,wide,agree,1,-59934,0.0,51.0
access,23062,1,306200,1306200,ASH_COATED_OSMIUM,BUY,9987,6,passive_resting_fill,9987,public,access,19.0,0.414634,3.939,high,extreme,wide,agree,1,-59922,0.0,63.0
access,23065,1,306500,1306500,ASH_COATED_OSMIUM,SELL,10004,5,passive_resting_fill,10004,public,access,17.0,-0.363636,-3.0909,high,extreme,wide,agree,1,50020,0.0,27.5
access,23065,1,306500,1306500,ASH_COATED_OSMIUM,SELL,10006,5,passive_resting_fill,10006,public,access,17.0,-0.363636,-3.0909,high,extreme,wide,agree,1,50030,0.0,37.5
access,23076,1,307600,1307600,ASH_COATED_OSMIUM,BUY,9991,5,passive_resting_fill,9991,access,access,18.0,-0.428571,-3.8571,high,extreme,wide,agree,2,-49955,0.0,40.0
access,23100,1,310000,1310000,ASH_COATED_OSMIUM,SELL,10004,9,passive_resting_fill,10004,public,access,18.0,-0.352941,-3.1765,high,extreme,wide,agree,1,90036,0.0,45.0
access,23100,1,310000,1310000,ASH_COATED_OSMIUM,SELL,10006,8,passive_resting_fill,10006,public,access,18.0,-0.352941,-3.1765,high,extreme,wide,agree,1,80048,0.0,56.0
access,23103,1,310300,1310300,ASH_COATED_OSMIUM,SELL,10000,6,aggressive_cross,10000,public,access,6.0,-0.368421,-1.1053,high,strong,tight,agree,0,60000,0.0,0.0
access,23133,1,313300,1313300,ASH_COATED_OSMIUM,BUY,9996,2,passive_resting_fill,9996,public,access,6.0,0.4,1.2,high,strong,tight,agree,0,-19992,0.0,-6.0
access,23133,1,313300,1313300,ASH_COATED_OSMIUM,BUY,9998,6,aggressive_cross,9998,public,access,6.0,0.4,1.2,high,strong,tight,agree,0,-59988,0.0,-30.0
access,23137,1,313700,1313700,ASH_COATED_OSMIUM,BUY,9998,6,aggressive_cross,9998,public,access,5.0,0.586207,1.4655,high,extreme,tight,agree,1,-59988,0.0,-15.0
access,23142,1,314200,1314200,ASH_COATED_OSMIUM,BUY,9998,8,aggressive_cross,9998,public,access,5.0,0.2,0.5,medium,strong,tight,agree,0,-79984,0.0,20.0
access,23156,1,315600,1315600,ASH_COATED_OSMIUM,BUY,9999,8,aggressive_cross,9999,public,access,8.0,0.466667,1.8667,high,extreme,tight,agree,0,-79992,0.0,8.0
access,23191,1,319100,1319100,ASH_COATED_OSMIUM,SELL,10005,10,aggressive_cross,10005,public,access,5.0,-0.090909,-0.2273,low,mild,tight,agree,1,100050,0.0,0.0
access,23211,1,321100,1321100,ASH_COATED_OSMIUM,SELL,10010,6,passive_resting_fill,10010,public,access,18.0,0.090909,0.8182,medium,strong,wide,agree,1,60060,0.0,39.0
access,23211,1,321100,1321100,ASH_COATED_OSMIUM,SELL,10012,5,passive_resting_fill,10012,public,access,18.0,0.090909,0.8182,medium,strong,wide,agree,1,50060,0.0,42.5
access,23235,1,323500,1323500,ASH_COATED_OSMIUM,BUY,9997,6,passive_resting_fill,9997,public,access,17.0,-0.25,-2.125,high,extreme,wide,agree,1,-59982,0.0,33.0
access,23235,1,323500,1323500,ASH_COATED_OSMIUM,BUY,9995,6,passive_resting_fill,9995,public,access,17.0,-0.25,-2.125,high,extreme,wide,agree,1,-59970,0.0,45.0
access,23248,1,324800,1324800,ASH_COATED_OSMIUM,BUY,9995,2,passive_resting_fill,9995,public,access,15.0,0.090909,0.6818,medium,strong,normal,agree,1,-19990,0.0,16.0
access,23248,1,324800,1324800,ASH_COATED_OSMIUM,BUY,9993,2,passive_resting_fill,9993,public,access,15.0,0.090909,0.6818,medium,strong,normal,agree,1,-19986,0.0,20.0
access,23252,1,325200,1325200,ASH_COATED_OSMIUM,SELL,10009,5,passive_resting_fill,10009,public,access,16.0,-0.272727,-2.1818,high,extreme,normal,agree,2,50045,0.0,35.0
access,23252,1,325200,1325200,ASH_COATED_OSMIUM,SELL,10011,5,passive_resting_fill,10011,access,access,16.0,-0.272727,-2.1818,high,extreme,normal,agree,2,50055,0.0,45.0
access,23290,1,329000,1329000,ASH_COATED_OSMIUM,BUY,9997,9,passive_resting_fill,9997,access,access,15.0,0.487179,3.6538,high,extreme,normal,agree,1,-89973,0.0,63.0
access,23300,1,330000,1330000,ASH_COATED_OSMIUM,SELL,10010,4,passive_resting_fill,10010,public,access,16.0,0.0,0.0,low,mild,normal,agree,1,40040,0.0,32.0
access,23300,1,330000,1330000,ASH_COATED_OSMIUM,SELL,10012,4,passive_resting_fill,10012,public,access,16.0,0.0,0.0,low,mild,normal,agree,1,40048,0.0,40.0
access,23308,1,330800,1330800,ASH_COATED_OSMIUM,BUY,9995,2,passive_resting_fill,9995,public,access,15.0,0.037037,0.2778,low,mild,normal,agree,1,-19990,0.0,12.0
access,23318,1,331800,1331800,ASH_COATED_OSMIUM,SELL,10007,8,passive_resting_fill,10007,public,access,19.0,-0.318182,-3.0227,high,extreme,wide,agree,1,80056,0.0,56.0
access,23318,1,331800,1331800,ASH_COATED_OSMIUM,SELL,10009,5,passive_resting_fill,10009,public,access,19.0,-0.318182,-3.0227,high,extreme,wide,agree,1,50045,0.0,45.0
access,23328,1,332800,1332800,ASH_COATED_OSMIUM,SELL,10007,5,passive_resting_fill,10007,access,access,18.0,0.411765,3.7059,high,extreme,wide,agree,1,50035,0.0,30.0
access,23358,1,335800,1335800,ASH_COATED_OSMIUM,BUY,9995,6,passive_resting_fill,9995,public,access,16.0,0.0,0.0,low,mild,normal,agree,0,-59970,0.0,45.0
access,23358,1,335800,1335800,ASH_COATED_OSMIUM,BUY,9993,6,passive_resting_fill,9993,public,access,16.0,0.0,0.0,low,mild,normal,agree,0,-59958,0.0,57.0
access,23362,1,336200,1336200,ASH_COATED_OSMIUM,BUY,9996,6,passive_resting_fill,9996,public,access,16.0,0.0,0.0,low,mild,normal,agree,0,-59976,0.0,24.0
access,23362,1,336200,1336200,ASH_COATED_OSMIUM,BUY,9994,6,passive_resting_fill,9994,public,access,16.0,0.0,0.0,low,mild,normal,agree,0,-59964,0.0,36.0
access,23370,1,337000,1337000,ASH_COATED_OSMIUM,BUY,9995,4,passive_resting_fill,9995,public,access,15.0,0.35,2.625,high,extreme,normal,agree,1,-39980,0.0,20.0
access,23370,1,337000,1337000,ASH_COATED_OSMIUM,BUY,9993,4,passive_resting_fill,9993,public,access,15.0,0.35,2.625,high,extreme,normal,agree,1,-39972,0.0,28.0
access,23409,1,340900,1340900,ASH_COATED_OSMIUM,SELL,10010,2,passive_resting_fill,10010,access,access,17.0,0.333333,2.8333,high,extreme,wide,agree,1,20020,0.0,12.0
access,23424,1,342400,1342400,ASH_COATED_OSMIUM,BUY,9998,5,passive_resting_fill,9998,public,access,15.0,-0.212121,-1.5909,high,extreme,normal,agree,2,-49990,0.0,40.0
access,23424,1,342400,1342400,ASH_COATED_OSMIUM,BUY,9996,5,passive_resting_fill,9996,public,access,15.0,-0.212121,-1.5909,high,extreme,normal,agree,2,-49980,0.0,50.0
access,23431,1,343100,1343100,ASH_COATED_OSMIUM,SELL,10002,3,aggressive_cross,10002,public,access,13.0,-0.785714,-5.1071,high,extreme,normal,agree,0,30006,0.0,-27.0
access,23444,1,344400,1344400,ASH_COATED_OSMIUM,BUY,9996,4,passive_resting_fill,9996,public,access,19.0,-0.371429,-3.5286,high,extreme,wide,agree,1,-39984,0.0,28.0
access,23460,1,346000,1346000,ASH_COATED_OSMIUM,BUY,9995,3,passive_resting_fill,9995,public,access,15.0,0.272727,2.0455,high,extreme,normal,agree,1,-29985,0.0,48.0
access,23464,1,346400,1346400,ASH_COATED_OSMIUM,SELL,10001,5,aggressive_cross,10001,public,access,9.0,-0.642857,-2.8929,high,extreme,normal,agree,1,50005,0.0,-17.5
access,23486,1,348600,1348600,ASH_COATED_OSMIUM,SELL,10001,2,aggressive_cross,10001,public,access,13.0,-0.846154,-5.5,high,extreme,normal,agree,0,20002,0.0,-5.0
access,23492,1,349200,1349200,ASH_COATED_OSMIUM,SELL,10001,3,aggressive_cross,10001,public,access,11.0,-0.6,-3.3,high,extreme,normal,agree,0,30003,0.0,-6.0
access,23496,1,349600,1349600,ASH_COATED_OSMIUM,SELL,10010,4,passive_resting_fill,10010,public,access,19.0,0.368421,3.5,high,extreme,wide,agree,0,40040,0.0,32.0
access,23506,1,350600,1350600,ASH_COATED_OSMIUM,SELL,10009,5,passive_resting_fill,10009,public,access,16.0,0.0,0.0,low,mild,normal,agree,0,50045,0.0,32.5
access,23520,1,352000,1352000,ASH_COATED_OSMIUM,SELL,10008,5,passive_resting_fill,10008,public,access,16.0,0.0,0.0,low,mild,normal,agree,1,50040,0.0,37.5
access,23530,1,353000,1353000,ASH_COATED_OSMIUM,BUY,9993,5,passive_resting_fill,9993,public,access,16.0,0.0,0.0,low,mild,normal,agree,0,-49965,0.0,-49965.0
access,23567,1,356700,1356700,ASH_COATED_OSMIUM,SELL,10009,9,passive_resting_fill,10009,public,access,16.0,0.0,0.0,low,mild,normal,agree,0,90081,0.0,81.0
access,23586,1,358600,1358600,ASH_COATED_OSMIUM,SELL,10009,3,passive_resting_fill,10009,public,access,16.0,0.0,0.0,low,mild,normal,agree,1,30027,0.0,24.0
access,23614,1,361400,1361400,ASH_COATED_OSMIUM,BUY,9996,6,passive_resting_fill,9996,public,access,15.0,-0.333333,-2.5,high,extreme,normal,agree,1,-59976,0.0,48.0
access,23616,1,361600,1361600,ASH_COATED_OSMIUM,SELL,10005,8,aggressive_cross,10005,public,access,6.0,-0.157895,-0.4737,medium,mild,tight,agree,1,80040,0.0,20.0
access,23632,1,363200,1363200,ASH_COATED_OSMIUM,SELL,10005,8,aggressive_cross,10005,public,access,6.0,-0.111111,-0.3333,low,mild,tight,agree,1,80040,0.0,4.0
access,23634,1,363400,1363400,ASH_COATED_OSMIUM,SELL,10011,2,passive_resting_fill,10011,public,access,15.0,0.395349,2.9651,high,extreme,normal,agree,1,20022,0.0,14.0
access,23655,1,365500,1365500,ASH_COATED_OSMIUM,BUY,9999,3,passive_resting_fill,9999,access,access,14.0,-0.076923,-0.5385,medium,strong,normal,agree,2,-29997,0.0,18.0
access,23671,1,367100,1367100,ASH_COATED_OSMIUM,BUY,10002,8,aggressive_cross,10002,access,access,7.0,0.282051,0.9872,high,strong,tight,agree,1,-80016,0.0,36.0
access,23705,1,370500,1370500,ASH_COATED_OSMIUM,SELL,10005,5,passive_resting_fill,10005,public,access,6.0,-0.333333,-1.0,high,strong,tight,agree,0,50025,0.0,-15.0
access,23705,1,370500,1370500,ASH_COATED_OSMIUM,SELL,10007,5,passive_resting_fill,10007,public,access,6.0,-0.333333,-1.0,high,strong,tight,agree,0,50035,0.0,-5.0
access,23705,1,370500,1370500,ASH_COATED_OSMIUM,SELL,10010,5,aggressive_cross,10010,public,access,6.0,-0.333333,-1.0,high,strong,tight,agree,0,50050,0.0,10.0
access,23755,1,375500,1375500,ASH_COATED_OSMIUM,BUY,9998,4,passive_resting_fill,9998,public,access,16.0,0.0,0.0,low,mild,normal,agree,0,-39992,0.0,30.0
access,23756,1,375600,1375600,ASH_COATED_OSMIUM,SELL,10013,3,passive_resting_fill,10013,public,access,15.0,-0.090909,-0.6818,medium,strong,normal,agree,2,30039,0.0,24.0
access,23776,1,377600,1377600,ASH_COATED_OSMIUM,BUY,9997,4,passive_resting_fill,9997,public,access,17.0,-0.166667,-1.4167,high,extreme,wide,agree,1,-39988,0.0,38.0
access,23776,1,377600,1377600,ASH_COATED_OSMIUM,BUY,9995,4,passive_resting_fill,9995,public,access,17.0,-0.166667,-1.4167,high,extreme,wide,agree,1,-39980,0.0,46.0
access,23796,1,379600,1379600,ASH_COATED_OSMIUM,SELL,10004,4,aggressive_cross,10004,public,access,11.0,-0.529412,-2.9118,high,extreme,normal,agree,1,40016,0.0,-6.0
access,23809,1,380900,1380900,ASH_COATED_OSMIUM,BUY,9997,8,passive_resting_fill,9997,access,access,16.0,-0.166667,-1.3333,high,extreme,normal,agree,2,-79976,0.0,76.0
access,23812,1,381200,1381200,ASH_COATED_OSMIUM,SELL,10013,2,passive_resting_fill,10013,public,access,15.0,-0.380952,-2.8571,high,extreme,normal,agree,1,20026,0.0,3.0
access,23812,1,381200,1381200,ASH_COATED_OSMIUM,SELL,10015,2,passive_resting_fill,10015,public,access,15.0,-0.380952,-2.8571,high,extreme,normal,agree,1,20030,0.0,7.0
access,23817,1,381700,1381700,ASH_COATED_OSMIUM,SELL,10007,6,aggressive_cross,10007,public,access,9.0,-0.538462,-2.4231,high,extreme,normal,agree,0,60042,0.0,12.0
access,23830,1,383000,1383000,ASH_COATED_OSMIUM,SELL,10013,6,passive_resting_fill,10013,access,access,15.0,0.153846,1.1538,high,strong,normal,agree,1,60078,0.0,33.0
access,23836,1,383600,1383600,ASH_COATED_OSMIUM,SELL,10007,5,aggressive_cross,10007,public,access,7.0,-0.333333,-1.1667,high,strong,tight,agree,0,50035,0.0,7.5
access,23842,1,384200,1384200,ASH_COATED_OSMIUM,BUY,9999,4,passive_resting_fill,9999,public,access,16.0,0.0,0.0,low,mild,normal,agree,0,-39996,0.0,22.0
access,23842,1,384200,1384200,ASH_COATED_OSMIUM,BUY,9997,4,passive_resting_fill,9997,public,access,16.0,0.0,0.0,low,mild,normal,agree,0,-39988,0.0,30.0
access,23848,1,384800,1384800,ASH_COATED_OSMIUM,SELL,10005,7,aggressive_cross,10005,public,access,6.0,-0.3,-0.9,medium,strong,tight,agree,0,70035,0.0,3.5
access,23865,1,386500,1386500,ASH_COATED_OSMIUM,SELL,10006,5,aggressive_cross,10006,public,access,6.0,-0.333333,-1.0,high,strong,tight,agree,1,50030,0.0,10.0
access,23898,1,389800,1389800,ASH_COATED_OSMIUM,SELL,10011,10,passive_resting_fill,10011,public,access,15.0,-0.04,-0.3,low,mild,normal,agree,1,100110,0.0,50.0
access,23898,1,389800,1389800,ASH_COATED_OSMIUM,SELL,10013,6,passive_resting_fill,10013,public,access,15.0,-0.04,-0.3,low,mild,normal,agree,1,60078,0.0,42.0
access,23899,1,389900,1389900,ASH_COATED_OSMIUM,BUY,9999,7,passive_resting_fill,9999,public,access,18.0,0.368421,3.3158,high,extreme,wide,agree,1,-69993,0.0,42.0
access,23899,1,389900,1389900,ASH_COATED_OSMIUM,BUY,9997,7,passive_resting_fill,9997,public,access,18.0,0.368421,3.3158,high,extreme,wide,agree,1,-69979,0.0,56.0
access,23904,1,390400,1390400,ASH_COATED_OSMIUM,BUY,9999,9,passive_resting_fill,9999,public,access,16.0,0.0,0.0,low,mild,normal,agree,0,-89991,0.0,63.0
access,23904,1,390400,1390400,ASH_COATED_OSMIUM,BUY,9997,7,passive_resting_fill,9997,public,access,16.0,0.0,0.0,low,mild,normal,agree,0,-69979,0.0,63.0
access,23913,1,391300,1391300,ASH_COATED_OSMIUM,BUY,9999,4,passive_resting_fill,9999,public,access,16.0,0.0,0.0,low,mild,normal,agree,1,-39996,0.0,32.0
access,23913,1,391300,1391300,ASH_COATED_OSMIUM,BUY,9997,4,passive_resting_fill,9997,public,access,16.0,0.0,0.0,low,mild,normal,agree,1,-39988,0.0,40.0
access,23925,1,392500,1392500,ASH_COATED_OSMIUM,SELL,10011,5,passive_resting_fill,10011,public,access,16.0,0.0,0.0,low,mild,normal,agree,1,50055,0.0,32.5
access,23925,1,392500,1392500,ASH_COATED_OSMIUM,SELL,10013,5,passive_resting_fill,10013,public,access,16.0,0.0,0.0,low,mild,normal,agree,1,50065,0.0,42.5
access,23938,1,393800,1393800,ASH_COATED_OSMIUM,BUY,10001,8,aggressive_cross,10001,public,access,6.0,0.181818,0.5455,medium,strong,tight,agree,0,-80008,0.0,24.0
access,23947,1,394700,1394700,ASH_COATED_OSMIUM,BUY,10002,4,aggressive_cross,10002,public,access,6.0,0.375,1.125,high,strong,tight,agree,0,-40008,0.0,10.0
access,23949,1,394900,1394900,ASH_COATED_OSMIUM,SELL,10002,2,aggressive_cross,10002,public,access,9.0,-0.764706,-3.4412,high,extreme,normal,agree,1,20004,0.0,-5.0
access,24005,1,400500,1400500,ASH_COATED_OSMIUM,SELL,10002,2,aggressive_cross,10002,public,access,10.0,-0.866667,-4.3333,high,extreme,normal,agree,1,20004,0.0,-4.0
access,24014,1,401400,1401400,ASH_COATED_OSMIUM,SELL,10006,5,aggressive_cross,10006,public,access,6.0,-0.5,-1.5,high,extreme,tight,agree,0,50030,0.0,12.5
access,24017,1,401700,1401700,ASH_COATED_OSMIUM,SELL,10010,2,passive_resting_fill,10010,public,access,16.0,0.0,0.0,low,mild,normal,agree,0,20020,0.0,17.0
access,24026,1,402600,1402600,ASH_COATED_OSMIUM,BUY,9997,5,passive_resting_fill,9997,public,access,15.0,-0.04,-0.3,low,mild,normal,agree,1,-49985,0.0,30.0
access,24026,1,402600,1402600,ASH_COATED_OSMIUM,BUY,9995,4,passive_resting_fill,9995,public,access,15.0,-0.04,-0.3,low,mild,normal,agree,1,-39980,0.0,32.0
access,24054,1,405400,1405400,ASH_COATED_OSMIUM,BUY,9997,2,passive_resting_fill,9997,public,access,0.0,0.0,0.0,low,mild,tight,agree,0,-19994,0.0,13.0
access,24054,1,405400,1405400,ASH_COATED_OSMIUM,BUY,9995,2,passive_resting_fill,9995,public,access,0.0,0.0,0.0,low,mild,tight,agree,0,-19990,0.0,17.0
access,24074,1,407400,1407400,ASH_COATED_OSMIUM,SELL,10009,8,passive_resting_fill,10009,public,access,16.0,0.0,0.0,low,mild,normal,agree,0,80072,0.0,48.0
access,24092,1,409200,1409200,ASH_COATED_OSMIUM,BUY,9999,7,aggressive_cross,9999,public,access,6.0,0.333333,1.0,high,strong,tight,agree,0,-69993,0.0,10.5
access,24095,1,409500,1409500,ASH_COATED_OSMIUM,BUY,9999,7,aggressive_cross,9999,public,access,6.0,0.222222,0.6667,medium,strong,tight,agree,0,-69993,0.0,14.0
access,24128,1,412800,1412800,ASH_COATED_OSMIUM,BUY,9995,4,passive_resting_fill,9995,public,access,18.0,0.388889,3.5,high,extreme,wide,agree,1,-39980,0.0,22.0
access,24128,1,412800,1412800,ASH_COATED_OSMIUM,BUY,9993,4,passive_resting_fill,9993,public,access,18.0,0.388889,3.5,high,extreme,wide,agree,1,-39972,0.0,30.0
access,24142,1,414200,1414200,ASH_COATED_OSMIUM,SELL,10007,6,passive_resting_fill,10007,public,access,16.0,0.0,0.0,low,mild,normal,agree,0,60042,0.0,42.0
access,24160,1,416000,1416000,ASH_COATED_OSMIUM,BUY,9992,6,passive_resting_fill,9992,public,access,15.0,0.235294,1.7647,high,extreme,normal,agree,1,-59952,0.0,33.0
access,24160,1,416000,1416000,ASH_COATED_OSMIUM,BUY,9990,6,passive_resting_fill,9990,public,access,15.0,0.235294,1.7647,high,extreme,normal,agree,1,-59940,0.0,45.0
access,24230,1,423000,1423000,ASH_COATED_OSMIUM,SELL,9999,4,aggressive_cross,9999,public,access,13.0,-0.642857,-4.1786,high,extreme,normal,agree,0,39996,0.0,-18.0
access,24239,1,423900,1423900,ASH_COATED_OSMIUM,SELL,10004,7,aggressive_cross,10004,public,access,7.0,-0.3,-1.05,high,strong,tight,agree,0,70028,0.0,3.5
access,24249,1,424900,1424900,ASH_COATED_OSMIUM,BUY,9997,6,passive_resting_fill,9997,public,access,18.0,-0.037037,-0.3333,low,mild,wide,agree,1,-59982,0.0,36.0
access,24249,1,424900,1424900,ASH_COATED_OSMIUM,BUY,9995,6,passive_resting_fill,9995,public,access,18.0,-0.037037,-0.3333,low,mild,wide,agree,1,-59970,0.0,48.0
access,24252,1,425200,1425200,ASH_COATED_OSMIUM,SELL,10010,6,passive_resting_fill,10010,public,access,16.0,0.0,0.0,low,mild,normal,agree,0,60060,0.0,33.0
access,24258,1,425800,1425800,ASH_COATED_OSMIUM,BUY,9998,7,passive_resting_fill,9998,public,access,16.0,0.0,0.0,low,mild,normal,agree,0,-69986,0.0,42.0
access,24258,1,425800,1425800,ASH_COATED_OSMIUM,BUY,9996,7,passive_resting_fill,9996,public,access,16.0,0.0,0.0,low,mild,normal,agree,0,-69972,0.0,56.0
access,24280,1,428000,1428000,ASH_COATED_OSMIUM,SELL,10005,8,aggressive_cross,10005,public,access,7.0,-0.238095,-0.8333,medium,strong,tight,agree,0,80040,0.0,16.0
access,24288,1,428800,1428800,ASH_COATED_OSMIUM,SELL,10000,4,aggressive_cross,10000,public,access,11.0,-0.444444,-2.4444,high,extreme,normal,agree,0,40000,0.0,12.0
access,24298,1,429800,1429800,ASH_COATED_OSMIUM,SELL,10005,6,aggressive_cross,10005,public,access,6.0,-0.428571,-1.2857,high,extreme,tight,agree,0,60030,0.0,9.0
access,24303,1,430300,1430300,ASH_COATED_OSMIUM,SELL,10011,4,passive_resting_fill,10011,access,access,15.0,0.130435,0.9783,high,strong,normal,agree,1,40044,0.0,22.0
access,24333,1,433300,1433300,ASH_COATED_OSMIUM,SELL,10002,5,aggressive_cross,10002,public,access,13.0,-0.642857,-4.1786,high,extreme,normal,agree,0,50010,0.0,-12.5
access,24337,1,433700,1433700,ASH_COATED_OSMIUM,BUY,9998,6,passive_resting_fill,9998,access,access,14.0,-0.2,-1.4,high,extreme,normal,agree,2,-59988,0.0,51.0
access,24340,1,434000,1434000,ASH_COATED_OSMIUM,SELL,10003,5,aggressive_cross,10003,public,access,10.0,-0.411765,-2.0588,high,extreme,normal,agree,0,50015,0.0,-7.5
access,24356,1,435600,1435600,ASH_COATED_OSMIUM,BUY,9996,3,passive_resting_fill,9996,public,access,18.0,0.380952,3.4286,high,extreme,wide,agree,1,-29988,0.0,22.5
access,24356,1,435600,1435600,ASH_COATED_OSMIUM,BUY,9994,3,passive_resting_fill,9994,public,access,18.0,0.380952,3.4286,high,extreme,wide,agree,1,-29982,0.0,28.5
access,24367,1,436700,1436700,ASH_COATED_OSMIUM,SELL,10001,5,aggressive_cross,10001,public,access,10.0,-0.411765,-2.0588,high,extreme,normal,agree,0,50005,0.0,-5.0
access,24368,1,436800,1436800,ASH_COATED_OSMIUM,SELL,10001,4,aggressive_cross,10001,public,access,11.0,-0.375,-2.0625,high,extreme,normal,agree,0,40004,0.0,2.0
access,24391,1,439100,1439100,ASH_COATED_OSMIUM,SELL,10009,5,passive_resting_fill,10009,access,access,17.0,0.066667,0.5667,medium,strong,wide,agree,2,50045,0.0,50.0
access,24398,1,439800,1439800,ASH_COATED_OSMIUM,SELL,10006,7,passive_resting_fill,10006,public,access,16.0,0.0,0.0,low,mild,normal,agree,0,70042,0.0,42.0
access,24405,1,440500,1440500,ASH_COATED_OSMIUM,SELL,10006,3,passive_resting_fill,10006,public,access,18.0,0.333333,3.0,high,extreme,wide,agree,0,30018,0.0,27.0
access,24405,1,440500,1440500,ASH_COATED_OSMIUM,SELL,10008,3,passive_resting_fill,10008,public,access,18.0,0.333333,3.0,high,extreme,wide,agree,0,30024,0.0,33.0
access,24409,1,440900,1440900,ASH_COATED_OSMIUM,BUY,9994,2,passive_resting_fill,9994,public,access,16.0,0.0,0.0,low,mild,normal,agree,0,-19988,0.0,12.0
access,24419,1,441900,1441900,ASH_COATED_OSMIUM,BUY,9999,7,aggressive_cross,9999,public,access,6.0,0.263158,0.7895,medium,strong,tight,agree,1,-69993,0.0,14.0
access,24423,1,442300,1442300,ASH_COATED_OSMIUM,SELL,10008,6,passive_resting_fill,10008,public,access,16.0,0.0,0.0,low,mild,normal,agree,0,60048,0.0,51.0
access,24432,1,443200,1443200,ASH_COATED_OSMIUM,SELL,10008,4,passive_resting_fill,10008,public,access,15.0,0.2,1.5,high,extreme,normal,agree,1,40032,0.0,22.0
access,24440,1,444000,1444000,ASH_COATED_OSMIUM,SELL,10004,8,aggressive_cross,10004,public,access,5.0,-0.2,-0.5,medium,strong,tight,agree,1,80032,0.0,12.0
access,24442,1,444200,1444200,ASH_COATED_OSMIUM,SELL,10008,10,passive_resting_fill,10008,public,access,16.0,0.0,0.0,low,mild,normal,agree,2,100080,0.0,65.0
access,24442,1,444200,1444200,ASH_COATED_OSMIUM,SELL,10010,6,passive_resting_fill,10010,public,access,16.0,0.0,0.0,low,mild,normal,agree,2,60060,0.0,51.0
access,24450,1,445000,1445000,ASH_COATED_OSMIUM,SELL,10009,8,passive_resting_fill,10009,public,access,18.0,0.435897,3.9231,high,extreme,wide,agree,0,80072,0.0,60.0
access,24480,1,448000,1448000,ASH_COATED_OSMIUM,BUY,10000,7,aggressive_cross,10000,public,access,18.0,0.263158,2.3684,high,extreme,wide,agree,1,-70000,0.0,91.0
access,24491,1,449100,1449100,ASH_COATED_OSMIUM,BUY,9997,8,passive_resting_fill,9997,public,access,16.0,0.0,0.0,low,mild,normal,agree,1,-79976,0.0,60.0
access,24510,1,451000,1451000,ASH_COATED_OSMIUM,BUY,9993,5,passive_resting_fill,9993,public,access,16.0,0.0,0.0,low,mild,normal,agree,0,-49965,0.0,32.5
access,24520,1,452000,1452000,ASH_COATED_OSMIUM,BUY,9993,5,passive_resting_fill,9993,public,access,15.0,0.333333,2.5,high,extreme,normal,agree,1,-49965,0.0,30.0
access,24520,1,452000,1452000,ASH_COATED_OSMIUM,BUY,9991,5,passive_resting_fill,9991,public,access,15.0,0.333333,2.5,high,extreme,normal,agree,1,-49955,0.0,40.0
access,24523,1,452300,1452300,ASH_COATED_OSMIUM,SELL,10004,7,passive_resting_fill,10004,public,access,15.0,0.395349,2.9651,high,extreme,normal,agree,1,70028,0.0,91.0
access,24523,1,452300,1452300,ASH_COATED_OSMIUM,SELL,10006,7,passive_resting_fill,10006,public,access,15.0,0.395349,2.9651,high,extreme,normal,agree,1,70042,0.0,105.0
access,24530,1,453000,1453000,ASH_COATED_OSMIUM,BUY,9996,8,aggressive_cross,9996,public,access,6.0,0.111111,0.3333,low,mild,tight,agree,0,-79968,0.0,-64.0
access,24534,1,453400,1453400,ASH_COATED_OSMIUM,BUY,9996,2,passive_resting_fill,9996,public,access,18.0,0.076923,0.6923,medium,strong,wide,agree,1,-19992,0.0,9.0
access,24540,1,454000,1454000,ASH_COATED_OSMIUM,BUY,10000,2,aggressive_cross,10000,public,access,12.0,0.846154,5.0769,high,extreme,normal,agree,0,-20000,0.0,-1.0
access,24559,1,455900,1455900,ASH_COATED_OSMIUM,BUY,9995,10,aggressive_cross,9995,public,access,6.0,0.090909,0.2727,low,mild,tight,agree,0,-99950,0.0,50.0
access,24562,1,456200,1456200,ASH_COATED_OSMIUM,SELL,10004,4,passive_resting_fill,10004,public,access,16.0,0.0,0.0,low,mild,normal,agree,0,40016,0.0,20.0
access,24562,1,456200,1456200,ASH_COATED_OSMIUM,SELL,10006,4,passive_resting_fill,10006,public,access,16.0,0.0,0.0,low,mild,normal,agree,0,40024,0.0,28.0
access,24565,1,456500,1456500,ASH_COATED_OSMIUM,BUY,10000,4,aggressive_cross,10000,public,access,10.0,0.555556,2.7778,high,extreme,normal,agree,0,-40000,0.0,-4.0
access,24586,1,458600,1458600,ASH_COATED_OSMIUM,SELL,10005,6,passive_resting_fill,10005,public,access,15.0,0.395349,2.9651,high,extreme,normal,agree,2,60030,0.0,42.0
access,24593,1,459300,1459300,ASH_COATED_OSMIUM,BUY,9999,8,aggressive_cross,9999,access,access,8.0,0.166667,0.6667,medium,strong,tight,agree,1,-79992,0.0,0.0
access,24624,1,462400,1462400,ASH_COATED_OSMIUM,SELL,10001,6,aggressive_cross,10001,public,access,7.0,-0.368421,-1.2895,high,extreme,tight,agree,0,60006,0.0,6.0
access,24637,1,463700,1463700,ASH_COATED_OSMIUM,BUY,9998,8,aggressive_cross,9998,public,access,6.0,0.272727,0.8182,medium,strong,tight,agree,1,-79984,0.0,8.0
access,24641,1,464100,1464100,ASH_COATED_OSMIUM,SELL,10006,6,passive_resting_fill,10006,public,access,16.0,0.0,0.0,low,mild,normal,agree,0,60036,0.0,33.0
access,24647,1,464700,1464700,ASH_COATED_OSMIUM,BUY,10001,2,aggressive_cross,10001,public,access,9.0,0.733333,3.3,high,extreme,normal,agree,0,-20002,0.0,3.0
access,24657,1,465700,1465700,ASH_COATED_OSMIUM,SELL,10005,6,passive_resting_fill,10005,public,access,19.0,-0.428571,-4.0714,high,extreme,wide,agree,0,60030,0.0,18.0
access,24657,1,465700,1465700,ASH_COATED_OSMIUM,SELL,10007,6,passive_resting_fill,10007,public,access,19.0,-0.428571,-4.0714,high,extreme,wide,agree,0,60042,0.0,30.0
access,24677,1,467700,1467700,ASH_COATED_OSMIUM,BUY,9995,15,aggressive_cross,9995,access,access,4.0,-0.111111,-0.2222,low,mild,tight,agree,2,-149925,0.0,60.0
access,24678,1,467800,1467800,ASH_COATED_OSMIUM,SELL,9994,7,passive_resting_fill,9994,public,access,7.0,-0.466667,-1.6333,high,extreme,tight,agree,0,69958,0.0,-3.5
access,24678,1,467800,1467800,ASH_COATED_OSMIUM,SELL,9996,7,passive_resting_fill,9996,public,access,7.0,-0.466667,-1.6333,high,extreme,tight,agree,0,69972,0.0,10.5
access,24681,1,468100,1468100,ASH_COATED_OSMIUM,BUY,9992,8,passive_resting_fill,9992,access,access,15.0,0.375,2.8125,high,extreme,normal,agree,2,-79936,0.0,64.0
access,24683,1,468300,1468300,ASH_COATED_OSMIUM,BUY,9997,4,aggressive_cross,9997,public,access,5.0,0.428571,1.0714,high,strong,tight,agree,1,-39988,0.0,6.0
access,24713,1,471300,1471300,ASH_COATED_OSMIUM,BUY,9998,10,aggressive_cross,9998,public,access,5.0,0.090909,0.2273,low,mild,tight,agree,0,-99980,0.0,35.0
access,24719,1,471900,1471900,ASH_COATED_OSMIUM,SELL,10008,6,passive_resting_fill,10008,public,access,15.0,-0.2,-1.5,high,extreme,normal,agree,1,60048,0.0,51.0
access,24724,1,472400,1472400,ASH_COATED_OSMIUM,BUY,9993,3,passive_resting_fill,9993,public,access,15.0,-0.351351,-2.6351,high,extreme,normal,agree,1,-29979,0.0,18.0
access,24766,1,476600,1476600,ASH_COATED_OSMIUM,SELL,10005,5,passive_resting_fill,10005,public,access,16.0,0.0,0.0,low,mild,normal,agree,0,50025,0.0,65.0
access,24771,1,477100,1477100,ASH_COATED_OSMIUM,BUY,9998,3,aggressive_cross,9998,public,access,12.0,0.75,4.5,high,extreme,normal,agree,0,-29994,0.0,1.5
access,24787,1,478700,1478700,ASH_COATED_OSMIUM,BUY,9994,2,passive_resting_fill,9994,public,access,18.0,0.235294,2.1176,high,extreme,wide,agree,0,-19988,0.0,5.0
access,24789,1,478900,1478900,ASH_COATED_OSMIUM,BUY,9999,4,aggressive_cross,9999,public,access,10.0,0.466667,2.3333,high,extreme,normal,agree,0,-39996,0.0,-4.0
access,24798,1,479800,1479800,ASH_COATED_OSMIUM,BUY,9990,2,passive_resting_fill,9990,public,access,16.0,0.0,0.0,low,mild,normal,agree,0,-19980,0.0,7.0
access,24798,1,479800,1479800,ASH_COATED_OSMIUM,BUY,9988,2,passive_resting_fill,9988,public,access,16.0,0.0,0.0,low,mild,normal,agree,0,-19976,0.0,11.0
access,24819,1,481900,1481900,ASH_COATED_OSMIUM,BUY,9996,3,aggressive_cross,9996,public,access,12.0,0.8125,4.875,high,extreme,normal,agree,1,-29988,0.0,-6.0
access,24823,1,482300,1482300,ASH_COATED_OSMIUM,BUY,9997,3,aggressive_cross,9997,public,access,9.0,0.666667,3.0,high,extreme,normal,agree,0,-29991,0.0,-3.0
access,24828,1,482800,1482800,ASH_COATED_OSMIUM,BUY,9989,5,passive_resting_fill,9989,public,access,20.0,-0.487179,-4.8718,high,extreme,wide,agree,1,-49945,0.0,30.0
access,24828,1,482800,1482800,ASH_COATED_OSMIUM,BUY,9987,5,passive_resting_fill,9987,public,access,20.0,-0.487179,-4.8718,high,extreme,wide,agree,1,-49935,0.0,40.0
access,24829,1,482900,1482900,ASH_COATED_OSMIUM,BUY,9987,5,passive_resting_fill,9987,public,access,16.0,0.0,0.0,low,mild,normal,agree,1,-49935,0.0,7.5
access,24834,1,483400,1483400,ASH_COATED_OSMIUM,BUY,9992,7,aggressive_cross,9992,public,access,7.0,0.533333,1.8667,high,extreme,tight,agree,1,-69944,0.0,21.0
access,24867,1,486700,1486700,ASH_COATED_OSMIUM,BUY,9995,2,aggressive_cross,9995,public,access,9.0,0.733333,3.3,high,extreme,normal,agree,0,-19990,0.0,-6.0
access,24874,1,487400,1487400,ASH_COATED_OSMIUM,SELL,10000,3,passive_resting_fill,10000,public,access,16.0,0.0,0.0,low,mild,normal,agree,1,30000,0.0,21.0
access,24879,1,487900,1487900,ASH_COATED_OSMIUM,BUY,9986,5,passive_resting_fill,9986,access,access,14.0,-0.3,-2.1,high,extreme,normal,agree,2,-49930,0.0,17.5
access,24897,1,489700,1489700,ASH_COATED_OSMIUM,SELL,10001,7,passive_resting_fill,10001,public,access,16.0,0.0,0.0,low,mild,normal,agree,1,70007,0.0,38.5
access,24930,1,493000,1493000,ASH_COATED_OSMIUM,BUY,9996,3,aggressive_cross,9996,public,access,9.0,0.647059,2.9118,high,extreme,normal,agree,0,-29988,0.0,1.5
access,24939,1,493900,1493900,ASH_COATED_OSMIUM,SELL,9997,8,aggressive_cross,9997,public,access,6.0,-0.130435,-0.3913,medium,mild,tight,agree,0,79976,0.0,-24.0
access,24944,1,494400,1494400,ASH_COATED_OSMIUM,SELL,9997,6,aggressive_cross,9997,public,access,6.0,-0.25,-0.75,medium,strong,tight,agree,0,59982,0.0,18.0
access,24945,1,494500,1494500,ASH_COATED_OSMIUM,SELL,10002,3,passive_resting_fill,10002,access,access,14.0,0.038462,0.2692,low,mild,normal,agree,2,30006,0.0,22.5
access,24988,1,498800,1498800,ASH_COATED_OSMIUM,SELL,9996,4,aggressive_cross,9996,public,access,7.0,-0.428571,-1.5,high,extreme,tight,agree,0,39984,0.0,0.0
access,24989,1,498900,1498900,ASH_COATED_OSMIUM,BUY,9988,8,passive_resting_fill,9988,public,access,19.0,-0.421053,-4.0,high,extreme,wide,agree,0,-79904,0.0,56.0
access,25002,1,500200,1500200,ASH_COATED_OSMIUM,BUY,9989,4,passive_resting_fill,9989,public,access,15.0,-0.692308,-5.1923,high,extreme,normal,agree,1,-39956,0.0,26.0
access,25002,1,500200,1500200,ASH_COATED_OSMIUM,BUY,9987,4,passive_resting_fill,9987,public,access,15.0,-0.692308,-5.1923,high,extreme,normal,agree,1,-39948,0.0,34.0
access,25019,1,501900,1501900,ASH_COATED_OSMIUM,SELL,9998,4,aggressive_cross,9998,public,access,6.0,-0.368421,-1.1053,high,strong,tight,agree,0,39992,0.0,2.0
access,25029,1,502900,1502900,ASH_COATED_OSMIUM,SELL,10003,2,passive_resting_fill,10003,public,access,15.0,-0.043478,-0.3261,low,mild,normal,agree,1,20006,0.0,32.0
access,25029,1,502900,1502900,ASH_COATED_OSMIUM,SELL,10005,2,passive_resting_fill,10005,public,access,15.0,-0.043478,-0.3261,low,mild,normal,agree,1,20010,0.0,36.0
access,25031,1,503100,1503100,ASH_COATED_OSMIUM,BUY,9994,5,aggressive_cross,9994,public,access,5.0,0.444444,1.1111,high,strong,tight,agree,0,-49970,0.0,60.0
access,25033,1,503300,1503300,ASH_COATED_OSMIUM,SELL,10003,2,passive_resting_fill,10003,public,access,15.0,-0.166667,-1.25,high,extreme,normal,agree,2,20006,0.0,26.0
access,25112,1,511200,1511200,ASH_COATED_OSMIUM,BUY,9992,4,passive_resting_fill,9992,public,access,15.0,0.333333,2.5,high,extreme,normal,agree,2,-39968,0.0,30.0
access,25117,1,511700,1511700,ASH_COATED_OSMIUM,SELL,10007,6,passive_resting_fill,10007,access,access,15.0,-0.435897,-3.2692,high,extreme,normal,agree,1,60042,0.0,42.0
access,25128,1,512800,1512800,ASH_COATED_OSMIUM,BUY,9994,7,passive_resting_fill,9994,public,access,16.0,0.0,0.0,low,mild,normal,agree,0,-69958,0.0,52.5
access,25163,1,516300,1516300,ASH_COATED_OSMIUM,SELL,10011,5,passive_resting_fill,10011,public,access,15.0,0.354839,2.6613,high,extreme,normal,agree,1,50055,0.0,50.0
access,25174,1,517400,1517400,ASH_COATED_OSMIUM,SELL,10005,2,passive_resting_fill,10005,public,access,18.0,0.380952,3.4286,high,extreme,wide,agree,0,20010,0.0,4.0
access,25227,1,522700,1522700,ASH_COATED_OSMIUM,SELL,10010,5,passive_resting_fill,10010,public,access,16.0,0.0,0.0,low,mild,normal,agree,0,50050,0.0,30.0
access,25238,1,523800,1523800,ASH_COATED_OSMIUM,SELL,10005,10,aggressive_cross,10005,access,access,8.0,-0.428571,-1.7143,high,extreme,tight,agree,1,100050,0.0,30.0
access,25253,1,525300,1525300,ASH_COATED_OSMIUM,SELL,10006,10,aggressive_cross,10006,access,access,8.0,-0.333333,-1.3333,high,extreme,tight,agree,2,100060,0.0,30.0
access,25259,1,525900,1525900,ASH_COATED_OSMIUM,BUY,9996,4,passive_resting_fill,9996,public,access,7.0,0.016949,0.0593,low,mild,tight,agree,1,-39984,0.0,32.0
access,25259,1,525900,1525900,ASH_COATED_OSMIUM,BUY,9994,4,passive_resting_fill,9994,public,access,7.0,0.016949,0.0593,low,mild,tight,agree,1,-39976,0.0,40.0
access,25265,1,526500,1526500,ASH_COATED_OSMIUM,SELL,10005,8,aggressive_cross,10005,public,access,6.0,0.0,0.0,low,mild,tight,agree,0,80040,0.0,12.0
access,25274,1,527400,1527400,ASH_COATED_OSMIUM,BUY,9999,8,aggressive_cross,9999,access,access,7.0,0.189189,0.6622,medium,strong,tight,agree,1,-79992,0.0,32.0
access,25325,1,532500,1532500,ASH_COATED_OSMIUM,BUY,9991,3,passive_resting_fill,9991,public,access,17.0,-0.2,-1.7,high,extreme,wide,agree,2,-29973,0.0,24.0
access,25325,1,532500,1532500,ASH_COATED_OSMIUM,BUY,9989,3,passive_resting_fill,9989,access,access,17.0,-0.2,-1.7,high,extreme,wide,agree,2,-29967,0.0,30.0
access,25328,1,532800,1532800,ASH_COATED_OSMIUM,BUY,9996,6,aggressive_cross,9996,public,access,6.0,0.368421,1.1053,high,strong,tight,agree,1,-59976,0.0,18.0
access,25348,1,534800,1534800,ASH_COATED_OSMIUM,SELL,9997,4,aggressive_cross,9997,public,access,6.0,-0.1,-0.3,low,mild,tight,agree,0,39988,0.0,6.0
access,25363,1,536300,1536300,ASH_COATED_OSMIUM,BUY,9988,6,passive_resting_fill,9988,public,access,17.0,0.333333,2.8333,high,extreme,wide,agree,1,-59928,0.0,36.0
access,25363,1,536300,1536300,ASH_COATED_OSMIUM,BUY,9986,5,passive_resting_fill,9986,public,access,17.0,0.333333,2.8333,high,extreme,wide,agree,1,-49930,0.0,40.0
access,25374,1,537400,1537400,ASH_COATED_OSMIUM,SELL,10001,3,passive_resting_fill,10001,access,access,14.0,-0.111111,-0.7778,medium,strong,normal,agree,2,30003,0.0,25.5
access,25403,1,540300,1540300,ASH_COATED_OSMIUM,SELL,10002,2,passive_resting_fill,10002,public,access,16.0,0.0,0.0,low,mild,normal,agree,0,20004,0.0,14.0
access,25459,1,545900,1545900,ASH_COATED_OSMIUM,SELL,9998,4,aggressive_cross,9998,public,access,9.0,-0.611111,-2.75,high,extreme,normal,agree,1,39992,0.0,4.0
access,25473,1,547300,1547300,ASH_COATED_OSMIUM,BUY,9991,9,passive_resting_fill,9991,public,access,16.0,0.0,0.0,low,mild,normal,agree,0,-89919,0.0,-36.0
access,25484,1,548400,1548400,ASH_COATED_OSMIUM,SELL,9999,8,aggressive_cross,9999,public,access,7.0,-0.166667,-0.5833,medium,strong,tight,agree,0,79992,0.0,-4.0
access,25526,1,552600,1552600,ASH_COATED_OSMIUM,SELL,9998,7,aggressive_cross,9998,public,access,7.0,-0.333333,-1.1667,high,strong,tight,agree,0,69986,0.0,7.0
access,25529,1,552900,1552900,ASH_COATED_OSMIUM,BUY,9990,10,passive_resting_fill,9990,public,access,16.0,0.0,0.0,low,mild,normal,agree,0,-99900,0.0,65.0
access,25529,1,552900,1552900,ASH_COATED_OSMIUM,BUY,9988,7,passive_resting_fill,9988,public,access,16.0,0.0,0.0,low,mild,normal,agree,0,-69916,0.0,59.5
access,25544,1,554400,1554400,ASH_COATED_OSMIUM,BUY,9989,10,passive_resting_fill,9989,public,access,16.0,0.0,0.0,low,mild,normal,agree,1,-99890,0.0,45.0
access,25569,1,556900,1556900,ASH_COATED_OSMIUM,BUY,9990,2,passive_resting_fill,9990,public,access,18.0,0.473684,4.2632,high,extreme,wide,agree,0,-19980,0.0,22.0
access,25569,1,556900,1556900,ASH_COATED_OSMIUM,BUY,9988,2,passive_resting_fill,9988,public,access,18.0,0.473684,4.2632,high,extreme,wide,agree,0,-19976,0.0,26.0
access,25574,1,557400,1557400,ASH_COATED_OSMIUM,SELL,9998,9,aggressive_cross,9998,public,access,6.0,-0.217391,-0.6522,medium,strong,tight,agree,0,89982,0.0,9.0
access,25577,1,557700,1557700,ASH_COATED_OSMIUM,BUY,9991,8,passive_resting_fill,9991,public,access,16.0,0.0,0.0,low,mild,normal,agree,0,-79928,0.0,48.0
access,25577,1,557700,1557700,ASH_COATED_OSMIUM,BUY,9989,5,passive_resting_fill,9989,public,access,16.0,0.0,0.0,low,mild,normal,agree,0,-49945,0.0,40.0
access,25578,1,557800,1557800,ASH_COATED_OSMIUM,BUY,9995,6,aggressive_cross,9995,public,access,6.0,0.25,0.75,medium,strong,tight,agree,0,-59970,0.0,21.0
access,25593,1,559300,1559300,ASH_COATED_OSMIUM,SELL,9998,8,aggressive_cross,9998,public,access,7.0,-0.238095,-0.8333,medium,strong,tight,agree,0,79984,0.0,-4.0
access,25603,1,560300,1560300,ASH_COATED_OSMIUM,SELL,10005,6,passive_resting_fill,10005,public,access,16.0,0.0,0.0,low,mild,normal,agree,0,60030,0.0,3.0
access,25608,1,560800,1560800,ASH_COATED_OSMIUM,SELL,10001,10,aggressive_cross,10001,public,access,7.0,-0.130435,-0.4565,medium,mild,tight,agree,0,100010,0.0,20.0
access,25666,1,566600,1566600,ASH_COATED_OSMIUM,SELL,10005,7,passive_resting_fill,10005,public,access,14.0,0.176471,1.2353,high,strong,normal,agree,2,70035,0.0,35.0
access,25666,1,566600,1566600,ASH_COATED_OSMIUM,SELL,10007,7,passive_resting_fill,10007,public,access,14.0,0.176471,1.2353,high,strong,normal,agree,2,70049,0.0,49.0
access,25673,1,567300,1567300,ASH_COATED_OSMIUM,BUY,9992,10,passive_resting_fill,9992,public,access,19.0,0.3,2.85,high,extreme,wide,agree,0,-99920,0.0,45.0
access,25673,1,567300,1567300,ASH_COATED_OSMIUM,BUY,9990,7,passive_resting_fill,9990,public,access,19.0,0.3,2.85,high,extreme,wide,agree,0,-69930,0.0,45.5
access,25732,1,573200,1573200,ASH_COATED_OSMIUM,SELL,10005,3,passive_resting_fill,10005,public,access,18.0,0.302326,2.7209,high,extreme,wide,agree,0,30015,0.0,15.0
access,25732,1,573200,1573200,ASH_COATED_OSMIUM,SELL,10007,3,passive_resting_fill,10007,public,access,18.0,0.302326,2.7209,high,extreme,wide,agree,0,30021,0.0,21.0
access,25741,1,574100,1574100,ASH_COATED_OSMIUM,SELL,10008,5,passive_resting_fill,10008,public,access,16.0,0.0,0.0,low,mild,normal,agree,0,50040,0.0,47.5
access,25742,1,574200,1574200,ASH_COATED_OSMIUM,BUY,9993,2,passive_resting_fill,9993,access,access,18.0,0.018868,0.1698,low,mild,wide,agree,1,-19986,0.0,19.0
access,25745,1,574500,1574500,ASH_COATED_OSMIUM,BUY,9995,3,passive_resting_fill,9995,public,access,15.0,0.333333,2.5,high,extreme,normal,agree,1,-29985,0.0,16.5
access,25745,1,574500,1574500,ASH_COATED_OSMIUM,BUY,9993,3,passive_resting_fill,9993,public,access,15.0,0.333333,2.5,high,extreme,normal,agree,1,-29979,0.0,22.5
access,25790,1,579000,1579000,ASH_COATED_OSMIUM,BUY,9998,4,aggressive_cross,9998,public,access,6.0,0.333333,1.0,high,strong,tight,agree,0,-39992,0.0,12.0
access,25815,1,581500,1581500,ASH_COATED_OSMIUM,SELL,10007,2,passive_resting_fill,10007,public,access,19.0,-0.5,-4.75,high,extreme,wide,agree,0,20014,0.0,16.0
access,25815,1,581500,1581500,ASH_COATED_OSMIUM,SELL,10009,2,passive_resting_fill,10009,public,access,19.0,-0.5,-4.75,high,extreme,wide,agree,0,20018,0.0,20.0
access,25839,1,583900,1583900,ASH_COATED_OSMIUM,SELL,10006,7,passive_resting_fill,10006,public,access,16.0,0.0,0.0,low,mild,normal,agree,0,70042,0.0,42.0
access,25840,1,584000,1584000,ASH_COATED_OSMIUM,SELL,10006,8,passive_resting_fill,10006,public,access,0.0,0.0,0.0,low,mild,tight,agree,0,80048,0.0,56.0
access,25840,1,584000,1584000,ASH_COATED_OSMIUM,SELL,10008,7,passive_resting_fill,10008,public,access,0.0,0.0,0.0,low,mild,tight,agree,0,70056,0.0,63.0
access,25851,1,585100,1585100,ASH_COATED_OSMIUM,BUY,9996,5,aggressive_cross,9996,public,access,5.0,0.411765,1.0294,high,strong,tight,agree,0,-49980,0.0,15.0
access,25862,1,586200,1586200,ASH_COATED_OSMIUM,BUY,9997,6,aggressive_cross,9997,public,access,6.0,0.333333,1.0,high,strong,tight,agree,0,-59982,0.0,15.0
access,25890,1,589000,1589000,ASH_COATED_OSMIUM,BUY,9997,6,aggressive_cross,9997,public,access,6.0,0.428571,1.2857,high,extreme,tight,agree,1,-59982,0.0,-24.0
access,25930,1,593000,1593000,ASH_COATED_OSMIUM,SELL,10002,8,aggressive_cross,10002,public,access,6.0,-0.111111,-0.3333,low,mild,tight,agree,0,80016,0.0,24.0
access,25931,1,593100,1593100,ASH_COATED_OSMIUM,BUY,10002,4,passive_resting_fill,10002,public,access,9.0,0.466667,2.1,high,extreme,normal,agree,1,-40008,0.0,-16.0
access,25950,1,595000,1595000,ASH_COATED_OSMIUM,SELL,10006,2,passive_resting_fill,10006,public,access,16.0,0.0,0.0,low,mild,normal,agree,0,20012,0.0,10.0
access,25950,1,595000,1595000,ASH_COATED_OSMIUM,SELL,10008,2,passive_resting_fill,10008,public,access,16.0,0.0,0.0,low,mild,normal,agree,0,20016,0.0,14.0
access,25971,1,597100,1597100,ASH_COATED_OSMIUM,SELL,10002,6,aggressive_cross,10002,public,access,7.0,-0.294118,-1.0294,high,strong,tight,agree,0,60012,0.0,3.0
access,25986,1,598600,1598600,ASH_COATED_OSMIUM,BUY,9998,8,aggressive_cross,9998,access,access,7.0,0.388889,1.3611,high,extreme,tight,agree,1,-79984,0.0,32.0
access,26006,1,600600,1600600,ASH_COATED_OSMIUM,BUY,9994,6,passive_resting_fill,9994,access,access,15.0,-0.153846,-1.1538,high,strong,normal,agree,2,-59964,0.0,39.0
access,26013,1,601300,1601300,ASH_COATED_OSMIUM,SELL,9999,2,aggressive_cross,9999,public,access,10.0,-0.714286,-3.5714,high,extreme,normal,agree,0,19998,0.0,-7.0
access,26031,1,603100,1603100,ASH_COATED_OSMIUM,BUY,9993,2,passive_resting_fill,9993,public,access,0.0,0.0,0.0,low,mild,tight,agree,0,-19986,0.0,32.0
access,26067,1,606700,1606700,ASH_COATED_OSMIUM,SELL,10001,4,aggressive_cross,10001,public,access,11.0,-0.411765,-2.2647,high,extreme,normal,agree,0,40004,0.0,-2.0
access,26074,1,607400,1607400,ASH_COATED_OSMIUM,BUY,9995,3,passive_resting_fill,9995,public,access,17.0,0.393939,3.3485,high,extreme,wide,agree,1,-29985,0.0,15.0
access,26074,1,607400,1607400,ASH_COATED_OSMIUM,BUY,9993,3,passive_resting_fill,9993,access,access,17.0,0.393939,3.3485,high,extreme,wide,agree,1,-29979,0.0,21.0
access,26078,1,607800,1607800,ASH_COATED_OSMIUM,SELL,10009,5,passive_resting_fill,10009,access,access,15.0,-0.463415,-3.4756,high,extreme,normal,agree,1,50045,0.0,20.0
access,26083,1,608300,1608300,ASH_COATED_OSMIUM,SELL,10000,3,aggressive_cross,10000,public,access,10.0,-0.571429,-2.8571,high,extreme,normal,agree,0,30000,0.0,1.5
access,26097,1,609700,1609700,ASH_COATED_OSMIUM,BUY,9998,6,aggressive_cross,9998,public,access,5.0,0.555556,1.3889,high,extreme,tight,agree,1,-59988,0.0,24.0
access,26119,1,611900,1611900,ASH_COATED_OSMIUM,BUY,9993,5,passive_resting_fill,9993,public,access,18.0,0.395349,3.5581,high,extreme,wide,agree,1,-49965,0.0,45.0
access,26119,1,611900,1611900,ASH_COATED_OSMIUM,BUY,9991,5,passive_resting_fill,9991,public,access,18.0,0.395349,3.5581,high,extreme,wide,agree,1,-49955,0.0,55.0
access,26156,1,615600,1615600,ASH_COATED_OSMIUM,SELL,10007,5,passive_resting_fill,10007,public,access,16.0,0.0,0.0,low,mild,normal,agree,0,50035,0.0,30.0
access,26156,1,615600,1615600,ASH_COATED_OSMIUM,SELL,10009,5,passive_resting_fill,10009,public,access,16.0,0.0,0.0,low,mild,normal,agree,0,50045,0.0,40.0
access,26187,1,618700,1618700,ASH_COATED_OSMIUM,BUY,9999,4,aggressive_cross,9999,public,access,6.0,0.5,1.5,high,extreme,tight,agree,1,-39996,0.0,6.0
access,26207,1,620700,1620700,ASH_COATED_OSMIUM,SELL,10008,8,passive_resting_fill,10008,public,access,16.0,0.0,0.0,low,mild,normal,agree,1,80064,0.0,60.0
access,26229,1,622900,1622900,ASH_COATED_OSMIUM,SELL,10008,4,passive_resting_fill,10008,public,access,17.0,-0.414634,-3.5244,high,extreme,wide,agree,1,40032,0.0,22.0
access,26229,1,622900,1622900,ASH_COATED_OSMIUM,SELL,10010,4,passive_resting_fill,10010,public,access,17.0,-0.414634,-3.5244,high,extreme,wide,agree,1,40040,0.0,30.0
access,26245,1,624500,1624500,ASH_COATED_OSMIUM,BUY,9995,6,passive_resting_fill,9995,public,access,15.0,-0.285714,-2.1429,high,extreme,normal,agree,2,-59970,0.0,42.0
access,26260,1,626000,1626000,ASH_COATED_OSMIUM,BUY,9998,5,aggressive_cross,9998,public,access,8.0,0.705882,2.8235,high,extreme,tight,agree,0,-49990,0.0,10.0
access,26289,1,628900,1628900,ASH_COATED_OSMIUM,SELL,10004,6,passive_resting_fill,10004,public,access,14.0,-0.153846,-1.0769,high,strong,normal,agree,2,60024,0.0,42.0
access,26289,1,628900,1628900,ASH_COATED_OSMIUM,SELL,10006,6,passive_resting_fill,10006,public,access,14.0,-0.153846,-1.0769,high,strong,normal,agree,2,60036,0.0,54.0
access,26323,1,632300,1632300,ASH_COATED_OSMIUM,SELL,10004,5,passive_resting_fill,10004,public,access,16.0,0.0,0.0,low,mild,normal,agree,0,50020,0.0,70.0
access,26327,1,632700,1632700,ASH_COATED_OSMIUM,BUY,9999,4,aggressive_cross,9999,public,access,10.0,0.578947,2.8947,high,extreme,normal,agree,0,-39996,0.0,-4.0
access,26337,1,633700,1633700,ASH_COATED_OSMIUM,BUY,9997,8,aggressive_cross,9997,access,access,9.0,0.071429,0.3214,low,mild,normal,agree,1,-79976,0.0,-20.0
access,26342,1,634200,1634200,ASH_COATED_OSMIUM,BUY,9990,2,passive_resting_fill,9990,public,access,17.0,-0.052632,-0.4474,medium,mild,wide,agree,1,-19980,0.0,18.0
access,26342,1,634200,1634200,ASH_COATED_OSMIUM,BUY,9988,2,passive_resting_fill,9988,public,access,17.0,-0.052632,-0.4474,medium,mild,wide,agree,1,-19976,0.0,22.0
access,26391,1,639100,1639100,ASH_COATED_OSMIUM,SELL,10000,8,passive_resting_fill,10000,public,access,16.0,0.0,0.0,low,mild,normal,agree,1,80000,0.0,60.0
access,26391,1,639100,1639100,ASH_COATED_OSMIUM,SELL,10002,7,passive_resting_fill,10002,public,access,16.0,0.0,0.0,low,mild,normal,agree,1,70014,0.0,66.5
access,26392,1,639200,1639200,ASH_COATED_OSMIUM,BUY,9991,9,aggressive_cross,9991,public,access,5.0,0.181818,0.4545,medium,mild,tight,agree,0,-89919,0.0,18.0
access,26406,1,640600,1640600,ASH_COATED_OSMIUM,BUY,9995,3,passive_resting_fill,9995,public,access,10.0,-0.647059,-3.2353,high,extreme,normal,agree,0,-29985,0.0,0.0
access,26406,1,640600,1640600,ASH_COATED_OSMIUM,BUY,9993,3,passive_resting_fill,9993,public,access,10.0,-0.647059,-3.2353,high,extreme,normal,agree,0,-29979,0.0,6.0
access,26431,1,643100,1643100,ASH_COATED_OSMIUM,SELL,10000,6,passive_resting_fill,10000,public,access,16.0,0.666667,5.3333,high,extreme,normal,agree,2,60000,0.0,54.0
access,26431,1,643100,1643100,ASH_COATED_OSMIUM,SELL,10002,5,passive_resting_fill,10002,access,access,16.0,0.666667,5.3333,high,extreme,normal,agree,2,50010,0.0,55.0
access,26432,1,643200,1643200,ASH_COATED_OSMIUM,BUY,9994,3,aggressive_cross,9994,public,access,9.0,0.666667,3.0,high,extreme,normal,agree,0,-29982,0.0,-7.5
access,26445,1,644500,1644500,ASH_COATED_OSMIUM,SELL,9997,6,passive_resting_fill,9997,public,access,11.0,-0.555556,-3.0556,high,extreme,normal,agree,0,59982,0.0,30.0
access,26445,1,644500,1644500,ASH_COATED_OSMIUM,SELL,9999,6,passive_resting_fill,9999,public,access,11.0,-0.555556,-3.0556,high,extreme,normal,agree,0,59994,0.0,42.0
access,26457,1,645700,1645700,ASH_COATED_OSMIUM,SELL,9997,8,passive_resting_fill,9997,public,access,16.0,0.0,0.0,low,mild,normal,agree,0,79976,0.0,52.0
access,26457,1,645700,1645700,ASH_COATED_OSMIUM,SELL,9999,7,passive_resting_fill,9999,public,access,16.0,0.0,0.0,low,mild,normal,agree,0,69993,0.0,59.5
access,26458,1,645800,1645800,ASH_COATED_OSMIUM,BUY,9984,2,passive_resting_fill,9984,public,access,0.0,0.0,0.0,low,mild,tight,agree,1,-19968,0.0,16.0
access,26458,1,645800,1645800,ASH_COATED_OSMIUM,BUY,9982,2,passive_resting_fill,9982,public,access,0.0,0.0,0.0,low,mild,tight,agree,1,-19964,0.0,20.0
access,26466,1,646600,1646600,ASH_COATED_OSMIUM,BUY,9993,4,aggressive_cross,9993,public,access,9.0,0.555556,2.5,high,extreme,normal,agree,0,-39972,0.0,-2.0
access,26477,1,647700,1647700,ASH_COATED_OSMIUM,SELL,9999,5,passive_resting_fill,9999,public,access,16.0,0.0,0.0,low,mild,normal,agree,1,49995,0.0,37.5
access,26477,1,647700,1647700,ASH_COATED_OSMIUM,SELL,10001,5,passive_resting_fill,10001,public,access,16.0,0.0,0.0,low,mild,normal,agree,1,50005,0.0,47.5
access,26505,1,650500,1650500,ASH_COATED_OSMIUM,BUY,9998,4,aggressive_cross,9998,public,access,9.0,0.555556,2.5,high,extreme,normal,agree,0,-39992,0.0,-8.0
access,26515,1,651500,1651500,ASH_COATED_OSMIUM,BUY,9999,2,aggressive_cross,9999,public,access,10.0,0.764706,3.8235,high,extreme,normal,agree,0,-19998,0.0,-2.0
access,26539,1,653900,1653900,ASH_COATED_OSMIUM,BUY,9990,6,passive_resting_fill,9990,public,access,16.0,0.0,0.0,low,mild,normal,agree,1,-59940,0.0,51.0
access,26554,1,655400,1655400,ASH_COATED_OSMIUM,BUY,9996,9,aggressive_cross,9996,public,access,5.0,0.217391,0.5435,medium,strong,tight,agree,0,-89964,0.0,27.0
access,26563,1,656300,1656300,ASH_COATED_OSMIUM,BUY,9992,3,passive_resting_fill,9992,public,access,16.0,0.0,0.0,low,mild,normal,agree,0,-29976,0.0,19.5
access,26584,1,658400,1658400,ASH_COATED_OSMIUM,SELL,10005,9,passive_resting_fill,10005,public,access,6.0,-0.238095,-0.7143,medium,strong,tight,agree,0,90045,0.0,45.0
access,26584,1,658400,1658400,ASH_COATED_OSMIUM,SELL,10007,7,passive_resting_fill,10007,public,access,6.0,-0.238095,-0.7143,medium,strong,tight,agree,0,70049,0.0,49.0
access,26594,1,659400,1659400,ASH_COATED_OSMIUM,BUY,10000,5,aggressive_cross,10000,public,access,8.0,0.333333,1.3333,high,extreme,tight,agree,1,-50000,0.0,-15.0
access,26648,1,664800,1664800,ASH_COATED_OSMIUM,BUY,9997,7,aggressive_cross,9997,public,access,6.0,0.176471,0.5294,medium,strong,tight,agree,0,-69979,0.0,21.0
access,26668,1,666800,1666800,ASH_COATED_OSMIUM,BUY,9992,4,passive_resting_fill,9992,public,access,16.0,0.0,0.0,low,mild,normal,agree,1,-39968,0.0,22.0
access,26672,1,667200,1667200,ASH_COATED_OSMIUM,BUY,9993,5,passive_resting_fill,9993,public,access,15.0,0.3125,2.3438,high,extreme,normal,agree,1,-49965,0.0,30.0
access,26672,1,667200,1667200,ASH_COATED_OSMIUM,BUY,9991,5,passive_resting_fill,9991,public,access,15.0,0.3125,2.3438,high,extreme,normal,agree,1,-49955,0.0,40.0
access,26722,1,672200,1672200,ASH_COATED_OSMIUM,BUY,9995,8,aggressive_cross,9995,access,access,10.0,0.038462,0.1923,low,mild,normal,agree,2,-79960,0.0,-8.0
access,26736,1,673600,1673600,ASH_COATED_OSMIUM,BUY,9986,10,passive_resting_fill,9986,public,access,16.0,0.04,0.32,low,mild,normal,agree,2,-99860,0.0,25.0
access,26736,1,673600,1673600,ASH_COATED_OSMIUM,BUY,9984,5,passive_resting_fill,9984,access,access,16.0,0.04,0.32,low,mild,normal,agree,2,-49920,0.0,22.5
access,26741,1,674100,1674100,ASH_COATED_OSMIUM,BUY,9993,2,aggressive_cross,9993,public,access,9.0,0.75,3.375,high,extreme,normal,agree,0,-19986,0.0,-8.0
access,26772,1,677200,1677200,ASH_COATED_OSMIUM,BUY,9985,4,passive_resting_fill,9985,public,access,18.0,0.317073,2.8537,high,extreme,wide,agree,0,-39940,0.0,20.0
access,26772,1,677200,1677200,ASH_COATED_OSMIUM,BUY,9983,4,passive_resting_fill,9983,public,access,18.0,0.317073,2.8537,high,extreme,wide,agree,0,-39932,0.0,28.0
access,26793,1,679300,1679300,ASH_COATED_OSMIUM,BUY,9988,6,aggressive_cross,9988,public,access,5.0,0.25,0.625,medium,strong,tight,agree,1,-59928,0.0,27.0
access,26796,1,679600,1679600,ASH_COATED_OSMIUM,SELL,10000,5,passive_resting_fill,10000,public,access,17.0,-0.428571,-3.6429,high,extreme,wide,agree,2,50000,0.0,40.0
access,26833,1,683300,1683300,ASH_COATED_OSMIUM,SELL,10001,4,passive_resting_fill,10001,public,access,18.0,-0.333333,-3.0,high,extreme,wide,agree,0,40004,0.0,30.0
access,26833,1,683300,1683300,ASH_COATED_OSMIUM,SELL,10003,4,passive_resting_fill,10003,public,access,18.0,-0.333333,-3.0,high,extreme,wide,agree,0,40012,0.0,38.0
access,26854,1,685400,1685400,ASH_COATED_OSMIUM,SELL,10002,7,passive_resting_fill,10002,public,access,18.0,-0.317073,-2.8537,high,extreme,wide,agree,1,70014,0.0,45.5
access,26854,1,685400,1685400,ASH_COATED_OSMIUM,SELL,10004,6,passive_resting_fill,10004,public,access,18.0,-0.317073,-2.8537,high,extreme,wide,agree,1,60024,0.0,51.0
access,26895,1,689500,1689500,ASH_COATED_OSMIUM,SELL,10003,6,passive_resting_fill,10003,public,access,18.0,0.04,0.36,medium,mild,wide,agree,1,60018,0.0,36.0
access,26896,1,689600,1689600,ASH_COATED_OSMIUM,BUY,9993,8,aggressive_cross,9993,public,access,5.0,0.090909,0.2273,low,mild,tight,agree,1,-79944,0.0,28.0
access,26907,1,690700,1690700,ASH_COATED_OSMIUM,BUY,9990,5,passive_resting_fill,9990,public,access,19.0,0.463415,4.4024,high,extreme,wide,agree,0,-49950,0.0,30.0
access,26907,1,690700,1690700,ASH_COATED_OSMIUM,BUY,9988,5,passive_resting_fill,9988,public,access,19.0,0.463415,4.4024,high,extreme,wide,agree,0,-49940,0.0,40.0
access,26912,1,691200,1691200,ASH_COATED_OSMIUM,BUY,9990,4,passive_resting_fill,9990,public,access,16.0,0.0,0.0,low,mild,normal,agree,1,-39960,0.0,-4.0
access,26912,1,691200,1691200,ASH_COATED_OSMIUM,BUY,9988,4,passive_resting_fill,9988,public,access,16.0,0.0,0.0,low,mild,normal,agree,1,-39952,0.0,4.0
access,26954,1,695400,1695400,ASH_COATED_OSMIUM,SELL,9998,3,aggressive_cross,9998,public,access,9.0,-0.76,-3.42,high,extreme,normal,agree,1,29994,0.0,-13.5
access,26960,1,696000,1696000,ASH_COATED_OSMIUM,SELL,9998,5,aggressive_cross,9998,public,access,10.0,-0.5,-2.5,high,extreme,normal,agree,0,49990,0.0,-15.0
access,26976,1,697600,1697600,ASH_COATED_OSMIUM,SELL,9999,4,aggressive_cross,9999,public,access,13.0,-0.75,-4.875,high,extreme,normal,agree,0,39996,0.0,-22.0
access,26981,1,698100,1698100,ASH_COATED_OSMIUM,SELL,9999,4,aggressive_cross,9999,public,access,11.0,-0.5,-2.75,high,extreme,normal,agree,1,39996,0.0,-2.0
access,26992,1,699200,1699200,ASH_COATED_OSMIUM,SELL,9999,2,aggressive_cross,9999,public,access,11.0,-0.75,-4.125,high,extreme,normal,agree,0,19998,0.0,2.0
access,26999,1,699900,1699900,ASH_COATED_OSMIUM,SELL,10009,6,passive_resting_fill,10009,public,access,11.0,-0.333333,-1.8333,high,extreme,normal,agree,0,60054,0.0,45.0
access,27001,1,700100,1700100,ASH_COATED_OSMIUM,SELL,10009,6,passive_resting_fill,10009,public,access,16.0,0.0,0.0,low,mild,normal,agree,0,60054,0.0,42.0
access,27007,1,700700,1700700,ASH_COATED_OSMIUM,SELL,10009,6,passive_resting_fill,10009,public,access,18.0,-0.380952,-3.4286,high,extreme,wide,agree,1,60054,0.0,36.0
access,27007,1,700700,1700700,ASH_COATED_OSMIUM,SELL,10011,6,passive_resting_fill,10011,public,access,18.0,-0.380952,-3.4286,high,extreme,wide,agree,1,60066,0.0,48.0
access,27008,1,700800,1700800,ASH_COATED_OSMIUM,BUY,9996,3,passive_resting_fill,9996,access,access,8.0,0.733333,2.9333,high,extreme,tight,agree,1,-29988,0.0,22.5
access,27035,1,703500,1703500,ASH_COATED_OSMIUM,BUY,9997,4,passive_resting_fill,9997,public,access,0.0,0.0,0.0,low,mild,tight,agree,0,-39988,0.0,40.0
access,27043,1,704300,1704300,ASH_COATED_OSMIUM,BUY,9998,2,passive_resting_fill,9998,access,access,0.0,0.0,0.0,low,mild,tight,agree,1,-19996,0.0,12.0
access,27054,1,705400,1705400,ASH_COATED_OSMIUM,BUY,9996,7,passive_resting_fill,9996,public,access,15.0,0.090909,0.6818,medium,strong,normal,agree,1,-69972,0.0,45.5
access,27091,1,709100,1709100,ASH_COATED_OSMIUM,BUY,9999,6,passive_resting_fill,9999,public,access,16.0,0.0,0.0,low,mild,normal,agree,0,-59994,0.0,42.0
access,27094,1,709400,1709400,ASH_COATED_OSMIUM,SELL,10009,8,aggressive_cross,10009,access,access,6.0,0.368421,1.1053,high,strong,tight,agree,1,80072,0.0,32.0
access,27100,1,710000,1710000,ASH_COATED_OSMIUM,SELL,10007,6,aggressive_cross,10007,public,access,9.0,-0.625,-2.8125,high,extreme,normal,agree,0,60042,0.0,78.0
access,27102,1,710200,1710200,ASH_COATED_OSMIUM,SELL,10012,8,passive_resting_fill,10012,access,access,15.0,-0.421053,-3.1579,high,extreme,normal,agree,1,80096,0.0,60.0
access,27109,1,710900,1710900,ASH_COATED_OSMIUM,SELL,10002,4,aggressive_cross,10002,public,access,11.0,-0.473684,-2.6053,high,extreme,normal,agree,0,40008,0.0,-14.0
access,27125,1,712500,1712500,ASH_COATED_OSMIUM,SELL,10013,5,passive_resting_fill,10013,public,access,16.0,0.0,0.0,low,mild,normal,agree,0,50065,0.0,37.5
access,27134,1,713400,1713400,ASH_COATED_OSMIUM,SELL,10006,10,aggressive_cross,10006,public,access,6.0,-0.130435,-0.3913,medium,mild,tight,agree,1,100060,0.0,5.0
access,27149,1,714900,1714900,ASH_COATED_OSMIUM,BUY,10002,4,aggressive_cross,10002,access,access,5.0,0.0,0.0,low,mild,tight,agree,1,-40008,0.0,18.0
access,27164,1,716400,1716400,ASH_COATED_OSMIUM,SELL,10006,6,aggressive_cross,10006,public,access,6.0,-0.294118,-0.8824,medium,strong,tight,agree,0,60036,0.0,18.0
access,27208,1,720800,1720800,ASH_COATED_OSMIUM,SELL,10011,4,passive_resting_fill,10011,public,access,0.0,0.0,0.0,low,mild,tight,agree,0,40044,0.0,32.0
access,27208,1,720800,1720800,ASH_COATED_OSMIUM,SELL,10013,4,passive_resting_fill,10013,public,access,0.0,0.0,0.0,low,mild,tight,agree,0,40052,0.0,40.0
access,27212,1,721200,1721200,ASH_COATED_OSMIUM,SELL,10005,8,aggressive_cross,10005,public,access,7.0,-0.272727,-0.9545,high,strong,tight,agree,0,80040,0.0,32.0
access,27228,1,722800,1722800,ASH_COATED_OSMIUM,SELL,10006,7,aggressive_cross,10006,public,access,9.0,-0.533333,-2.4,high,extreme,normal,agree,0,70042,0.0,21.0
access,27235,1,723500,1723500,ASH_COATED_OSMIUM,BUY,9997,2,passive_resting_fill,9997,public,access,14.0,0.421053,2.9474,high,extreme,normal,agree,2,-19994,0.0,-19994.0
access,27257,1,725700,1725700,ASH_COATED_OSMIUM,BUY,9998,8,passive_resting_fill,9998,public,access,20.0,-0.363636,-3.6364,high,extreme,wide,agree,1,-79984,0.0,40.0
access,27257,1,725700,1725700,ASH_COATED_OSMIUM,BUY,9996,6,passive_resting_fill,9996,public,access,20.0,-0.363636,-3.6364,high,extreme,wide,agree,1,-59976,0.0,42.0
access,27262,1,726200,1726200,ASH_COATED_OSMIUM,BUY,9995,5,passive_resting_fill,9995,public,access,18.0,0.333333,3.0,high,extreme,wide,agree,0,-49975,0.0,60.0
access,27291,1,729100,1729100,ASH_COATED_OSMIUM,SELL,10011,8,passive_resting_fill,10011,public,access,16.0,0.0,0.0,low,mild,normal,agree,0,80088,0.0,52.0
access,27297,1,729700,1729700,ASH_COATED_OSMIUM,BUY,9998,5,passive_resting_fill,9998,public,access,16.0,0.0,0.0,low,mild,normal,agree,0,-49990,0.0,37.5
access,27297,1,729700,1729700,ASH_COATED_OSMIUM,BUY,9996,5,passive_resting_fill,9996,public,access,16.0,0.0,0.0,low,mild,normal,agree,0,-49980,0.0,47.5
access,27304,1,730400,1730400,ASH_COATED_OSMIUM,SELL,10012,6,passive_resting_fill,10012,access,access,14.0,-0.09434,-0.6604,medium,strong,normal,agree,2,60072,0.0,60.0
access,27309,1,730900,1730900,ASH_COATED_OSMIUM,BUY,9997,5,passive_resting_fill,9997,public,access,18.0,0.285714,2.5714,high,extreme,wide,agree,1,-49985,0.0,27.5
access,27309,1,730900,1730900,ASH_COATED_OSMIUM,BUY,9995,5,passive_resting_fill,9995,public,access,18.0,0.285714,2.5714,high,extreme,wide,agree,1,-49975,0.0,37.5
access,27310,1,731000,1731000,ASH_COATED_OSMIUM,SELL,10005,8,aggressive_cross,10005,public,access,6.0,-0.142857,-0.4286,medium,mild,tight,agree,0,80040,0.0,36.0
access,27312,1,731200,1731200,ASH_COATED_OSMIUM,SELL,10011,9,passive_resting_fill,10011,public,access,16.0,0.0,0.0,low,mild,normal,agree,1,90099,0.0,54.0
access,27315,1,731500,1731500,ASH_COATED_OSMIUM,BUY,10005,2,aggressive_cross,10005,public,access,9.0,0.714286,3.2143,high,extreme,normal,agree,0,-20010,0.0,-4.0
access,27349,1,734900,1734900,ASH_COATED_OSMIUM,BUY,9997,5,passive_resting_fill,9997,public,access,16.0,0.0,0.0,low,mild,normal,agree,0,-49985,0.0,45.0
access,27352,1,735200,1735200,ASH_COATED_OSMIUM,SELL,10011,5,passive_resting_fill,10011,public,access,20.0,-0.45,-4.5,high,extreme,wide,agree,1,50055,0.0,35.0
access,27352,1,735200,1735200,ASH_COATED_OSMIUM,SELL,10013,5,passive_resting_fill,10013,public,access,20.0,-0.45,-4.5,high,extreme,wide,agree,1,50065,0.0,45.0
access,27369,1,736900,1736900,ASH_COATED_OSMIUM,SELL,10012,5,passive_resting_fill,10012,public,access,16.0,0.0,0.0,low,mild,normal,agree,1,50060,0.0,35.0
access,27395,1,739500,1739500,ASH_COATED_OSMIUM,BUY,9998,10,passive_resting_fill,9998,public,access,0.0,0.0,0.0,low,mild,tight,agree,0,-99980,0.0,75.0
access,27405,1,740500,1740500,ASH_COATED_OSMIUM,SELL,10006,8,aggressive_cross,10006,public,access,7.0,-0.304348,-1.0652,high,strong,tight,agree,0,80048,0.0,8.0
access,27439,1,743900,1743900,ASH_COATED_OSMIUM,BUY,9999,4,passive_resting_fill,9999,access,access,17.0,-0.365854,-3.1098,high,extreme,wide,agree,1,-39996,0.0,24.0
access,27456,1,745600,1745600,ASH_COATED_OSMIUM,BUY,10000,6,passive_resting_fill,10000,public,access,15.0,0.318182,2.3864,high,extreme,normal,agree,1,-60000,0.0,42.0
access,27456,1,745600,1745600,ASH_COATED_OSMIUM,BUY,9998,6,passive_resting_fill,9998,public,access,15.0,0.318182,2.3864,high,extreme,normal,agree,1,-59988,0.0,54.0
access,27461,1,746100,1746100,ASH_COATED_OSMIUM,SELL,10005,8,passive_resting_fill,10005,public,access,18.0,-0.428571,-3.8571,high,extreme,wide,agree,1,80040,0.0,-12.0
access,27461,1,746100,1746100,ASH_COATED_OSMIUM,SELL,10007,7,passive_resting_fill,10007,public,access,18.0,-0.428571,-3.8571,high,extreme,wide,agree,1,70049,0.0,3.5
access,27503,1,750300,1750300,ASH_COATED_OSMIUM,BUY,10003,3,aggressive_cross,10003,public,access,10.0,0.625,3.125,high,extreme,normal,agree,0,-30009,0.0,-3.0
access,27506,1,750600,1750600,ASH_COATED_OSMIUM,BUY,9999,5,aggressive_cross,9999,public,access,6.0,0.333333,1.0,high,strong,tight,agree,0,-49995,0.0,15.0
access,27514,1,751400,1751400,ASH_COATED_OSMIUM,BUY,10002,5,aggressive_cross,10002,public,access,9.0,0.473684,2.1316,high,extreme,normal,agree,0,-50010,0.0,-5.0
access,27520,1,752000,1752000,ASH_COATED_OSMIUM,BUY,9998,9,aggressive_cross,9998,public,access,5.0,0.052632,0.1316,low,mild,tight,agree,0,-89982,0.0,40.5
access,27523,1,752300,1752300,ASH_COATED_OSMIUM,SELL,10006,4,passive_resting_fill,10006,public,access,15.0,0.315789,2.3684,high,extreme,normal,agree,1,40024,0.0,22.0
access,27523,1,752300,1752300,ASH_COATED_OSMIUM,SELL,10008,4,passive_resting_fill,10008,public,access,15.0,0.315789,2.3684,high,extreme,normal,agree,1,40032,0.0,30.0
access,27537,1,753700,1753700,ASH_COATED_OSMIUM,BUY,10002,3,aggressive_cross,10002,public,access,9.0,0.666667,3.0,high,extreme,normal,agree,1,-30006,0.0,0.0
access,27541,1,754100,1754100,ASH_COATED_OSMIUM,SELL,10007,4,passive_resting_fill,10007,public,access,15.0,0.317073,2.378,high,extreme,normal,agree,2,40028,0.0,26.0
access,27541,1,754100,1754100,ASH_COATED_OSMIUM,SELL,10009,4,passive_resting_fill,10009,public,access,15.0,0.317073,2.378,high,extreme,normal,agree,2,40036,0.0,34.0
access,27544,1,754400,1754400,ASH_COATED_OSMIUM,SELL,10008,5,passive_resting_fill,10008,public,access,16.0,0.0,0.0,low,mild,normal,agree,0,50040,0.0,27.5
access,27551,1,755100,1755100,ASH_COATED_OSMIUM,BUY,9998,4,aggressive_cross,9998,public,access,8.0,0.733333,2.9333,high,extreme,tight,agree,0,-39992,0.0,12.0
access,27559,1,755900,1755900,ASH_COATED_OSMIUM,SELL,10006,4,passive_resting_fill,10006,public,access,16.0,0.0,0.0,low,mild,normal,agree,1,40024,0.0,60.0
access,27566,1,756600,1756600,ASH_COATED_OSMIUM,BUY,9993,2,passive_resting_fill,9993,public,access,16.0,0.0,0.0,low,mild,normal,agree,0,-19986,0.0,11.0
access,27569,1,756900,1756900,ASH_COATED_OSMIUM,BUY,9992,5,passive_resting_fill,9992,public,access,16.0,0.0,0.0,low,mild,normal,agree,0,-49960,0.0,47.5
access,27572,1,757200,1757200,ASH_COATED_OSMIUM,BUY,9992,9,passive_resting_fill,9992,public,access,19.0,-0.333333,-3.1667,high,extreme,wide,agree,0,-89928,0.0,58.5
access,27576,1,757600,1757600,ASH_COATED_OSMIUM,BUY,10000,2,aggressive_cross,10000,public,access,10.0,0.764706,3.8235,high,extreme,normal,agree,0,-20000,0.0,7.0
access,27585,1,758500,1758500,ASH_COATED_OSMIUM,BUY,10001,2,aggressive_cross,10001,public,access,9.0,0.875,3.9375,high,extreme,normal,agree,1,-20002,0.0,-6.0
access,27587,1,758700,1758700,ASH_COATED_OSMIUM,BUY,9993,6,passive_resting_fill,9993,public,access,16.0,0.0,0.0,low,mild,normal,agree,1,-59958,0.0,30.0
access,27587,1,758700,1758700,ASH_COATED_OSMIUM,BUY,9991,5,passive_resting_fill,9991,public,access,16.0,0.0,0.0,low,mild,normal,agree,1,-49955,0.0,35.0
access,27614,1,761400,1761400,ASH_COATED_OSMIUM,BUY,9998,4,aggressive_cross,9998,public,access,10.0,0.428571,2.1429,high,extreme,normal,agree,0,-39992,0.0,0.0
access,27639,1,763900,1763900,ASH_COATED_OSMIUM,BUY,9989,8,passive_resting_fill,9989,public,access,18.0,-0.189189,-1.7027,high,extreme,wide,agree,1,-79912,0.0,60.0
access,27641,1,764100,1764100,ASH_COATED_OSMIUM,BUY,9990,6,passive_resting_fill,9990,public,access,15.0,-0.318182,-2.3864,high,extreme,normal,agree,1,-59940,0.0,36.0
access,27641,1,764100,1764100,ASH_COATED_OSMIUM,BUY,9988,5,passive_resting_fill,9988,public,access,15.0,-0.318182,-2.3864,high,extreme,normal,agree,1,-49940,0.0,40.0
access,27685,1,768500,1768500,ASH_COATED_OSMIUM,BUY,9991,5,aggressive_cross,9991,public,access,5.0,0.411765,1.0294,high,strong,tight,agree,1,-49955,0.0,0.0
access,27734,1,773400,1773400,ASH_COATED_OSMIUM,SELL,9995,4,aggressive_cross,9995,access,access,5.0,-0.034483,-0.0862,low,mild,tight,agree,1,39980,0.0,12.0
access,27750,1,775000,1775000,ASH_COATED_OSMIUM,BUY,9989,5,aggressive_cross,9989,public,access,5.0,0.333333,0.8333,medium,strong,tight,agree,0,-49945,0.0,15.0
access,27751,1,775100,1775100,ASH_COATED_OSMIUM,BUY,9989,9,aggressive_cross,9989,public,access,8.0,0.5,2.0,high,extreme,tight,agree,0,-89901,0.0,22.5
access,27772,1,777200,1777200,ASH_COATED_OSMIUM,SELL,9998,10,passive_resting_fill,9998,public,access,16.0,0.0,0.0,low,mild,normal,agree,0,99980,0.0,-40.0
access,27785,1,778500,1778500,ASH_COATED_OSMIUM,BUY,9990,7,aggressive_cross,9990,public,access,6.0,0.222222,0.6667,medium,strong,tight,agree,0,-69930,0.0,10.5
access,27797,1,779700,1779700,ASH_COATED_OSMIUM,BUY,9989,6,aggressive_cross,9989,public,access,6.0,0.4,1.2,high,strong,tight,agree,1,-59934,0.0,21.0
access,27803,1,780300,1780300,ASH_COATED_OSMIUM,SELL,9999,2,passive_resting_fill,9999,public,access,15.0,0.210526,1.5789,high,extreme,normal,agree,1,19998,0.0,11.0
access,27823,1,782300,1782300,ASH_COATED_OSMIUM,BUY,9989,4,aggressive_cross,9989,public,access,8.0,0.757576,3.0303,high,extreme,tight,agree,0,-39956,0.0,8.0
access,27825,1,782500,1782500,ASH_COATED_OSMIUM,SELL,9998,7,passive_resting_fill,9998,public,access,16.0,0.0,0.0,low,mild,normal,agree,1,69986,0.0,21.0
access,27848,1,784800,1784800,ASH_COATED_OSMIUM,BUY,9988,4,aggressive_cross,9988,public,access,6.0,0.555556,1.6667,high,extreme,tight,agree,0,-39952,0.0,-39952.0
access,27880,1,788000,1788000,ASH_COATED_OSMIUM,SELL,10001,5,passive_resting_fill,10001,access,access,15.0,0.043478,0.3261,low,mild,normal,agree,1,50005,0.0,35.0
access,27899,1,789900,1789900,ASH_COATED_OSMIUM,BUY,9986,2,passive_resting_fill,9986,public,access,19.0,-0.428571,-4.0714,high,extreme,wide,agree,0,-19972,0.0,14.0
access,27899,1,789900,1789900,ASH_COATED_OSMIUM,BUY,9984,2,passive_resting_fill,9984,public,access,19.0,-0.428571,-4.0714,high,extreme,wide,agree,0,-19968,0.0,18.0
access,27921,1,792100,1792100,ASH_COATED_OSMIUM,BUY,9986,5,passive_resting_fill,9986,public,access,9.0,0.647059,2.9118,high,extreme,normal,agree,0,-49930,0.0,30.0
access,27937,1,793700,1793700,ASH_COATED_OSMIUM,SELL,9999,10,passive_resting_fill,9999,access,access,15.0,-0.04,-0.3,low,mild,normal,agree,1,99990,0.0,65.0
access,27956,1,795600,1795600,ASH_COATED_OSMIUM,SELL,9995,6,aggressive_cross,9995,public,access,6.0,-0.428571,-1.2857,high,extreme,tight,agree,1,59970,0.0,12.0
access,27967,1,796700,1796700,ASH_COATED_OSMIUM,BUY,9987,4,passive_resting_fill,9987,public,access,19.0,0.380952,3.619,high,extreme,wide,agree,0,-39948,0.0,22.0
access,27967,1,796700,1796700,ASH_COATED_OSMIUM,BUY,9985,4,passive_resting_fill,9985,public,access,19.0,0.380952,3.619,high,extreme,wide,agree,0,-39940,0.0,30.0
access,28011,1,801100,1801100,ASH_COATED_OSMIUM,BUY,9992,6,aggressive_cross,9992,public,access,6.0,0.333333,1.0,high,strong,tight,agree,0,-59952,0.0,12.0
access,28024,1,802400,1802400,ASH_COATED_OSMIUM,BUY,9991,13,aggressive_cross,9991,access,access,4.0,0.037037,0.0741,low,mild,tight,agree,1,-129883,0.0,71.5
access,28031,1,803100,1803100,ASH_COATED_OSMIUM,SELL,10001,5,passive_resting_fill,10001,public,access,16.0,0.0,0.0,low,mild,normal,agree,2,50005,0.0,27.5
access,28062,1,806200,1806200,ASH_COATED_OSMIUM,BUY,9990,2,passive_resting_fill,9990,public,access,18.0,0.04,0.36,medium,mild,wide,agree,1,-19980,0.0,12.0
access,28062,1,806200,1806200,ASH_COATED_OSMIUM,BUY,9988,2,passive_resting_fill,9988,public,access,18.0,0.04,0.36,medium,mild,wide,agree,1,-19976,0.0,16.0
access,28095,1,809500,1809500,ASH_COATED_OSMIUM,BUY,9994,2,aggressive_cross,9994,public,access,6.0,0.714286,2.1429,high,extreme,tight,agree,0,-19988,0.0,22.0
access,28109,1,810900,1810900,ASH_COATED_OSMIUM,SELL,10004,2,passive_resting_fill,10004,public,access,18.0,-0.3,-2.7,high,extreme,wide,agree,1,20008,0.0,10.0
access,28109,1,810900,1810900,ASH_COATED_OSMIUM,SELL,10006,2,passive_resting_fill,10006,public,access,18.0,-0.3,-2.7,high,extreme,wide,agree,1,20012,0.0,14.0
access,28158,1,815800,1815800,ASH_COATED_OSMIUM,SELL,10008,4,passive_resting_fill,10008,public,access,17.0,0.4,3.4,high,extreme,wide,agree,1,40032,0.0,-4.0
access,28162,1,816200,1816200,ASH_COATED_OSMIUM,SELL,9998,2,aggressive_cross,9998,public,access,11.0,-0.75,-4.125,high,extreme,normal,agree,1,19996,0.0,-8.0
access,28191,1,819100,1819100,ASH_COATED_OSMIUM,SELL,9995,4,aggressive_cross,9995,public,access,11.0,-0.5,-2.75,high,extreme,normal,agree,0,39980,0.0,-8.0
access,28211,1,821100,1821100,ASH_COATED_OSMIUM,SELL,10004,8,passive_resting_fill,10004,public,access,15.0,-0.153846,-1.1538,high,strong,normal,agree,1,80032,0.0,60.0
access,28236,1,823600,1823600,ASH_COATED_OSMIUM,SELL,10002,6,passive_resting_fill,10002,public,access,15.0,-0.282051,-2.1154,high,extreme,normal,agree,1,60012,0.0,60.0
access,28236,1,823600,1823600,ASH_COATED_OSMIUM,SELL,10004,6,passive_resting_fill,10004,public,access,15.0,-0.282051,-2.1154,high,extreme,normal,agree,1,60024,0.0,72.0
access,28331,1,833100,1833100,ASH_COATED_OSMIUM,BUY,9994,5,passive_resting_fill,9994,public,access,18.0,-0.368421,-3.3158,high,extreme,wide,agree,1,-49970,0.0,35.0
access,28352,1,835200,1835200,ASH_COATED_OSMIUM,BUY,9998,4,aggressive_cross,9998,public,access,5.0,0.578947,1.4474,high,extreme,tight,agree,0,-39992,0.0,12.0
access,28357,1,835700,1835700,ASH_COATED_OSMIUM,SELL,10007,8,passive_resting_fill,10007,public,access,18.0,0.047619,0.4286,medium,mild,wide,agree,1,80056,0.0,44.0
access,28357,1,835700,1835700,ASH_COATED_OSMIUM,SELL,10009,7,passive_resting_fill,10009,public,access,18.0,0.047619,0.4286,medium,mild,wide,agree,1,70063,0.0,52.5
access,28368,1,836800,1836800,ASH_COATED_OSMIUM,BUY,9993,7,passive_resting_fill,9993,public,access,19.0,-0.5,-4.75,high,extreme,wide,agree,0,-69951,0.0,56.0
access,28398,1,839800,1839800,ASH_COATED_OSMIUM,SELL,10004,7,aggressive_cross,10004,public,access,8.0,-0.588235,-2.3529,high,extreme,tight,agree,1,70028,0.0,21.0
access,28411,1,841100,1841100,ASH_COATED_OSMIUM,BUY,9999,8,aggressive_cross,9999,public,access,6.0,0.130435,0.3913,medium,mild,tight,agree,0,-79992,0.0,24.0
access,28415,1,841500,1841500,ASH_COATED_OSMIUM,BUY,9995,6,passive_resting_fill,9995,public,access,15.0,0.130435,0.9783,high,strong,normal,agree,1,-59970,0.0,36.0
access,28415,1,841500,1841500,ASH_COATED_OSMIUM,BUY,9993,6,passive_resting_fill,9993,public,access,15.0,0.130435,0.9783,high,strong,normal,agree,1,-59958,0.0,48.0
access,28432,1,843200,1843200,ASH_COATED_OSMIUM,SELL,10005,5,passive_resting_fill,10005,public,access,17.0,0.2,1.7,high,extreme,wide,agree,2,50025,0.0,27.5
access,28432,1,843200,1843200,ASH_COATED_OSMIUM,SELL,10007,5,passive_resting_fill,10007,public,access,17.0,0.2,1.7,high,extreme,wide,agree,2,50035,0.0,37.5
access,28435,1,843500,1843500,ASH_COATED_OSMIUM,BUY,9993,5,passive_resting_fill,9993,public,access,15.0,0.243243,1.8243,high,extreme,normal,agree,1,-49965,0.0,-15.0
access,28435,1,843500,1843500,ASH_COATED_OSMIUM,BUY,9991,5,passive_resting_fill,9991,public,access,15.0,0.243243,1.8243,high,extreme,normal,agree,1,-49955,0.0,-5.0
access,28455,1,845500,1845500,ASH_COATED_OSMIUM,SELL,10006,3,passive_resting_fill,10006,access,access,15.0,-0.2,-1.5,high,extreme,normal,agree,1,30018,0.0,24.0
access,28458,1,845800,1845800,ASH_COATED_OSMIUM,SELL,10006,3,passive_resting_fill,10006,public,access,15.0,-0.076923,-0.5769,medium,strong,normal,agree,1,30018,0.0,40.5
access,28463,1,846300,1846300,ASH_COATED_OSMIUM,BUY,9995,4,aggressive_cross,9995,public,access,5.0,0.529412,1.3235,high,extreme,tight,agree,0,-39980,0.0,14.0
access,28475,1,847500,1847500,ASH_COATED_OSMIUM,SELL,10005,8,passive_resting_fill,10005,public,access,15.0,-0.314286,-2.3571,high,extreme,normal,agree,1,80040,0.0,60.0
access,28475,1,847500,1847500,ASH_COATED_OSMIUM,SELL,10007,5,passive_resting_fill,10007,public,access,15.0,-0.314286,-2.3571,high,extreme,normal,agree,1,50035,0.0,47.5
access,28477,1,847700,1847700,ASH_COATED_OSMIUM,SELL,10005,5,passive_resting_fill,10005,public,access,18.0,0.25,2.25,high,extreme,wide,agree,2,50025,0.0,35.0
access,28477,1,847700,1847700,ASH_COATED_OSMIUM,SELL,10007,5,passive_resting_fill,10007,public,access,18.0,0.25,2.25,high,extreme,wide,agree,2,50035,0.0,45.0
access,28483,1,848300,1848300,ASH_COATED_OSMIUM,BUY,9991,5,passive_resting_fill,9991,access,access,15.0,0.12,0.9,medium,strong,normal,agree,1,-49955,0.0,42.5
access,28503,1,850300,1850300,ASH_COATED_OSMIUM,SELL,10001,8,aggressive_cross,10001,public,access,7.0,-0.130435,-0.4565,medium,mild,tight,agree,0,80008,0.0,-8.0
access,28520,1,852000,1852000,ASH_COATED_OSMIUM,SELL,10007,6,passive_resting_fill,10007,public,access,16.0,0.0,0.0,low,mild,normal,agree,0,60042,0.0,21.0
access,28525,1,852500,1852500,ASH_COATED_OSMIUM,BUY,9996,3,passive_resting_fill,9996,public,access,19.0,-0.405405,-3.8514,high,extreme,wide,agree,0,-29988,0.0,18.0
access,28525,1,852500,1852500,ASH_COATED_OSMIUM,BUY,9994,3,passive_resting_fill,9994,public,access,19.0,-0.405405,-3.8514,high,extreme,wide,agree,0,-29982,0.0,24.0
access,28527,1,852700,1852700,ASH_COATED_OSMIUM,BUY,9996,3,passive_resting_fill,9996,public,access,15.0,0.0,0.0,low,mild,normal,agree,1,-29988,0.0,15.0
access,28527,1,852700,1852700,ASH_COATED_OSMIUM,BUY,9994,3,passive_resting_fill,9994,public,access,15.0,0.0,0.0,low,mild,normal,agree,1,-29982,0.0,21.0
access,28555,1,855500,1855500,ASH_COATED_OSMIUM,BUY,9996,8,aggressive_cross,9996,public,access,7.0,0.157895,0.5526,medium,strong,tight,agree,1,-79968,0.0,16.0
access,28599,1,859900,1859900,ASH_COATED_OSMIUM,BUY,9991,4,passive_resting_fill,9991,access,access,14.0,-0.12,-0.84,medium,strong,normal,agree,2,-39964,0.0,24.0
access,28616,1,861600,1861600,ASH_COATED_OSMIUM,BUY,9995,4,aggressive_cross,9995,public,access,6.0,0.529412,1.5882,high,extreme,tight,agree,1,-39980,0.0,2.0
access,28619,1,861900,1861900,ASH_COATED_OSMIUM,SELL,9998,6,aggressive_cross,9998,public,access,6.0,-0.294118,-0.8824,medium,strong,tight,agree,1,59988,0.0,6.0
access,28620,1,862000,1862000,ASH_COATED_OSMIUM,SELL,10003,2,passive_resting_fill,10003,public,access,15.0,0.111111,0.8333,medium,strong,normal,agree,2,20006,0.0,12.0
access,28636,1,863600,1863600,ASH_COATED_OSMIUM,BUY,9996,8,aggressive_cross,9996,public,access,6.0,0.25,0.75,medium,strong,tight,agree,0,-79968,0.0,28.0
access,28648,1,864800,1864800,ASH_COATED_OSMIUM,SELL,9999,8,passive_resting_fill,9999,public,access,16.0,0.0,0.0,low,mild,normal,agree,1,79992,0.0,8.0
access,28648,1,864800,1864800,ASH_COATED_OSMIUM,SELL,10001,6,passive_resting_fill,10001,public,access,16.0,0.0,0.0,low,mild,normal,agree,1,60006,0.0,18.0
access,28650,1,865000,1865000,ASH_COATED_OSMIUM,BUY,9992,6,passive_resting_fill,9992,public,access,16.0,0.0,0.0,low,mild,normal,agree,0,-59952,0.0,33.0
access,28650,1,865000,1865000,ASH_COATED_OSMIUM,BUY,9990,6,passive_resting_fill,9990,public,access,16.0,0.0,0.0,low,mild,normal,agree,0,-59940,0.0,45.0
access,28680,1,868000,1868000,ASH_COATED_OSMIUM,BUY,9989,3,passive_resting_fill,9989,public,access,16.0,0.0,0.0,low,mild,normal,agree,0,-29967,0.0,21.0
access,28681,1,868100,1868100,ASH_COATED_OSMIUM,SELL,9998,7,aggressive_cross,9998,public,access,6.0,-0.3,-0.9,medium,strong,tight,agree,1,69986,0.0,24.5
access,28711,1,871100,1871100,ASH_COATED_OSMIUM,SELL,10004,5,passive_resting_fill,10004,public,access,19.0,0.375,3.5625,high,extreme,wide,agree,0,50020,0.0,27.5
access,28712,1,871200,1871200,ASH_COATED_OSMIUM,BUY,9994,8,aggressive_cross,9994,public,access,5.0,0.111111,0.2778,low,mild,tight,agree,0,-79952,0.0,20.0
access,28717,1,871700,1871700,ASH_COATED_OSMIUM,BUY,9992,2,passive_resting_fill,9992,public,access,15.0,-0.314286,-2.3571,high,extreme,normal,agree,1,-19984,0.0,11.0
access,28717,1,871700,1871700,ASH_COATED_OSMIUM,BUY,9990,2,passive_resting_fill,9990,public,access,15.0,-0.314286,-2.3571,high,extreme,normal,agree,1,-19980,0.0,15.0
access,28720,1,872000,1872000,ASH_COATED_OSMIUM,SELL,9999,8,aggressive_cross,9999,public,access,7.0,-0.047619,-0.1667,low,mild,tight,agree,0,79992,0.0,8.0
access,28744,1,874400,1874400,ASH_COATED_OSMIUM,BUY,9992,5,passive_resting_fill,9992,public,access,15.0,0.365854,2.7439,high,extreme,normal,agree,1,-49960,0.0,35.0
access,28744,1,874400,1874400,ASH_COATED_OSMIUM,BUY,9990,5,passive_resting_fill,9990,public,access,15.0,0.365854,2.7439,high,extreme,normal,agree,1,-49950,0.0,45.0
access,28754,1,875400,1875400,ASH_COATED_OSMIUM,BUY,9992,5,passive_resting_fill,9992,public,access,16.0,0.0,0.0,low,mild,normal,agree,0,-49960,0.0,50.0
access,28754,1,875400,1875400,ASH_COATED_OSMIUM,BUY,9990,5,passive_resting_fill,9990,public,access,16.0,0.0,0.0,low,mild,normal,agree,0,-49950,0.0,60.0
access,28759,1,875900,1875900,ASH_COATED_OSMIUM,SELL,9999,7,aggressive_cross,9999,public,access,6.0,-0.363636,-1.0909,high,strong,tight,agree,1,69993,0.0,7.0
access,28775,1,877500,1877500,ASH_COATED_OSMIUM,SELL,9998,4,aggressive_cross,9998,public,access,7.0,-0.428571,-1.5,high,extreme,tight,agree,0,39992,0.0,2.0
access,28779,1,877900,1877900,ASH_COATED_OSMIUM,BUY,9990,7,passive_resting_fill,9990,public,access,15.0,0.037037,0.2778,low,mild,normal,agree,1,-69930,0.0,45.5
access,28784,1,878400,1878400,ASH_COATED_OSMIUM,SELL,10003,5,passive_resting_fill,10003,public,access,15.0,0.368421,2.7632,high,extreme,normal,agree,1,50015,0.0,35.0
access,28791,1,879100,1879100,ASH_COATED_OSMIUM,BUY,9994,7,aggressive_cross,9994,public,access,8.0,0.517241,2.069,high,extreme,tight,agree,0,-69958,0.0,3.5
access,28814,1,881400,1881400,ASH_COATED_OSMIUM,SELL,9995,8,aggressive_cross,9995,public,access,7.0,-0.142857,-0.5,medium,strong,tight,agree,0,79960,0.0,96.0
access,28827,1,882700,1882700,ASH_COATED_OSMIUM,BUY,9991,8,aggressive_cross,9991,public,access,5.0,0.0,0.0,low,mild,tight,agree,0,-79928,0.0,28.0
access,28866,1,886600,1886600,ASH_COATED_OSMIUM,BUY,9993,8,aggressive_cross,9993,public,access,6.0,0.142857,0.4286,medium,mild,tight,agree,0,-79944,0.0,12.0
access,28876,1,887600,1887600,ASH_COATED_OSMIUM,SELL,9997,8,aggressive_cross,9997,public,access,18.0,-0.526316,-4.7368,high,extreme,wide,agree,1,79976,0.0,8.0
access,28880,1,888000,1888000,ASH_COATED_OSMIUM,BUY,9993,6,aggressive_cross,9993,public,access,5.0,0.294118,0.7353,medium,strong,tight,agree,1,-59958,0.0,9.0
access,28929,1,892900,1892900,ASH_COATED_OSMIUM,SELL,10005,8,passive_resting_fill,10005,public,access,16.0,0.0,0.0,low,mild,normal,agree,0,80040,0.0,56.0
access,28949,1,894900,1894900,ASH_COATED_OSMIUM,SELL,10000,5,aggressive_cross,10000,public,access,9.0,-0.69697,-3.1364,high,extreme,normal,agree,0,50000,0.0,15.0
access,28991,1,899100,1899100,ASH_COATED_OSMIUM,SELL,10003,7,aggressive_cross,10003,public,access,9.0,-0.6,-2.7,high,extreme,normal,agree,0,70021,0.0,0.0
access,29015,1,901500,1901500,ASH_COATED_OSMIUM,SELL,10008,8,passive_resting_fill,10008,public,access,6.0,-0.4,-1.2,high,strong,tight,agree,1,80064,0.0,68.0
access,29015,1,901500,1901500,ASH_COATED_OSMIUM,SELL,10003,6,aggressive_cross,10003,public,access,6.0,-0.4,-1.2,high,strong,tight,agree,1,60018,0.0,21.0
access,29021,1,902100,1902100,ASH_COATED_OSMIUM,BUY,9993,3,passive_resting_fill,9993,public,access,17.0,-0.333333,-2.8333,high,extreme,wide,agree,1,-29979,0.0,19.5
access,29049,1,904900,1904900,ASH_COATED_OSMIUM,SELL,10004,3,passive_resting_fill,10004,public,access,15.0,-0.333333,-2.5,high,extreme,normal,agree,1,30012,0.0,15.0
access,29049,1,904900,1904900,ASH_COATED_OSMIUM,SELL,10006,3,passive_resting_fill,10006,access,access,15.0,-0.333333,-2.5,high,extreme,normal,agree,1,30018,0.0,21.0
access,29050,1,905000,1905000,ASH_COATED_OSMIUM,BUY,9992,10,passive_resting_fill,9992,public,access,18.0,0.368421,3.3158,high,extreme,wide,agree,1,-99920,0.0,75.0
access,29050,1,905000,1905000,ASH_COATED_OSMIUM,BUY,9990,6,passive_resting_fill,9990,public,access,18.0,0.368421,3.3158,high,extreme,wide,agree,1,-59940,0.0,57.0
access,29053,1,905300,1905300,ASH_COATED_OSMIUM,BUY,9992,4,passive_resting_fill,9992,access,access,17.0,-0.069767,-0.593,medium,strong,wide,agree,1,-39968,0.0,22.0
access,29060,1,906000,1906000,ASH_COATED_OSMIUM,SELL,10000,5,aggressive_cross,10000,public,access,6.0,-0.5,-1.5,high,extreme,tight,agree,0,50000,0.0,10.0
access,29096,1,909600,1909600,ASH_COATED_OSMIUM,BUY,9993,4,passive_resting_fill,9993,public,access,18.0,-0.166667,-1.5,high,extreme,wide,agree,0,-39972,0.0,50.0
access,29096,1,909600,1909600,ASH_COATED_OSMIUM,BUY,9991,4,passive_resting_fill,9991,public,access,18.0,-0.166667,-1.5,high,extreme,wide,agree,0,-39964,0.0,58.0
access,29099,1,909900,1909900,ASH_COATED_OSMIUM,SELL,10006,8,passive_resting_fill,10006,public,access,16.0,0.0,0.0,low,mild,normal,agree,0,80048,0.0,60.0
access,29099,1,909900,1909900,ASH_COATED_OSMIUM,SELL,10008,6,passive_resting_fill,10008,public,access,16.0,0.0,0.0,low,mild,normal,agree,0,60048,0.0,57.0
access,29101,1,910100,1910100,ASH_COATED_OSMIUM,SELL,10001,5,aggressive_cross,10001,public,access,9.0,-0.642857,-2.8929,high,extreme,normal,agree,0,50005,0.0,7.5
access,29114,1,911400,1911400,ASH_COATED_OSMIUM,SELL,10007,2,passive_resting_fill,10007,public,access,15.0,0.444444,3.3333,high,extreme,normal,agree,1,20014,0.0,12.0
access,29126,1,912600,1912600,ASH_COATED_OSMIUM,SELL,10007,3,passive_resting_fill,10007,public,access,19.0,-0.35,-3.325,high,extreme,wide,agree,0,30021,0.0,7.5
access,29126,1,912600,1912600,ASH_COATED_OSMIUM,SELL,10009,3,passive_resting_fill,10009,public,access,19.0,-0.35,-3.325,high,extreme,wide,agree,0,30027,0.0,13.5
access,29131,1,913100,1913100,ASH_COATED_OSMIUM,SELL,10001,7,aggressive_cross,10001,public,access,7.0,-0.222222,-0.7778,medium,strong,tight,agree,0,70007,0.0,3.5
access,29153,1,915300,1915300,ASH_COATED_OSMIUM,BUY,9999,8,aggressive_cross,9999,public,access,6.0,0.166667,0.5,medium,strong,tight,agree,0,-79992,0.0,16.0
access,29175,1,917500,1917500,ASH_COATED_OSMIUM,BUY,9998,8,aggressive_cross,9998,access,access,4.0,0.111111,0.2222,low,mild,tight,agree,2,-79984,0.0,32.0
access,29188,1,918800,1918800,ASH_COATED_OSMIUM,BUY,9999,4,aggressive_cross,9999,public,access,6.0,0.578947,1.7368,high,extreme,tight,agree,0,-39996,0.0,14.0
access,29196,1,919600,1919600,ASH_COATED_OSMIUM,SELL,10001,8,aggressive_cross,10001,access,access,8.0,-0.09434,-0.3774,medium,mild,tight,agree,2,80008,0.0,-16.0
access,29209,1,920900,1920900,ASH_COATED_OSMIUM,SELL,10009,2,passive_resting_fill,10009,public,access,16.0,0.0,0.0,low,mild,normal,agree,1,20018,0.0,14.0
access,29212,1,921200,1921200,ASH_COATED_OSMIUM,SELL,10009,10,passive_resting_fill,10009,public,access,16.0,0.0,0.0,low,mild,normal,agree,0,100090,0.0,55.0
access,29237,1,923700,1923700,ASH_COATED_OSMIUM,BUY,9996,3,passive_resting_fill,9996,public,access,16.0,0.0,0.0,low,mild,normal,agree,1,-29988,0.0,21.0
access,29238,1,923800,1923800,ASH_COATED_OSMIUM,SELL,10005,6,aggressive_cross,10005,public,access,7.0,-0.368421,-1.2895,high,extreme,tight,agree,1,60030,0.0,15.0
access,29257,1,925700,1925700,ASH_COATED_OSMIUM,SELL,10005,10,aggressive_cross,10005,public,access,5.0,-0.047619,-0.119,low,mild,tight,agree,1,100050,0.0,15.0
access,29261,1,926100,1926100,ASH_COATED_OSMIUM,BUY,10001,8,aggressive_cross,10001,public,access,6.0,0.130435,0.3913,medium,mild,tight,agree,0,-80008,0.0,24.0
access,29285,1,928500,1928500,ASH_COATED_OSMIUM,BUY,9998,3,passive_resting_fill,9998,public,access,15.0,0.04,0.3,low,mild,normal,agree,2,-29994,0.0,21.0
access,29285,1,928500,1928500,ASH_COATED_OSMIUM,BUY,9996,3,passive_resting_fill,9996,public,access,15.0,0.04,0.3,low,mild,normal,agree,2,-29988,0.0,27.0
access,29286,1,928600,1928600,ASH_COATED_OSMIUM,BUY,10002,8,aggressive_cross,10002,public,access,6.0,0.2,0.6,medium,strong,tight,agree,0,-80016,0.0,8.0
access,29291,1,929100,1929100,ASH_COATED_OSMIUM,BUY,9997,4,passive_resting_fill,9997,public,access,16.0,0.0,0.0,low,mild,normal,agree,0,-39988,0.0,28.0
access,29291,1,929100,1929100,ASH_COATED_OSMIUM,BUY,9995,4,passive_resting_fill,9995,public,access,16.0,0.0,0.0,low,mild,normal,agree,0,-39980,0.0,36.0
access,29297,1,929700,1929700,ASH_COATED_OSMIUM,SELL,10010,2,passive_resting_fill,10010,public,access,16.0,0.0,0.0,low,mild,normal,agree,0,20020,0.0,14.0
access,29297,1,929700,1929700,ASH_COATED_OSMIUM,SELL,10012,2,passive_resting_fill,10012,public,access,16.0,0.0,0.0,low,mild,normal,agree,0,20024,0.0,18.0
access,29310,1,931000,1931000,ASH_COATED_OSMIUM,SELL,10002,8,aggressive_cross,10002,access,access,9.0,-0.12,-0.54,medium,strong,normal,agree,2,80016,0.0,-16.0
access,29326,1,932600,1932600,ASH_COATED_OSMIUM,SELL,10010,10,passive_resting_fill,10010,public,access,18.0,-0.212121,-1.9091,high,extreme,wide,agree,0,100100,0.0,60.0
access,29326,1,932600,1932600,ASH_COATED_OSMIUM,SELL,10012,7,passive_resting_fill,10012,public,access,18.0,-0.212121,-1.9091,high,extreme,wide,agree,0,70084,0.0,56.0
access,29343,1,934300,1934300,ASH_COATED_OSMIUM,SELL,10012,3,passive_resting_fill,10012,public,access,15.0,-0.5,-3.75,high,extreme,normal,agree,1,30036,0.0,21.0
access,29344,1,934400,1934400,ASH_COATED_OSMIUM,SELL,10005,6,aggressive_cross,10005,public,access,7.0,-0.294118,-1.0294,high,strong,tight,agree,0,60030,0.0,12.0
access,29359,1,935900,1935900,ASH_COATED_OSMIUM,BUY,9998,8,passive_resting_fill,9998,public,access,15.0,-0.333333,-2.5,high,extreme,normal,agree,1,-79984,0.0,40.0
access,29359,1,935900,1935900,ASH_COATED_OSMIUM,BUY,9996,7,passive_resting_fill,9996,public,access,15.0,-0.333333,-2.5,high,extreme,normal,agree,1,-69972,0.0,49.0
access,29378,1,937800,1937800,ASH_COATED_OSMIUM,SELL,10004,8,aggressive_cross,10004,public,access,6.0,-0.2,-0.6,medium,strong,tight,agree,0,80032,0.0,8.0
access,29391,1,939100,1939100,ASH_COATED_OSMIUM,SELL,10011,2,passive_resting_fill,10011,public,access,18.0,0.421053,3.7895,high,extreme,wide,agree,0,20022,0.0,16.0
access,29395,1,939500,1939500,ASH_COATED_OSMIUM,SELL,10010,9,passive_resting_fill,10010,public,access,16.0,0.0,0.0,low,mild,normal,agree,0,90090,0.0,13.5
access,29396,1,939600,1939600,ASH_COATED_OSMIUM,SELL,10010,6,passive_resting_fill,10010,public,access,16.0,0.0,0.0,low,mild,normal,agree,0,60060,0.0,36.0
access,29398,1,939800,1939800,ASH_COATED_OSMIUM,BUY,10005,2,aggressive_cross,10005,public,access,9.0,0.764706,3.4412,high,extreme,normal,agree,0,-20010,0.0,14.0
access,29400,1,940000,1940000,ASH_COATED_OSMIUM,SELL,10006,5,aggressive_cross,10006,public,access,5.0,-0.714286,-1.7857,high,extreme,tight,agree,1,50030,0.0,20.0
access,29410,1,941000,1941000,ASH_COATED_OSMIUM,BUY,10001,13,aggressive_cross,10001,access,access,5.0,0.071429,0.1786,low,mild,tight,agree,1,-130013,0.0,32.5
access,29431,1,943100,1943100,ASH_COATED_OSMIUM,SELL,10006,4,aggressive_cross,10006,public,access,9.0,-0.703704,-3.1667,high,extreme,normal,agree,2,40024,0.0,2.0
access,29461,1,946100,1946100,ASH_COATED_OSMIUM,BUY,9997,2,passive_resting_fill,9997,public,access,16.0,0.0,0.0,low,mild,normal,agree,0,-19994,0.0,-4.0
access,29474,1,947400,1947400,ASH_COATED_OSMIUM,SELL,10005,4,aggressive_cross,10005,access,access,6.0,0.037037,0.1111,low,mild,tight,agree,1,40020,0.0,8.0
access,29477,1,947700,1947700,ASH_COATED_OSMIUM,BUY,10000,6,aggressive_cross,10000,public,access,5.0,0.294118,0.7353,medium,strong,tight,agree,1,-60000,0.0,18.0
access,29484,1,948400,1948400,ASH_COATED_OSMIUM,SELL,10009,7,passive_resting_fill,10009,public,access,18.0,-0.380952,-3.4286,high,extreme,wide,agree,1,70063,0.0,38.5
access,29484,1,948400,1948400,ASH_COATED_OSMIUM,SELL,10011,7,passive_resting_fill,10011,public,access,18.0,-0.380952,-3.4286,high,extreme,wide,agree,1,70077,0.0,52.5
access,29485,1,948500,1948500,ASH_COATED_OSMIUM,BUY,10004,4,aggressive_cross,10004,public,access,10.0,0.5,2.5,high,extreme,normal,agree,0,-40016,0.0,-4.0
access,29493,1,949300,1949300,ASH_COATED_OSMIUM,BUY,10000,10,aggressive_cross,10000,public,access,6.0,0.090909,0.2727,low,mild,tight,agree,0,-100000,0.0,25.0
access,29496,1,949600,1949600,ASH_COATED_OSMIUM,SELL,10009,2,passive_resting_fill,10009,public,access,15.0,0.282051,2.1154,high,extreme,normal,agree,2,20018,0.0,13.0
access,29496,1,949600,1949600,ASH_COATED_OSMIUM,SELL,10011,2,passive_resting_fill,10011,public,access,15.0,0.282051,2.1154,high,extreme,normal,agree,2,20022,0.0,17.0
access,29511,1,951100,1951100,ASH_COATED_OSMIUM,BUY,9999,6,aggressive_cross,9999,public,access,5.0,0.666667,1.6667,high,extreme,tight,agree,1,-59994,0.0,9.0
access,29531,1,953100,1953100,ASH_COATED_OSMIUM,BUY,9996,8,aggressive_cross,9996,public,access,5.0,0.111111,0.2778,low,mild,tight,agree,0,-79968,0.0,24.0
access,29539,1,953900,1953900,ASH_COATED_OSMIUM,SELL,10000,4,aggressive_cross,10000,public,access,9.0,-0.533333,-2.4,high,extreme,normal,agree,0,40000,0.0,10.0
access,29566,1,956600,1956600,ASH_COATED_OSMIUM,BUY,9991,3,passive_resting_fill,9991,access,access,15.0,0.12,0.9,medium,strong,normal,agree,1,-29973,0.0,15.0
access,29599,1,959900,1959900,ASH_COATED_OSMIUM,BUY,10000,4,aggressive_cross,10000,public,access,10.0,0.473684,2.3684,high,extreme,normal,agree,0,-40000,0.0,-12.0
access,29600,1,960000,1960000,ASH_COATED_OSMIUM,BUY,9998,8,aggressive_cross,9998,access,access,8.0,0.2,0.8,medium,strong,tight,agree,1,-79984,0.0,-20.0
access,29604,1,960400,1960400,ASH_COATED_OSMIUM,BUY,9990,4,passive_resting_fill,9990,access,access,14.0,0.25,1.75,high,extreme,normal,agree,2,-39960,0.0,28.0
access,29644,1,964400,1964400,ASH_COATED_OSMIUM,SELL,10004,3,passive_resting_fill,10004,public,access,21.0,0.0,0.0,low,mild,wide,agree,0,30012,0.0,31.5
access,29652,1,965200,1965200,ASH_COATED_OSMIUM,BUY,9995,2,aggressive_cross,9995,public,access,9.0,0.75,3.375,high,extreme,normal,agree,1,-19990,0.0,-2.0
access,29691,1,969100,1969100,ASH_COATED_OSMIUM,BUY,9993,2,aggressive_cross,9993,public,access,10.0,0.764706,3.8235,high,extreme,normal,agree,0,-19986,0.0,-5.0
access,29698,1,969800,1969800,ASH_COATED_OSMIUM,BUY,9988,6,aggressive_cross,9988,public,access,5.0,0.428571,1.0714,high,strong,tight,agree,1,-59928,0.0,18.0
access,29713,1,971300,1971300,ASH_COATED_OSMIUM,SELL,9996,5,passive_resting_fill,9996,public,access,18.0,-0.142857,-1.2857,high,extreme,wide,agree,0,49980,0.0,22.5
access,29713,1,971300,1971300,ASH_COATED_OSMIUM,SELL,9998,5,passive_resting_fill,9998,public,access,18.0,-0.142857,-1.2857,high,extreme,wide,agree,0,49990,0.0,32.5
access,29750,1,975000,1975000,ASH_COATED_OSMIUM,SELL,9998,4,passive_resting_fill,9998,public,access,20.0,0.368421,3.6842,high,extreme,wide,agree,2,39992,0.0,20.0
access,29750,1,975000,1975000,ASH_COATED_OSMIUM,SELL,10000,4,passive_resting_fill,10000,public,access,20.0,0.368421,3.6842,high,extreme,wide,agree,2,40000,0.0,28.0
access,29755,1,975500,1975500,ASH_COATED_OSMIUM,BUY,9986,2,passive_resting_fill,9986,public,access,16.0,0.0,0.0,low,mild,normal,agree,0,-19972,0.0,18.0
access,29765,1,976500,1976500,ASH_COATED_OSMIUM,BUY,9986,6,passive_resting_fill,9986,public,access,18.0,-0.463415,-4.1707,high,extreme,wide,agree,1,-59916,0.0,39.0
access,29767,1,976700,1976700,ASH_COATED_OSMIUM,BUY,9994,4,aggressive_cross,9994,public,access,10.0,0.466667,2.3333,high,extreme,normal,agree,0,-39976,0.0,0.0
access,29773,1,977300,1977300,ASH_COATED_OSMIUM,BUY,9991,8,aggressive_cross,9991,access,access,5.0,-0.487179,-1.2179,high,strong,tight,agree,1,-79928,0.0,8.0
access,29786,1,978600,1978600,ASH_COATED_OSMIUM,BUY,9987,2,passive_resting_fill,9987,public,access,15.0,-0.222222,-1.6667,high,extreme,normal,agree,1,-19974,0.0,12.0
access,29812,1,981200,1981200,ASH_COATED_OSMIUM,SELL,10000,5,passive_resting_fill,10000,access,access,15.0,-0.487179,-3.6538,high,extreme,normal,agree,1,50000,0.0,35.0
access,29845,1,984500,1984500,ASH_COATED_OSMIUM,BUY,9990,8,aggressive_cross,9990,public,access,5.0,0.272727,0.6818,medium,strong,tight,agree,0,-79920,0.0,24.0
access,29854,1,985400,1985400,ASH_COATED_OSMIUM,BUY,9994,2,aggressive_cross,9994,public,access,9.0,0.733333,3.3,high,extreme,normal,agree,0,-19988,0.0,-3.0
access,29857,1,985700,1985700,ASH_COATED_OSMIUM,SELL,9995,4,aggressive_cross,9995,public,access,7.0,-0.473684,-1.6579,high,extreme,tight,agree,1,39980,0.0,10.0
access,29868,1,986800,1986800,ASH_COATED_OSMIUM,BUY,9989,6,passive_resting_fill,9989,public,access,16.0,0.0,0.0,low,mild,normal,agree,0,-59934,0.0,30.0
access,29868,1,986800,1986800,ASH_COATED_OSMIUM,BUY,9987,6,passive_resting_fill,9987,public,access,16.0,0.0,0.0,low,mild,normal,agree,0,-59922,0.0,42.0
access,29875,1,987500,1987500,ASH_COATED_OSMIUM,SELL,10000,6,passive_resting_fill,10000,public,access,19.0,0.395349,3.7558,high,extreme,wide,agree,0,60000,0.0,27.0
access,29875,1,987500,1987500,ASH_COATED_OSMIUM,SELL,10002,6,passive_resting_fill,10002,public,access,19.0,0.395349,3.7558,high,extreme,wide,agree,0,60012,0.0,39.0
access,29887,1,988700,1988700,ASH_COATED_OSMIUM,BUY,9992,8,aggressive_cross,9992,public,access,6.0,0.157895,0.4737,medium,mild,tight,agree,0,-79936,0.0,8.0
access,29893,1,989300,1989300,ASH_COATED_OSMIUM,BUY,9986,2,passive_resting_fill,9986,public,access,15.0,-0.297297,-2.2297,high,extreme,normal,agree,1,-19972,0.0,28.0
access,29914,1,991400,1991400,ASH_COATED_OSMIUM,BUY,9984,9,passive_resting_fill,9984,public,access,16.0,0.0,0.0,low,mild,normal,agree,0,-89856,0.0,58.5
access,29932,1,993200,1993200,ASH_COATED_OSMIUM,BUY,9989,8,aggressive_cross,9989,public,access,6.0,0.130435,0.3913,medium,mild,tight,agree,1,-79912,0.0,28.0
access,29933,1,993300,1993300,ASH_COATED_OSMIUM,BUY,9984,5,passive_resting_fill,9984,public,access,15.0,0.037037,0.2778,low,mild,normal,agree,1,-49920,0.0,32.5
access,29956,1,995600,1995600,ASH_COATED_OSMIUM,SELL,9999,6,passive_resting_fill,9999,public,access,14.0,0.076923,0.5385,medium,strong,normal,agree,2,59994,0.0,21.0
access,29956,1,995600,1995600,ASH_COATED_OSMIUM,SELL,10001,6,passive_resting_fill,10001,public,access,14.0,0.076923,0.5385,medium,strong,normal,agree,2,60006,0.0,33.0
access,29972,1,997200,1997200,ASH_COATED_OSMIUM,BUY,9986,4,passive_resting_fill,9986,access,access,15.0,0.5,3.75,high,extreme,normal,agree,2,-39944,0.0,28.0
