day,timestamp,product,buyer,seller,price,quantity,inferred_side,best_bid,best_ask,mid_price,distance_to_mid,distance_to_best_bid,distance_to_best_ask,is_new_daily_low_trade,is_new_daily_high_trade,persistence_bars,cluster_center,cluster_min,cluster_max,markout_5,markout_20,markout_50
0,8000,HYDROGEL_PACK,,,10018.0,6,BUY,10010.0,10018.0,10014.0,4.0,8.0,0.0,True,True,0,5,4,6,-13.0,-15.0,-5.0
0,10100,HYDROGEL_PACK,,,10014.0,5,BUY,9998.0,10014.0,10006.0,8.0,16.0,0.0,True,False,50,5,4,6,-9.0,-8.0,2.0
0,15300,HYDROGEL_PACK,,,10026.0,3,BUY,10009.0,10026.0,10017.5,8.5,17.0,0.0,False,True,0,3,2,3,-7.0,-14.0,-16.0
0,15700,HYDROGEL_PACK,,,10009.0,2,SELL,10009.0,10025.0,10017.0,-8.0,0.0,-16.0,True,False,20,3,2,3,9.0,-3.0,1.0
0,16400,HYDROGEL_PACK,,,10009.0,4,SELL,10009.0,10025.0,10017.0,-8.0,0.0,-16.0,False,False,50,5,4,6,5.0,4.0,-7.5
0,20300,HYDROGEL_PACK,,,10002.0,5,SELL,10002.0,10018.0,10010.0,-8.0,0.0,-16.0,True,False,50,5,4,6,7.0,-1.0,-3.0
0,20500,HYDROGEL_PACK,,,10000.0,3,SELL,10000.0,10016.0,10008.0,-8.0,0.0,-16.0,True,False,50,3,2,3,9.0,-1.0,-1.0
0,23300,HYDROGEL_PACK,,,9997.0,2,BUY,9981.0,9997.0,9989.0,8.0,16.0,0.0,True,False,20,3,2,3,-3.0,2.0,-8.0
0,28500,HYDROGEL_PACK,,,9994.0,5,BUY,9978.0,9994.0,9986.0,8.0,16.0,0.0,True,False,20,5,4,6,-13.0,2.0,-19.0
0,29100,HYDROGEL_PACK,,,9973.0,6,SELL,9973.0,9989.0,9981.0,-8.0,0.0,-16.0,True,False,50,5,4,6,8.0,18.0,-6.0
0,45800,HYDROGEL_PACK,,,9978.0,2,SELL,9978.0,9994.0,9986.0,-8.0,0.0,-16.0,False,False,20,3,2,3,6.0,-9.0,13.0
0,54600,HYDROGEL_PACK,,,9987.0,3,BUY,9971.0,9987.0,9979.0,8.0,16.0,0.0,False,False,50,3,2,3,-10.0,-5.0,8.0
0,55000,HYDROGEL_PACK,,,9987.0,6,BUY,9971.0,9987.0,9979.0,8.0,16.0,0.0,False,False,50,5,4,6,-9.0,-4.0,9.0
0,56700,HYDROGEL_PACK,,,9991.0,6,BUY,9975.0,9991.0,9983.0,8.0,16.0,0.0,False,False,20,5,4,6,-6.0,1.0,-2.0
0,60000,HYDROGEL_PACK,,,9988.0,4,SELL,9988.0,10004.0,9996.0,-8.0,0.0,-16.0,False,False,50,5,4,6,3.0,-2.0,-2.0
0,63900,HYDROGEL_PACK,,,9986.0,5,SELL,9986.0,10002.0,9994.0,-8.0,0.0,-16.0,False,False,0,5,4,6,4.0,2.0,0.0
0,67600,HYDROGEL_PACK,,,9993.0,5,BUY,9977.0,9993.0,9985.0,8.0,16.0,0.0,False,False,0,5,4,6,-11.0,-9.0,-11.0
0,73000,HYDROGEL_PACK,,,9980.0,3,SELL,9980.0,9996.0,9988.0,-8.0,0.0,-16.0,False,False,0,3,2,3,10.0,5.0,0.0
0,77800,HYDROGEL_PACK,,,9990.0,2,BUY,9974.0,9990.0,9982.0,8.0,16.0,0.0,False,False,0,3,2,3,-8.0,-14.0,-32.0
0,90000,HYDROGEL_PACK,,,9950.0,6,BUY,9934.0,9950.0,9942.0,8.0,16.0,0.0,True,False,20,5,4,6,-1.0,1.0,-8.0
0,93200,HYDROGEL_PACK,,,9948.0,6,BUY,9932.0,9948.0,9940.0,8.0,16.0,0.0,True,False,0,5,4,6,-7.5,-4.0,-2.5
0,94600,HYDROGEL_PACK,,,9931.0,3,SELL,9931.0,9947.0,9939.0,-8.0,0.0,-16.0,True,False,0,3,2,3,11.0,20.0,18.0
0,94900,HYDROGEL_PACK,,,9934.0,4,SELL,9934.0,9949.0,9941.5,-7.5,0.0,-15.0,False,False,0,5,4,6,14.0,14.0,20.0
0,96800,HYDROGEL_PACK,,,9940.0,2,SELL,9940.0,9956.0,9948.0,-8.0,0.0,-16.0,False,False,0,3,2,3,12.0,12.0,17.0
0,102200,HYDROGEL_PACK,,,9946.0,5,SELL,9946.0,9962.0,9954.0,-8.0,0.0,-16.0,False,False,5,5,4,6,-1.0,3.0,1.0
0,105100,HYDROGEL_PACK,,,9943.0,4,SELL,9943.0,9959.0,9951.0,-8.0,0.0,-16.0,False,False,50,5,4,6,7.0,6.5,-3.0
0,106100,HYDROGEL_PACK,,,9943.0,6,SELL,9943.0,9958.0,9950.5,-7.5,0.0,-15.0,False,False,0,5,4,6,4.0,1.0,0.0
0,108800,HYDROGEL_PACK,,,9949.0,2,BUY,9934.0,9949.0,9941.5,7.5,15.0,0.0,False,False,50,3,2,3,-16.0,-7.0,3.0
0,109500,HYDROGEL_PACK,,,9926.0,2,SELL,9926.0,9942.0,9934.0,-8.0,0.0,-16.0,True,False,0,3,2,3,14.0,20.0,23.0
0,116300,HYDROGEL_PACK,,,9929.0,5,SELL,9929.0,9945.0,9937.0,-8.0,0.0,-16.0,False,False,0,5,4,6,7.0,26.0,26.0
0,125000,HYDROGEL_PACK,,,9972.0,4,BUY,9956.0,9972.0,9964.0,8.0,16.0,0.0,False,False,0,5,4,6,-10.0,-7.0,-19.0
0,128500,HYDROGEL_PACK,,,9955.0,5,SELL,9955.0,9971.0,9963.0,-8.0,0.0,-16.0,False,False,20,5,4,6,-5.5,-3.0,9.0
0,132000,HYDROGEL_PACK,,,9950.0,3,SELL,9950.0,9966.0,9958.0,-8.0,0.0,-16.0,False,False,50,3,2,3,12.0,3.0,-1.0
0,132900,HYDROGEL_PACK,,,9956.0,2,SELL,9956.0,9972.0,9964.0,-8.0,0.0,-16.0,False,False,20,3,2,3,8.0,-2.0,1.0
0,133600,HYDROGEL_PACK,,,9970.0,5,BUY,9954.0,9970.0,9962.0,8.0,16.0,0.0,False,False,0,5,4,6,-14.0,-24.0,-25.0
0,136800,HYDROGEL_PACK,,,9955.0,5,BUY,9939.0,9955.0,9947.0,8.0,16.0,0.0,False,False,0,5,4,6,-5.5,-12.0,-0.5
0,141700,HYDROGEL_PACK,,,9939.0,2,SELL,9939.0,9955.0,9947.0,-8.0,0.0,-16.0,False,False,0,3,2,3,15.0,16.0,26.0
0,143600,HYDROGEL_PACK,,,9949.0,4,SELL,9949.0,9965.0,9957.0,-8.0,0.0,-16.0,False,False,0,5,4,6,8.0,10.0,34.0
0,144500,HYDROGEL_PACK,,,9966.0,3,BUY,9958.0,9966.0,9962.0,4.0,8.0,0.0,False,False,50,3,2,3,-12.0,-8.0,19.0
0,153400,HYDROGEL_PACK,,,9964.0,4,SELL,9964.0,9980.0,9972.0,-8.0,0.0,-16.0,False,False,0,5,4,6,9.0,18.0,10.0
0,155200,HYDROGEL_PACK,,,9991.0,5,BUY,9975.0,9991.0,9983.0,8.0,16.0,0.0,False,False,0,5,4,6,-10.0,-13.0,-19.0
0,158100,HYDROGEL_PACK,,,9974.0,5,BUY,9967.0,9974.0,9970.5,3.5,7.0,0.0,False,False,5,5,4,6,3.0,-2.0,-2.0
0,159300,HYDROGEL_PACK,,,9969.0,2,SELL,9969.0,9985.0,9977.0,-8.0,0.0,-16.0,False,False,50,3,2,3,6.0,2.0,-2.0
0,163300,HYDROGEL_PACK,,,9977.0,3,BUY,9961.0,9977.0,9969.0,8.0,16.0,0.0,False,False,0,3,2,3,-4.0,-11.0,-14.0
0,164600,HYDROGEL_PACK,,,9962.0,3,SELL,9962.0,9978.0,9970.0,-8.0,0.0,-16.0,False,False,0,3,2,3,8.0,6.0,5.0
0,169000,HYDROGEL_PACK,,,9953.0,3,SELL,9953.0,9969.0,9961.0,-8.0,0.0,-16.0,False,False,0,3,2,3,19.0,18.0,13.0
0,171500,HYDROGEL_PACK,,,9982.0,5,BUY,9967.0,9982.0,9974.5,7.5,15.0,0.0,False,False,0,5,4,6,-11.0,-15.0,-13.0
0,175300,HYDROGEL_PACK,,,9969.0,6,BUY,9961.0,9969.0,9965.0,4.0,8.0,0.0,False,False,50,5,4,6,3.0,2.0,6.0
0,178100,HYDROGEL_PACK,,,9958.0,2,SELL,9958.0,9974.0,9966.0,-8.0,0.0,-16.0,False,False,0,3,2,3,5.0,17.0,7.0
0,181900,HYDROGEL_PACK,,,9980.0,3,BUY,9964.0,9980.0,9972.0,8.0,16.0,0.0,False,False,0,3,2,3,-11.0,-14.0,-16.0
0,182400,HYDROGEL_PACK,,,9977.0,5,BUY,9961.0,9977.0,9969.0,8.0,16.0,0.0,False,False,0,5,4,6,-14.0,-11.0,-14.0
0,183300,HYDROGEL_PACK,,,9973.0,4,BUY,9957.0,9973.0,9965.0,8.0,16.0,0.0,False,False,0,5,4,6,-7.0,-5.0,-14.0
0,185800,HYDROGEL_PACK,,,9961.0,6,SELL,9961.0,9977.0,9969.0,-8.0,0.0,-16.0,False,False,50,5,4,6,7.0,2.0,-2.0
0,190600,HYDROGEL_PACK,,,9943.0,6,SELL,9943.0,9959.0,9951.0,-8.0,0.0,-16.0,False,False,0,5,4,6,20.0,18.0,18.0
0,196600,HYDROGEL_PACK,,,9953.0,3,SELL,9953.0,9969.0,9961.0,-8.0,0.0,-16.0,False,False,0,3,2,3,4.0,13.0,23.0
0,197000,HYDROGEL_PACK,,,9967.0,6,BUY,9951.0,9967.0,9959.0,8.0,16.0,0.0,False,False,50,5,4,6,-3.0,-7.0,6.0
0,203900,HYDROGEL_PACK,,,9978.0,6,BUY,9962.0,9978.0,9970.0,8.0,16.0,0.0,False,False,50,5,4,6,-3.0,-1.5,5.0
0,206200,HYDROGEL_PACK,,,9983.0,5,BUY,9967.0,9983.0,9975.0,8.0,16.0,0.0,False,False,50,5,4,6,-13.0,-11.0,12.0
0,206700,HYDROGEL_PACK,,,9962.0,5,SELL,9962.0,9978.0,9970.0,-8.0,0.0,-16.0,False,False,0,5,4,6,8.0,24.0,35.0
0,207200,HYDROGEL_PACK,,,9962.0,4,SELL,9962.0,9978.0,9970.0,-8.0,0.0,-16.0,False,False,0,5,4,6,9.0,23.0,36.0
0,207600,HYDROGEL_PACK,,,9980.0,6,BUY,9964.0,9980.0,9972.0,8.0,16.0,0.0,False,False,50,5,4,6,-6.0,5.0,16.0
0,209000,HYDROGEL_PACK,,,9989.0,5,BUY,9973.0,9989.0,9981.0,8.0,16.0,0.0,False,False,50,5,4,6,-4.0,6.0,3.0
0,218800,HYDROGEL_PACK,,,9986.0,4,BUY,9970.0,9986.0,9978.0,8.0,16.0,0.0,False,False,50,5,4,6,-3.0,5.0,8.0
0,221500,HYDROGEL_PACK,,,9986.0,3,SELL,9986.0,10002.0,9994.0,-8.0,0.0,-16.0,False,False,0,3,2,3,11.0,8.0,11.0
0,222700,HYDROGEL_PACK,,,10002.0,6,BUY,9986.0,10002.0,9994.0,8.0,16.0,0.0,False,False,0,5,4,6,-7.0,-3.0,-11.0
0,234200,HYDROGEL_PACK,,,9976.0,6,SELL,9976.0,9992.0,9984.0,-8.0,0.0,-16.0,False,False,20,5,4,6,6.0,-1.0,2.0
0,240700,HYDROGEL_PACK,,,9963.0,4,SELL,9963.0,9979.0,9971.0,-8.0,0.0,-16.0,False,False,0,5,4,6,10.0,11.0,10.0
0,243300,HYDROGEL_PACK,,,9977.0,2,BUY,9961.0,9977.0,9969.0,8.0,16.0,0.0,False,False,0,3,2,3,-2.0,-5.0,-20.0
0,247100,HYDROGEL_PACK,,,9971.0,5,BUY,9955.0,9971.0,9963.0,8.0,16.0,0.0,False,False,0,5,4,6,-11.5,-12.0,-21.0
0,247800,HYDROGEL_PACK,,,9952.0,4,SELL,9952.0,9968.0,9960.0,-8.0,0.0,-16.0,False,False,20,5,4,6,5.0,-2.0,5.0
0,248700,HYDROGEL_PACK,,,9966.0,3,BUY,9951.0,9966.0,9958.5,7.5,15.0,0.0,False,False,0,3,2,3,-7.0,-17.0,-7.0
0,256100,HYDROGEL_PACK,,,9969.0,5,BUY,9962.0,9969.0,9965.5,3.5,7.0,0.0,False,False,50,5,4,6,3.0,17.0,22.0
0,260100,HYDROGEL_PACK,,,9999.0,2,BUY,9983.0,9999.0,9991.0,8.0,16.0,0.0,False,False,50,3,2,3,-4.0,4.0,1.0
0,261500,HYDROGEL_PACK,,,10009.0,5,BUY,9993.0,10009.0,10001.0,8.0,16.0,0.0,False,False,0,5,4,6,-7.0,-11.0,-6.0
0,263700,HYDROGEL_PACK,,,9989.0,3,SELL,9989.0,10005.0,9997.0,-8.0,0.0,-16.0,False,False,0,3,2,3,4.0,11.0,12.0
0,266800,HYDROGEL_PACK,,,9993.0,6,SELL,9993.0,10009.0,10001.0,-8.0,0.0,-16.0,False,False,50,5,4,6,5.0,7.0,-1.0
0,273500,HYDROGEL_PACK,,,9995.0,4,BUY,9979.0,9995.0,9987.0,8.0,16.0,0.0,False,False,50,5,4,6,-11.0,-14.0,1.0
0,278200,HYDROGEL_PACK,,,9997.0,5,BUY,9981.0,9997.0,9989.0,8.0,16.0,0.0,False,False,5,5,4,6,2.0,-13.0,-23.0
0,278600,HYDROGEL_PACK,,,9991.0,4,SELL,9991.0,10007.0,9999.0,-8.0,0.0,-16.0,False,False,50,5,4,6,5.0,-9.0,-12.0
0,280000,HYDROGEL_PACK,,,9991.0,3,BUY,9976.0,9991.0,9983.5,7.5,15.0,0.0,False,False,0,3,2,3,-10.0,-11.0,-20.0
0,281500,HYDROGEL_PACK,,,9973.0,5,SELL,9973.0,9989.0,9981.0,-8.0,0.0,-16.0,False,False,50,5,4,6,7.0,5.0,-2.0
0,283800,HYDROGEL_PACK,,,9990.0,2,BUY,9974.0,9990.0,9982.0,8.0,16.0,0.0,False,False,0,3,2,3,-12.0,-16.0,-12.0
0,284700,HYDROGEL_PACK,,,9979.0,2,BUY,9963.0,9979.0,9971.0,8.0,16.0,0.0,False,False,50,3,2,3,-5.0,-10.0,4.0
0,287600,HYDROGEL_PACK,,,9980.0,6,BUY,9964.0,9980.0,9972.0,8.0,16.0,0.0,False,False,50,5,4,6,-2.0,8.5,16.0
0,287700,HYDROGEL_PACK,,,9984.0,3,BUY,9968.0,9984.0,9976.0,8.0,16.0,0.0,False,False,50,3,2,3,-2.0,-1.0,16.0
0,290600,HYDROGEL_PACK,,,9981.0,2,SELL,9981.0,9997.0,9989.0,-8.0,0.0,-16.0,False,False,0,3,2,3,8.0,15.0,23.0
0,290800,HYDROGEL_PACK,,,9998.0,5,BUY,9982.0,9998.0,9990.0,8.0,16.0,0.0,False,False,50,5,4,6,-8.0,1.0,5.0
0,294900,HYDROGEL_PACK,,,10006.0,6,BUY,9990.0,10006.0,9998.0,8.0,16.0,0.0,False,False,50,5,4,6,-7.0,-7.0,8.0
0,298700,HYDROGEL_PACK,,,10003.0,4,SELL,10003.0,10019.0,10011.0,-8.0,0.0,-16.0,False,False,0,5,4,6,12.0,8.0,4.0
0,305800,HYDROGEL_PACK,,,10020.0,2,BUY,10004.0,10020.0,10012.0,8.0,16.0,0.0,False,False,50,3,2,3,-2.0,4.0,1.0
0,310200,HYDROGEL_PACK,,,10016.0,2,SELL,10016.0,10032.0,10024.0,-8.0,0.0,-16.0,False,False,50,3,2,3,5.0,3.0,-5.0
0,311500,HYDROGEL_PACK,,,10027.0,5,BUY,10011.0,10027.0,10019.0,8.0,16.0,0.0,False,True,0,5,4,6,-11.0,-13.0,-4.0
0,313400,HYDROGEL_PACK,,,10023.0,5,BUY,10007.0,10023.0,10015.0,8.0,16.0,0.0,False,False,0,5,4,6,-12.0,-8.0,-2.0
0,318700,HYDROGEL_PACK,,,10014.0,6,SELL,10014.0,10030.0,10022.0,-8.0,0.0,-16.0,False,False,0,5,4,6,6.0,8.0,10.0
0,320900,HYDROGEL_PACK,,,10034.0,4,BUY,10018.0,10034.0,10026.0,8.0,16.0,0.0,False,True,0,5,4,6,-11.0,-16.5,-7.0
0,321200,HYDROGEL_PACK,,,10009.0,4,SELL,10009.0,10025.0,10017.0,-8.0,0.0,-16.0,False,False,0,5,4,6,11.0,14.0,14.0
0,330900,HYDROGEL_PACK,,,10040.0,3,BUY,10024.0,10040.0,10032.0,8.0,16.0,0.0,False,True,50,3,2,3,-7.0,1.0,3.0
0,331400,HYDROGEL_PACK,,,10025.0,2,SELL,10025.0,10041.0,10033.0,-8.0,0.0,-16.0,False,False,0,3,2,3,14.0,12.0,16.0
0,332700,HYDROGEL_PACK,,,10030.0,6,SELL,10030.0,10046.0,10038.0,-8.0,0.0,-16.0,False,False,0,5,4,6,9.0,8.0,10.0
0,335000,HYDROGEL_PACK,,,10047.0,5,BUY,10031.0,10047.0,10039.0,8.0,16.0,0.0,False,True,0,5,4,6,-5.0,-5.0,-11.0
0,335300,HYDROGEL_PACK,,,10048.0,4,BUY,10032.0,10048.0,10040.0,8.0,16.0,0.0,False,True,0,5,4,6,-5.0,-10.0,-15.0
0,335400,HYDROGEL_PACK,,,10048.0,4,BUY,10032.0,10048.0,10040.0,8.0,16.0,0.0,False,False,0,5,4,6,-5.0,-8.5,-18.0
0,336800,HYDROGEL_PACK,,,10034.0,5,SELL,10034.0,10050.0,10042.0,-8.0,0.0,-16.0,False,False,50,5,4,6,4.0,1.0,-13.0
0,340000,HYDROGEL_PACK,,,10028.0,6,SELL,10028.0,10044.0,10036.0,-8.0,0.0,-16.0,False,False,50,5,4,6,1.5,-9.0,-5.0
0,345000,HYDROGEL_PACK,,,10015.0,4,SELL,10015.0,10031.0,10023.0,-8.0,0.0,-16.0,False,False,50,5,4,6,11.0,-2.0,-8.0
0,358200,HYDROGEL_PACK,,,9994.0,6,SELL,9994.0,10010.0,10002.0,-8.0,0.0,-16.0,False,False,0,5,4,6,6.0,21.0,19.0
0,363700,HYDROGEL_PACK,,,10022.0,5,BUY,10006.0,10022.0,10014.0,8.0,16.0,0.0,False,False,50,5,4,6,-5.0,3.0,21.0
0,366900,HYDROGEL_PACK,,,10045.0,5,BUY,10029.0,10045.0,10037.0,8.0,16.0,0.0,False,False,0,5,4,6,-3.0,-4.5,-2.5
0,367000,HYDROGEL_PACK,,,10042.0,5,BUY,10026.0,10042.0,10034.0,8.0,16.0,0.0,False,False,50,5,4,6,-2.0,5.0,4.0
0,370400,HYDROGEL_PACK,,,10047.0,2,BUY,10031.0,10047.0,10039.0,8.0,16.0,0.0,False,False,50,3,2,3,-8.0,1.0,2.0
0,370600,HYDROGEL_PACK,,,10031.0,4,SELL,10031.0,10047.0,10039.0,-8.0,0.0,-16.0,False,False,0,5,4,6,8.0,15.0,24.0
0,373300,HYDROGEL_PACK,,,10054.0,2,BUY,10038.0,10054.0,10046.0,8.0,16.0,0.0,False,True,50,3,2,3,-8.0,-6.0,5.0
0,380500,HYDROGEL_PACK,,,10043.0,4,SELL,10043.0,10059.0,10051.0,-8.0,0.0,-16.0,False,False,50,5,4,6,3.0,0.0,-9.0
0,381400,HYDROGEL_PACK,,,10035.0,4,SELL,10035.0,10051.0,10043.0,-8.0,0.0,-16.0,False,False,50,5,4,6,14.5,6.0,-10.0
0,383100,HYDROGEL_PACK,,,10033.0,6,SELL,10033.0,10049.0,10041.0,-8.0,0.0,-16.0,False,False,50,5,4,6,7.0,1.0,-22.0
0,389800,HYDROGEL_PACK,,,10018.0,4,BUY,10002.0,10018.0,10010.0,8.0,16.0,0.0,False,False,50,5,4,6,-8.0,-11.0,8.0
0,390400,HYDROGEL_PACK,,,10003.0,6,SELL,10003.0,10019.0,10011.0,-8.0,0.0,-16.0,False,False,0,5,4,6,3.0,1.0,23.0
0,402000,HYDROGEL_PACK,,,10016.0,4,BUY,10000.0,10016.0,10008.0,8.0,16.0,0.0,False,False,0,5,4,6,-14.0,-16.0,-26.0
0,405600,HYDROGEL_PACK,,,9999.0,5,BUY,9983.0,9999.0,9991.0,8.0,16.0,0.0,False,False,0,5,4,6,-9.0,-7.0,-18.0
0,410500,HYDROGEL_PACK,,,9990.0,3,BUY,9974.0,9990.0,9982.0,8.0,16.0,0.0,False,False,0,3,2,3,-11.0,-12.0,-14.0
0,414600,HYDROGEL_PACK,,,9993.0,2,BUY,9977.0,9993.0,9985.0,8.0,16.0,0.0,False,False,0,3,2,3,-17.0,-21.0,-29.0
0,416400,HYDROGEL_PACK,,,9964.0,5,SELL,9964.0,9980.0,9972.0,-8.0,0.0,-16.0,False,False,20,5,4,6,6.0,-6.0,11.0
0,417000,HYDROGEL_PACK,,,9978.0,6,BUY,9962.0,9978.0,9970.0,8.0,16.0,0.0,False,False,0,5,4,6,-14.0,-13.0,-7.0
0,417100,HYDROGEL_PACK,,,9977.0,2,BUY,9961.0,9977.0,9969.0,8.0,16.0,0.0,False,False,0,3,2,3,-10.0,-11.0,-5.0
0,422900,HYDROGEL_PACK,,,9977.0,4,BUY,9961.0,9977.0,9969.0,8.0,16.0,0.0,False,False,50,5,4,6,-10.0,4.5,16.0
0,425600,HYDROGEL_PACK,,,9994.0,2,BUY,9978.0,9994.0,9986.0,8.0,16.0,0.0,False,False,0,3,2,3,-11.0,-3.0,-1.0
0,428300,HYDROGEL_PACK,,,10001.0,5,BUY,9985.0,10001.0,9993.0,8.0,16.0,0.0,False,False,0,5,4,6,-8.0,-14.0,-35.0
0,429100,HYDROGEL_PACK,,,9979.0,3,SELL,9979.0,9995.0,9987.0,-8.0,0.0,-16.0,False,False,50,3,2,3,8.0,16.0,-5.0
0,435200,HYDROGEL_PACK,,,9978.0,6,BUY,9962.0,9978.0,9970.0,8.0,16.0,0.0,False,False,0,5,4,6,-4.0,-8.5,-1.0
0,436500,HYDROGEL_PACK,,,9985.0,3,BUY,9969.0,9985.0,9977.0,8.0,16.0,0.0,False,False,0,3,2,3,-7.0,-16.0,-17.0
0,443900,HYDROGEL_PACK,,,9966.0,5,BUY,9950.0,9966.0,9958.0,8.0,16.0,0.0,False,False,0,5,4,6,-9.0,-10.0,-13.0
0,446300,HYDROGEL_PACK,,,9960.0,3,BUY,9944.0,9960.0,9952.0,8.0,16.0,0.0,False,False,50,3,2,3,-7.0,-11.0,6.0
0,447400,HYDROGEL_PACK,,,9944.0,5,SELL,9944.0,9960.0,9952.0,-8.0,0.0,-16.0,False,False,5,5,4,6,-1.0,5.0,33.0
0,448000,HYDROGEL_PACK,,,9951.0,4,BUY,9935.0,9951.0,9943.0,8.0,16.0,0.0,False,False,50,5,4,6,2.0,13.0,22.0
0,455100,HYDROGEL_PACK,,,9962.0,5,SELL,9962.0,9978.0,9970.0,-8.0,0.0,-16.0,False,False,20,5,4,6,2.0,-3.0,11.0
0,460000,HYDROGEL_PACK,,,9979.0,6,BUY,9963.0,9979.0,9971.0,8.0,16.0,0.0,False,False,0,5,4,6,-10.0,-12.0,-10.0
0,460100,HYDROGEL_PACK,,,9981.0,3,BUY,9965.0,9981.0,9973.0,8.0,16.0,0.0,False,False,0,3,2,3,-12.0,-19.0,-11.0
0,462900,HYDROGEL_PACK,,,9977.0,5,BUY,9961.0,9977.0,9969.0,8.0,16.0,0.0,False,False,0,5,4,6,-14.0,-6.0,-2.0
0,463000,HYDROGEL_PACK,,,9974.0,3,BUY,9958.0,9974.0,9966.0,8.0,16.0,0.0,False,False,0,3,2,3,-10.5,-5.0,-1.0
0,467600,HYDROGEL_PACK,,,9966.0,3,SELL,9966.0,9982.0,9974.0,-8.0,0.0,-16.0,False,False,0,3,2,3,6.0,17.0,3.0
0,471700,HYDROGEL_PACK,,,9980.0,3,BUY,9965.0,9980.0,9972.5,7.5,15.0,0.0,False,False,0,3,2,3,-8.0,-15.0,-32.0
0,473100,HYDROGEL_PACK,,,9970.0,3,BUY,9954.0,9970.0,9962.0,8.0,16.0,0.0,False,False,0,3,2,3,-14.5,-13.0,-22.0
0,474900,HYDROGEL_PACK,,,9964.0,5,BUY,9948.0,9964.0,9956.0,8.0,16.0,0.0,False,False,0,5,4,6,-6.0,-17.0,-17.0
0,476200,HYDROGEL_PACK,,,9957.0,4,BUY,9941.0,9957.0,9949.0,8.0,16.0,0.0,False,False,0,5,4,6,-9.0,-8.0,-12.0
0,477700,HYDROGEL_PACK,,,9958.0,5,BUY,9942.0,9958.0,9950.0,8.0,16.0,0.0,False,False,0,5,4,6,-9.0,-9.0,-14.5
0,481600,HYDROGEL_PACK,,,9956.0,3,BUY,9940.0,9956.0,9948.0,8.0,16.0,0.0,False,False,0,3,2,3,-21.0,-24.0,-11.0
0,487500,HYDROGEL_PACK,,,9959.0,4,BUY,9943.0,9959.0,9951.0,8.0,16.0,0.0,False,False,50,5,4,6,-8.0,1.0,12.0
0,489700,HYDROGEL_PACK,,,9956.0,6,SELL,9956.0,9972.0,9964.0,-8.0,0.0,-16.0,False,False,0,5,4,6,9.0,10.0,19.0
0,489900,HYDROGEL_PACK,,,9955.0,6,SELL,9955.0,9971.0,9963.0,-8.0,0.0,-16.0,False,False,0,5,4,6,7.0,14.0,23.0
0,493600,HYDROGEL_PACK,,,9982.0,2,BUY,9966.0,9982.0,9974.0,8.0,16.0,0.0,False,False,0,3,2,3,-4.5,-7.0,-6.0
0,496300,HYDROGEL_PACK,,,9973.0,4,SELL,9973.0,9989.0,9981.0,-8.0,0.0,-16.0,False,False,0,5,4,6,6.0,0.0,6.0
0,497200,HYDROGEL_PACK,,,9971.0,5,SELL,9971.0,9987.0,9979.0,-8.0,0.0,-16.0,False,False,0,5,4,6,0.0,17.0,3.0
0,498200,HYDROGEL_PACK,,,9963.0,5,SELL,9963.0,9979.0,9971.0,-8.0,0.0,-16.0,False,False,0,5,4,6,17.0,17.0,16.0
0,499600,HYDROGEL_PACK,,,9979.0,6,SELL,9979.0,9995.0,9987.0,-8.0,0.0,-16.0,False,False,50,5,4,6,4.0,-2.0,-14.0
0,501400,HYDROGEL_PACK,,,9986.0,5,BUY,9970.0,9986.0,9978.0,8.0,16.0,0.0,False,False,0,5,4,6,-11.0,-7.0,-16.0
0,501600,HYDROGEL_PACK,,,9985.0,6,BUY,9969.0,9985.0,9977.0,8.0,16.0,0.0,False,False,0,5,4,6,-12.0,-7.0,-16.0
0,502000,HYDROGEL_PACK,,,9983.0,3,BUY,9967.0,9983.0,9975.0,8.0,16.0,0.0,False,False,0,3,2,3,-7.0,-9.0,-21.0
0,510900,HYDROGEL_PACK,,,9939.0,4,SELL,9939.0,9955.0,9947.0,-8.0,0.0,-16.0,False,False,0,5,4,6,8.0,5.0,4.0
0,515600,HYDROGEL_PACK,,,9931.0,5,SELL,9931.0,9947.0,9939.0,-8.0,0.0,-16.0,False,False,0,5,4,6,12.5,13.0,23.0
0,516300,HYDROGEL_PACK,,,9937.0,5,SELL,9937.0,9953.0,9945.0,-8.0,0.0,-16.0,False,False,0,5,4,6,7.0,7.0,21.0
0,517900,HYDROGEL_PACK,,,9954.0,3,BUY,9938.0,9954.0,9946.0,8.0,16.0,0.0,False,False,50,3,2,3,-8.0,-1.0,16.0
0,518000,HYDROGEL_PACK,,,9936.0,5,SELL,9936.0,9952.0,9944.0,-8.0,0.0,-16.0,False,False,0,5,4,6,9.0,16.0,34.0
0,521400,HYDROGEL_PACK,,,9965.0,6,BUY,9949.0,9965.0,9957.0,8.0,16.0,0.0,False,False,50,5,4,6,-1.5,5.0,17.0
0,522300,HYDROGEL_PACK,,,9971.0,6,BUY,9955.0,9971.0,9963.0,8.0,16.0,0.0,False,False,50,5,4,6,-1.0,4.0,7.0
0,526800,HYDROGEL_PACK,,,9990.0,2,BUY,9974.0,9990.0,9982.0,8.0,16.0,0.0,False,False,0,3,2,3,-12.0,-11.0,-17.0
0,527200,HYDROGEL_PACK,,,9972.0,5,SELL,9972.0,9988.0,9980.0,-8.0,0.0,-16.0,False,False,50,5,4,6,2.0,8.0,-2.0
0,540300,HYDROGEL_PACK,,,9980.0,2,BUY,9964.0,9980.0,9972.0,8.0,16.0,0.0,False,False,50,3,2,3,-3.0,-2.0,1.0
0,545700,HYDROGEL_PACK,,,9963.0,5,SELL,9963.0,9979.0,9971.0,-8.0,0.0,-16.0,False,False,0,5,4,6,3.0,5.0,0.0
0,554300,HYDROGEL_PACK,,,9943.0,5,SELL,9943.0,9950.0,9946.5,-3.5,0.0,-7.0,False,False,0,5,4,6,5.0,12.0,15.0
0,555000,HYDROGEL_PACK,,,9938.0,2,SELL,9938.0,9954.0,9946.0,-8.0,0.0,-16.0,False,False,0,3,2,3,8.0,18.0,22.0
0,557400,HYDROGEL_PACK,,,9960.0,2,BUY,9944.0,9960.0,9952.0,8.0,16.0,0.0,False,False,50,3,2,3,1.0,-2.0,13.0
0,558300,HYDROGEL_PACK,,,9971.0,3,BUY,9963.0,9971.0,9967.0,4.0,8.0,0.0,False,False,0,3,2,3,-10.0,-9.0,-7.0
0,559800,HYDROGEL_PACK,,,9972.0,6,BUY,9956.0,9972.0,9964.0,8.0,16.0,0.0,False,False,20,5,4,6,-10.0,4.0,-21.0
0,562900,HYDROGEL_PACK,,,9960.0,5,SELL,9960.0,9976.0,9968.0,-8.0,0.0,-16.0,False,False,50,5,4,6,2.0,-7.0,-4.0
0,566500,HYDROGEL_PACK,,,9958.0,3,BUY,9942.0,9958.0,9950.0,8.0,16.0,0.0,False,False,0,3,2,3,-1.0,-1.0,-5.0
0,568400,HYDROGEL_PACK,,,9949.0,4,SELL,9949.0,9965.0,9957.0,-8.0,0.0,-16.0,False,False,20,5,4,6,6.0,-1.5,5.0
0,568500,HYDROGEL_PACK,,,9965.0,3,BUY,9949.0,9965.0,9957.0,8.0,16.0,0.0,False,False,0,3,2,3,-10.0,-11.0,-11.0
0,574300,HYDROGEL_PACK,,,9951.0,4,SELL,9951.0,9967.0,9959.0,-8.0,0.0,-16.0,False,False,0,5,4,6,14.0,22.0,10.0
0,579300,HYDROGEL_PACK,,,9969.0,2,BUY,9953.0,9969.0,9961.0,8.0,16.0,0.0,False,False,50,3,2,3,-6.0,-3.5,13.0
0,581900,HYDROGEL_PACK,,,9969.0,5,SELL,9969.0,9985.0,9977.0,-8.0,0.0,-16.0,False,False,0,5,4,6,9.0,11.0,9.0
0,588900,HYDROGEL_PACK,,,9991.0,3,BUY,9975.0,9991.0,9983.0,8.0,16.0,0.0,False,False,0,3,2,3,-13.0,-8.0,-7.0
0,591300,HYDROGEL_PACK,,,9980.0,2,SELL,9980.0,9996.0,9988.0,-8.0,0.0,-16.0,False,False,0,3,2,3,7.0,3.0,9.0
0,592300,HYDROGEL_PACK,,,9982.0,4,SELL,9982.0,9998.0,9990.0,-8.0,0.0,-16.0,False,False,0,5,4,6,0.0,6.0,8.0
0,596100,HYDROGEL_PACK,,,9977.0,4,SELL,9977.0,9993.0,9985.0,-8.0,0.0,-16.0,False,False,0,5,4,6,10.0,12.0,8.5
0,596500,HYDROGEL_PACK,,,9996.0,6,BUY,9980.0,9996.0,9988.0,8.0,16.0,0.0,False,False,0,5,4,6,-7.0,-5.0,-10.0
0,598100,HYDROGEL_PACK,,,9981.0,6,SELL,9981.0,9997.0,9989.0,-8.0,0.0,-16.0,False,False,0,5,4,6,8.0,10.0,11.0
0,599500,HYDROGEL_PACK,,,10003.0,2,BUY,9987.0,10003.0,9995.0,8.0,16.0,0.0,False,False,50,3,2,3,-12.0,-17.0,3.0
0,599700,HYDROGEL_PACK,,,9986.0,5,SELL,9986.0,10002.0,9994.0,-8.0,0.0,-16.0,False,False,0,5,4,6,3.0,3.0,23.0
0,601600,HYDROGEL_PACK,,,9996.0,6,BUY,9980.0,9996.0,9988.0,8.0,16.0,0.0,False,False,50,5,4,6,-4.0,-2.0,7.0
0,616500,HYDROGEL_PACK,,,10016.0,6,BUY,10000.0,10016.0,10008.0,8.0,16.0,0.0,False,False,0,5,4,6,-10.0,-23.0,-17.0
0,619000,HYDROGEL_PACK,,,9987.0,2,SELL,9987.0,10003.0,9995.0,-8.0,0.0,-16.0,False,False,0,3,2,3,21.0,10.0,12.0
0,622000,HYDROGEL_PACK,,,10011.0,6,BUY,9995.0,10011.0,10003.0,8.0,16.0,0.0,False,False,0,5,4,6,-16.0,-12.0,-27.0
0,625700,HYDROGEL_PACK,,,9985.0,2,SELL,9985.0,10001.0,9993.0,-8.0,0.0,-16.0,False,False,20,3,2,3,5.0,-2.0,14.0
0,626900,HYDROGEL_PACK,,,9980.0,2,SELL,9980.0,9996.0,9988.0,-8.0,0.0,-16.0,False,False,0,3,2,3,1.0,9.0,21.0
0,627400,HYDROGEL_PACK,,,9989.0,5,BUY,9973.0,9989.0,9981.0,8.0,16.0,0.0,False,False,50,5,4,6,-5.0,3.0,10.0
0,629300,HYDROGEL_PACK,,,9997.0,4,BUY,9981.0,9997.0,9989.0,8.0,16.0,0.0,False,False,50,5,4,6,-4.0,0.0,3.0
0,629700,HYDROGEL_PACK,,,9983.0,4,SELL,9983.0,9999.0,9991.0,-8.0,0.0,-16.0,False,False,0,5,4,6,13.0,20.0,19.0
0,631100,HYDROGEL_PACK,,,10005.0,3,BUY,9989.0,10005.0,9997.0,8.0,16.0,0.0,False,False,0,3,2,3,-2.0,-12.0,-3.0
0,634800,HYDROGEL_PACK,,,10012.0,2,BUY,9996.0,10012.0,10004.0,8.0,16.0,0.0,False,False,0,3,2,3,-9.0,-8.0,-24.0
0,636700,HYDROGEL_PACK,,,10015.0,3,BUY,9999.0,10015.0,10007.0,8.0,16.0,0.0,False,False,0,3,2,3,-13.0,-20.0,-24.0
0,638400,HYDROGEL_PACK,,,9988.0,5,SELL,9988.0,10004.0,9996.0,-8.0,0.0,-16.0,False,False,0,5,4,6,6.0,5.0,18.0
0,638500,HYDROGEL_PACK,,,10003.0,6,BUY,9987.0,10003.0,9995.0,8.0,16.0,0.0,False,False,50,5,4,6,-11.0,-8.0,1.0
0,639900,HYDROGEL_PACK,,,9978.0,2,SELL,9978.0,9994.0,9986.0,-8.0,0.0,-16.0,False,False,0,3,2,3,15.0,18.5,33.0
0,640100,HYDROGEL_PACK,,,9998.0,4,BUY,9982.0,9998.0,9990.0,8.0,16.0,0.0,False,False,50,5,4,6,-4.0,-4.0,15.0
0,640800,HYDROGEL_PACK,,,9983.0,5,SELL,9983.0,9999.0,9991.0,-8.0,0.0,-16.0,False,False,0,5,4,6,7.0,13.0,36.0
0,643900,HYDROGEL_PACK,,,10010.0,6,BUY,9994.0,10010.0,10002.0,8.0,16.0,0.0,False,False,50,5,4,6,-10.0,7.0,14.5
0,645400,HYDROGEL_PACK,,,10009.0,4,SELL,10009.0,10025.0,10017.0,-8.0,0.0,-16.0,False,False,0,5,4,6,8.0,17.0,6.0
0,645500,HYDROGEL_PACK,,,10024.0,2,BUY,10008.0,10024.0,10016.0,8.0,16.0,0.0,False,False,20,3,2,3,-6.0,4.0,-12.0
0,646500,HYDROGEL_PACK,,,10029.0,6,BUY,10013.0,10029.0,10021.0,8.0,16.0,0.0,False,False,0,5,4,6,-6.0,-8.0,-13.0
0,649600,HYDROGEL_PACK,,,10013.0,2,SELL,10013.0,10029.0,10021.0,-8.0,0.0,-16.0,False,False,0,3,2,3,4.0,4.0,0.0
0,652300,HYDROGEL_PACK,,,10006.0,3,SELL,10006.0,10022.0,10014.0,-8.0,0.0,-16.0,False,False,0,3,2,3,9.0,6.0,10.0
0,653500,HYDROGEL_PACK,,,10012.0,6,SELL,10012.0,10028.0,10020.0,-8.0,0.0,-16.0,False,False,0,5,4,6,5.0,8.0,6.0
0,661800,HYDROGEL_PACK,,,10022.0,4,BUY,10006.0,10022.0,10014.0,8.0,16.0,0.0,False,False,0,5,4,6,-10.0,-12.5,-17.5
0,662400,HYDROGEL_PACK,,,10004.0,5,SELL,10004.0,10020.0,10012.0,-8.0,0.0,-16.0,False,False,20,5,4,6,4.0,-2.0,5.0
0,663100,HYDROGEL_PACK,,,9998.0,5,SELL,9998.0,10014.0,10006.0,-8.0,0.0,-16.0,False,False,0,5,4,6,13.0,8.0,10.0
0,668000,HYDROGEL_PACK,,,9999.0,6,SELL,9999.0,10015.0,10007.0,-8.0,0.0,-16.0,False,False,50,5,4,6,5.0,-4.0,-9.0
0,670800,HYDROGEL_PACK,,,9993.0,5,SELL,9993.0,10009.0,10001.0,-8.0,0.0,-16.0,False,False,0,5,4,6,2.0,1.0,3.0
0,679600,HYDROGEL_PACK,,,9995.0,6,BUY,9979.0,9995.0,9987.0,8.0,16.0,0.0,False,False,0,5,4,6,-11.0,-20.0,-4.5
0,682100,HYDROGEL_PACK,,,9982.0,5,BUY,9966.0,9982.0,9974.0,8.0,16.0,0.0,False,False,50,5,4,6,-7.0,2.0,15.0
0,682200,HYDROGEL_PACK,,,9967.0,6,SELL,9967.0,9983.0,9975.0,-8.0,0.0,-16.0,False,False,0,5,4,6,8.0,20.0,32.0
0,683500,HYDROGEL_PACK,,,9973.0,4,BUY,9966.0,9973.0,9969.5,3.5,7.0,0.0,False,False,50,5,4,6,8.0,25.0,27.0
0,686000,HYDROGEL_PACK,,,9990.0,4,SELL,9990.0,10006.0,9998.0,-8.0,0.0,-16.0,False,False,0,5,4,6,12.0,14.0,2.0
0,690600,HYDROGEL_PACK,,,10000.0,3,BUY,9984.0,10000.0,9992.0,8.0,16.0,0.0,False,False,50,3,2,3,-8.0,-4.0,4.0
0,691300,HYDROGEL_PACK,,,9982.0,6,SELL,9982.0,9998.0,9990.0,-8.0,0.0,-16.0,False,False,0,5,4,6,10.0,13.0,25.0
0,693800,HYDROGEL_PACK,,,10005.0,6,BUY,9989.0,10005.0,9997.0,8.0,16.0,0.0,False,False,50,5,4,6,-6.0,0.0,5.0
0,699400,HYDROGEL_PACK,,,10008.0,3,SELL,10008.0,10024.0,10016.0,-8.0,0.0,-16.0,False,False,0,3,2,3,13.0,17.0,19.0
0,707400,HYDROGEL_PACK,,,10024.0,4,SELL,10024.0,10040.0,10032.0,-8.0,0.0,-16.0,False,False,0,5,4,6,10.0,11.0,2.0
0,712800,HYDROGEL_PACK,,,10018.0,5,SELL,10018.0,10034.0,10026.0,-8.0,0.0,-16.0,False,False,50,5,4,6,5.0,-1.0,-15.0
0,714900,HYDROGEL_PACK,,,10007.0,2,SELL,10007.0,10023.0,10015.0,-8.0,0.0,-16.0,False,False,20,3,2,3,5.0,-4.0,3.0
0,715000,HYDROGEL_PACK,,,10005.0,2,SELL,10005.0,10021.0,10013.0,-8.0,0.0,-16.0,False,False,0,3,2,3,3.0,0.0,5.0
0,721300,HYDROGEL_PACK,,,10005.0,5,SELL,10005.0,10021.0,10013.0,-8.0,0.0,-16.0,False,False,0,5,4,6,0.0,3.0,8.0
0,721400,HYDROGEL_PACK,,,10003.0,5,SELL,10003.0,10019.0,10011.0,-8.0,0.0,-16.0,False,False,0,5,4,6,6.0,3.0,10.0
0,722600,HYDROGEL_PACK,,,10001.0,4,SELL,10001.0,10017.0,10009.0,-8.0,0.0,-16.0,False,False,0,5,4,6,7.0,10.0,7.0
0,735100,HYDROGEL_PACK,,,10039.0,5,BUY,10023.0,10039.0,10031.0,8.0,16.0,0.0,False,False,50,5,4,6,-12.0,-1.0,8.0
0,738300,HYDROGEL_PACK,,,10037.0,5,SELL,10037.0,10053.0,10045.0,-8.0,0.0,-16.0,False,False,50,5,4,6,8.0,15.0,-5.0
0,738400,HYDROGEL_PACK,,,10054.0,2,BUY,10038.0,10054.0,10046.0,8.0,16.0,0.0,False,False,20,3,2,3,-7.0,1.5,-22.0
0,740800,HYDROGEL_PACK,,,10058.0,3,BUY,10042.0,10058.0,10050.0,8.0,16.0,0.0,False,True,0,3,2,3,-9.0,-25.0,-24.0
0,741300,HYDROGEL_PACK,,,10057.0,2,BUY,10041.0,10057.0,10049.0,8.0,16.0,0.0,False,False,0,3,2,3,-17.0,-25.0,-25.0
0,748800,HYDROGEL_PACK,,,10038.0,6,BUY,10022.0,10038.0,10030.0,8.0,16.0,0.0,False,False,50,5,4,6,-16.0,-15.0,7.0
0,750300,HYDROGEL_PACK,,,10029.0,4,BUY,10013.0,10029.0,10021.0,8.0,16.0,0.0,False,False,50,5,4,6,-6.0,5.0,8.0
0,754800,HYDROGEL_PACK,,,10049.0,3,BUY,10033.0,10049.0,10041.0,8.0,16.0,0.0,False,False,0,3,2,3,-12.0,-14.0,-23.0
0,755900,HYDROGEL_PACK,,,10047.0,2,BUY,10031.0,10047.0,10039.0,8.0,16.0,0.0,False,False,0,3,2,3,-11.0,-16.0,-36.0
0,760300,HYDROGEL_PACK,,,10025.0,6,BUY,10009.0,10025.0,10017.0,8.0,16.0,0.0,False,False,0,5,4,6,-12.0,-16.0,-18.0
0,762200,HYDROGEL_PACK,,,10003.0,3,SELL,10003.0,10019.0,10011.0,-8.0,0.0,-16.0,False,False,0,3,2,3,3.0,0.0,0.0
0,762800,HYDROGEL_PACK,,,10002.0,5,SELL,10002.0,10018.0,10010.0,-8.0,0.0,-16.0,False,False,0,5,4,6,5.0,3.0,7.0
0,763000,HYDROGEL_PACK,,,10018.0,4,BUY,10002.0,10018.0,10010.0,8.0,16.0,0.0,False,False,0,5,4,6,-12.0,-17.0,-11.0
0,764200,HYDROGEL_PACK,,,9995.0,4,SELL,9995.0,10011.0,10003.0,-8.0,0.0,-16.0,False,False,0,5,4,6,10.0,8.0,18.0
0,764400,HYDROGEL_PACK,,,9994.0,5,SELL,9994.0,10010.0,10002.0,-8.0,0.0,-16.0,False,False,0,5,4,6,12.0,13.0,21.0
0,769500,HYDROGEL_PACK,,,10022.0,3,BUY,10006.0,10022.0,10014.0,8.0,16.0,0.0,False,False,0,3,2,3,-16.0,-26.0,-25.0
0,773400,HYDROGEL_PACK,,,10005.0,6,BUY,9989.0,10005.0,9997.0,8.0,16.0,0.0,False,False,50,5,4,6,-7.0,-4.0,2.0
0,776900,HYDROGEL_PACK,,,9999.0,4,SELL,9999.0,10015.0,10007.0,-8.0,0.0,-16.0,False,False,50,5,4,6,10.0,5.0,-1.0
0,778400,HYDROGEL_PACK,,,9999.0,6,SELL,9999.0,10015.0,10007.0,-8.0,0.0,-16.0,False,False,50,5,4,6,5.0,12.0,-8.0
0,778700,HYDROGEL_PACK,,,10011.0,4,BUY,9995.0,10011.0,10003.0,8.0,16.0,0.0,False,False,0,5,4,6,-6.0,0.0,-26.0
0,779000,HYDROGEL_PACK,,,10010.0,4,BUY,9994.0,10010.0,10002.0,8.0,16.0,0.0,False,False,0,5,4,6,-2.0,-8.0,-20.0
0,780100,HYDROGEL_PACK,,,10020.0,4,BUY,10004.0,10020.0,10012.0,8.0,16.0,0.0,False,False,0,5,4,6,-10.0,-24.0,-27.0
0,785300,HYDROGEL_PACK,,,9985.0,6,SELL,9985.0,10001.0,9993.0,-8.0,0.0,-16.0,False,False,0,5,4,6,2.0,11.0,25.0
0,793800,HYDROGEL_PACK,,,10013.0,4,BUY,9997.0,10013.0,10005.0,8.0,16.0,0.0,False,False,0,5,4,6,-3.0,-23.0,-14.0
0,794900,HYDROGEL_PACK,,,9991.0,4,SELL,9991.0,10007.0,9999.0,-8.0,0.0,-16.0,False,False,0,5,4,6,2.0,6.0,5.0
0,795700,HYDROGEL_PACK,,,9982.0,4,SELL,9982.0,9998.0,9990.0,-8.0,0.0,-16.0,False,False,0,5,4,6,11.0,23.0,13.0
0,799200,HYDROGEL_PACK,,,10005.0,6,BUY,9989.0,10005.0,9997.0,8.0,16.0,0.0,False,False,0,5,4,6,-7.0,-10.0,-14.0
0,802300,HYDROGEL_PACK,,,9984.0,2,SELL,9984.0,10000.0,9992.0,-8.0,0.0,-16.0,False,False,50,3,2,3,9.0,7.0,-12.0
0,802400,HYDROGEL_PACK,,,9997.0,6,BUY,9981.0,9997.0,9989.0,8.0,16.0,0.0,False,False,0,5,4,6,-6.0,-7.0,-25.0
0,804800,HYDROGEL_PACK,,,9980.0,4,SELL,9980.0,9996.0,9988.0,-8.0,0.0,-16.0,False,False,50,5,4,6,6.0,-5.0,-5.0
0,805000,HYDROGEL_PACK,,,9998.0,5,BUY,9982.0,9998.0,9990.0,8.0,16.0,0.0,False,False,0,5,4,6,-13.0,-25.0,-22.0
0,805900,HYDROGEL_PACK,,,9977.0,3,SELL,9977.0,9993.0,9985.0,-8.0,0.0,-16.0,False,False,50,3,2,3,5.0,-6.0,-1.0
0,806000,HYDROGEL_PACK,,,9993.0,5,BUY,9984.0,9993.0,9988.5,4.5,9.0,0.0,False,False,0,5,4,6,-13.0,-22.0,-15.0
0,806200,HYDROGEL_PACK,,,9975.0,4,SELL,9975.0,9991.0,9983.0,-8.0,0.0,-16.0,False,False,20,5,4,6,2.0,-1.0,1.0
0,810200,HYDROGEL_PACK,,,9969.0,5,SELL,9969.0,9985.0,9977.0,-8.0,0.0,-16.0,False,False,0,5,4,6,9.0,7.0,23.0
0,824000,HYDROGEL_PACK,,,9985.0,6,BUY,9969.0,9985.0,9977.0,8.0,16.0,0.0,False,False,0,5,4,6,-3.0,0.0,-3.0
0,825600,HYDROGEL_PACK,,,9987.0,5,BUY,9971.0,9987.0,9979.0,8.0,16.0,0.0,False,False,0,5,4,6,-1.0,-21.5,-11.0
0,832700,HYDROGEL_PACK,,,9995.0,2,BUY,9979.0,9995.0,9987.0,8.0,16.0,0.0,False,False,50,3,2,3,-16.0,-12.0,1.0
0,832900,HYDROGEL_PACK,,,9991.0,5,BUY,9975.0,9991.0,9983.0,8.0,16.0,0.0,False,False,50,5,4,6,-12.0,-6.0,5.5
0,841500,HYDROGEL_PACK,,,9983.0,2,SELL,9983.0,9999.0,9991.0,-8.0,0.0,-16.0,False,False,0,3,2,3,13.0,19.0,17.0
0,843000,HYDROGEL_PACK,,,10016.0,3,BUY,10000.0,10016.0,10008.0,8.0,16.0,0.0,False,False,0,3,2,3,-14.0,-14.0,-17.0
0,844600,HYDROGEL_PACK,,,10006.0,4,BUY,9990.0,10006.0,9998.0,8.0,16.0,0.0,False,False,0,5,4,6,-4.0,-8.0,-3.0
0,850400,HYDROGEL_PACK,,,10014.0,6,BUY,10005.0,10014.0,10009.5,4.5,9.0,0.0,False,False,50,5,4,6,-8.0,-8.0,3.0
0,852400,HYDROGEL_PACK,,,9998.0,2,SELL,9998.0,10014.0,10006.0,-8.0,0.0,-16.0,False,False,0,3,2,3,18.0,18.0,18.0
0,859100,HYDROGEL_PACK,,,10011.0,6,SELL,10011.0,10027.0,10019.0,-8.0,0.0,-16.0,False,False,50,5,4,6,3.0,-2.0,-8.0
0,859700,HYDROGEL_PACK,,,10006.0,4,SELL,10006.0,10022.0,10014.0,-8.0,0.0,-16.0,False,False,0,5,4,6,2.0,3.0,0.0
0,860500,HYDROGEL_PACK,,,10016.0,4,BUY,10000.0,10016.0,10008.0,8.0,16.0,0.0,False,False,0,5,4,6,-7.0,-8.0,-8.0
0,862100,HYDROGEL_PACK,,,9999.0,5,SELL,9999.0,10015.0,10007.0,-8.0,0.0,-16.0,False,False,0,5,4,6,10.0,4.0,14.0
0,864800,HYDROGEL_PACK,,,10000.0,6,SELL,10000.0,10016.0,10008.0,-8.0,0.0,-16.0,False,False,0,5,4,6,4.0,14.0,8.0
0,867200,HYDROGEL_PACK,,,10020.0,3,BUY,10004.0,10020.0,10012.0,8.0,16.0,0.0,False,False,0,3,2,3,-5.0,-12.0,-17.0
0,868000,HYDROGEL_PACK,,,10004.0,3,SELL,10004.0,10020.0,10012.0,-8.0,0.0,-16.0,False,False,0,3,2,3,3.0,5.0,2.0
0,868200,HYDROGEL_PACK,,,10007.0,2,SELL,10007.0,10023.0,10015.0,-8.0,0.0,-16.0,False,False,50,3,2,3,4.0,1.0,-3.0
0,873100,HYDROGEL_PACK,,,10012.0,3,BUY,9996.0,10012.0,10004.0,8.0,16.0,0.0,False,False,0,3,2,3,-7.0,-10.0,-7.0
0,874800,HYDROGEL_PACK,,,9990.0,4,SELL,9990.0,10006.0,9998.0,-8.0,0.0,-16.0,False,False,0,5,4,6,14.0,8.0,20.0
0,876100,HYDROGEL_PACK,,,9989.0,6,SELL,9989.0,10005.0,9997.0,-8.0,0.0,-16.0,False,False,0,5,4,6,7.0,16.0,21.0
0,883900,HYDROGEL_PACK,,,10015.0,3,SELL,10015.0,10031.0,10023.0,-8.0,0.0,-16.0,False,False,0,3,2,3,11.0,14.0,24.0
0,884500,HYDROGEL_PACK,,,10017.0,2,SELL,10017.0,10033.0,10025.0,-8.0,0.0,-16.0,False,False,0,3,2,3,8.0,18.0,17.0
0,885300,HYDROGEL_PACK,,,10019.0,5,SELL,10019.0,10035.0,10027.0,-8.0,0.0,-16.0,False,False,0,5,4,6,10.0,16.0,13.0
0,886200,HYDROGEL_PACK,,,10039.0,5,BUY,10023.0,10039.0,10031.0,8.0,16.0,0.0,False,False,0,5,4,6,-7.5,-5.5,-18.0
0,889300,HYDROGEL_PACK,,,10048.0,3,BUY,10031.0,10048.0,10039.5,8.5,17.0,0.0,False,False,0,3,2,3,-10.0,-26.0,-27.0
0,898800,HYDROGEL_PACK,,,10002.0,5,SELL,10002.0,10018.0,10010.0,-8.0,0.0,-16.0,False,False,50,5,4,6,3.0,-6.0,-26.0
0,908000,HYDROGEL_PACK,,,9980.0,4,BUY,9973.0,9980.0,9976.5,3.5,7.0,0.0,False,False,50,5,4,6,-5.0,8.0,4.0
0,910900,HYDROGEL_PACK,,,9973.0,5,SELL,9973.0,9989.0,9981.0,-8.0,0.0,-16.0,False,False,50,5,4,6,5.0,7.0,-9.0
0,912300,HYDROGEL_PACK,,,9975.0,2,SELL,9975.0,9991.0,9983.0,-8.0,0.0,-16.0,False,False,50,3,2,3,5.0,-5.0,-7.0
0,917000,HYDROGEL_PACK,,,9959.0,3,SELL,9959.0,9975.0,9967.0,-8.0,0.0,-16.0,False,False,0,3,2,3,7.0,8.0,17.0
0,918600,HYDROGEL_PACK,,,9962.0,5,SELL,9962.0,9978.0,9970.0,-8.0,0.0,-16.0,False,False,0,5,4,6,7.0,15.0,25.0
0,920900,HYDROGEL_PACK,,,9987.0,6,BUY,9971.0,9987.0,9979.0,8.0,16.0,0.0,False,False,50,5,4,6,-9.0,-2.0,15.0
0,922400,HYDROGEL_PACK,,,9971.0,6,SELL,9971.0,9987.0,9979.0,-8.0,0.0,-16.0,False,False,0,5,4,6,14.0,15.0,34.0
0,923100,HYDROGEL_PACK,,,9995.0,5,BUY,9979.0,9995.0,9987.0,8.0,16.0,0.0,False,False,50,5,4,6,-8.0,-3.0,7.0
0,924000,HYDROGEL_PACK,,,9989.0,6,BUY,9973.0,9989.0,9981.0,8.0,16.0,0.0,False,False,50,5,4,6,-5.0,10.0,6.0
0,924900,HYDROGEL_PACK,,,9997.0,6,BUY,9981.0,9997.0,9989.0,8.0,16.0,0.0,False,False,50,5,4,6,-3.5,5.0,14.0
0,928400,HYDROGEL_PACK,,,10008.0,6,BUY,9992.0,10008.0,10000.0,8.0,16.0,0.0,False,False,0,5,4,6,-12.0,0.0,-5.0
0,932900,HYDROGEL_PACK,,,9994.0,3,SELL,9994.0,10010.0,10002.0,-8.0,0.0,-16.0,False,False,0,3,2,3,9.0,8.0,15.0
0,939100,HYDROGEL_PACK,,,9994.0,5,SELL,9994.0,10010.0,10002.0,-8.0,0.0,-16.0,False,False,0,5,4,6,7.0,12.0,12.0
0,940700,HYDROGEL_PACK,,,10008.0,3,BUY,9992.0,10008.0,10000.0,8.0,16.0,0.0,False,False,0,3,2,3,-2.0,-3.0,0.0
0,942000,HYDROGEL_PACK,,,10010.0,2,BUY,9994.0,10010.0,10002.0,8.0,16.0,0.0,False,False,0,3,2,3,-5.0,-4.5,-5.0
0,943300,HYDROGEL_PACK,,,9997.0,3,SELL,9997.0,10013.0,10005.0,-8.0,0.0,-16.0,False,False,0,3,2,3,11.0,11.0,5.5
0,944100,HYDROGEL_PACK,,,9998.0,4,SELL,9998.0,10014.0,10006.0,-8.0,0.0,-16.0,False,False,0,5,4,6,10.0,16.0,8.0
0,949600,HYDROGEL_PACK,,,10015.0,4,BUY,9999.0,10015.0,10007.0,8.0,16.0,0.0,False,False,50,5,4,6,-6.0,1.0,4.0
0,950300,HYDROGEL_PACK,,,9998.0,3,SELL,9998.0,10014.0,10006.0,-8.0,0.0,-16.0,False,False,0,3,2,3,14.0,17.0,23.0
0,950600,HYDROGEL_PACK,,,10021.0,4,BUY,10005.0,10021.0,10013.0,8.0,16.0,0.0,False,False,50,5,4,6,-9.0,-2.0,6.0
0,951800,HYDROGEL_PACK,,,10005.0,5,SELL,10005.0,10021.0,10013.0,-8.0,0.0,-16.0,False,False,0,5,4,6,10.0,13.0,20.0
0,957000,HYDROGEL_PACK,,,10014.0,3,SELL,10014.0,10030.0,10022.0,-8.0,0.0,-16.0,False,False,0,3,2,3,8.0,18.0,11.0
0,973400,HYDROGEL_PACK,,,10033.0,4,BUY,10016.0,10033.0,10024.5,8.5,17.0,0.0,False,False,0,5,4,6,-10.0,-7.0,-23.0
0,975800,HYDROGEL_PACK,,,10027.0,5,BUY,10011.0,10027.0,10019.0,8.0,16.0,0.0,False,False,0,5,4,6,-12.0,-17.0,-25.0
0,976800,HYDROGEL_PACK,,,10023.0,6,BUY,10007.0,10023.0,10015.0,8.0,16.0,0.0,False,False,0,5,4,6,-9.0,-13.0,-20.0
0,977200,HYDROGEL_PACK,,,10021.0,5,BUY,10005.0,10021.0,10013.0,8.0,16.0,0.0,False,False,0,5,4,6,-9.0,-11.0,-22.0
0,980400,HYDROGEL_PACK,,,9996.0,2,SELL,9996.0,10012.0,10004.0,-8.0,0.0,-16.0,False,False,20,3,2,3,5.0,-6.0,3.0
0,990400,HYDROGEL_PACK,,,9988.0,4,SELL,9988.0,10004.0,9996.0,-8.0,0.0,-16.0,False,False,50,5,4,6,9.0,8.0,-9.0
0,997000,HYDROGEL_PACK,,,9977.0,5,SELL,9977.0,9986.0,9981.5,-4.5,0.0,-9.0,False,False,20,5,4,6,-1.0,-4.0,
0,999900,HYDROGEL_PACK,,,9966.0,5,BUY,9950.0,9966.0,9958.0,8.0,16.0,0.0,False,False,0,5,4,6,,,
0,2500,VELVETFRUIT_EXTRACT,,,5250.0,4,BUY,5245.0,5250.0,5247.5,2.5,5.0,0.0,True,True,0,5,4,6,-4.5,-11.0,-12.5
0,5200,VELVETFRUIT_EXTRACT,,,5236.0,3,SELL,5236.0,5241.0,5238.5,-2.5,0.0,-5.0,True,False,50,3,3,3,1.5,-0.5,-3.5
0,5500,VELVETFRUIT_EXTRACT,,,5241.0,8,BUY,5236.0,5241.0,5238.5,2.5,5.0,0.0,False,False,0,8,7,9,-1.5,-3.5,-6.5
0,9300,VELVETFRUIT_EXTRACT,,,5229.0,6,SELL,5229.0,5231.0,5230.0,-1.0,0.0,-2.0,True,False,0,5,4,6,3.5,6.5,12.0
0,11900,VELVETFRUIT_EXTRACT,,,5237.0,4,BUY,5232.0,5237.0,5234.5,2.5,5.0,0.0,False,False,50,5,4,6,1.5,3.0,4.0
0,14000,VELVETFRUIT_EXTRACT,,,5243.0,7,BUY,5238.0,5243.0,5240.5,2.5,5.0,0.0,False,False,0,8,7,9,-0.5,-0.5,-6.5
0,17000,VELVETFRUIT_EXTRACT,,,5239.0,6,BUY,5237.0,5239.0,5238.0,1.0,2.0,0.0,False,False,5,5,4,6,1.5,-2.5,-4.5
0,19900,VELVETFRUIT_EXTRACT,,,5236.0,7,SELL,5236.0,5241.0,5238.5,-2.5,0.0,-5.0,False,False,50,8,7,9,1.5,-2.0,-1.5
0,20700,VELVETFRUIT_EXTRACT,,,5238.0,5,BUY,5233.0,5238.0,5235.5,2.5,5.0,0.0,False,False,0,5,4,6,-5.5,-3.5,-6.5
0,22500,VELVETFRUIT_EXTRACT,,,5234.0,4,SELL,5234.0,5239.0,5236.5,-2.5,0.0,-5.0,False,False,50,5,4,6,1.5,0.5,-1.5
0,23200,VELVETFRUIT_EXTRACT,,,5234.0,4,SELL,5234.0,5237.0,5235.5,-1.5,0.0,-3.0,False,False,50,5,4,6,3.5,-0.5,-0.5
0,26100,VELVETFRUIT_EXTRACT,,,5227.0,5,BUY,5225.0,5227.0,5226.0,1.0,2.0,0.0,True,False,50,5,4,6,2.5,6.5,2.0
0,27300,VELVETFRUIT_EXTRACT,,,5230.0,3,SELL,5230.0,5235.0,5232.5,-2.5,0.0,-5.0,False,False,50,3,3,3,2.5,0.5,-1.5
0,28400,VELVETFRUIT_EXTRACT,,,5230.0,8,SELL,5230.0,5236.0,5233.0,-3.0,0.0,-6.0,False,False,50,8,7,9,3.5,1.5,-0.5
0,29800,VELVETFRUIT_EXTRACT,,,5232.0,4,BUY,5227.0,5232.0,5229.5,2.5,5.0,0.0,False,False,5,5,4,6,0.5,-3.5,-0.5
0,33300,VELVETFRUIT_EXTRACT,,,5233.0,6,BUY,5228.0,5233.0,5230.5,2.5,5.0,0.0,False,False,50,5,4,6,-3.5,-1.5,0.5
0,36500,VELVETFRUIT_EXTRACT,,,5229.0,7,SELL,5229.0,5234.0,5231.5,-2.5,0.0,-5.0,False,False,0,8,7,9,2.5,3.5,2.5
0,36800,VELVETFRUIT_EXTRACT,,,5228.0,7,SELL,5228.0,5233.0,5230.5,-2.5,0.0,-5.0,False,False,0,8,7,9,5.5,4.5,2.5
0,37300,VELVETFRUIT_EXTRACT,,,5231.0,5,SELL,5231.0,5236.0,5233.5,-2.5,0.0,-5.0,False,False,0,5,4,6,4.0,0.5,1.5
0,38200,VELVETFRUIT_EXTRACT,,,5232.0,5,SELL,5232.0,5237.0,5234.5,-2.5,0.0,-5.0,False,False,0,5,4,6,1.5,0.5,1.5
0,38400,VELVETFRUIT_EXTRACT,,,5235.0,3,BUY,5230.0,5235.0,5232.5,2.5,5.0,0.0,False,False,0,3,3,3,-3.5,-2.0,-2.5
0,38700,VELVETFRUIT_EXTRACT,,,5236.0,6,BUY,5231.0,5236.0,5233.5,2.5,5.0,0.0,False,False,0,5,4,6,-4.5,-5.5,-2.5
0,39900,VELVETFRUIT_EXTRACT,,,5230.0,8,SELL,5230.0,5235.0,5232.5,-2.5,0.0,-5.0,False,False,20,8,7,9,3.0,-0.5,2.5
0,40500,VELVETFRUIT_EXTRACT,,,5232.0,7,SELL,5232.0,5235.0,5233.5,-1.5,0.0,-3.0,False,False,20,8,7,9,-1.5,-1.5,3.0
0,47900,VELVETFRUIT_EXTRACT,,,5234.0,4,SELL,5234.0,5239.0,5236.5,-2.5,0.0,-5.0,False,False,0,5,4,6,0.0,4.5,5.5
0,54300,VELVETFRUIT_EXTRACT,,,5239.0,4,SELL,5239.0,5244.0,5241.5,-2.5,0.0,-5.0,False,False,5,5,4,6,-0.5,6.5,5.5
0,54900,VELVETFRUIT_EXTRACT,,,5240.0,4,BUY,5235.0,5240.0,5237.5,2.5,5.0,0.0,False,False,50,5,4,6,-1.5,3.0,3.5
0,57500,VELVETFRUIT_EXTRACT,,,5246.0,4,BUY,5241.0,5246.0,5243.5,2.5,5.0,0.0,False,False,0,5,4,6,-1.5,-0.5,-8.0
0,61900,VELVETFRUIT_EXTRACT,,,5242.0,5,BUY,5237.0,5242.0,5239.5,2.5,5.0,0.0,False,False,0,5,4,6,-2.5,-1.5,-2.5
0,65600,VELVETFRUIT_EXTRACT,,,5238.0,8,BUY,5233.0,5238.0,5235.5,2.5,5.0,0.0,False,False,50,8,7,9,-2.0,-1.5,0.5
0,69200,VELVETFRUIT_EXTRACT,,,5239.0,8,SELL,5239.0,5242.0,5240.5,-1.5,0.0,-3.0,False,False,0,8,7,9,3.5,3.5,6.5
0,75500,VELVETFRUIT_EXTRACT,,,5243.0,6,BUY,5238.0,5243.0,5240.5,2.5,5.0,0.0,False,False,50,5,4,6,-2.5,1.0,7.5
0,75800,VELVETFRUIT_EXTRACT,,,5240.0,3,SELL,5240.0,5245.0,5242.5,-2.5,0.0,-5.0,False,False,0,3,3,3,4.0,4.5,12.0
0,76300,VELVETFRUIT_EXTRACT,,,5247.0,8,BUY,5241.0,5247.0,5244.0,3.0,6.0,0.0,False,False,50,8,7,9,-4.5,-2.5,5.5
0,79800,VELVETFRUIT_EXTRACT,,,5247.0,6,SELL,5247.0,5252.0,5249.5,-2.5,0.0,-5.0,False,False,50,5,4,6,1.0,7.0,-3.5
0,85300,VELVETFRUIT_EXTRACT,,,5245.0,6,BUY,5240.0,5245.0,5242.5,2.5,5.0,0.0,False,False,0,5,4,6,-4.0,-3.5,-8.5
0,85800,VELVETFRUIT_EXTRACT,,,5238.0,4,SELL,5238.0,5244.0,5241.0,-3.0,0.0,-6.0,False,False,50,5,4,6,3.5,-2.5,-2.5
0,86300,VELVETFRUIT_EXTRACT,,,5244.0,7,BUY,5239.0,5244.0,5241.5,2.5,5.0,0.0,False,False,0,8,7,9,-1.5,-8.0,-8.0
0,86800,VELVETFRUIT_EXTRACT,,,5245.0,6,BUY,5240.0,5245.0,5242.5,2.5,5.0,0.0,False,False,0,5,4,6,-3.5,-8.5,-12.5
0,89300,VELVETFRUIT_EXTRACT,,,5237.0,5,BUY,5232.0,5237.0,5234.5,2.5,5.0,0.0,False,False,0,5,4,6,-4.5,-1.0,-3.5
0,92600,VELVETFRUIT_EXTRACT,,,5232.0,5,BUY,5229.0,5232.0,5230.5,1.5,3.0,0.0,False,False,50,5,4,6,-0.5,4.5,4.0
0,100000,VELVETFRUIT_EXTRACT,,,5240.0,4,BUY,5235.0,5240.0,5237.5,2.5,5.0,0.0,False,False,0,5,4,6,-1.5,-4.5,-6.5
0,101800,VELVETFRUIT_EXTRACT,,,5241.0,4,BUY,5236.0,5241.0,5238.5,2.5,5.0,0.0,False,False,0,5,4,6,-2.0,-5.5,-6.5
0,102600,VELVETFRUIT_EXTRACT,,,5236.0,4,SELL,5236.0,5242.0,5239.0,-3.0,0.0,-6.0,False,False,50,5,4,6,1.0,-3.0,-5.5
0,104800,VELVETFRUIT_EXTRACT,,,5235.0,6,BUY,5229.0,5235.0,5232.0,3.0,6.0,0.0,False,False,0,5,4,6,-1.5,-0.5,-10.5
0,105600,VELVETFRUIT_EXTRACT,,,5235.0,12,BUY,5234.0,5235.0,5234.5,0.5,1.0,0.0,False,False,5,13,12,14,0.5,-4.5,-9.5
0,110200,VELVETFRUIT_EXTRACT,,,5224.0,5,SELL,5224.0,5227.0,5225.5,-1.5,0.0,-3.0,True,False,50,5,4,6,0.5,-1.5,-2.5
0,112900,VELVETFRUIT_EXTRACT,,,5224.0,5,BUY,5219.0,5224.0,5221.5,2.5,5.0,0.0,False,False,0,5,4,6,-3.0,-2.0,-5.5
0,117700,VELVETFRUIT_EXTRACT,,,5223.0,8,BUY,5218.0,5223.0,5220.5,2.5,5.0,0.0,True,False,50,8,7,9,-3.5,0.5,8.5
0,120900,VELVETFRUIT_EXTRACT,,,5219.0,5,SELL,5219.0,5225.0,5222.0,-3.0,0.0,-6.0,True,False,0,5,4,6,2.5,13.5,18.5
0,123200,VELVETFRUIT_EXTRACT,,,5230.0,5,SELL,5230.0,5235.0,5232.5,-2.5,0.0,-5.0,False,False,5,5,4,6,-0.5,6.5,11.5
0,127700,VELVETFRUIT_EXTRACT,,,5241.0,8,BUY,5236.0,5241.0,5238.5,2.5,5.0,0.0,False,False,50,8,7,9,0.5,-1.0,3.5
0,136700,VELVETFRUIT_EXTRACT,,,5239.0,3,BUY,5234.0,5239.0,5236.5,2.5,5.0,0.0,False,False,0,3,3,3,-5.0,-9.5,-7.5
0,140800,VELVETFRUIT_EXTRACT,,,5234.0,7,BUY,5229.0,5234.0,5231.5,2.5,5.0,0.0,False,False,0,8,7,9,-2.0,0.0,-6.5
0,141700,VELVETFRUIT_EXTRACT,,,5234.0,6,BUY,5229.0,5234.0,5231.5,2.5,5.0,0.0,False,False,0,5,4,6,-0.5,-4.5,-6.0
0,142400,VELVETFRUIT_EXTRACT,,,5231.0,5,SELL,5231.0,5236.0,5233.5,-2.5,0.0,-5.0,False,False,50,5,4,6,3.0,-1.5,-6.5
0,144100,VELVETFRUIT_EXTRACT,,,5227.0,7,SELL,5227.0,5232.0,5229.5,-2.5,0.0,-5.0,False,False,50,8,7,9,1.5,-0.5,-1.5
0,145100,VELVETFRUIT_EXTRACT,,,5228.0,5,BUY,5226.0,5228.0,5227.0,1.0,2.0,0.0,False,False,50,5,4,6,0.0,0.0,1.5
0,148100,VELVETFRUIT_EXTRACT,,,5223.0,3,SELL,5223.0,5228.0,5225.5,-2.5,0.0,-5.0,False,False,0,3,3,3,3.5,6.5,8.5
0,148700,VELVETFRUIT_EXTRACT,,,5223.0,8,SELL,5223.0,5228.0,5225.5,-2.5,0.0,-5.0,False,False,0,8,7,9,1.5,9.5,11.5
0,152200,VELVETFRUIT_EXTRACT,,,5237.0,3,BUY,5231.0,5237.0,5234.0,3.0,6.0,0.0,False,False,50,3,3,3,-1.5,2.0,3.5
0,152400,VELVETFRUIT_EXTRACT,,,5231.0,3,SELL,5231.0,5236.0,5233.5,-2.5,0.0,-5.0,False,False,0,3,3,3,1.5,8.0,12.5
0,156600,VELVETFRUIT_EXTRACT,,,5244.0,4,BUY,5239.0,5244.0,5241.5,2.5,5.0,0.0,False,False,50,5,4,6,-1.5,0.5,5.5
0,159000,VELVETFRUIT_EXTRACT,,,5249.0,6,BUY,5244.0,5249.0,5246.5,2.5,5.0,0.0,False,False,50,5,4,6,0.0,0.5,2.5
0,169400,VELVETFRUIT_EXTRACT,,,5253.0,6,BUY,5248.0,5253.0,5250.5,2.5,5.0,0.0,False,True,5,5,4,6,1.5,-0.5,-8.5
0,172800,VELVETFRUIT_EXTRACT,,,5252.0,3,BUY,5246.0,5252.0,5249.0,3.0,6.0,0.0,False,False,0,3,3,3,-3.0,-8.0,-11.5
0,173200,VELVETFRUIT_EXTRACT,,,5253.0,5,BUY,5248.0,5253.0,5250.5,2.5,5.0,0.0,False,False,0,5,4,6,-5.5,-10.5,-16.5
0,173900,VELVETFRUIT_EXTRACT,,,5245.0,5,SELL,5245.0,5250.0,5247.5,-2.5,0.0,-5.0,False,False,50,5,4,6,-0.5,-2.5,-4.5
0,178300,VELVETFRUIT_EXTRACT,,,5239.0,6,BUY,5234.0,5239.0,5236.5,2.5,5.0,0.0,False,False,50,5,4,6,0.5,0.5,1.5
0,178800,VELVETFRUIT_EXTRACT,,,5237.0,5,SELL,5237.0,5242.0,5239.5,-2.5,0.0,-5.0,False,False,20,5,4,6,4.5,-1.0,0.5
0,179500,VELVETFRUIT_EXTRACT,,,5236.0,3,SELL,5236.0,5241.0,5238.5,-2.5,0.0,-5.0,False,False,0,3,3,3,2.5,1.5,2.5
0,195800,VELVETFRUIT_EXTRACT,,,5234.0,8,BUY,5229.0,5234.0,5231.5,2.5,5.0,0.0,False,False,0,8,7,9,-2.5,-4.5,-1.5
0,196500,VELVETFRUIT_EXTRACT,,,5227.0,7,SELL,5227.0,5232.0,5229.5,-2.5,0.0,-5.0,False,False,20,8,7,9,-0.5,-1.0,4.5
0,199300,VELVETFRUIT_EXTRACT,,,5233.0,7,BUY,5227.0,5233.0,5230.0,3.0,6.0,0.0,False,False,0,8,7,9,-4.0,-0.5,-5.5
0,199700,VELVETFRUIT_EXTRACT,,,5227.0,4,SELL,5227.0,5232.0,5229.5,-2.5,0.0,-5.0,False,False,0,5,4,6,4.5,6.5,3.5
0,200700,VELVETFRUIT_EXTRACT,,,5235.0,7,BUY,5230.0,5235.0,5232.5,2.5,5.0,0.0,False,False,0,8,7,9,-2.5,-4.5,-6.5
0,201900,VELVETFRUIT_EXTRACT,,,5230.0,4,SELL,5230.0,5236.0,5233.0,-3.0,0.0,-6.0,False,False,50,5,4,6,2.5,-2.5,-4.0
0,202500,VELVETFRUIT_EXTRACT,,,5233.0,6,BUY,5228.0,5233.0,5230.5,2.5,5.0,0.0,False,False,0,5,4,6,-1.5,-4.5,-5.5
0,203600,VELVETFRUIT_EXTRACT,,,5229.0,10,BUY,5227.0,5229.0,5228.0,1.0,2.0,0.0,False,False,20,10,10,11,-1.5,0.5,-1.5
0,209400,VELVETFRUIT_EXTRACT,,,5231.0,5,BUY,5226.0,5231.0,5228.5,2.5,5.0,0.0,False,False,0,5,4,6,-0.5,-3.5,-10.5
0,210700,VELVETFRUIT_EXTRACT,,,5238.0,6,BUY,5233.0,5238.0,5235.5,2.5,5.0,0.0,False,False,0,5,4,6,-6.5,-18.5,-15.5
0,213100,VELVETFRUIT_EXTRACT,,,5224.0,6,BUY,5219.0,5224.0,5221.5,2.5,5.0,0.0,False,False,0,5,4,6,-3.5,-4.0,-1.5
0,213600,VELVETFRUIT_EXTRACT,,,5221.0,13,BUY,5220.0,5221.0,5220.5,0.5,1.0,0.0,False,False,50,13,12,14,0.5,1.5,0.5
0,216000,VELVETFRUIT_EXTRACT,,,5222.0,3,SELL,5222.0,5227.0,5224.5,-2.5,0.0,-5.0,False,False,0,3,3,3,1.5,0.5,5.5
0,216100,VELVETFRUIT_EXTRACT,,,5226.0,4,BUY,5221.0,5226.0,5223.5,2.5,5.0,0.0,False,False,50,5,4,6,-1.5,-3.5,0.5
0,216600,VELVETFRUIT_EXTRACT,,,5222.0,7,SELL,5222.0,5227.0,5224.5,-2.5,0.0,-5.0,False,False,20,8,7,9,3.5,-0.5,6.5
0,217200,VELVETFRUIT_EXTRACT,,,5227.0,4,BUY,5222.0,5227.0,5224.5,2.5,5.0,0.0,False,False,50,5,4,6,-3.0,-1.5,1.5
0,225900,VELVETFRUIT_EXTRACT,,,5235.0,5,BUY,5230.0,5235.0,5232.5,2.5,5.0,0.0,False,False,50,5,4,6,-2.5,2.5,0.5
0,227300,VELVETFRUIT_EXTRACT,,,5231.0,13,BUY,5230.0,5231.0,5230.5,0.5,1.0,0.0,False,False,50,13,12,14,5.5,0.0,7.5
0,227800,VELVETFRUIT_EXTRACT,,,5239.0,6,BUY,5234.0,5239.0,5236.5,2.5,5.0,0.0,False,False,0,5,4,6,-4.0,-5.5,-2.5
0,229700,VELVETFRUIT_EXTRACT,,,5237.0,7,BUY,5232.0,5237.0,5234.5,2.5,5.0,0.0,False,False,50,8,7,9,-2.5,0.5,4.0
0,231000,VELVETFRUIT_EXTRACT,,,5235.0,8,BUY,5234.0,5235.0,5234.5,0.5,1.0,0.0,False,False,20,8,7,9,0.5,4.5,-1.5
0,232700,VELVETFRUIT_EXTRACT,,,5234.0,3,SELL,5234.0,5239.0,5236.5,-2.5,0.0,-5.0,False,False,50,3,3,3,4.5,7.0,-3.5
0,235900,VELVETFRUIT_EXTRACT,,,5231.0,8,SELL,5231.0,5236.0,5233.5,-2.5,0.0,-5.0,False,False,20,8,7,9,3.5,-1.5,1.0
0,238700,VELVETFRUIT_EXTRACT,,,5233.0,6,BUY,5228.0,5233.0,5230.5,2.5,5.0,0.0,False,False,50,5,4,6,-1.5,0.5,8.5
0,239200,VELVETFRUIT_EXTRACT,,,5229.0,5,SELL,5229.0,5234.0,5231.5,-2.5,0.0,-5.0,False,False,0,5,4,6,4.5,1.5,12.5
0,242100,VELVETFRUIT_EXTRACT,,,5237.0,3,BUY,5232.0,5237.0,5234.5,2.5,5.0,0.0,False,False,50,3,3,3,-2.5,3.5,7.0
0,248500,VELVETFRUIT_EXTRACT,,,5241.0,8,SELL,5241.0,5246.0,5243.5,-2.5,0.0,-5.0,False,False,0,8,7,9,3.5,7.0,7.5
0,250200,VELVETFRUIT_EXTRACT,,,5244.0,7,SELL,5244.0,5250.0,5247.0,-3.0,0.0,-6.0,False,False,0,8,7,9,2.5,3.0,1.5
0,251800,VELVETFRUIT_EXTRACT,,,5249.0,4,BUY,5244.0,5249.0,5246.5,2.5,5.0,0.0,False,False,0,5,4,6,-1.0,-1.5,-9.5
0,256100,VELVETFRUIT_EXTRACT,,,5243.0,4,BUY,5238.0,5243.0,5240.5,2.5,5.0,0.0,False,False,0,5,4,6,-3.5,-4.5,-6.5
0,257100,VELVETFRUIT_EXTRACT,,,5245.0,7,BUY,5240.0,5245.0,5242.5,2.5,5.0,0.0,False,False,0,8,7,9,-4.0,-9.5,-3.0
0,260200,VELVETFRUIT_EXTRACT,,,5235.0,3,SELL,5235.0,5241.0,5238.0,-3.0,0.0,-6.0,False,False,0,3,3,3,1.5,8.5,8.5
0,265200,VELVETFRUIT_EXTRACT,,,5241.0,8,SELL,5241.0,5246.0,5243.5,-2.5,0.0,-5.0,False,False,0,8,7,9,3.0,0.0,6.5
0,265500,VELVETFRUIT_EXTRACT,,,5241.0,6,SELL,5241.0,5246.0,5243.5,-2.5,0.0,-5.0,False,False,20,5,4,6,2.5,-0.5,5.5
0,265900,VELVETFRUIT_EXTRACT,,,5242.0,8,SELL,5242.0,5247.0,5244.5,-2.5,0.0,-5.0,False,False,0,8,7,9,4.0,1.5,3.0
0,266000,VELVETFRUIT_EXTRACT,,,5241.0,8,SELL,5241.0,5246.0,5243.5,-2.5,0.0,-5.0,False,False,0,8,7,9,5.5,1.5,3.5
0,267500,VELVETFRUIT_EXTRACT,,,5238.0,8,SELL,5238.0,5243.0,5240.5,-2.5,0.0,-5.0,False,False,0,8,7,9,4.5,8.5,6.5
0,270900,VELVETFRUIT_EXTRACT,,,5242.0,8,SELL,5242.0,5248.0,5245.0,-3.0,0.0,-6.0,False,False,0,8,7,9,0.5,6.5,8.5
0,273700,VELVETFRUIT_EXTRACT,,,5251.0,3,BUY,5246.0,5251.0,5248.5,2.5,5.0,0.0,False,False,0,3,3,3,-0.5,-2.0,-6.5
0,277200,VELVETFRUIT_EXTRACT,,,5254.0,6,BUY,5249.0,5254.0,5251.5,2.5,5.0,0.0,False,True,0,5,4,6,-2.5,-14.5,-10.5
0,280600,VELVETFRUIT_EXTRACT,,,5238.0,8,SELL,5238.0,5243.0,5240.5,-2.5,0.0,-5.0,False,False,50,8,7,9,0.5,2.5,-1.5
0,281300,VELVETFRUIT_EXTRACT,,,5242.0,8,BUY,5239.0,5242.0,5240.5,1.5,3.0,0.0,False,False,0,8,7,9,0.0,-6.0,-3.5
0,282600,VELVETFRUIT_EXTRACT,,,5243.0,7,BUY,5238.0,5243.0,5240.5,2.5,5.0,0.0,False,False,0,8,7,9,-5.5,-7.5,-3.5
0,286800,VELVETFRUIT_EXTRACT,,,5232.0,6,SELL,5232.0,5237.0,5234.5,-2.5,0.0,-5.0,False,False,0,5,4,6,4.5,12.5,10.0
0,289500,VELVETFRUIT_EXTRACT,,,5250.0,7,BUY,5245.0,5250.0,5247.5,2.5,5.0,0.0,False,False,0,8,7,9,-2.5,-7.5,-6.5
0,291200,VELVETFRUIT_EXTRACT,,,5237.0,7,SELL,5237.0,5242.0,5239.5,-2.5,0.0,-5.0,False,False,0,8,7,9,8.0,7.5,6.5
0,292400,VELVETFRUIT_EXTRACT,,,5245.0,6,BUY,5240.0,5245.0,5242.5,2.5,5.0,0.0,False,False,50,5,4,6,-0.5,-1.5,2.5
0,293200,VELVETFRUIT_EXTRACT,,,5242.0,7,SELL,5242.0,5247.0,5244.5,-2.5,0.0,-5.0,False,False,0,8,7,9,1.5,1.5,7.0
0,297300,VELVETFRUIT_EXTRACT,,,5245.0,3,SELL,5245.0,5251.0,5248.0,-3.0,0.0,-6.0,False,False,0,3,3,3,3.5,11.5,13.5
0,297600,VELVETFRUIT_EXTRACT,,,5245.0,8,SELL,5245.0,5250.0,5247.5,-2.5,0.0,-5.0,False,False,0,8,7,9,4.5,10.5,13.0
0,297800,VELVETFRUIT_EXTRACT,,,5251.0,5,BUY,5246.0,5251.0,5248.5,2.5,5.0,0.0,False,False,50,5,4,6,-2.5,3.5,8.5
0,304700,VELVETFRUIT_EXTRACT,,,5255.0,4,BUY,5250.0,5255.0,5252.5,2.5,5.0,0.0,False,True,0,5,4,6,-2.5,-2.5,-2.5
0,305700,VELVETFRUIT_EXTRACT,,,5252.0,8,SELL,5252.0,5257.0,5254.5,-2.5,0.0,-5.0,False,False,0,8,7,9,0.0,1.5,3.0
0,310000,VELVETFRUIT_EXTRACT,,,5253.0,3,SELL,5253.0,5258.0,5255.5,-2.5,0.0,-5.0,False,False,0,3,3,3,0.5,2.5,7.0
0,321200,VELVETFRUIT_EXTRACT,,,5257.0,10,BUY,5255.0,5257.0,5256.0,1.0,2.0,0.0,False,True,50,10,10,11,1.5,1.5,11.5
0,323400,VELVETFRUIT_EXTRACT,,,5258.0,12,BUY,5257.0,5258.0,5257.5,0.5,1.0,0.0,False,True,50,13,12,14,-1.0,7.0,10.5
0,323900,VELVETFRUIT_EXTRACT,,,5258.0,7,BUY,5256.0,5258.0,5257.0,1.0,2.0,0.0,False,False,50,8,7,9,0.0,9.5,8.5
0,327600,VELVETFRUIT_EXTRACT,,,5269.0,3,SELL,5269.0,5274.0,5271.5,-2.5,0.0,-5.0,False,True,50,3,3,3,0.5,-3.5,-1.5
0,329500,VELVETFRUIT_EXTRACT,,,5266.0,10,BUY,5265.0,5266.0,5265.5,0.5,1.0,0.0,False,False,20,10,10,11,-1.0,2.5,-3.5
0,329700,VELVETFRUIT_EXTRACT,,,5265.0,3,SELL,5265.0,5270.0,5267.5,-2.5,0.0,-5.0,False,False,50,3,3,3,-0.5,3.5,-1.5
0,335400,VELVETFRUIT_EXTRACT,,,5266.0,8,BUY,5261.0,5266.0,5263.5,2.5,5.0,0.0,False,False,0,8,7,9,-2.0,-4.5,-9.5
0,338000,VELVETFRUIT_EXTRACT,,,5262.0,3,BUY,5257.0,5262.0,5259.5,2.5,5.0,0.0,False,False,0,3,3,3,-3.5,-3.5,-10.0
0,345400,VELVETFRUIT_EXTRACT,,,5250.0,8,SELL,5250.0,5255.0,5252.5,-2.5,0.0,-5.0,False,False,0,8,7,9,7.5,14.0,20.5
0,346300,VELVETFRUIT_EXTRACT,,,5262.0,8,BUY,5257.0,5262.0,5259.5,2.5,5.0,0.0,False,False,50,8,7,9,1.0,8.0,9.5
0,346400,VELVETFRUIT_EXTRACT,,,5258.0,3,SELL,5258.0,5263.0,5260.5,-2.5,0.0,-5.0,False,False,0,3,3,3,3.5,10.5,13.5
0,350700,VELVETFRUIT_EXTRACT,,,5276.0,6,BUY,5271.0,5276.0,5273.5,2.5,5.0,0.0,False,True,0,5,4,6,-4.0,-4.5,-1.5
0,351100,VELVETFRUIT_EXTRACT,,,5271.0,7,SELL,5271.0,5276.0,5273.5,-2.5,0.0,-5.0,False,False,0,8,7,9,4.5,0.5,2.5
0,352700,VELVETFRUIT_EXTRACT,,,5274.0,7,BUY,5269.0,5274.0,5271.5,2.5,5.0,0.0,False,False,0,8,7,9,-3.0,-2.5,-0.5
0,354000,VELVETFRUIT_EXTRACT,,,5270.0,3,SELL,5270.0,5275.0,5272.5,-2.5,0.0,-5.0,False,False,0,3,3,3,3.0,5.5,13.0
0,354400,VELVETFRUIT_EXTRACT,,,5271.0,4,SELL,5271.0,5276.0,5273.5,-2.5,0.0,-5.0,False,False,20,5,4,6,3.5,-0.5,9.5
0,359500,VELVETFRUIT_EXTRACT,,,5279.0,6,SELL,5279.0,5284.0,5281.5,-2.5,0.0,-5.0,False,True,50,5,4,6,4.0,2.5,-2.5
0,366300,VELVETFRUIT_EXTRACT,,,5279.0,7,BUY,5277.0,5278.0,5277.5,1.5,2.0,1.0,False,False,5,8,7,9,2.5,-4.5,-0.5
0,369900,VELVETFRUIT_EXTRACT,,,5274.0,8,SELL,5274.0,5279.0,5276.5,-2.5,0.0,-5.0,False,False,0,8,7,9,4.5,7.5,10.5
0,372300,VELVETFRUIT_EXTRACT,,,5279.0,9,BUY,5277.0,5279.0,5278.0,1.0,2.0,0.0,False,False,50,8,7,9,1.5,2.5,5.0
0,374900,VELVETFRUIT_EXTRACT,,,5287.0,3,BUY,5282.0,5287.0,5284.5,2.5,5.0,0.0,False,True,0,3,3,3,-3.5,-3.5,-15.0
0,376500,VELVETFRUIT_EXTRACT,,,5287.0,3,BUY,5282.0,5287.0,5284.5,2.5,5.0,0.0,False,False,0,3,3,3,-3.5,-13.5,-15.5
0,376700,VELVETFRUIT_EXTRACT,,,5286.0,8,BUY,5281.0,5286.0,5283.5,2.5,5.0,0.0,False,False,0,8,7,9,-2.5,-13.0,-14.5
0,381200,VELVETFRUIT_EXTRACT,,,5269.0,7,SELL,5269.0,5274.0,5271.5,-2.5,0.0,-5.0,False,False,50,8,7,9,2.5,6.0,-3.5
0,386500,VELVETFRUIT_EXTRACT,,,5271.0,3,BUY,5265.0,5271.0,5268.0,3.0,6.0,0.0,False,False,0,3,3,3,-1.5,-0.5,-5.5
0,387500,VELVETFRUIT_EXTRACT,,,5275.0,7,BUY,5270.0,5275.0,5272.5,2.5,5.0,0.0,False,False,0,8,7,9,-2.5,-5.5,-11.0
0,388000,VELVETFRUIT_EXTRACT,,,5275.0,4,BUY,5270.0,5275.0,5272.5,2.5,5.0,0.0,False,False,0,5,4,6,-4.5,-8.5,-12.5
0,389600,VELVETFRUIT_EXTRACT,,,5271.0,4,BUY,5266.0,5271.0,5268.5,2.5,5.0,0.0,False,False,0,5,4,6,-3.5,-5.0,-9.5
0,392600,VELVETFRUIT_EXTRACT,,,5266.0,8,BUY,5261.0,5266.0,5263.5,2.5,5.0,0.0,False,False,0,8,7,9,-4.5,-4.5,-3.5
0,394200,VELVETFRUIT_EXTRACT,,,5261.0,7,SELL,5261.0,5266.0,5263.5,-2.5,0.0,-5.0,False,False,5,8,7,9,-1.5,1.5,2.5
0,395500,VELVETFRUIT_EXTRACT,,,5261.0,3,SELL,5261.0,5266.0,5263.5,-2.5,0.0,-5.0,False,False,0,3,3,3,2.5,0.5,0.5
0,396900,VELVETFRUIT_EXTRACT,,,5263.0,10,BUY,5261.0,5263.0,5262.0,1.0,2.0,0.0,False,False,50,10,10,11,-2.0,0.5,2.5
0,397900,VELVETFRUIT_EXTRACT,,,5260.0,6,SELL,5260.0,5266.0,5263.0,-3.0,0.0,-6.0,False,False,50,5,4,6,1.5,-0.5,-3.5
0,399700,VELVETFRUIT_EXTRACT,,,5259.0,6,SELL,5259.0,5264.0,5261.5,-2.5,0.0,-5.0,False,False,0,5,4,6,1.5,5.5,3.5
0,404300,VELVETFRUIT_EXTRACT,,,5260.0,8,SELL,5260.0,5266.0,5263.0,-3.0,0.0,-6.0,False,False,0,8,7,9,2.5,4.5,12.5
0,405800,VELVETFRUIT_EXTRACT,,,5260.0,7,SELL,5260.0,5265.0,5262.5,-2.5,0.0,-5.0,False,False,0,8,7,9,4.5,10.5,11.5
0,407800,VELVETFRUIT_EXTRACT,,,5271.0,9,BUY,5270.0,5271.0,5270.5,0.5,1.0,0.0,False,False,20,8,7,9,-1.5,1.0,0.0
0,409600,VELVETFRUIT_EXTRACT,,,5269.0,6,SELL,5269.0,5274.0,5271.5,-2.5,0.0,-5.0,False,False,50,5,4,6,2.5,1.5,-5.0
0,414800,VELVETFRUIT_EXTRACT,,,5266.0,5,BUY,5261.0,5266.0,5263.5,2.5,5.0,0.0,False,False,5,5,4,6,0.5,-1.5,-4.5
0,417000,VELVETFRUIT_EXTRACT,,,5264.0,9,BUY,5263.0,5264.0,5263.5,0.5,1.0,0.0,False,False,50,8,7,9,-1.0,2.5,4.5
0,419500,VELVETFRUIT_EXTRACT,,,5262.0,5,SELL,5262.0,5267.0,5264.5,-2.5,0.0,-5.0,False,False,0,5,4,6,0.5,4.0,5.5
0,421200,VELVETFRUIT_EXTRACT,,,5270.0,5,BUY,5264.0,5270.0,5267.0,3.0,6.0,0.0,False,False,0,5,4,6,-5.0,-4.5,-5.5
0,423100,VELVETFRUIT_EXTRACT,,,5264.0,6,SELL,5264.0,5269.0,5266.5,-2.5,0.0,-5.0,False,False,50,5,4,6,0.5,1.5,-5.0
0,428200,VELVETFRUIT_EXTRACT,,,5256.0,8,SELL,5256.0,5261.0,5258.5,-2.5,0.0,-5.0,False,False,50,8,7,9,-0.5,-7.0,-7.5
0,429700,VELVETFRUIT_EXTRACT,,,5249.0,8,BUY,5247.0,5249.0,5248.0,1.0,2.0,0.0,False,False,20,8,7,9,0.0,2.0,-2.5
0,430800,VELVETFRUIT_EXTRACT,,,5252.0,4,BUY,5247.0,5252.0,5249.5,2.5,5.0,0.0,False,False,5,5,4,6,1.5,-5.5,-3.5
0,432000,VELVETFRUIT_EXTRACT,,,5249.0,8,BUY,5244.0,5249.0,5246.5,2.5,5.0,0.0,False,False,0,8,7,9,-4.5,-5.5,-2.5
0,433100,VELVETFRUIT_EXTRACT,,,5246.0,9,BUY,5245.0,5246.0,5245.5,0.5,1.0,0.0,False,False,50,8,7,9,-0.5,0.5,0.5
0,433500,VELVETFRUIT_EXTRACT,,,5248.0,3,BUY,5243.0,5248.0,5245.5,2.5,5.0,0.0,False,False,20,3,3,3,-4.5,1.5,-4.0
0,436600,VELVETFRUIT_EXTRACT,,,5249.0,8,BUY,5244.0,5249.0,5246.5,2.5,5.0,0.0,False,False,0,8,7,9,-1.5,-4.5,-5.5
0,437100,VELVETFRUIT_EXTRACT,,,5245.0,5,SELL,5245.0,5250.0,5247.5,-2.5,0.0,-5.0,False,False,0,5,4,6,5.0,0.0,0.5
0,440100,VELVETFRUIT_EXTRACT,,,5248.0,4,BUY,5243.0,5248.0,5245.5,2.5,5.0,0.0,False,False,50,5,4,6,-1.5,-2.5,5.0
0,442300,VELVETFRUIT_EXTRACT,,,5244.0,7,SELL,5244.0,5250.0,5247.0,-3.0,0.0,-6.0,False,False,0,8,7,9,0.5,7.0,6.5
0,448400,VELVETFRUIT_EXTRACT,,,5253.0,7,BUY,5247.0,5253.0,5250.0,3.0,6.0,0.0,False,False,0,8,7,9,-3.5,-7.5,-14.5
0,450100,VELVETFRUIT_EXTRACT,,,5242.0,5,SELL,5242.0,5248.0,5245.0,-3.0,0.0,-6.0,False,False,20,5,4,6,0.5,-1.5,2.5
0,450300,VELVETFRUIT_EXTRACT,,,5246.0,7,SELL,5246.0,5248.0,5247.0,-1.0,0.0,-2.0,False,False,50,8,7,9,-2.5,-7.5,-1.5
0,450500,VELVETFRUIT_EXTRACT,,,5243.0,6,BUY,5241.0,5243.0,5242.0,1.0,2.0,0.0,False,False,50,5,4,6,0.5,-4.5,2.0
0,452500,VELVETFRUIT_EXTRACT,,,5240.0,8,BUY,5237.0,5240.0,5238.5,1.5,3.0,0.0,False,False,20,8,7,9,-1.5,2.5,-2.0
0,453900,VELVETFRUIT_EXTRACT,,,5237.0,10,BUY,5235.0,5237.0,5236.0,1.0,2.0,0.0,False,False,50,10,10,11,3.5,7.0,2.5
0,454500,VELVETFRUIT_EXTRACT,,,5240.0,8,SELL,5240.0,5245.0,5242.5,-2.5,0.0,-5.0,False,False,50,8,7,9,4.5,0.5,-3.5
0,455600,VELVETFRUIT_EXTRACT,,,5241.0,4,SELL,5241.0,5247.0,5244.0,-3.0,0.0,-6.0,False,False,50,5,4,6,1.5,0.5,-6.5
0,456600,VELVETFRUIT_EXTRACT,,,5243.0,8,BUY,5238.0,5243.0,5240.5,2.5,5.0,0.0,False,False,0,8,7,9,-4.5,-3.5,-13.5
0,458100,VELVETFRUIT_EXTRACT,,,5237.0,8,SELL,5237.0,5243.0,5240.0,-3.0,0.0,-6.0,False,False,50,8,7,9,2.5,0.5,-6.5
0,463300,VELVETFRUIT_EXTRACT,,,5227.0,8,SELL,5227.0,5232.0,5229.5,-2.5,0.0,-5.0,False,False,0,8,7,9,4.5,4.5,5.5
0,463700,VELVETFRUIT_EXTRACT,,,5234.0,3,BUY,5228.0,5234.0,5231.0,3.0,6.0,0.0,False,False,0,3,3,3,-1.5,-3.5,-4.5
0,469900,VELVETFRUIT_EXTRACT,,,5233.0,3,BUY,5227.0,5233.0,5230.0,3.0,6.0,0.0,False,False,50,3,3,3,-3.5,1.5,1.0
0,470500,VELVETFRUIT_EXTRACT,,,5232.0,5,BUY,5227.0,5232.0,5229.5,2.5,5.0,0.0,False,False,20,5,4,6,-2.5,4.5,-0.5
0,471100,VELVETFRUIT_EXTRACT,,,5231.0,6,BUY,5226.0,5231.0,5228.5,2.5,5.0,0.0,False,False,50,5,4,6,3.0,2.5,5.5
0,472600,VELVETFRUIT_EXTRACT,,,5233.0,7,SELL,5233.0,5238.0,5235.5,-2.5,0.0,-5.0,False,False,20,8,7,9,0.5,-2.0,0.0
0,472700,VELVETFRUIT_EXTRACT,,,5234.0,6,SELL,5234.0,5239.0,5236.5,-2.5,0.0,-5.0,False,False,50,5,4,6,1.0,-2.5,-1.5
0,474000,VELVETFRUIT_EXTRACT,,,5238.0,7,BUY,5233.0,5238.0,5235.5,2.5,5.0,0.0,False,False,0,8,7,9,-4.5,-4.5,-2.5
0,474600,VELVETFRUIT_EXTRACT,,,5232.0,9,BUY,5230.0,5232.0,5231.0,1.0,2.0,0.0,False,False,50,8,7,9,2.5,7.0,7.5
0,476800,VELVETFRUIT_EXTRACT,,,5240.0,8,BUY,5235.0,5240.0,5237.5,2.5,5.0,0.0,False,False,50,8,7,9,-3.5,-4.0,5.5
0,478700,VELVETFRUIT_EXTRACT,,,5234.0,3,SELL,5234.0,5239.0,5236.5,-2.5,0.0,-5.0,False,False,0,3,3,3,2.5,9.5,14.0
0,482700,VELVETFRUIT_EXTRACT,,,5251.0,7,BUY,5246.0,5251.0,5248.5,2.5,5.0,0.0,False,False,0,8,7,9,-3.5,-8.5,-8.0
0,483100,VELVETFRUIT_EXTRACT,,,5247.0,3,SELL,5247.0,5252.0,5249.5,-2.5,0.0,-5.0,False,False,50,3,3,3,0.5,-5.5,-3.5
0,488600,VELVETFRUIT_EXTRACT,,,5244.0,5,BUY,5238.0,5244.0,5241.0,3.0,6.0,0.0,False,False,0,5,4,6,-2.5,-4.5,-5.5
0,491300,VELVETFRUIT_EXTRACT,,,5234.0,4,BUY,5232.0,5234.0,5233.0,1.0,2.0,0.0,False,False,50,5,4,6,3.5,3.0,9.5
0,491300,VELVETFRUIT_EXTRACT,,,5234.0,3,BUY,5232.0,5234.0,5233.0,1.0,2.0,0.0,False,False,50,3,3,3,3.5,3.0,9.5
0,491600,VELVETFRUIT_EXTRACT,,,5238.0,3,BUY,5233.0,5238.0,5235.5,2.5,5.0,0.0,False,False,50,3,3,3,-1.5,0.5,6.5
0,493600,VELVETFRUIT_EXTRACT,,,5241.0,5,BUY,5236.0,5241.0,5238.5,2.5,5.0,0.0,False,False,50,5,4,6,0.5,-1.5,3.5
0,494100,VELVETFRUIT_EXTRACT,,,5244.0,6,BUY,5239.0,5244.0,5241.5,2.5,5.0,0.0,False,False,50,5,4,6,-2.0,-3.5,4.0
0,495200,VELVETFRUIT_EXTRACT,,,5242.0,7,BUY,5237.0,5242.0,5239.5,2.5,5.0,0.0,False,False,50,8,7,9,-0.5,3.5,5.5
0,499400,VELVETFRUIT_EXTRACT,,,5247.0,7,SELL,5247.0,5253.0,5250.0,-3.0,0.0,-6.0,False,False,50,8,7,9,2.5,-3.5,-8.5
0,501100,VELVETFRUIT_EXTRACT,,,5246.0,6,BUY,5241.0,5246.0,5243.5,2.5,5.0,0.0,False,False,0,5,4,6,-2.0,-6.5,-3.0
0,502700,VELVETFRUIT_EXTRACT,,,5243.0,6,BUY,5238.0,5243.0,5240.5,2.5,5.0,0.0,False,False,0,5,4,6,-4.5,-4.5,-6.5
0,507500,VELVETFRUIT_EXTRACT,,,5231.0,6,SELL,5231.0,5237.0,5234.0,-3.0,0.0,-6.0,False,False,50,5,4,6,2.0,-2.5,-3.5
0,512300,VELVETFRUIT_EXTRACT,,,5225.0,7,SELL,5225.0,5230.0,5227.5,-2.5,0.0,-5.0,False,False,0,8,7,9,3.5,1.5,7.5
0,513300,VELVETFRUIT_EXTRACT,,,5225.0,10,BUY,5223.0,5225.0,5224.0,1.0,2.0,0.0,False,False,50,10,10,11,3.5,1.5,12.5
0,513900,VELVETFRUIT_EXTRACT,,,5232.0,7,BUY,5227.0,5232.0,5229.5,2.5,5.0,0.0,False,False,50,8,7,9,-5.0,-7.0,9.5
0,515500,VELVETFRUIT_EXTRACT,,,5225.0,7,BUY,5223.0,5225.0,5224.0,1.0,2.0,0.0,False,False,50,8,7,9,2.5,8.0,21.5
0,515800,VELVETFRUIT_EXTRACT,,,5228.0,4,BUY,5226.0,5228.0,5227.0,1.0,2.0,0.0,False,False,50,5,4,6,-0.5,6.5,19.0
0,518000,VELVETFRUIT_EXTRACT,,,5234.0,7,SELL,5234.0,5239.0,5236.5,-2.5,0.0,-5.0,False,False,0,8,7,9,5.5,10.5,19.5
0,519600,VELVETFRUIT_EXTRACT,,,5241.0,5,SELL,5241.0,5246.0,5243.5,-2.5,0.0,-5.0,False,False,0,5,4,6,2.5,9.5,11.5
0,520200,VELVETFRUIT_EXTRACT,,,5243.0,4,SELL,5243.0,5248.0,5245.5,-2.5,0.0,-5.0,False,False,0,5,4,6,4.0,8.5,11.5
0,521000,VELVETFRUIT_EXTRACT,,,5246.0,5,SELL,5246.0,5252.0,5249.0,-3.0,0.0,-6.0,False,False,0,5,4,6,5.0,7.5,8.5
0,521500,VELVETFRUIT_EXTRACT,,,5248.0,4,SELL,5248.0,5254.0,5251.0,-3.0,0.0,-6.0,False,False,0,5,4,6,2.5,3.5,9.5
0,522400,VELVETFRUIT_EXTRACT,,,5249.0,7,SELL,5249.0,5254.0,5251.5,-2.5,0.0,-5.0,False,False,0,8,7,9,6.5,2.5,6.5
0,523200,VELVETFRUIT_EXTRACT,,,5255.0,8,BUY,5250.0,5255.0,5252.5,2.5,5.0,0.0,False,False,50,8,7,9,-3.5,-0.5,3.5
0,525700,VELVETFRUIT_EXTRACT,,,5257.0,8,BUY,5254.0,5257.0,5255.5,1.5,3.0,0.0,False,False,50,8,7,9,-2.5,-1.5,2.5
0,530400,VELVETFRUIT_EXTRACT,,,5263.0,7,BUY,5258.0,5263.0,5260.5,2.5,5.0,0.0,False,False,0,8,7,9,-7.0,-6.5,-9.5
0,531300,VELVETFRUIT_EXTRACT,,,5255.0,10,BUY,5253.0,5255.0,5254.0,1.0,2.0,0.0,False,False,20,10,10,11,2.0,0.5,-4.5
0,535000,VELVETFRUIT_EXTRACT,,,5249.0,3,SELL,5249.0,5255.0,5252.0,-3.0,0.0,-6.0,False,False,50,3,3,3,5.5,1.5,-5.5
0,535900,VELVETFRUIT_EXTRACT,,,5253.0,7,BUY,5251.0,5253.0,5252.0,1.0,2.0,0.0,False,False,0,8,7,9,-2.5,-7.5,-7.5
0,537500,VELVETFRUIT_EXTRACT,,,5247.0,8,SELL,5247.0,5253.0,5250.0,-3.0,0.0,-6.0,False,False,50,8,7,9,-0.5,-8.5,-2.0
0,540100,VELVETFRUIT_EXTRACT,,,5246.0,7,BUY,5241.0,5246.0,5243.5,2.5,5.0,0.0,False,False,0,8,7,9,-0.5,-1.5,-7.5
0,542600,VELVETFRUIT_EXTRACT,,,5249.0,7,BUY,5243.0,5249.0,5246.0,3.0,6.0,0.0,False,False,0,8,7,9,-5.5,-12.0,-10.0
0,543200,VELVETFRUIT_EXTRACT,,,5241.0,8,SELL,5241.0,5246.0,5243.5,-2.5,0.0,-5.0,False,False,20,8,7,9,-1.5,-3.5,3.5
0,546200,VELVETFRUIT_EXTRACT,,,5243.0,5,BUY,5238.0,5243.0,5240.5,2.5,5.0,0.0,False,False,50,5,4,6,-2.5,1.5,3.5
0,547100,VELVETFRUIT_EXTRACT,,,5240.0,12,BUY,5238.0,5240.0,5239.0,1.0,2.0,0.0,False,False,50,13,12,14,-1.0,3.0,3.5
0,547400,VELVETFRUIT_EXTRACT,,,5238.0,3,SELL,5238.0,5243.0,5240.5,-2.5,0.0,-5.0,False,False,0,3,3,3,3.5,4.5,8.5
0,548900,VELVETFRUIT_EXTRACT,,,5241.0,3,BUY,5239.0,5241.0,5240.0,1.0,2.0,0.0,False,False,50,3,3,3,1.5,4.5,1.5
0,550400,VELVETFRUIT_EXTRACT,,,5243.0,9,BUY,5241.0,5243.0,5242.0,1.0,2.0,0.0,False,False,20,8,7,9,2.5,3.5,-6.0
0,551200,VELVETFRUIT_EXTRACT,,,5244.0,4,SELL,5244.0,5249.0,5246.5,-2.5,0.0,-5.0,False,False,50,5,4,6,-0.5,-0.5,-2.5
0,552800,VELVETFRUIT_EXTRACT,,,5248.0,7,BUY,5243.0,5248.0,5245.5,2.5,5.0,0.0,False,False,0,8,7,9,-4.0,-6.5,-13.5
0,553800,VELVETFRUIT_EXTRACT,,,5242.0,15,BUY,5241.0,5242.0,5241.5,0.5,1.0,0.0,False,False,5,15,15,15,0.5,-1.5,-6.5
0,554300,VELVETFRUIT_EXTRACT,,,5240.0,3,SELL,5240.0,5245.0,5242.5,-2.5,0.0,-5.0,False,False,50,3,3,3,1.5,0.5,-4.0
0,559100,VELVETFRUIT_EXTRACT,,,5235.0,7,SELL,5235.0,5237.0,5236.0,-1.0,0.0,-2.0,False,False,0,8,7,9,0.5,2.5,3.5
0,560800,VELVETFRUIT_EXTRACT,,,5238.0,4,BUY,5233.0,5238.0,5235.5,2.5,5.0,0.0,False,False,50,5,4,6,-3.0,-1.0,1.5
0,566400,VELVETFRUIT_EXTRACT,,,5246.0,6,BUY,5240.0,5246.0,5243.0,3.0,6.0,0.0,False,False,20,5,4,6,0.5,4.0,-3.0
0,568200,VELVETFRUIT_EXTRACT,,,5247.0,7,SELL,5247.0,5252.0,5249.5,-2.5,0.0,-5.0,False,False,50,8,7,9,5.5,5.0,-3.5
0,569000,VELVETFRUIT_EXTRACT,,,5254.0,8,BUY,5248.0,5254.0,5251.0,3.0,6.0,0.0,False,False,0,8,7,9,-4.5,-6.5,-11.5
0,571700,VELVETFRUIT_EXTRACT,,,5249.0,8,BUY,5244.0,5249.0,5246.5,2.5,5.0,0.0,False,False,0,8,7,9,-1.5,-2.5,-10.0
0,574400,VELVETFRUIT_EXTRACT,,,5239.0,5,SELL,5239.0,5244.0,5241.5,-2.5,0.0,-5.0,False,False,0,5,4,6,2.0,1.5,3.5
0,579000,VELVETFRUIT_EXTRACT,,,5244.0,5,BUY,5239.0,5244.0,5241.5,2.5,5.0,0.0,False,False,0,5,4,6,-0.5,-0.5,-5.5
0,579200,VELVETFRUIT_EXTRACT,,,5240.0,4,SELL,5240.0,5245.0,5242.5,-2.5,0.0,-5.0,False,False,0,5,4,6,3.5,4.5,0.5
0,579800,VELVETFRUIT_EXTRACT,,,5245.0,6,BUY,5240.0,5245.0,5242.5,2.5,5.0,0.0,False,False,0,5,4,6,-0.5,-2.5,-5.0
0,581000,VELVETFRUIT_EXTRACT,,,5241.0,7,SELL,5241.0,5246.0,5243.5,-2.5,0.0,-5.0,False,False,50,8,7,9,2.5,-4.5,-3.5
0,584300,VELVETFRUIT_EXTRACT,,,5237.0,8,SELL,5237.0,5243.0,5240.0,-3.0,0.0,-6.0,False,False,0,8,7,9,3.0,1.0,5.0
0,585100,VELVETFRUIT_EXTRACT,,,5246.0,6,BUY,5241.0,5246.0,5243.5,2.5,5.0,0.0,False,False,0,5,4,6,-7.5,-4.5,-1.5
0,585800,VELVETFRUIT_EXTRACT,,,5233.0,6,SELL,5233.0,5239.0,5236.0,-3.0,0.0,-6.0,False,False,0,5,4,6,5.0,7.0,6.5
0,592500,VELVETFRUIT_EXTRACT,,,5248.0,10,BUY,5246.0,5248.0,5247.0,1.0,2.0,0.0,False,False,0,10,10,11,-0.5,-0.5,-1.5
0,593200,VELVETFRUIT_EXTRACT,,,5249.0,3,BUY,5244.0,5249.0,5246.5,2.5,5.0,0.0,False,False,20,3,3,3,-2.5,1.0,-0.5
0,599000,VELVETFRUIT_EXTRACT,,,5252.0,3,BUY,5247.0,5252.0,5249.5,2.5,5.0,0.0,False,False,0,3,3,3,-3.0,-6.5,-12.5
0,604600,VELVETFRUIT_EXTRACT,,,5243.0,7,BUY,5238.0,5243.0,5240.5,2.5,5.0,0.0,False,False,0,8,7,9,-5.5,-5.5,-5.5
0,605600,VELVETFRUIT_EXTRACT,,,5239.0,5,BUY,5234.0,5239.0,5236.5,2.5,5.0,0.0,False,False,0,5,4,6,-1.5,-1.0,-1.5
0,606800,VELVETFRUIT_EXTRACT,,,5236.0,3,SELL,5236.0,5241.0,5238.5,-2.5,0.0,-5.0,False,False,0,3,3,3,1.5,2.5,0.5
0,608000,VELVETFRUIT_EXTRACT,,,5236.0,8,SELL,5236.0,5241.0,5238.5,-2.5,0.0,-5.0,False,False,50,8,7,9,4.0,1.5,-0.5
0,618000,VELVETFRUIT_EXTRACT,,,5228.0,6,SELL,5228.0,5233.0,5230.5,-2.5,0.0,-5.0,False,False,50,5,4,6,0.5,-1.0,-6.5
0,620400,VELVETFRUIT_EXTRACT,,,5224.0,4,SELL,5224.0,5229.0,5226.5,-2.5,0.0,-5.0,False,False,50,5,4,6,0.5,-1.5,-1.5
0,621900,VELVETFRUIT_EXTRACT,,,5225.0,8,BUY,5220.0,5225.0,5222.5,2.5,5.0,0.0,False,False,0,8,7,9,-2.5,-5.5,-5.5
0,622700,VELVETFRUIT_EXTRACT,,,5220.0,7,SELL,5220.0,5225.0,5222.5,-2.5,0.0,-5.0,False,False,50,8,7,9,1.5,0.5,-2.5
0,623300,VELVETFRUIT_EXTRACT,,,5218.0,3,SELL,5218.0,5223.0,5220.5,-2.5,0.0,-5.0,True,False,0,3,3,3,2.0,5.5,1.5
0,624800,VELVETFRUIT_EXTRACT,,,5220.0,6,BUY,5218.0,5220.0,5219.0,1.0,2.0,0.0,False,False,50,5,4,6,3.5,-0.5,4.5
0,629100,VELVETFRUIT_EXTRACT,,,5220.0,4,SELL,5220.0,5225.0,5222.5,-2.5,0.0,-5.0,False,False,0,5,4,6,4.5,4.5,8.5
0,635000,VELVETFRUIT_EXTRACT,,,5228.0,5,BUY,5223.0,5228.0,5225.5,2.5,5.0,0.0,False,False,50,5,4,6,-2.5,0.5,3.5
0,636500,VELVETFRUIT_EXTRACT,,,5225.0,3,SELL,5225.0,5230.0,5227.5,-2.5,0.0,-5.0,False,False,0,3,3,3,3.5,5.5,4.5
0,637800,VELVETFRUIT_EXTRACT,,,5232.0,4,BUY,5227.0,5232.0,5229.5,2.5,5.0,0.0,False,False,0,5,4,6,-1.0,-1.5,-3.0
0,639800,VELVETFRUIT_EXTRACT,,,5233.0,5,BUY,5228.0,5233.0,5230.5,2.5,5.0,0.0,False,False,0,5,4,6,-1.5,-2.5,-3.5
0,641600,VELVETFRUIT_EXTRACT,,,5229.0,8,SELL,5229.0,5234.0,5231.5,-2.5,0.0,-5.0,False,False,0,8,7,9,2.5,1.5,1.0
0,641800,VELVETFRUIT_EXTRACT,,,5233.0,6,BUY,5228.0,5233.0,5230.5,2.5,5.0,0.0,False,False,0,5,4,6,-1.5,-2.0,-3.0
0,642400,VELVETFRUIT_EXTRACT,,,5227.0,8,SELL,5227.0,5232.0,5229.5,-2.5,0.0,-5.0,False,False,0,8,7,9,3.5,1.5,0.5
0,642700,VELVETFRUIT_EXTRACT,,,5229.0,13,BUY,5228.0,5229.0,5228.5,0.5,1.0,0.0,False,False,20,13,12,14,2.0,1.5,-2.5
0,644700,VELVETFRUIT_EXTRACT,,,5233.0,4,BUY,5228.0,5233.0,5230.5,2.5,5.0,0.0,False,False,0,5,4,6,-6.5,-2.5,-4.5
0,645200,VELVETFRUIT_EXTRACT,,,5224.0,7,SELL,5224.0,5229.0,5226.5,-2.5,0.0,-5.0,False,False,0,8,7,9,3.5,3.5,7.5
0,646800,VELVETFRUIT_EXTRACT,,,5233.0,5,BUY,5227.0,5233.0,5230.0,3.0,6.0,0.0,False,False,0,5,4,6,-7.0,-8.5,-2.5
0,648100,VELVETFRUIT_EXTRACT,,,5228.0,3,BUY,5223.0,5228.0,5225.5,2.5,5.0,0.0,False,False,50,3,3,3,-4.5,3.0,5.5
0,650900,VELVETFRUIT_EXTRACT,,,5227.0,4,SELL,5227.0,5233.0,5230.0,-3.0,0.0,-6.0,False,False,0,5,4,6,5.0,6.5,4.5
0,655000,VELVETFRUIT_EXTRACT,,,5231.0,5,SELL,5231.0,5236.0,5233.5,-2.5,0.0,-5.0,False,False,0,5,4,6,2.0,3.5,8.5
0,663300,VELVETFRUIT_EXTRACT,,,5245.0,3,BUY,5240.0,5245.0,5242.5,2.5,5.0,0.0,False,False,0,3,3,3,-2.5,-0.5,-2.5
0,663600,VELVETFRUIT_EXTRACT,,,5242.0,5,SELL,5242.0,5245.0,5243.5,-1.5,0.0,-3.0,False,False,50,5,4,6,0.5,-0.5,-0.5
0,668300,VELVETFRUIT_EXTRACT,,,5245.0,4,BUY,5240.0,5245.0,5242.5,2.5,5.0,0.0,False,False,0,5,4,6,-3.5,-7.5,-3.5
0,669000,VELVETFRUIT_EXTRACT,,,5238.0,6,SELL,5238.0,5244.0,5241.0,-3.0,0.0,-6.0,False,False,0,5,4,6,2.5,4.5,0.5
0,672800,VELVETFRUIT_EXTRACT,,,5243.0,4,BUY,5238.0,5243.0,5240.5,2.5,5.0,0.0,False,False,0,5,4,6,-1.5,-9.5,-7.0
0,676600,VELVETFRUIT_EXTRACT,,,5237.0,6,BUY,5232.0,5237.0,5234.5,2.5,5.0,0.0,False,False,50,5,4,6,-3.0,1.5,1.5
0,678200,VELVETFRUIT_EXTRACT,,,5236.0,11,BUY,5235.0,5236.0,5235.5,0.5,1.0,0.0,False,False,50,10,10,11,2.5,4.0,2.5
0,679600,VELVETFRUIT_EXTRACT,,,5244.0,4,BUY,5239.0,5244.0,5241.5,2.5,5.0,0.0,False,False,0,5,4,6,-2.0,-5.5,-3.0
0,680000,VELVETFRUIT_EXTRACT,,,5240.0,9,BUY,5238.0,5240.0,5239.0,1.0,2.0,0.0,False,False,50,8,7,9,-1.5,-0.5,5.0
0,680300,VELVETFRUIT_EXTRACT,,,5243.0,7,BUY,5238.0,5243.0,5240.5,2.5,5.0,0.0,False,False,50,8,7,9,-2.5,-4.5,2.5
0,682000,VELVETFRUIT_EXTRACT,,,5237.0,4,SELL,5237.0,5242.0,5239.5,-2.5,0.0,-5.0,False,False,20,5,4,6,3.0,-2.5,10.5
0,683300,VELVETFRUIT_EXTRACT,,,5234.0,3,SELL,5234.0,5239.0,5236.5,-2.5,0.0,-5.0,False,False,0,3,3,3,0.5,11.5,9.5
0,685500,VELVETFRUIT_EXTRACT,,,5244.0,5,BUY,5242.0,5244.0,5243.0,1.0,2.0,0.0,False,False,50,5,4,6,-0.5,3.5,7.5
0,687700,VELVETFRUIT_EXTRACT,,,5244.0,9,BUY,5243.0,5244.0,5243.5,0.5,1.0,0.0,False,False,50,8,7,9,0.5,1.5,5.0
0,688200,VELVETFRUIT_EXTRACT,,,5243.0,5,SELL,5243.0,5246.0,5244.5,-1.5,0.0,-3.0,False,False,0,5,4,6,0.5,6.5,5.5
0,690600,VELVETFRUIT_EXTRACT,,,5248.0,13,BUY,5247.0,5248.0,5247.5,0.5,1.0,0.0,False,False,20,13,12,14,0.5,0.5,-1.0
0,693500,VELVETFRUIT_EXTRACT,,,5249.0,6,BUY,5243.0,5249.0,5246.0,3.0,6.0,0.0,False,False,50,5,4,6,-1.5,0.0,4.5
0,693900,VELVETFRUIT_EXTRACT,,,5251.0,3,BUY,5246.0,5251.0,5248.5,2.5,5.0,0.0,False,False,50,3,3,3,-4.0,-2.5,1.5
0,696200,VELVETFRUIT_EXTRACT,,,5251.0,5,BUY,5246.0,5251.0,5248.5,2.5,5.0,0.0,False,False,50,5,4,6,-2.5,0.5,2.5
0,696300,VELVETFRUIT_EXTRACT,,,5251.0,6,BUY,5248.0,5251.0,5249.5,1.5,3.0,0.0,False,False,50,5,4,6,-2.5,1.5,3.5
0,696800,VELVETFRUIT_EXTRACT,,,5251.0,5,BUY,5246.0,5251.0,5248.5,2.5,5.0,0.0,False,False,50,5,4,6,-1.0,1.5,7.0
0,707600,VELVETFRUIT_EXTRACT,,,5253.0,6,BUY,5248.0,5253.0,5250.5,2.5,5.0,0.0,False,False,0,5,4,6,-3.5,-2.0,-5.5
0,708700,VELVETFRUIT_EXTRACT,,,5258.0,3,BUY,5253.0,5258.0,5255.5,2.5,5.0,0.0,False,False,0,3,3,3,-4.5,-8.5,-12.5
0,710400,VELVETFRUIT_EXTRACT,,,5252.0,3,BUY,5247.0,5252.0,5249.5,2.5,5.0,0.0,False,False,0,3,3,3,-2.5,-6.5,0.0
0,711900,VELVETFRUIT_EXTRACT,,,5251.0,3,BUY,5246.0,5251.0,5248.5,2.5,5.0,0.0,False,False,50,3,3,3,-5.5,-5.0,4.5
0,712900,VELVETFRUIT_EXTRACT,,,5250.0,6,BUY,5244.0,5250.0,5247.0,3.0,6.0,0.0,False,False,50,5,4,6,-7.0,2.5,7.5
0,715500,VELVETFRUIT_EXTRACT,,,5249.0,4,SELL,5249.0,5255.0,5252.0,-3.0,0.0,-6.0,False,False,0,5,4,6,2.5,8.5,4.0
0,715600,VELVETFRUIT_EXTRACT,,,5249.0,5,SELL,5249.0,5254.0,5251.5,-2.5,0.0,-5.0,False,False,0,5,4,6,3.5,9.5,4.5
0,719300,VELVETFRUIT_EXTRACT,,,5250.0,7,SELL,5250.0,5255.0,5252.5,-2.5,0.0,-5.0,False,False,0,8,7,9,1.5,3.5,17.5
0,719900,VELVETFRUIT_EXTRACT,,,5250.0,5,SELL,5250.0,5255.0,5252.5,-2.5,0.0,-5.0,False,False,0,5,4,6,2.5,2.5,19.0
0,725000,VELVETFRUIT_EXTRACT,,,5266.0,4,SELL,5266.0,5271.0,5268.5,-2.5,0.0,-5.0,False,False,0,5,4,6,0.5,5.0,6.5
0,727400,VELVETFRUIT_EXTRACT,,,5270.0,6,BUY,5268.0,5270.0,5269.0,1.0,2.0,0.0,False,False,5,5,4,6,1.5,-1.5,-2.0
0,731500,VELVETFRUIT_EXTRACT,,,5275.0,7,BUY,5270.0,5275.0,5272.5,2.5,5.0,0.0,False,False,0,8,7,9,-6.0,-5.5,-3.5
0,732700,VELVETFRUIT_EXTRACT,,,5268.0,8,SELL,5268.0,5273.0,5270.5,-2.5,0.0,-5.0,False,False,50,8,7,9,2.5,1.5,-1.5
0,735800,VELVETFRUIT_EXTRACT,,,5269.0,3,SELL,5269.0,5272.0,5270.5,-1.5,0.0,-3.0,False,False,50,3,3,3,1.5,-2.0,-0.5
0,741100,VELVETFRUIT_EXTRACT,,,5269.0,9,BUY,5267.0,5269.0,5268.0,1.0,2.0,0.0,False,False,50,8,7,9,-1.5,-2.0,2.5
0,744700,VELVETFRUIT_EXTRACT,,,5272.0,6,BUY,5269.0,5272.0,5270.5,1.5,3.0,0.0,False,False,50,5,4,6,-2.0,0.5,5.5
0,746600,VELVETFRUIT_EXTRACT,,,5269.0,7,SELL,5269.0,5274.0,5271.5,-2.5,0.0,-5.0,False,False,0,8,7,9,3.5,5.5,14.0
0,746800,VELVETFRUIT_EXTRACT,,,5275.0,4,BUY,5270.0,5275.0,5272.5,2.5,5.0,0.0,False,False,50,5,4,6,-2.5,-0.5,8.5
0,748000,VELVETFRUIT_EXTRACT,,,5278.0,7,BUY,5272.0,5278.0,5275.0,3.0,6.0,0.0,False,False,0,8,7,9,-3.5,-0.5,-1.5
0,750300,VELVETFRUIT_EXTRACT,,,5279.0,6,BUY,5274.0,5279.0,5276.5,2.5,5.0,0.0,False,False,20,5,4,6,-1.5,1.0,-10.5
0,756100,VELVETFRUIT_EXTRACT,,,5270.0,14,BUY,5268.0,5270.0,5269.0,1.0,2.0,0.0,False,False,20,13,12,14,-3.5,2.5,-14.0
0,758600,VELVETFRUIT_EXTRACT,,,5275.0,3,BUY,5269.0,5275.0,5272.0,3.0,6.0,0.0,False,False,0,3,3,3,-5.5,-17.0,-18.5
0,758800,VELVETFRUIT_EXTRACT,,,5273.0,6,BUY,5268.0,5273.0,5270.5,2.5,5.0,0.0,False,False,0,5,4,6,-3.5,-15.5,-16.5
0,761600,VELVETFRUIT_EXTRACT,,,5259.0,4,BUY,5253.0,5259.0,5256.0,3.0,6.0,0.0,False,False,50,5,4,6,-1.5,-2.5,0.5
0,764300,VELVETFRUIT_EXTRACT,,,5258.0,7,BUY,5253.0,5258.0,5255.5,2.5,5.0,0.0,False,False,20,8,7,9,0.5,2.0,-0.5
0,770000,VELVETFRUIT_EXTRACT,,,5265.0,3,BUY,5260.0,5265.0,5262.5,2.5,5.0,0.0,False,False,0,3,3,3,-1.5,-3.5,-4.5
0,772300,VELVETFRUIT_EXTRACT,,,5259.0,10,BUY,5258.0,5259.0,5258.5,0.5,1.0,0.0,False,False,20,10,10,11,1.5,2.5,-8.5
0,774500,VELVETFRUIT_EXTRACT,,,5264.0,8,BUY,5258.0,5264.0,5261.0,3.0,6.0,0.0,False,False,0,8,7,9,-3.5,-9.0,-14.5
0,775200,VELVETFRUIT_EXTRACT,,,5257.0,3,SELL,5257.0,5262.0,5259.5,-2.5,0.0,-5.0,False,False,50,3,3,3,2.0,-6.5,-7.5
0,777400,VELVETFRUIT_EXTRACT,,,5255.0,4,BUY,5250.0,5255.0,5252.5,2.5,5.0,0.0,False,False,0,5,4,6,-3.0,-6.5,-4.5
0,781500,VELVETFRUIT_EXTRACT,,,5247.0,7,SELL,5247.0,5252.0,5249.5,-2.5,0.0,-5.0,False,False,20,8,7,9,4.0,-0.5,5.5
0,783500,VELVETFRUIT_EXTRACT,,,5249.0,7,BUY,5244.0,5249.0,5246.5,2.5,5.0,0.0,False,False,0,8,7,9,-4.5,-1.0,-1.0
0,784600,VELVETFRUIT_EXTRACT,,,5244.0,8,SELL,5244.0,5249.0,5246.5,-2.5,0.0,-5.0,False,False,50,8,7,9,3.5,6.5,-3.0
0,792300,VELVETFRUIT_EXTRACT,,,5239.0,5,SELL,5239.0,5244.0,5241.5,-2.5,0.0,-5.0,False,False,0,5,4,6,3.5,4.5,2.5
0,793000,VELVETFRUIT_EXTRACT,,,5247.0,6,BUY,5242.0,5247.0,5244.5,2.5,5.0,0.0,False,False,0,5,4,6,-3.5,-8.5,-3.5
0,793900,VELVETFRUIT_EXTRACT,,,5241.0,6,SELL,5241.0,5247.0,5244.0,-3.0,0.0,-6.0,False,False,20,5,4,6,2.5,-5.5,2.5
0,796800,VELVETFRUIT_EXTRACT,,,5242.0,7,BUY,5237.0,5242.0,5239.5,2.5,5.0,0.0,False,False,50,8,7,9,-0.5,0.5,8.5
0,797900,VELVETFRUIT_EXTRACT,,,5241.0,5,SELL,5241.0,5246.0,5243.5,-2.5,0.0,-5.0,False,False,0,5,4,6,2.5,6.5,8.5
0,798400,VELVETFRUIT_EXTRACT,,,5246.0,5,BUY,5241.0,5246.0,5243.5,2.5,5.0,0.0,False,False,50,5,4,6,-2.5,5.5,1.0
0,799800,VELVETFRUIT_EXTRACT,,,5245.0,6,SELL,5245.0,5251.0,5248.0,-3.0,0.0,-6.0,False,False,0,5,4,6,6.5,5.5,9.5
0,800600,VELVETFRUIT_EXTRACT,,,5247.0,4,SELL,5247.0,5252.0,5249.5,-2.5,0.0,-5.0,False,False,0,5,4,6,2.5,3.5,5.5
0,807100,VELVETFRUIT_EXTRACT,,,5244.0,8,BUY,5243.0,5244.0,5243.5,0.5,1.0,0.0,False,False,50,8,7,9,1.0,-2.5,2.5
0,809500,VELVETFRUIT_EXTRACT,,,5242.0,5,SELL,5242.0,5245.0,5243.5,-1.5,0.0,-3.0,False,False,0,5,4,6,4.5,7.0,7.5
0,810600,VELVETFRUIT_EXTRACT,,,5247.0,4,SELL,5247.0,5252.0,5249.5,-2.5,0.0,-5.0,False,False,0,5,4,6,1.0,0.5,5.5
0,812700,VELVETFRUIT_EXTRACT,,,5250.0,7,BUY,5245.0,5250.0,5247.5,2.5,5.0,0.0,False,False,50,8,7,9,-2.0,0.5,2.5
0,815500,VELVETFRUIT_EXTRACT,,,5249.0,7,SELL,5249.0,5254.0,5251.5,-2.5,0.0,-5.0,False,False,0,8,7,9,4.5,3.5,6.5
0,816900,VELVETFRUIT_EXTRACT,,,5255.0,5,BUY,5253.0,5255.0,5254.0,1.0,2.0,0.0,False,False,0,5,4,6,-3.0,-3.5,-0.5
0,818500,VELVETFRUIT_EXTRACT,,,5256.0,3,BUY,5250.0,5256.0,5253.0,3.0,6.0,0.0,False,False,0,3,3,3,-3.5,-0.5,-2.5
0,819500,VELVETFRUIT_EXTRACT,,,5250.0,14,BUY,5249.0,5250.0,5249.5,0.5,1.0,0.0,False,False,20,13,12,14,5.0,4.5,-4.0
0,821700,VELVETFRUIT_EXTRACT,,,5256.0,8,BUY,5253.0,5256.0,5254.5,1.5,3.0,0.0,False,False,0,8,7,9,-2.5,-3.0,-4.5
0,822000,VELVETFRUIT_EXTRACT,,,5253.0,8,SELL,5253.0,5258.0,5255.5,-2.5,0.0,-5.0,False,False,20,8,7,9,0.5,-2.5,1.0
0,822400,VELVETFRUIT_EXTRACT,,,5250.0,8,SELL,5250.0,5255.0,5252.5,-2.5,0.0,-5.0,False,False,20,8,7,9,2.5,-2.5,3.5
0,822700,VELVETFRUIT_EXTRACT,,,5255.0,10,BUY,5253.0,5255.0,5254.0,1.0,2.0,0.0,False,False,0,10,10,11,-1.5,-8.5,-2.0
0,824700,VELVETFRUIT_EXTRACT,,,5249.0,8,BUY,5244.0,5249.0,5246.5,2.5,5.0,0.0,False,False,50,8,7,9,-2.5,2.5,12.5
0,825200,VELVETFRUIT_EXTRACT,,,5244.0,3,SELL,5244.0,5249.0,5246.5,-2.5,0.0,-5.0,False,False,0,3,3,3,5.5,11.5,17.5
0,827000,VELVETFRUIT_EXTRACT,,,5257.0,8,BUY,5251.0,5257.0,5254.0,3.0,6.0,0.0,False,False,20,8,7,9,-2.5,3.5,-0.5
0,830900,VELVETFRUIT_EXTRACT,,,5254.0,7,SELL,5254.0,5259.0,5256.5,-2.5,0.0,-5.0,False,False,50,8,7,9,2.5,1.5,-1.5
0,831400,VELVETFRUIT_EXTRACT,,,5258.0,8,BUY,5255.0,5258.0,5256.5,1.5,3.0,0.0,False,False,0,8,7,9,-2.5,-1.5,-2.5
0,832500,VELVETFRUIT_EXTRACT,,,5255.0,14,BUY,5254.0,5255.0,5254.5,0.5,1.0,0.0,False,False,50,13,12,14,0.5,-1.5,3.5
0,836300,VELVETFRUIT_EXTRACT,,,5252.0,7,SELL,5252.0,5258.0,5255.0,-3.0,0.0,-6.0,False,False,0,8,7,9,8.0,4.0,8.5
0,838200,VELVETFRUIT_EXTRACT,,,5259.0,6,BUY,5253.0,5259.0,5256.0,3.0,6.0,0.0,False,False,20,5,4,6,-2.5,2.5,-7.0
0,838500,VELVETFRUIT_EXTRACT,,,5255.0,5,BUY,5253.0,5255.0,5254.0,1.0,2.0,0.0,False,False,20,5,4,6,0.5,3.5,-3.5
0,838800,VELVETFRUIT_EXTRACT,,,5259.0,5,BUY,5254.0,5259.0,5256.5,2.5,5.0,0.0,False,False,20,5,4,6,-1.5,2.5,-8.5
0,840700,VELVETFRUIT_EXTRACT,,,5260.0,13,BUY,5258.0,5260.0,5259.0,1.0,2.0,0.0,False,False,5,13,12,14,0.5,-4.0,-1.5
0,841900,VELVETFRUIT_EXTRACT,,,5259.0,3,BUY,5254.0,5259.0,5256.5,2.5,5.0,0.0,False,False,50,3,3,3,-2.5,-8.5,3.5
0,842800,VELVETFRUIT_EXTRACT,,,5256.0,8,BUY,5251.0,5256.0,5253.5,2.5,5.0,0.0,False,False,50,8,7,9,-4.0,-2.5,2.5
0,844000,VELVETFRUIT_EXTRACT,,,5254.0,7,BUY,5248.0,5254.0,5251.0,3.0,6.0,0.0,False,False,20,8,7,9,2.5,6.5,-1.5
0,851700,VELVETFRUIT_EXTRACT,,,5252.0,4,SELL,5252.0,5257.0,5254.5,-2.5,0.0,-5.0,False,False,0,5,4,6,1.5,2.5,4.5
0,856600,VELVETFRUIT_EXTRACT,,,5257.0,10,SELL,5257.0,5260.0,5258.5,-1.5,0.0,-3.0,False,False,50,10,10,11,-1.0,-5.5,-3.5
0,861800,VELVETFRUIT_EXTRACT,,,5256.0,3,BUY,5251.0,5256.0,5253.5,2.5,5.0,0.0,False,False,50,3,3,3,-8.5,-4.5,1.5
0,863700,VELVETFRUIT_EXTRACT,,,5255.0,5,BUY,5250.0,5255.0,5252.5,2.5,5.0,0.0,False,False,50,5,4,6,-4.5,1.5,8.5
0,864900,VELVETFRUIT_EXTRACT,,,5251.0,7,BUY,5246.0,5251.0,5248.5,2.5,5.0,0.0,False,False,50,8,7,9,1.5,10.0,17.5
0,866200,VELVETFRUIT_EXTRACT,,,5255.0,3,SELL,5255.0,5260.0,5257.5,-2.5,0.0,-5.0,False,False,0,3,3,3,4.5,9.0,8.0
0,869000,VELVETFRUIT_EXTRACT,,,5265.0,5,SELL,5265.0,5270.0,5267.5,-2.5,0.0,-5.0,False,False,50,5,4,6,4.5,0.0,-1.5
0,870200,VELVETFRUIT_EXTRACT,,,5271.0,6,BUY,5266.0,5271.0,5268.5,2.5,5.0,0.0,False,False,0,5,4,6,-2.5,-10.0,-11.5
0,871100,VELVETFRUIT_EXTRACT,,,5270.0,4,BUY,5264.0,5270.0,5267.0,3.0,6.0,0.0,False,False,0,5,4,6,-6.5,-5.5,-10.5
0,871200,VELVETFRUIT_EXTRACT,,,5264.0,9,BUY,5262.0,5264.0,5263.0,1.0,2.0,0.0,False,False,20,8,7,9,-1.0,0.5,-6.5
0,878600,VELVETFRUIT_EXTRACT,,,5260.0,5,BUY,5255.0,5260.0,5257.5,2.5,5.0,0.0,False,False,0,5,4,6,0.0,-3.5,-9.5
0,880800,VELVETFRUIT_EXTRACT,,,5258.0,5,BUY,5253.0,5258.0,5255.5,2.5,5.0,0.0,False,False,0,5,4,6,-3.5,-7.0,-5.5
0,882600,VELVETFRUIT_EXTRACT,,,5251.0,10,BUY,5250.0,5251.0,5250.5,0.5,1.0,0.0,False,False,0,10,10,11,-2.0,-1.5,-1.5
0,882800,VELVETFRUIT_EXTRACT,,,5248.0,8,SELL,5248.0,5254.0,5251.0,-3.0,0.0,-6.0,False,False,50,8,7,9,0.0,3.5,-0.5
0,885800,VELVETFRUIT_EXTRACT,,,5250.0,5,SELL,5250.0,5255.0,5252.5,-2.5,0.0,-5.0,False,False,20,5,4,6,3.5,-2.5,4.0
0,886700,VELVETFRUIT_EXTRACT,,,5252.0,6,BUY,5250.0,5252.0,5251.0,1.0,2.0,0.0,False,False,50,5,4,6,-3.0,-0.5,6.5
0,891400,VELVETFRUIT_EXTRACT,,,5255.0,6,SELL,5255.0,5260.0,5257.5,-2.5,0.0,-5.0,False,False,0,5,4,6,3.5,0.0,5.0
0,893500,VELVETFRUIT_EXTRACT,,,5254.0,3,SELL,5254.0,5259.0,5256.5,-2.5,0.0,-5.0,False,False,5,3,3,3,-0.5,3.0,7.5
0,893800,VELVETFRUIT_EXTRACT,,,5253.0,5,BUY,5251.0,5253.0,5252.0,1.0,2.0,0.0,False,False,50,5,4,6,1.5,7.5,9.5
0,895100,VELVETFRUIT_EXTRACT,,,5255.0,5,BUY,5253.0,5255.0,5254.0,1.0,2.0,0.0,False,False,50,5,4,6,3.0,5.0,1.0
0,898300,VELVETFRUIT_EXTRACT,,,5259.0,8,SELL,5259.0,5262.0,5260.5,-1.5,0.0,-3.0,False,False,50,8,7,9,3.5,-3.5,-13.0
0,904700,VELVETFRUIT_EXTRACT,,,5239.0,7,SELL,5239.0,5244.0,5241.5,-2.5,0.0,-5.0,False,False,5,8,7,9,-0.5,3.5,7.0
0,908800,VELVETFRUIT_EXTRACT,,,5243.0,7,SELL,5243.0,5249.0,5246.0,-3.0,0.0,-6.0,False,False,0,8,7,9,2.5,8.5,19.5
0,909100,VELVETFRUIT_EXTRACT,,,5243.0,3,SELL,5243.0,5248.0,5245.5,-2.5,0.0,-5.0,False,False,0,3,3,3,4.5,9.5,19.0
0,910400,VELVETFRUIT_EXTRACT,,,5247.0,5,SELL,5247.0,5252.0,5249.5,-2.5,0.0,-5.0,False,False,0,5,4,6,6.0,13.0,10.5
0,912800,VELVETFRUIT_EXTRACT,,,5259.0,5,SELL,5259.0,5264.0,5261.5,-2.5,0.0,-5.0,False,False,50,5,4,6,5.5,-1.0,-5.5
0,913400,VELVETFRUIT_EXTRACT,,,5267.0,5,BUY,5262.0,5267.0,5264.5,2.5,5.0,0.0,False,False,0,5,4,6,-4.5,-9.5,-15.5
0,913800,VELVETFRUIT_EXTRACT,,,5260.0,7,SELL,5260.0,5265.0,5262.5,-2.5,0.0,-5.0,False,False,50,8,7,9,-1.0,-4.5,-6.0
0,914400,VELVETFRUIT_EXTRACT,,,5256.0,7,SELL,5256.0,5261.0,5258.5,-2.5,0.0,-5.0,False,False,50,8,7,9,3.5,2.0,-0.5
0,915000,VELVETFRUIT_EXTRACT,,,5257.0,7,SELL,5257.0,5262.0,5259.5,-2.5,0.0,-5.0,False,False,20,8,7,9,-0.5,-0.5,0.5
0,916300,VELVETFRUIT_EXTRACT,,,5259.0,6,BUY,5254.0,5259.0,5256.5,2.5,5.0,0.0,False,False,50,5,4,6,-2.5,-8.5,3.0
0,917000,VELVETFRUIT_EXTRACT,,,5259.0,4,BUY,5254.0,5259.0,5256.5,2.5,5.0,0.0,False,False,50,5,4,6,-4.0,-5.0,3.5
0,920500,VELVETFRUIT_EXTRACT,,,5255.0,8,SELL,5255.0,5260.0,5257.5,-2.5,0.0,-5.0,False,False,0,8,7,9,4.5,8.0,19.0
0,920600,VELVETFRUIT_EXTRACT,,,5254.0,7,SELL,5254.0,5259.0,5256.5,-2.5,0.0,-5.0,False,False,0,8,7,9,6.5,11.0,18.0
0,922000,VELVETFRUIT_EXTRACT,,,5260.0,6,SELL,5260.0,5265.0,5262.5,-2.5,0.0,-5.0,False,False,0,5,4,6,3.0,10.5,16.0
0,925100,VELVETFRUIT_EXTRACT,,,5279.0,4,BUY,5274.0,5279.0,5276.5,2.5,5.0,0.0,False,False,0,5,4,6,-7.0,-3.5,-8.5
0,925200,VELVETFRUIT_EXTRACT,,,5279.0,4,BUY,5273.0,5279.0,5276.0,3.0,6.0,0.0,False,False,0,5,4,6,-5.5,-4.5,-10.5
0,925600,VELVETFRUIT_EXTRACT,,,5273.0,6,BUY,5271.0,5273.0,5272.0,1.0,2.0,0.0,False,False,20,5,4,6,-0.5,4.5,-5.5
0,928800,VELVETFRUIT_EXTRACT,,,5273.0,5,SELL,5273.0,5278.0,5275.5,-2.5,0.0,-5.0,False,False,50,5,4,6,0.5,-7.5,-11.0
0,930900,VELVETFRUIT_EXTRACT,,,5264.0,6,SELL,5264.0,5269.0,5266.5,-2.5,0.0,-5.0,False,False,50,5,4,6,3.5,-1.5,-0.5
0,932600,VELVETFRUIT_EXTRACT,,,5262.0,8,SELL,5262.0,5265.0,5263.5,-1.5,0.0,-3.0,False,False,50,8,7,9,1.5,0.0,-1.5
0,933200,VELVETFRUIT_EXTRACT,,,5266.0,4,BUY,5261.0,5266.0,5263.5,2.5,5.0,0.0,False,False,0,5,4,6,-2.5,-6.0,-7.0
0,935100,VELVETFRUIT_EXTRACT,,,5259.0,4,SELL,5259.0,5264.0,5261.5,-2.5,0.0,-5.0,False,False,50,5,4,6,2.5,2.0,-5.5
0,936200,VELVETFRUIT_EXTRACT,,,5257.0,7,SELL,5257.0,5263.0,5260.0,-3.0,0.0,-6.0,False,False,50,8,7,9,2.0,2.0,-6.5
0,937400,VELVETFRUIT_EXTRACT,,,5265.0,3,BUY,5260.0,5265.0,5262.5,2.5,5.0,0.0,False,False,0,3,3,3,-5.5,-12.5,-16.5
0,937600,VELVETFRUIT_EXTRACT,,,5258.0,3,SELL,5258.0,5263.0,5260.5,-2.5,0.0,-5.0,False,False,50,3,3,3,0.5,-5.0,-9.5
0,938300,VELVETFRUIT_EXTRACT,,,5254.0,4,SELL,5254.0,5260.0,5257.0,-3.0,0.0,-6.0,False,False,50,5,4,6,3.0,-1.5,-4.5
0,938600,VELVETFRUIT_EXTRACT,,,5254.0,6,SELL,5254.0,5259.0,5256.5,-2.5,0.0,-5.0,False,False,50,5,4,6,0.0,-0.5,-3.5
0,939400,VELVETFRUIT_EXTRACT,,,5255.0,8,BUY,5250.0,5255.0,5252.5,2.5,5.0,0.0,False,False,0,8,7,9,-1.5,-5.0,-5.5
0,947500,VELVETFRUIT_EXTRACT,,,5242.0,8,BUY,5240.0,5242.0,5241.0,1.0,2.0,0.0,False,False,20,8,7,9,1.0,1.5,-1.5
0,949500,VELVETFRUIT_EXTRACT,,,5246.0,6,BUY,5241.0,5246.0,5243.5,2.5,5.0,0.0,False,False,0,5,4,6,-7.0,-7.5,-12.5
0,951600,VELVETFRUIT_EXTRACT,,,5236.0,5,SELL,5236.0,5241.0,5238.5,-2.5,0.0,-5.0,False,False,50,5,4,6,3.5,0.0,-7.5
0,952000,VELVETFRUIT_EXTRACT,,,5242.0,7,BUY,5237.0,5242.0,5239.5,2.5,5.0,0.0,False,False,0,8,7,9,-1.5,-7.5,-15.5
0,954600,VELVETFRUIT_EXTRACT,,,5235.0,3,BUY,5230.0,5235.0,5232.5,2.5,5.0,0.0,False,False,0,3,3,3,-6.0,-6.5,-4.5
0,955100,VELVETFRUIT_EXTRACT,,,5226.0,8,SELL,5226.0,5232.0,5229.0,-3.0,0.0,-6.0,False,False,0,8,7,9,2.5,2.0,7.5
0,958900,VELVETFRUIT_EXTRACT,,,5228.0,7,SELL,5228.0,5233.0,5230.5,-2.5,0.0,-5.0,False,False,0,8,7,9,3.0,5.5,12.5
0,960600,VELVETFRUIT_EXTRACT,,,5231.0,5,SELL,5231.0,5236.0,5233.5,-2.5,0.0,-5.0,False,False,0,5,4,6,1.5,4.5,6.0
0,961200,VELVETFRUIT_EXTRACT,,,5230.0,8,SELL,5230.0,5236.0,5233.0,-3.0,0.0,-6.0,False,False,0,8,7,9,4.0,8.5,8.5
0,963500,VELVETFRUIT_EXTRACT,,,5236.0,3,SELL,5236.0,5241.0,5238.5,-2.5,0.0,-5.0,False,False,50,3,3,3,4.0,4.5,-4.5
0,965600,VELVETFRUIT_EXTRACT,,,5238.0,8,BUY,5236.0,5238.0,5237.0,1.0,2.0,0.0,False,False,5,8,7,9,0.5,-4.0,-13.0
0,968200,VELVETFRUIT_EXTRACT,,,5232.0,6,SELL,5232.0,5237.0,5234.5,-2.5,0.0,-5.0,False,False,20,5,4,6,-1.5,-6.0,0.5
0,969800,VELVETFRUIT_EXTRACT,,,5232.0,8,BUY,5227.0,5232.0,5229.5,2.5,5.0,0.0,False,False,0,8,7,9,-7.5,-4.5,-0.5
0,971300,VELVETFRUIT_EXTRACT,,,5229.0,3,BUY,5223.0,5229.0,5226.0,3.0,6.0,0.0,False,False,50,3,3,3,-1.5,5.0,6.5
0,971600,VELVETFRUIT_EXTRACT,,,5225.0,7,SELL,5225.0,5230.0,5227.5,-2.5,0.0,-5.0,False,False,0,8,7,9,2.5,7.5,9.0
0,976600,VELVETFRUIT_EXTRACT,,,5231.0,7,SELL,5231.0,5237.0,5234.0,-3.0,0.0,-6.0,False,False,0,8,7,9,2.5,6.5,13.5
0,978300,VELVETFRUIT_EXTRACT,,,5241.0,5,BUY,5236.0,5241.0,5238.5,2.5,5.0,0.0,False,False,50,5,4,6,-1.5,-0.5,1.5
0,980400,VELVETFRUIT_EXTRACT,,,5239.0,8,SELL,5239.0,5244.0,5241.5,-2.5,0.0,-5.0,False,False,0,8,7,9,6.5,5.0,4.0
0,984900,VELVETFRUIT_EXTRACT,,,5239.0,4,SELL,5239.0,5244.0,5241.5,-2.5,0.0,-5.0,False,False,0,5,4,6,4.0,8.5,4.5
0,985800,VELVETFRUIT_EXTRACT,,,5239.0,5,SELL,5239.0,5244.0,5241.5,-2.5,0.0,-5.0,False,False,0,5,4,6,4.5,9.5,4.0
0,986900,VELVETFRUIT_EXTRACT,,,5250.0,8,BUY,5245.0,5250.0,5247.5,2.5,5.0,0.0,False,False,0,8,7,9,-1.5,-4.5,-6.5
0,989200,VELVETFRUIT_EXTRACT,,,5247.0,8,BUY,5242.0,5247.0,5244.5,2.5,5.0,0.0,False,False,0,8,7,9,-2.5,-2.5,-3.5
0,989900,VELVETFRUIT_EXTRACT,,,5241.0,4,SELL,5241.0,5246.0,5243.5,-2.5,0.0,-5.0,False,False,0,5,4,6,3.5,2.5,7.5
0,991100,VELVETFRUIT_EXTRACT,,,5244.0,13,BUY,5243.0,5244.0,5243.5,0.5,1.0,0.0,False,False,5,13,12,14,2.5,-3.5,-1.5
0,9000,VEV_4000,,,1222.0,2,SELL,1222.0,1242.0,1232.0,-10.0,0.0,-20.0,True,True,0,2,1,3,11.5,14.0,18.5
0,11100,VEV_4000,,,1246.0,1,BUY,1225.0,1246.0,1235.5,10.5,21.0,0.0,False,True,0,2,1,3,-9.5,-6.5,-4.5
0,15400,VEV_4000,,,1232.0,3,SELL,1232.0,1253.0,1242.5,-10.5,0.0,-21.0,False,False,0,2,1,3,10.5,8.5,4.0
0,18600,VEV_4000,,,1247.0,3,BUY,1227.0,1247.0,1237.0,10.0,20.0,0.0,False,True,0,2,1,3,-8.5,-11.5,-9.5
0,24400,VEV_4000,,,1225.0,1,SELL,1225.0,1246.0,1235.5,-10.5,0.0,-21.0,False,False,0,2,1,3,9.5,2.5,5.5
0,41500,VEV_4000,,,1242.0,1,BUY,1221.0,1242.0,1231.5,10.5,21.0,0.0,False,False,0,2,1,3,-12.5,-9.5,-3.5
0,57900,VEV_4000,,,1232.0,1,SELL,1232.0,1253.0,1242.5,-10.5,0.0,-21.0,False,False,0,2,1,3,11.5,11.5,5.5
0,62400,VEV_4000,,,1229.0,2,SELL,1229.0,1250.0,1239.5,-10.5,0.0,-21.0,False,False,0,2,1,3,8.5,5.5,5.5
0,75300,VEV_4000,,,1253.0,3,BUY,1232.0,1253.0,1242.5,10.5,21.0,0.0,False,True,0,2,1,3,-10.5,-8.5,-4.5
0,79000,VEV_4000,,,1235.0,2,SELL,1235.0,1256.0,1245.5,-10.5,0.0,-21.0,False,False,0,2,1,3,13.5,16.5,11.5
0,79800,VEV_4000,,,1260.0,1,BUY,1239.0,1260.0,1249.5,10.5,21.0,0.0,False,True,0,2,1,3,-11.5,-6.0,-16.5
0,79900,VEV_4000,,,1261.0,2,BUY,1240.0,1261.0,1250.5,10.5,21.0,0.0,False,True,0,2,1,3,-11.5,-8.5,-16.5
0,81700,VEV_4000,,,1264.0,1,BUY,1243.0,1264.0,1253.5,10.5,21.0,0.0,False,True,0,2,1,3,-13.5,-18.5,-22.5
0,88000,VEV_4000,,,1247.0,1,BUY,1226.0,1247.0,1236.5,10.5,21.0,0.0,False,False,0,2,1,3,-9.5,-11.5,-15.5
0,98200,VEV_4000,,,1246.0,3,BUY,1226.0,1246.0,1236.0,10.0,20.0,0.0,False,False,0,2,1,3,-5.5,-8.5,-10.0
0,99100,VEV_4000,,,1251.0,1,BUY,1230.0,1251.0,1240.5,10.5,21.0,0.0,False,False,0,2,1,3,-11.5,-15.5,-16.5
0,109300,VEV_4000,,,1216.0,1,SELL,1216.0,1237.0,1226.5,-10.5,0.0,-21.0,True,False,0,2,1,3,8.5,7.5,4.5
0,116000,VEV_4000,,,1206.0,1,SELL,1206.0,1227.0,1216.5,-10.5,0.0,-21.0,True,False,0,2,1,3,11.0,14.5,16.5
0,121500,VEV_4000,,,1233.0,2,BUY,1213.0,1233.0,1223.0,10.0,20.0,0.0,False,False,50,2,1,3,-4.5,-1.5,7.0
0,122600,VEV_4000,,,1242.0,2,BUY,1221.0,1242.0,1231.5,10.5,21.0,0.0,False,False,0,2,1,3,-10.0,-9.0,-4.0
0,130400,VEV_4000,,,1250.0,2,BUY,1229.0,1250.0,1239.5,10.5,21.0,0.0,False,False,0,2,1,3,-9.5,-6.0,-12.5
0,130800,VEV_4000,,,1228.0,1,SELL,1228.0,1249.0,1238.5,-10.5,0.0,-21.0,False,False,0,2,1,3,10.5,16.5,8.5
0,134400,VEV_4000,,,1231.0,2,SELL,1231.0,1251.0,1241.0,-10.0,0.0,-20.0,False,False,50,2,1,3,10.5,5.5,-4.5
0,140500,VEV_4000,,,1239.0,3,BUY,1218.0,1239.0,1228.5,10.5,21.0,0.0,False,False,0,2,1,3,-7.5,-6.5,-10.0
0,148500,VEV_4000,,,1236.0,3,BUY,1215.0,1236.0,1225.5,10.5,21.0,0.0,False,False,0,2,1,3,-10.5,-6.0,-3.5
0,150500,VEV_4000,,,1220.0,2,SELL,1220.0,1240.0,1230.0,-10.0,0.0,-20.0,False,False,0,2,1,3,11.5,14.5,22.5
0,155600,VEV_4000,,,1253.0,2,BUY,1232.0,1253.0,1242.5,10.5,21.0,0.0,False,False,0,2,1,3,-12.5,-9.5,-2.5
0,162500,VEV_4000,,,1242.0,1,SELL,1242.0,1263.0,1252.5,-10.5,0.0,-21.0,False,False,0,2,1,3,10.0,7.5,8.5
0,166000,VEV_4000,,,1239.0,2,SELL,1239.0,1260.0,1249.5,-10.5,0.0,-21.0,False,False,0,2,1,3,11.5,12.5,13.5
0,190500,VEV_4000,,,1224.0,2,SELL,1224.0,1245.0,1234.5,-10.5,0.0,-21.0,False,False,0,2,1,3,8.0,9.0,9.5
0,212100,VEV_4000,,,1234.0,2,BUY,1213.0,1234.0,1223.5,10.5,21.0,0.0,False,False,0,2,1,3,-14.0,-12.0,-9.0
0,213000,VEV_4000,,,1209.0,1,SELL,1209.0,1230.0,1219.5,-10.5,0.0,-21.0,False,False,0,2,1,3,12.0,10.0,13.5
0,215700,VEV_4000,,,1233.0,3,BUY,1213.0,1233.0,1223.0,10.0,20.0,0.0,False,False,0,2,1,3,-8.5,-9.0,-5.5
0,219600,VEV_4000,,,1216.0,2,SELL,1216.0,1236.0,1226.0,-10.0,0.0,-20.0,False,False,0,2,1,3,4.0,12.5,12.5
0,222700,VEV_4000,,,1217.0,1,SELL,1217.0,1237.0,1227.0,-10.0,0.0,-20.0,False,False,0,2,1,3,12.5,11.5,18.5
0,227000,VEV_4000,,,1223.0,3,SELL,1223.0,1244.0,1233.5,-10.5,0.0,-21.0,False,False,0,2,1,3,11.5,9.5,14.0
0,231900,VEV_4000,,,1227.0,2,SELL,1227.0,1248.0,1237.5,-10.5,0.0,-21.0,False,False,0,2,1,3,12.0,15.5,4.5
0,237800,VEV_4000,,,1241.0,3,BUY,1221.0,1241.0,1231.0,10.0,20.0,0.0,False,False,0,2,1,3,-11.0,-7.5,-5.5
0,243200,VEV_4000,,,1249.0,3,BUY,1228.0,1249.0,1238.5,10.5,21.0,0.0,False,False,0,2,1,3,-7.5,-3.5,-6.5
0,244000,VEV_4000,,,1230.0,3,SELL,1230.0,1251.0,1240.5,-10.5,0.0,-21.0,False,False,0,2,1,3,14.5,15.5,14.5
0,246000,VEV_4000,,,1235.0,3,SELL,1235.0,1256.0,1245.5,-10.5,0.0,-21.0,False,False,0,2,1,3,9.5,7.5,11.5
0,247200,VEV_4000,,,1233.0,3,SELL,1233.0,1254.0,1243.5,-10.5,0.0,-21.0,False,False,0,2,1,3,11.5,13.5,13.5
0,253100,VEV_4000,,,1238.0,2,SELL,1238.0,1259.0,1248.5,-10.5,0.0,-21.0,False,False,0,2,1,3,8.5,6.5,0.5
0,262300,VEV_4000,,,1234.0,3,SELL,1234.0,1255.0,1244.5,-10.5,0.0,-21.0,False,False,0,2,1,3,7.5,12.5,8.5
0,266500,VEV_4000,,,1257.0,2,BUY,1236.0,1257.0,1246.5,10.5,21.0,0.0,False,False,0,2,1,3,-12.5,-15.5,-15.5
0,271900,VEV_4000,,,1253.0,2,BUY,1232.0,1253.0,1242.5,10.5,21.0,0.0,False,False,0,2,1,3,-7.5,-2.5,-2.5
0,273500,VEV_4000,,,1237.0,3,SELL,1237.0,1258.0,1247.5,-10.5,0.0,-21.0,False,False,0,2,1,3,12.5,10.5,11.5
0,275700,VEV_4000,,,1259.0,3,BUY,1238.0,1259.0,1248.5,10.5,21.0,0.0,False,False,0,2,1,3,-9.5,-7.5,-20.0
0,281700,VEV_4000,,,1232.0,3,SELL,1232.0,1253.0,1242.5,-10.5,0.0,-21.0,False,False,0,2,1,3,10.0,4.5,3.5
0,286800,VEV_4000,,,1245.0,3,BUY,1224.0,1245.0,1234.5,10.5,21.0,0.0,False,False,0,2,1,3,-9.5,-0.5,-3.0
0,296600,VEV_4000,,,1239.0,3,SELL,1239.0,1260.0,1249.5,-10.5,0.0,-21.0,False,False,0,2,1,3,11.5,13.5,17.5
0,304100,VEV_4000,,,1244.0,1,SELL,1244.0,1265.0,1254.5,-10.5,0.0,-21.0,False,False,0,2,1,3,8.5,8.0,9.5
0,313000,VEV_4000,,,1248.0,2,SELL,1248.0,1269.0,1258.5,-10.5,0.0,-21.0,False,False,0,2,1,3,14.5,12.5,15.5
0,320300,VEV_4000,,,1253.0,2,SELL,1253.0,1274.0,1263.5,-10.5,0.0,-21.0,False,False,0,2,1,3,9.5,9.5,12.0
0,320700,VEV_4000,,,1273.0,3,BUY,1252.0,1273.0,1262.5,10.5,21.0,0.0,False,True,0,2,1,3,-15.0,-12.5,-6.5
0,322800,VEV_4000,,,1250.0,1,SELL,1250.0,1271.0,1260.5,-10.5,0.0,-21.0,False,False,0,2,1,3,10.5,9.5,21.5
0,323500,VEV_4000,,,1247.0,3,SELL,1247.0,1268.0,1257.5,-10.5,0.0,-21.0,False,False,0,2,1,3,12.0,19.0,19.5
0,328800,VEV_4000,,,1256.0,3,SELL,1256.0,1277.0,1266.5,-10.5,0.0,-21.0,False,False,0,2,1,3,11.5,12.5,9.5
0,345100,VEV_4000,,,1242.0,2,SELL,1242.0,1263.0,1252.5,-10.5,0.0,-21.0,False,False,0,2,1,3,12.5,21.5,27.5
0,347400,VEV_4000,,,1253.0,1,SELL,1253.0,1275.0,1264.0,-11.0,0.0,-22.0,False,False,0,2,1,3,14.5,14.5,17.0
0,351800,VEV_4000,,,1265.0,1,SELL,1265.0,1286.0,1275.5,-10.5,0.0,-21.0,False,False,0,2,1,3,7.0,5.5,4.5
0,356200,VEV_4000,,,1262.0,1,SELL,1262.0,1283.0,1272.5,-10.5,0.0,-21.0,False,False,0,2,1,3,6.5,17.0,15.5
0,365100,VEV_4000,,,1266.0,1,SELL,1266.0,1288.0,1277.0,-11.0,0.0,-22.0,False,False,0,2,1,3,12.0,16.0,11.5
0,369300,VEV_4000,,,1263.0,1,SELL,1263.0,1285.0,1274.0,-11.0,0.0,-22.0,False,False,0,2,1,3,13.5,15.0,18.5
0,374900,VEV_4000,,,1295.0,1,BUY,1274.0,1295.0,1284.5,10.5,21.0,0.0,False,True,0,2,1,3,-11.5,-12.0,-23.0
0,378100,VEV_4000,,,1267.0,3,SELL,1267.0,1288.0,1277.5,-10.5,0.0,-21.0,False,False,0,2,1,3,6.5,2.5,10.0
0,380100,VEV_4000,,,1280.0,1,BUY,1259.0,1280.0,1269.5,10.5,21.0,0.0,False,False,0,2,1,3,-8.5,-8.5,-8.5
0,394300,VEV_4000,,,1272.0,2,BUY,1251.0,1272.0,1261.5,10.5,21.0,0.0,False,False,0,2,1,3,-11.5,-9.5,-7.5
0,407400,VEV_4000,,,1281.0,1,BUY,1259.0,1281.0,1270.0,11.0,22.0,0.0,False,False,0,2,1,3,-9.5,-8.0,-9.5
0,411400,VEV_4000,,,1281.0,1,BUY,1260.0,1281.0,1270.5,10.5,21.0,0.0,False,False,0,2,1,3,-9.0,-14.5,-17.5
0,417500,VEV_4000,,,1274.0,2,BUY,1252.0,1274.0,1263.0,11.0,22.0,0.0,False,False,0,2,1,3,-8.5,-9.5,-7.5
0,431800,VEV_4000,,,1260.0,1,BUY,1239.0,1260.0,1249.5,10.5,21.0,0.0,False,False,0,2,1,3,-12.5,-15.5,-13.5
0,446500,VEV_4000,,,1240.0,1,SELL,1240.0,1261.0,1250.5,-10.5,0.0,-21.0,False,False,50,2,1,3,10.5,10.5,-1.5
0,447500,VEV_4000,,,1261.0,3,BUY,1240.0,1261.0,1250.5,10.5,21.0,0.0,False,False,0,2,1,3,-11.5,-14.5,-23.5
0,447800,VEV_4000,,,1240.0,3,SELL,1240.0,1250.0,1245.0,-5.0,0.0,-10.0,False,False,50,2,1,3,9.5,5.0,-2.5
0,448100,VEV_4000,,,1240.0,2,SELL,1240.0,1261.0,1250.5,-10.5,0.0,-21.0,False,False,50,2,1,3,9.5,5.0,-7.0
0,450400,VEV_4000,,,1235.0,3,SELL,1235.0,1256.0,1245.5,-10.5,0.0,-21.0,False,False,0,2,1,3,7.5,3.5,9.5
0,454500,VEV_4000,,,1232.0,2,SELL,1232.0,1253.0,1242.5,-10.5,0.0,-21.0,False,False,0,2,1,3,12.5,8.5,4.5
0,456500,VEV_4000,,,1251.0,3,BUY,1230.0,1251.0,1240.5,10.5,21.0,0.0,False,False,0,2,1,3,-11.0,-12.5,-22.5
0,459200,VEV_4000,,,1229.0,3,SELL,1229.0,1250.0,1239.5,-10.5,0.0,-21.0,False,False,0,2,1,3,6.5,0.5,3.5
0,498300,VEV_4000,,,1234.0,3,SELL,1234.0,1255.0,1244.5,-10.5,0.0,-21.0,False,False,0,2,1,3,11.5,12.5,6.5
0,503200,VEV_4000,,,1228.0,3,SELL,1228.0,1249.0,1238.5,-10.5,0.0,-21.0,False,False,0,2,1,3,12.5,12.5,4.5
0,504400,VEV_4000,,,1228.0,3,SELL,1228.0,1249.0,1238.5,-10.5,0.0,-21.0,False,False,50,2,1,3,9.5,14.5,-0.5
0,504900,VEV_4000,,,1227.0,3,SELL,1227.0,1248.0,1237.5,-10.5,0.0,-21.0,False,False,0,2,1,3,15.5,11.5,1.5
0,505100,VEV_4000,,,1251.0,3,BUY,1230.0,1251.0,1240.5,10.5,21.0,0.0,False,False,0,2,1,3,-11.5,-15.0,-22.0
0,506200,VEV_4000,,,1233.0,1,SELL,1233.0,1254.0,1243.5,-10.5,0.0,-21.0,False,False,50,2,1,3,8.5,-0.5,-5.5
0,517700,VEV_4000,,,1223.0,2,SELL,1223.0,1244.0,1233.5,-10.5,0.0,-21.0,False,False,0,2,1,3,13.5,20.5,29.5
0,518000,VEV_4000,,,1226.0,2,SELL,1226.0,1247.0,1236.5,-10.5,0.0,-21.0,False,False,0,2,1,3,13.5,18.5,27.5
0,523700,VEV_4000,,,1241.0,1,SELL,1241.0,1262.0,1251.5,-10.5,0.0,-21.0,False,False,0,2,1,3,11.5,13.5,19.0
0,525200,VEV_4000,,,1244.0,3,SELL,1244.0,1265.0,1254.5,-10.5,0.0,-21.0,False,False,0,2,1,3,10.5,11.5,15.5
0,526300,VEV_4000,,,1267.0,2,BUY,1246.0,1267.0,1256.5,10.5,21.0,0.0,False,False,0,2,1,3,-10.5,-10.5,-11.5
0,526600,VEV_4000,,,1245.0,2,SELL,1245.0,1267.0,1256.0,-11.0,0.0,-22.0,False,False,0,2,1,3,12.5,13.5,10.5
0,528700,VEV_4000,,,1249.0,2,SELL,1249.0,1271.0,1260.0,-11.0,0.0,-22.0,False,False,0,2,1,3,11.0,10.5,2.5
0,532500,VEV_4000,,,1267.0,2,BUY,1246.0,1267.0,1256.5,10.5,21.0,0.0,False,False,0,2,1,3,-12.5,-13.5,-17.5
0,538100,VEV_4000,,,1256.0,2,BUY,1235.0,1256.0,1245.5,10.5,21.0,0.0,False,False,0,2,1,3,-14.5,-12.5,-12.5
0,546400,VEV_4000,,,1251.0,3,BUY,1230.0,1251.0,1240.5,10.5,21.0,0.0,False,False,0,2,1,3,-10.5,-7.5,-7.5
0,548800,VEV_4000,,,1253.0,2,BUY,1232.0,1253.0,1242.5,10.5,21.0,0.0,False,False,0,2,1,3,-10.5,-6.5,-9.5
0,563300,VEV_4000,,,1247.0,3,BUY,1226.0,1247.0,1236.5,10.5,21.0,0.0,False,False,50,2,1,3,-8.5,-6.5,3.5
0,577000,VEV_4000,,,1251.0,3,BUY,1230.0,1251.0,1240.5,10.5,21.0,0.0,False,False,0,2,1,3,-10.0,-9.5,-9.0
0,577100,VEV_4000,,,1251.0,1,BUY,1230.0,1251.0,1240.5,10.5,21.0,0.0,False,False,0,2,1,3,-11.5,-7.5,-9.5
0,585200,VEV_4000,,,1254.0,2,BUY,1233.0,1254.0,1243.5,10.5,21.0,0.0,False,False,0,2,1,3,-17.0,-12.5,-11.5
0,590500,VEV_4000,,,1250.0,2,BUY,1229.0,1250.0,1239.5,10.5,21.0,0.0,False,False,0,2,1,3,-9.0,-1.5,-1.5
0,594300,VEV_4000,,,1257.0,3,BUY,1236.0,1257.0,1246.5,10.5,21.0,0.0,False,False,0,2,1,3,-6.5,-8.5,-2.5
0,603100,VEV_4000,,,1252.0,3,BUY,1232.0,1252.0,1242.0,10.0,20.0,0.0,False,False,0,2,1,3,-11.5,-14.5,-14.0
0,611300,VEV_4000,,,1250.0,1,BUY,1229.0,1250.0,1239.5,10.5,21.0,0.0,False,False,0,2,1,3,-13.5,-22.5,-24.5
0,622100,VEV_4000,,,1213.0,2,SELL,1213.0,1233.0,1223.0,-10.0,0.0,-20.0,False,False,0,2,1,3,10.0,6.0,6.5
0,623900,VEV_4000,,,1229.0,2,BUY,1209.0,1229.0,1219.0,10.0,20.0,0.0,False,False,0,2,1,3,-7.0,-7.5,-6.0
0,644300,VEV_4000,,,1217.0,2,SELL,1217.0,1238.0,1227.5,-10.5,0.0,-21.0,False,False,0,2,1,3,12.5,10.5,9.5
0,645000,VEV_4000,,,1240.0,1,BUY,1220.0,1240.0,1230.0,10.0,20.0,0.0,False,False,0,2,1,3,-11.5,-10.5,-10.0
0,645800,VEV_4000,,,1218.0,1,SELL,1218.0,1238.0,1228.0,-10.0,0.0,-20.0,False,False,0,2,1,3,9.5,8.5,12.0
0,657100,VEV_4000,,,1225.0,1,SELL,1225.0,1246.0,1235.5,-10.5,0.0,-21.0,False,False,0,2,1,3,10.5,11.5,20.5
0,658800,VEV_4000,,,1248.0,2,BUY,1227.0,1248.0,1237.5,10.5,21.0,0.0,False,False,0,2,1,3,-11.5,-6.5,-5.5
0,662500,VEV_4000,,,1256.0,1,BUY,1235.0,1256.0,1245.5,10.5,21.0,0.0,False,False,0,2,1,3,-12.5,-11.5,-15.5
0,663200,VEV_4000,,,1231.0,1,SELL,1231.0,1252.0,1241.5,-10.5,0.0,-21.0,False,False,0,2,1,3,10.5,13.5,11.5
0,664000,VEV_4000,,,1251.0,2,BUY,1231.0,1251.0,1241.0,10.0,20.0,0.0,False,False,0,2,1,3,-6.5,-7.5,-10.0
0,664100,VEV_4000,,,1253.0,2,BUY,1232.0,1253.0,1242.5,10.5,21.0,0.0,False,False,0,2,1,3,-7.5,-8.5,-12.5
0,665500,VEV_4000,,,1253.0,2,BUY,1232.0,1253.0,1242.5,10.5,21.0,0.0,False,False,0,2,1,3,-9.5,-12.5,-13.5
0,681600,VEV_4000,,,1249.0,3,BUY,1228.0,1249.0,1238.5,10.5,21.0,0.0,False,False,0,2,1,3,-9.5,-13.5,-4.0
0,685800,VEV_4000,,,1254.0,1,BUY,1233.0,1254.0,1243.5,10.5,21.0,0.0,False,False,0,2,1,3,-9.5,-8.5,-7.5
0,689200,VEV_4000,,,1232.0,3,SELL,1232.0,1253.0,1242.5,-10.5,0.0,-21.0,False,False,0,2,1,3,12.5,15.5,15.5
0,692200,VEV_4000,,,1237.0,2,SELL,1237.0,1258.0,1247.5,-10.5,0.0,-21.0,False,False,0,2,1,3,12.5,10.5,13.5
0,713700,VEV_4000,,,1256.0,1,BUY,1235.0,1256.0,1245.5,10.5,21.0,0.0,False,False,0,2,1,3,-5.5,-4.5,-5.5
0,713800,VEV_4000,,,1257.0,2,BUY,1236.0,1257.0,1246.5,10.5,21.0,0.0,False,False,0,2,1,3,-5.5,-5.5,-5.5
0,735900,VEV_4000,,,1260.0,2,SELL,1260.0,1281.0,1270.5,-10.5,0.0,-21.0,False,False,0,2,1,3,13.0,6.0,6.5
0,739100,VEV_4000,,,1281.0,3,BUY,1259.0,1281.0,1270.0,11.0,22.0,0.0,False,False,0,2,1,3,-12.0,-11.5,-12.5
0,748000,VEV_4000,,,1286.0,1,BUY,1264.0,1286.0,1275.0,11.0,22.0,0.0,False,False,0,2,1,3,-11.5,-8.0,-9.5
0,761600,VEV_4000,,,1245.0,3,SELL,1245.0,1266.0,1255.5,-10.5,0.0,-21.0,False,False,0,2,1,3,12.5,11.5,14.5
0,762000,VEV_4000,,,1267.0,2,BUY,1246.0,1267.0,1256.5,10.5,21.0,0.0,False,False,0,2,1,3,-11.5,-10.0,-9.0
0,762500,VEV_4000,,,1266.0,2,BUY,1245.0,1266.0,1255.5,10.5,21.0,0.0,False,False,0,2,1,3,-9.5,-7.5,-5.5
0,765200,VEV_4000,,,1271.0,3,BUY,1250.0,1271.0,1260.5,10.5,21.0,0.0,False,False,0,2,1,3,-8.5,-11.5,-7.5
0,780900,VEV_4000,,,1258.0,2,BUY,1237.0,1258.0,1247.5,10.5,21.0,0.0,False,False,0,2,1,3,-8.5,-10.5,-7.5
0,787300,VEV_4000,,,1237.0,3,SELL,1237.0,1258.0,1247.5,-10.5,0.0,-21.0,False,False,0,2,1,3,12.5,7.5,4.5
0,802300,VEV_4000,,,1261.0,2,BUY,1240.0,1261.0,1250.5,10.5,21.0,0.0,False,False,0,2,1,3,-10.5,-5.5,-15.5
0,808600,VEV_4000,,,1252.0,1,BUY,1231.0,1252.0,1241.5,10.5,21.0,0.0,False,False,50,2,1,3,-10.5,-2.5,1.5
0,819800,VEV_4000,,,1266.0,2,BUY,1244.0,1266.0,1255.0,11.0,22.0,0.0,False,False,0,2,1,3,-8.5,-12.5,-19.5
0,829700,VEV_4000,,,1272.0,2,BUY,1251.0,1272.0,1261.5,10.5,21.0,0.0,False,False,0,2,1,3,-10.5,-16.5,-19.5
0,830800,VEV_4000,,,1269.0,3,BUY,1248.0,1269.0,1258.5,10.5,21.0,0.0,False,False,0,2,1,3,-11.5,-13.5,-15.5
0,831800,VEV_4000,,,1266.0,2,BUY,1245.0,1266.0,1255.5,10.5,21.0,0.0,False,False,0,2,1,3,-11.5,-8.5,-6.0
0,841600,VEV_4000,,,1246.0,3,SELL,1246.0,1267.0,1256.5,-10.5,0.0,-21.0,False,False,0,2,1,3,11.5,5.5,14.5
0,847900,VEV_4000,,,1248.0,3,SELL,1248.0,1269.0,1258.5,-10.5,0.0,-21.0,False,False,0,2,1,3,9.5,3.5,5.0
0,852600,VEV_4000,,,1243.0,1,SELL,1243.0,1264.0,1253.5,-10.5,0.0,-21.0,False,False,0,2,1,3,10.5,14.5,8.5
0,853800,VEV_4000,,,1265.0,1,BUY,1244.0,1265.0,1254.5,10.5,21.0,0.0,False,False,0,2,1,3,-7.0,-7.5,-14.5
0,862100,VEV_4000,,,1261.0,3,BUY,1240.0,1261.0,1250.5,10.5,21.0,0.0,False,False,50,2,1,3,-10.5,-9.5,1.5
0,864800,VEV_4000,,,1258.0,3,BUY,1237.0,1258.0,1247.5,10.5,21.0,0.0,False,False,50,2,1,3,-5.5,1.5,10.5
0,869500,VEV_4000,,,1259.0,1,SELL,1259.0,1280.0,1269.5,-10.5,0.0,-21.0,False,False,0,2,1,3,10.0,5.5,4.5
0,870200,VEV_4000,,,1279.0,3,BUY,1258.0,1279.0,1268.5,10.5,21.0,0.0,False,False,0,2,1,3,-10.5,-18.0,-19.5
0,875600,VEV_4000,,,1268.0,1,BUY,1247.0,1268.0,1257.5,10.5,21.0,0.0,False,False,0,2,1,3,-8.5,-10.5,-11.5
0,885400,VEV_4000,,,1263.0,1,BUY,1242.0,1263.0,1252.5,10.5,21.0,0.0,False,False,0,2,1,3,-10.5,-12.5,-10.5
0,886700,VEV_4000,,,1242.0,2,SELL,1242.0,1263.0,1252.5,-10.5,0.0,-21.0,False,False,0,2,1,3,8.5,9.5,16.5
0,890900,VEV_4000,,,1264.0,3,BUY,1243.0,1264.0,1253.5,10.5,21.0,0.0,False,False,0,2,1,3,-6.5,-3.0,-4.5
0,891000,VEV_4000,,,1265.0,1,BUY,1244.0,1265.0,1254.5,10.5,21.0,0.0,False,False,0,2,1,3,-6.5,-5.5,-0.5
0,891500,VEV_4000,,,1248.0,3,SELL,1248.0,1269.0,1258.5,-10.5,0.0,-21.0,False,False,0,2,1,3,12.0,8.5,12.5
0,899800,VEV_4000,,,1248.0,3,SELL,1248.0,1269.0,1258.5,-10.5,0.0,-21.0,False,False,50,2,1,3,7.5,5.5,-7.5
0,914600,VEV_4000,,,1249.0,2,SELL,1249.0,1270.0,1259.5,-10.5,0.0,-21.0,False,False,0,2,1,3,9.5,8.5,7.5
0,916900,VEV_4000,,,1246.0,1,SELL,1246.0,1267.0,1256.5,-10.5,0.0,-21.0,False,False,0,2,1,3,9.5,8.5,14.5
0,923400,VEV_4000,,,1258.0,3,SELL,1258.0,1279.0,1268.5,-10.5,0.0,-21.0,False,False,0,2,1,3,13.0,17.0,18.5
0,925800,VEV_4000,,,1284.0,3,BUY,1262.0,1284.0,1273.0,11.0,22.0,0.0,False,False,0,2,1,3,-10.5,-6.5,-18.5
0,930100,VEV_4000,,,1281.0,2,BUY,1260.0,1281.0,1270.5,10.5,21.0,0.0,False,False,0,2,1,3,-13.5,-16.0,-19.5
0,932300,VEV_4000,,,1256.0,2,SELL,1256.0,1277.0,1266.5,-10.5,0.0,-21.0,False,False,0,2,1,3,7.5,5.5,6.5
0,934000,VEV_4000,,,1251.0,2,SELL,1251.0,1272.0,1261.5,-10.5,0.0,-21.0,False,False,0,2,1,3,12.0,9.5,3.5
0,937800,VEV_4000,,,1248.0,1,SELL,1248.0,1269.0,1258.5,-10.5,0.0,-21.0,False,False,0,2,1,3,8.5,4.5,0.5
0,940000,VEV_4000,,,1264.0,1,BUY,1253.0,1264.0,1258.5,5.5,11.0,0.0,False,False,0,2,1,3,-10.5,-14.5,-17.5
0,941400,VEV_4000,,,1261.0,2,BUY,1240.0,1261.0,1250.5,10.5,21.0,0.0,False,False,0,2,1,3,-11.5,-11.5,-16.5
0,945000,VEV_4000,,,1236.0,2,SELL,1236.0,1257.0,1246.5,-10.5,0.0,-21.0,False,False,50,2,1,3,8.5,7.5,-2.0
0,946400,VEV_4000,,,1255.0,2,BUY,1234.0,1255.0,1244.5,10.5,21.0,0.0,False,False,0,2,1,3,-10.5,-12.5,-17.5
0,952800,VEV_4000,,,1230.0,1,SELL,1230.0,1251.0,1240.5,-10.5,0.0,-21.0,False,False,50,2,1,3,9.5,0.5,-1.5
0,983900,VEV_4000,,,1253.0,3,BUY,1233.0,1253.0,1243.0,10.0,20.0,0.0,False,False,0,2,1,3,-10.5,-10.0,-7.5
0,989700,VEV_4000,,,1234.0,2,SELL,1234.0,1255.0,1244.5,-10.5,0.0,-21.0,False,False,0,2,1,3,11.5,11.5,13.5
0,990100,VEV_4000,,,1254.0,2,BUY,1233.0,1254.0,1243.5,10.5,21.0,0.0,False,False,0,2,1,3,-11.5,-12.5,-5.5
0,997200,VEV_4000,,,1255.0,3,BUY,1234.0,1255.0,1244.5,10.5,21.0,0.0,False,False,0,2,1,3,-10.5,-13.0,
0,997900,VEV_4000,,,1255.0,2,BUY,1234.0,1255.0,1244.5,10.5,21.0,0.0,False,False,0,2,1,3,-10.5,-11.0,
0,999000,VEV_4000,,,1253.0,1,BUY,1232.0,1253.0,1242.5,10.5,21.0,0.0,False,False,0,2,1,3,-8.5,,
0,220100,VEV_5200,,,84.0,5,SELL,84.0,86.0,85.0,-1.0,0.0,-2.0,True,True,0,5,4,5,2.5,3.5,4.0
0,655800,VEV_5200,,,88.0,5,SELL,88.0,90.0,89.0,-1.0,0.0,-2.0,False,True,0,5,4,5,0.5,3.5,6.5
0,947800,VEV_5200,,,95.0,5,SELL,95.0,97.0,96.0,-1.0,0.0,-2.0,False,True,50,5,4,5,-0.5,-2.5,-2.5
0,69500,VEV_5300,,,48.0,5,SELL,48.0,50.0,49.0,-1.0,0.0,-2.0,True,True,0,4,3,5,0.0,1.0,1.0
0,87400,VEV_5300,,,47.0,3,SELL,47.0,49.0,48.0,-1.0,0.0,-2.0,True,False,50,4,3,5,-2.0,-2.0,-3.0
0,109700,VEV_5300,,,41.0,4,SELL,41.0,43.0,42.0,-1.0,0.0,-2.0,True,False,50,4,3,5,1.0,0.0,-1.0
0,110600,VEV_5300,,,41.0,3,SELL,41.0,43.0,42.0,-1.0,0.0,-2.0,False,False,50,4,3,5,0.0,-1.0,-2.0
0,125700,VEV_5300,,,45.0,4,SELL,45.0,47.0,46.0,-1.0,0.0,-2.0,False,False,0,4,3,5,2.0,1.0,2.0
0,157400,VEV_5300,,,47.0,2,SELL,47.0,49.0,48.0,-1.0,0.0,-2.0,False,False,0,2,1,2,2.0,3.5,4.5
0,181700,VEV_5300,,,45.0,4,SELL,45.0,47.0,46.0,-1.0,0.0,-2.0,False,False,0,4,3,5,1.0,1.0,1.0
0,184900,VEV_5300,,,45.0,2,SELL,45.0,47.0,46.0,-1.0,0.0,-2.0,False,False,0,2,1,2,1.0,0.0,1.0
0,186600,VEV_5300,,,46.0,3,SELL,46.0,48.0,47.0,-1.0,0.0,-2.0,False,False,50,4,3,5,-0.5,-2.0,-2.0
0,190100,VEV_5300,,,45.0,4,SELL,45.0,47.0,46.0,-1.0,0.0,-2.0,False,False,50,4,3,5,0.0,0.0,-1.0
0,193000,VEV_5300,,,43.0,2,SELL,43.0,45.0,44.0,-1.0,0.0,-2.0,False,False,0,2,1,2,0.0,0.0,0.0
0,198200,VEV_5300,,,42.0,5,SELL,42.0,44.0,43.0,-1.0,0.0,-2.0,False,False,0,4,3,5,0.0,2.0,1.0
0,235100,VEV_5300,,,46.0,3,SELL,46.0,48.0,47.0,-1.0,0.0,-2.0,False,False,50,4,3,5,-1.0,-3.0,-1.0
0,263400,VEV_5300,,,47.0,2,SELL,47.0,49.0,48.0,-1.0,0.0,-2.0,False,False,0,2,1,2,3.0,2.0,1.0
0,332300,VEV_5300,,,58.0,4,SELL,58.0,60.0,59.0,-1.0,0.0,-2.0,False,True,50,4,3,5,0.0,-2.5,-3.0
0,447800,VEV_5300,,,49.0,5,SELL,49.0,51.0,50.0,-1.0,0.0,-2.0,False,False,50,4,3,5,1.0,-1.0,-4.0
0,453100,VEV_5300,,,45.0,3,SELL,45.0,47.0,46.0,-1.0,0.0,-2.0,False,False,0,4,3,5,0.0,3.0,1.0
0,490300,VEV_5300,,,45.0,2,SELL,45.0,47.0,46.0,-1.0,0.0,-2.0,False,False,0,2,1,2,1.0,0.0,1.0
0,505700,VEV_5300,,,45.0,4,SELL,45.0,47.0,46.0,-1.0,0.0,-2.0,False,False,50,4,3,5,2.0,0.0,-3.0
0,534700,VEV_5300,,,51.0,5,SELL,51.0,53.0,52.0,-1.0,0.0,-2.0,False,False,50,4,3,5,0.0,-1.0,-4.5
0,575000,VEV_5300,,,46.0,5,SELL,46.0,48.0,47.0,-1.0,0.0,-2.0,False,False,0,4,3,5,1.0,0.0,2.0
0,591100,VEV_5300,,,46.0,2,SELL,46.0,48.0,47.0,-1.0,0.0,-2.0,False,False,0,2,1,2,2.0,3.0,3.0
0,603000,VEV_5300,,,46.0,2,SELL,46.0,48.0,47.0,-1.0,0.0,-2.0,False,False,50,2,1,2,0.0,-1.0,-1.0
0,626500,VEV_5300,,,38.0,2,SELL,38.0,40.0,39.0,-1.0,0.0,-2.0,True,False,0,2,1,2,0.0,1.0,2.0
0,631900,VEV_5300,,,38.0,4,SELL,38.0,40.0,39.0,-1.0,0.0,-2.0,False,False,0,4,3,5,1.0,3.0,3.0
0,640300,VEV_5300,,,42.0,5,SELL,42.0,44.0,43.0,-1.0,0.0,-2.0,False,False,50,4,3,5,0.5,1.0,-1.0
0,655900,VEV_5300,,,42.0,3,SELL,42.0,44.0,43.0,-1.0,0.0,-2.0,False,False,0,4,3,5,1.0,2.0,4.0
0,711600,VEV_5300,,,47.0,2,SELL,47.0,49.0,48.0,-1.0,0.0,-2.0,False,False,20,2,1,2,1.0,-0.5,4.0
0,810000,VEV_5300,,,47.0,5,SELL,47.0,49.0,48.0,-1.0,0.0,-2.0,False,False,0,4,3,5,2.0,1.0,2.0
0,835500,VEV_5300,,,50.0,5,SELL,50.0,52.0,51.0,-1.0,0.0,-2.0,False,False,0,4,3,5,0.5,3.0,3.5
0,842900,VEV_5300,,,50.0,5,SELL,50.0,52.0,51.0,-1.0,0.0,-2.0,False,False,0,4,3,5,0.5,1.0,3.0
0,859100,VEV_5300,,,49.0,2,SELL,49.0,51.0,50.0,-1.0,0.0,-2.0,False,False,0,2,1,2,2.0,1.0,0.5
0,859300,VEV_5300,,,50.0,2,SELL,50.0,52.0,51.0,-1.0,0.0,-2.0,False,False,50,2,1,2,1.0,0.0,-1.0
0,912400,VEV_5300,,,52.0,4,SELL,52.0,54.0,53.0,-1.0,0.0,-2.0,False,False,50,4,3,5,2.0,0.0,-1.0
0,946600,VEV_5300,,,45.0,4,SELL,45.0,47.0,46.0,-1.0,0.0,-2.0,False,False,50,4,3,5,1.5,1.0,-1.0
0,950000,VEV_5300,,,44.0,4,SELL,44.0,46.0,45.0,-1.0,0.0,-2.0,False,False,50,4,3,5,2.0,1.0,-3.0
0,994300,VEV_5300,,,46.0,3,SELL,46.0,48.0,47.0,-1.0,0.0,-2.0,False,False,0,4,3,5,2.0,0.0,0.0
0,2900,VEV_5400,,,22.0,3,SELL,22.0,23.0,22.5,-0.5,0.0,-1.0,True,True,50,2,2,3,0.0,-1.5,-2.5
0,15200,VEV_5400,,,21.0,5,SELL,21.0,22.0,21.5,-0.5,0.0,-1.0,True,False,50,4,4,5,0.5,0.0,-0.5
0,31700,VEV_5400,,,18.0,5,SELL,18.0,20.0,19.0,-1.0,0.0,-2.0,True,False,0,4,4,5,0.5,1.0,1.0
0,45100,VEV_5400,,,19.0,2,SELL,19.0,20.0,19.5,-0.5,0.0,-1.0,False,False,0,2,2,3,0.5,1.5,1.5
0,69500,VEV_5400,,,20.0,5,SELL,20.0,22.0,21.0,-1.0,0.0,-2.0,False,False,0,4,4,5,0.5,1.5,1.5
0,87400,VEV_5400,,,20.0,3,SELL,20.0,22.0,21.0,-1.0,0.0,-2.0,False,False,50,2,2,3,-0.5,-0.5,-1.0
0,109700,VEV_5400,,,17.0,4,SELL,17.0,18.0,17.5,-0.5,0.0,-1.0,True,False,50,4,4,5,0.5,0.0,-0.5
0,110600,VEV_5400,,,17.0,3,SELL,17.0,18.0,17.5,-0.5,0.0,-1.0,False,False,50,2,2,3,0.0,-0.5,-1.0
0,169900,VEV_5400,,,22.0,5,SELL,22.0,23.0,22.5,-0.5,0.0,-1.0,False,False,50,4,4,5,0.5,0.0,-2.0
0,176000,VEV_5400,,,19.0,3,SELL,19.0,20.0,19.5,-0.5,0.0,-1.0,False,False,50,2,2,3,0.5,0.0,-0.5
0,177200,VEV_5400,,,19.0,2,SELL,19.0,21.0,20.0,-1.0,0.0,-2.0,False,False,0,2,2,3,0.5,0.5,0.0
0,181700,VEV_5400,,,18.0,4,SELL,18.0,19.0,18.5,-0.5,0.0,-1.0,False,False,0,4,4,5,1.0,1.0,0.5
0,184900,VEV_5400,,,18.0,2,SELL,18.0,19.0,18.5,-0.5,0.0,-1.0,False,False,0,2,2,3,1.0,0.5,0.5
0,190100,VEV_5400,,,18.0,4,SELL,18.0,19.0,18.5,-0.5,0.0,-1.0,False,False,50,4,4,5,0.0,0.0,-0.5
0,193000,VEV_5400,,,17.0,2,SELL,17.0,18.0,17.5,-0.5,0.0,-1.0,False,False,0,2,2,3,0.0,0.0,0.0
0,198200,VEV_5400,,,16.0,5,SELL,16.0,17.0,16.5,-0.5,0.0,-1.0,True,False,0,4,4,5,0.5,1.5,1.0
0,212900,VEV_5400,,,15.0,2,SELL,15.0,16.0,15.5,-0.5,0.0,-1.0,True,False,0,2,2,3,0.5,0.5,1.0
0,220100,VEV_5400,,,16.0,5,SELL,16.0,17.0,16.5,-0.5,0.0,-1.0,False,False,0,4,4,5,1.0,1.0,1.0
0,230000,VEV_5400,,,17.0,5,SELL,17.0,18.0,17.5,-0.5,0.0,-1.0,False,False,0,4,4,5,0.5,1.0,1.5
0,231000,VEV_5400,,,17.0,3,SELL,17.0,19.0,18.0,-1.0,0.0,-2.0,False,False,0,2,2,3,0.5,1.5,0.5
0,235100,VEV_5400,,,18.0,3,SELL,18.0,19.0,18.5,-0.5,0.0,-1.0,False,False,50,2,2,3,0.0,-1.5,-1.0
0,263400,VEV_5400,,,18.0,2,SELL,18.0,19.0,18.5,-0.5,0.0,-1.0,False,False,0,2,2,3,1.5,1.0,0.5
0,277200,VEV_5400,,,20.0,3,SELL,20.0,21.0,20.5,-0.5,0.0,-1.0,False,False,50,2,2,3,0.5,-2.0,-1.5
0,292800,VEV_5400,,,19.0,3,SELL,19.0,20.0,19.5,-0.5,0.0,-1.0,False,False,20,2,2,3,0.0,-0.5,1.0
0,316700,VEV_5400,,,22.0,5,SELL,22.0,24.0,23.0,-1.0,0.0,-2.0,False,False,50,4,4,5,1.0,1.5,-0.5
0,317600,VEV_5400,,,22.0,2,SELL,22.0,24.0,23.0,-1.0,0.0,-2.0,False,False,0,2,2,3,1.0,1.5,0.5
0,402100,VEV_5400,,,21.0,3,SELL,21.0,23.0,22.0,-1.0,0.0,-2.0,False,False,0,2,2,3,0.5,1.0,2.0
0,420400,VEV_5400,,,21.0,3,SELL,21.0,23.0,22.0,-1.0,0.0,-2.0,False,False,0,2,2,3,1.0,2.0,1.5
0,447800,VEV_5400,,,18.0,5,SELL,18.0,19.0,18.5,-0.5,0.0,-1.0,False,False,50,4,4,5,0.5,-0.5,-1.5
0,449700,VEV_5400,,,17.0,5,SELL,17.0,18.0,17.5,-0.5,0.0,-1.0,False,False,20,4,4,5,0.5,-0.5,0.5
0,453100,VEV_5400,,,16.0,3,SELL,16.0,17.0,16.5,-0.5,0.0,-1.0,False,False,0,2,2,3,0.5,1.5,0.5
0,479200,VEV_5400,,,15.0,2,SELL,15.0,17.0,16.0,-1.0,0.0,-2.0,False,False,0,2,2,3,1.5,2.0,2.5
0,486200,VEV_5400,,,17.0,4,SELL,17.0,18.0,17.5,-0.5,0.0,-1.0,False,False,50,4,4,5,0.5,0.0,-1.5
0,490300,VEV_5400,,,16.0,2,SELL,16.0,17.0,16.5,-0.5,0.0,-1.0,False,False,0,2,2,3,0.5,0.0,0.5
0,505700,VEV_5400,,,16.0,4,SELL,16.0,17.0,16.5,-0.5,0.0,-1.0,False,False,50,4,4,5,1.5,0.0,-1.5
0,554500,VEV_5400,,,16.0,4,SELL,16.0,17.0,16.5,-0.5,0.0,-1.0,False,False,50,4,4,5,0.5,0.0,-0.5
0,568800,VEV_5400,,,18.0,3,SELL,18.0,19.0,18.5,-0.5,0.0,-1.0,False,False,50,2,2,3,0.0,-1.0,-1.5
0,585000,VEV_5400,,,16.0,4,SELL,16.0,17.0,16.5,-0.5,0.0,-1.0,False,False,5,4,4,5,-0.5,0.5,0.5
0,593300,VEV_5400,,,16.0,2,SELL,16.0,18.0,17.0,-1.0,0.0,-2.0,False,False,0,2,2,3,1.5,1.5,1.5
0,613300,VEV_5400,,,14.0,5,SELL,14.0,15.0,14.5,-0.5,0.0,-1.0,True,False,20,4,4,5,0.5,-0.5,0.0
0,626500,VEV_5400,,,12.0,2,SELL,12.0,13.0,12.5,-0.5,0.0,-1.0,True,False,0,2,2,3,0.5,0.5,0.5
0,631900,VEV_5400,,,12.0,4,SELL,12.0,13.0,12.5,-0.5,0.0,-1.0,False,False,0,4,4,5,0.5,1.5,1.5
0,693200,VEV_5400,,,16.0,2,SELL,16.0,17.0,16.5,-0.5,0.0,-1.0,False,False,0,2,2,3,0.5,1.0,1.5
0,695000,VEV_5400,,,16.0,2,SELL,16.0,18.0,17.0,-1.0,0.0,-2.0,False,False,0,2,2,3,1.0,1.0,1.5
0,711600,VEV_5400,,,16.0,2,SELL,16.0,17.0,16.5,-0.5,0.0,-1.0,False,False,0,2,2,3,0.5,0.0,2.0
0,715000,VEV_5400,,,17.0,3,SELL,17.0,18.0,17.5,-0.5,0.0,-1.0,False,False,0,2,2,3,0.5,1.0,0.5
0,729100,VEV_5400,,,20.0,3,SELL,20.0,22.0,21.0,-1.0,0.0,-2.0,False,False,0,2,2,3,1.0,1.0,1.0
0,736700,VEV_5400,,,20.0,2,SELL,20.0,22.0,21.0,-1.0,0.0,-2.0,False,False,0,2,2,3,1.0,1.0,1.0
0,769300,VEV_5400,,,18.0,5,SELL,18.0,19.0,18.5,-0.5,0.0,-1.0,False,False,0,4,4,5,1.5,2.0,1.5
0,779600,VEV_5400,,,17.0,4,SELL,17.0,18.0,17.5,-0.5,0.0,-1.0,False,False,50,4,4,5,0.5,0.5,-0.5
0,791300,VEV_5400,,,15.0,3,SELL,15.0,17.0,16.0,-1.0,0.0,-2.0,False,False,50,2,2,3,0.5,1.0,-0.5
0,810000,VEV_5400,,,15.0,5,SELL,15.0,17.0,16.0,-1.0,0.0,-2.0,False,False,0,4,4,5,1.5,1.0,1.5
0,835500,VEV_5400,,,17.0,5,SELL,17.0,19.0,18.0,-1.0,0.0,-2.0,False,False,0,4,4,5,0.5,2.0,2.0
0,842900,VEV_5400,,,17.0,5,SELL,17.0,19.0,18.0,-1.0,0.0,-2.0,False,False,0,4,4,5,0.5,1.0,2.0
0,859100,VEV_5400,,,17.0,2,SELL,17.0,19.0,18.0,-1.0,0.0,-2.0,False,False,0,2,2,3,1.0,1.0,1.0
0,859300,VEV_5400,,,18.0,2,SELL,18.0,19.0,18.5,-0.5,0.0,-1.0,False,False,50,2,2,3,0.5,0.0,-0.5
0,862500,VEV_5400,,,17.0,2,SELL,17.0,18.0,17.5,-0.5,0.0,-1.0,False,False,5,2,2,3,-0.5,0.0,3.0
0,884000,VEV_5400,,,17.0,5,SELL,17.0,18.0,17.5,-0.5,0.0,-1.0,False,False,0,4,4,5,0.5,0.5,0.5
0,919500,VEV_5400,,,18.0,4,SELL,18.0,19.0,18.5,-0.5,0.0,-1.0,False,False,0,4,4,5,1.0,2.0,4.5
0,941200,VEV_5400,,,17.0,2,SELL,17.0,19.0,18.0,-1.0,0.0,-2.0,False,False,0,2,2,3,0.5,0.5,0.0
0,947800,VEV_5400,,,16.0,5,SELL,16.0,18.0,17.0,-1.0,0.0,-2.0,False,False,0,4,4,5,0.5,0.0,0.0
0,948900,VEV_5400,,,16.0,3,SELL,16.0,17.0,16.5,-0.5,0.0,-1.0,False,False,50,2,2,3,0.5,0.5,-1.0
0,950000,VEV_5400,,,15.0,4,SELL,15.0,16.0,15.5,-0.5,0.0,-1.0,False,False,50,4,4,5,1.5,0.5,-0.5
0,994300,VEV_5400,,,16.0,3,SELL,16.0,17.0,16.5,-0.5,0.0,-1.0,False,False,0,2,2,3,1.5,0.5,0.0
0,2900,VEV_5500,,,8.0,3,SELL,8.0,9.0,8.5,-0.5,0.0,-1.0,True,True,50,2,2,3,0.5,-0.5,-0.5
0,15200,VEV_5500,,,7.0,5,SELL,7.0,9.0,8.0,-1.0,0.0,-2.0,True,False,0,4,4,5,1.0,0.5,0.5
0,31700,VEV_5500,,,6.0,5,SELL,6.0,7.0,6.5,-0.5,0.0,-1.0,True,False,0,4,4,5,0.5,0.5,0.5
0,45100,VEV_5500,,,7.0,2,SELL,7.0,8.0,7.5,-0.5,0.0,-1.0,False,False,0,2,2,3,0.5,0.5,0.5
0,69500,VEV_5500,,,7.0,5,SELL,7.0,8.0,7.5,-0.5,0.0,-1.0,False,False,0,4,4,5,0.5,1.0,1.0
0,87400,VEV_5500,,,7.0,3,SELL,7.0,8.0,7.5,-0.5,0.0,-1.0,False,False,0,2,2,3,0.5,0.5,0.0
0,88900,VEV_5500,,,7.0,4,SELL,7.0,8.0,7.5,-0.5,0.0,-1.0,False,False,0,4,4,5,0.5,0.5,0.5
0,109700,VEV_5500,,,6.0,4,SELL,6.0,7.0,6.5,-0.5,0.0,-1.0,False,False,0,4,4,5,0.5,0.5,0.5
0,110600,VEV_5500,,,6.0,3,SELL,6.0,7.0,6.5,-0.5,0.0,-1.0,False,False,0,2,2,3,0.5,0.5,0.5
0,125700,VEV_5500,,,7.0,4,SELL,7.0,8.0,7.5,-0.5,0.0,-1.0,False,False,0,4,4,5,0.5,0.5,1.0
0,157400,VEV_5500,,,7.0,2,SELL,7.0,9.0,8.0,-1.0,0.0,-2.0,False,False,0,2,2,3,1.5,1.5,1.5
0,160800,VEV_5500,,,8.0,4,SELL,8.0,9.0,8.5,-0.5,0.0,-1.0,False,False,0,4,4,5,0.5,0.5,0.5
0,173700,VEV_5500,,,8.0,2,SELL,8.0,9.0,8.5,-0.5,0.0,-1.0,False,False,50,2,2,3,0.5,0.0,-0.5
0,176000,VEV_5500,,,7.0,3,SELL,7.0,8.0,7.5,-0.5,0.0,-1.0,False,False,0,2,2,3,0.5,0.5,0.5
0,181700,VEV_5500,,,7.0,4,SELL,7.0,8.0,7.5,-0.5,0.0,-1.0,False,False,0,4,4,5,0.5,0.5,0.5
0,184900,VEV_5500,,,7.0,2,SELL,7.0,8.0,7.5,-0.5,0.0,-1.0,False,False,0,2,2,3,0.5,0.5,0.5
0,186600,VEV_5500,,,7.0,3,SELL,7.0,8.0,7.5,-0.5,0.0,-1.0,False,False,50,2,2,3,0.5,0.0,-0.5
0,190100,VEV_5500,,,7.0,4,SELL,7.0,8.0,7.5,-0.5,0.0,-1.0,False,False,0,4,4,5,0.5,0.5,0.0
0,193000,VEV_5500,,,6.0,2,SELL,6.0,8.0,7.0,-1.0,0.0,-2.0,False,False,0,2,2,3,0.5,0.5,0.5
0,198200,VEV_5500,,,6.0,5,SELL,6.0,7.0,6.5,-0.5,0.0,-1.0,False,False,0,4,4,5,0.5,1.0,0.5
0,212900,VEV_5500,,,6.0,2,SELL,6.0,7.0,6.5,-0.5,0.0,-1.0,False,False,0,2,2,3,0.5,0.0,0.5
0,220100,VEV_5500,,,6.0,5,SELL,6.0,7.0,6.5,-0.5,0.0,-1.0,False,False,0,4,4,5,0.5,0.5,0.5
0,230000,VEV_5500,,,7.0,5,SELL,7.0,8.0,7.5,-0.5,0.0,-1.0,False,False,0,4,4,5,0.5,0.5,0.5
0,231000,VEV_5500,,,7.0,3,SELL,7.0,8.0,7.5,-0.5,0.0,-1.0,False,False,0,2,2,3,0.5,0.5,0.5
0,235100,VEV_5500,,,7.0,3,SELL,7.0,8.0,7.5,-0.5,0.0,-1.0,False,False,20,2,2,3,0.5,-0.5,0.5
0,256500,VEV_5500,,,7.0,4,SELL,7.0,8.0,7.5,-0.5,0.0,-1.0,False,False,0,4,4,5,0.5,0.5,0.5
0,257800,VEV_5500,,,7.0,4,SELL,7.0,8.0,7.5,-0.5,0.0,-1.0,False,False,0,4,4,5,0.5,0.5,0.5
0,263400,VEV_5500,,,7.0,2,SELL,7.0,8.0,7.5,-0.5,0.0,-1.0,False,False,0,2,2,3,1.5,1.0,1.0
0,277200,VEV_5500,,,8.0,3,SELL,8.0,9.0,8.5,-0.5,0.0,-1.0,False,False,20,2,2,3,0.5,-0.5,0.0
0,290700,VEV_5500,,,8.0,5,SELL,8.0,9.0,8.5,-0.5,0.0,-1.0,False,False,5,4,4,5,-0.5,0.0,0.5
0,292800,VEV_5500,,,8.0,3,SELL,8.0,9.0,8.5,-0.5,0.0,-1.0,False,False,20,2,2,3,0.0,-0.5,0.5
0,316700,VEV_5500,,,9.0,5,SELL,9.0,10.0,9.5,-0.5,0.0,-1.0,False,True,0,4,4,5,0.5,0.5,0.0
0,317600,VEV_5500,,,9.0,2,SELL,9.0,10.0,9.5,-0.5,0.0,-1.0,False,False,0,2,2,3,0.5,0.5,0.5
0,332300,VEV_5500,,,10.0,4,SELL,10.0,11.0,10.5,-0.5,0.0,-1.0,False,True,50,4,4,5,0.0,-0.5,-0.5
0,402100,VEV_5500,,,9.0,3,SELL,9.0,10.0,9.5,-0.5,0.0,-1.0,False,False,0,2,2,3,0.5,0.5,1.0
0,420400,VEV_5500,,,9.0,3,SELL,9.0,10.0,9.5,-0.5,0.0,-1.0,False,False,0,2,2,3,0.5,0.5,0.5
0,447800,VEV_5500,,,7.0,5,SELL,7.0,9.0,8.0,-1.0,0.0,-2.0,False,False,50,4,4,5,0.5,0.5,-0.5
0,449700,VEV_5500,,,7.0,5,SELL,7.0,8.0,7.5,-0.5,0.0,-1.0,False,False,0,4,4,5,0.5,0.0,0.5
0,453100,VEV_5500,,,6.0,3,SELL,6.0,8.0,7.0,-1.0,0.0,-2.0,False,False,0,2,2,3,0.5,1.5,1.0
0,479200,VEV_5500,,,6.0,2,SELL,6.0,8.0,7.0,-1.0,0.0,-2.0,False,False,0,2,2,3,1.5,1.5,1.5
0,486200,VEV_5500,,,7.0,4,SELL,7.0,8.0,7.5,-0.5,0.0,-1.0,False,False,50,4,4,5,0.5,0.5,-0.5
0,490300,VEV_5500,,,7.0,2,SELL,7.0,8.0,7.5,-0.5,0.0,-1.0,False,False,0,2,2,3,0.5,0.0,0.5
0,505700,VEV_5500,,,7.0,4,SELL,7.0,8.0,7.5,-0.5,0.0,-1.0,False,False,50,4,4,5,0.5,0.0,-0.5
0,534700,VEV_5500,,,8.0,5,SELL,8.0,9.0,8.5,-0.5,0.0,-1.0,False,False,50,4,4,5,0.5,0.5,-0.5
0,554500,VEV_5500,,,7.0,4,SELL,7.0,8.0,7.5,-0.5,0.0,-1.0,False,False,0,4,4,5,0.5,0.5,0.0
0,568800,VEV_5500,,,8.0,3,SELL,8.0,9.0,8.5,-0.5,0.0,-1.0,False,False,50,2,2,3,0.5,0.0,-0.5
0,575000,VEV_5500,,,7.0,5,SELL,7.0,8.0,7.5,-0.5,0.0,-1.0,False,False,0,4,4,5,0.5,0.5,0.5
0,585000,VEV_5500,,,7.0,4,SELL,7.0,8.0,7.5,-0.5,0.0,-1.0,False,False,0,4,4,5,0.5,0.5,0.5
0,591100,VEV_5500,,,7.0,2,SELL,7.0,8.0,7.5,-0.5,0.0,-1.0,False,False,0,2,2,3,0.5,0.5,1.0
0,593300,VEV_5500,,,7.0,2,SELL,7.0,8.0,7.5,-0.5,0.0,-1.0,False,False,0,2,2,3,0.5,1.5,1.0
0,603000,VEV_5500,,,7.0,2,SELL,7.0,8.0,7.5,-0.5,0.0,-1.0,False,False,0,2,2,3,0.5,0.0,0.0
0,613300,VEV_5500,,,6.0,5,SELL,6.0,7.0,6.5,-0.5,0.0,-1.0,False,False,0,4,4,5,0.5,0.5,0.5
0,626500,VEV_5500,,,5.0,2,SELL,5.0,6.0,5.5,-0.5,0.0,-1.0,True,False,0,2,2,3,0.5,0.5,1.5
0,631900,VEV_5500,,,5.0,4,SELL,5.0,6.0,5.5,-0.5,0.0,-1.0,False,False,0,4,4,5,1.0,1.5,1.5
0,640300,VEV_5500,,,6.0,5,SELL,6.0,7.0,6.5,-0.5,0.0,-1.0,False,False,0,4,4,5,0.5,0.5,0.5
0,655800,VEV_5500,,,6.0,5,SELL,6.0,7.0,6.5,-0.5,0.0,-1.0,False,False,0,4,4,5,0.5,1.0,1.5
0,655900,VEV_5500,,,6.0,3,SELL,6.0,7.0,6.5,-0.5,0.0,-1.0,False,False,0,2,2,3,0.5,1.0,1.5
0,693200,VEV_5500,,,7.0,2,SELL,7.0,8.0,7.5,-0.5,0.0,-1.0,False,False,0,2,2,3,0.5,0.5,1.0
0,695000,VEV_5500,,,7.0,2,SELL,7.0,8.0,7.5,-0.5,0.0,-1.0,False,False,0,2,2,3,0.5,0.5,1.0
0,711600,VEV_5500,,,7.0,2,SELL,7.0,8.0,7.5,-0.5,0.0,-1.0,False,False,0,2,2,3,1.0,0.5,1.5
0,715000,VEV_5500,,,8.0,3,SELL,8.0,9.0,8.5,-0.5,0.0,-1.0,False,False,0,2,2,3,0.5,0.5,0.5
0,722600,VEV_5500,,,8.0,3,SELL,8.0,9.0,8.5,-0.5,0.0,-1.0,False,False,0,2,2,3,1.0,1.5,2.5
0,729100,VEV_5500,,,9.0,3,SELL,9.0,11.0,10.0,-1.0,0.0,-2.0,False,False,0,2,2,3,1.0,1.0,1.0
0,736700,VEV_5500,,,9.0,2,SELL,9.0,11.0,10.0,-1.0,0.0,-2.0,False,False,0,2,2,3,1.0,1.0,1.0
0,736800,VEV_5500,,,9.0,2,SELL,9.0,11.0,10.0,-1.0,0.0,-2.0,False,False,0,2,2,3,0.5,1.5,1.0
0,769300,VEV_5500,,,9.0,5,SELL,9.0,10.0,9.5,-0.5,0.0,-1.0,False,False,0,4,4,5,0.5,0.5,0.5
0,779600,VEV_5500,,,8.0,4,SELL,8.0,9.0,8.5,-0.5,0.0,-1.0,False,False,0,4,4,5,0.5,0.5,0.0
0,791300,VEV_5500,,,7.0,3,SELL,7.0,8.0,7.5,-0.5,0.0,-1.0,False,False,0,2,2,3,0.5,0.5,0.5
0,835500,VEV_5500,,,8.0,5,SELL,8.0,9.0,8.5,-0.5,0.0,-1.0,False,False,0,4,4,5,0.5,1.0,1.5
0,842900,VEV_5500,,,8.0,5,SELL,8.0,9.0,8.5,-0.5,0.0,-1.0,False,False,0,4,4,5,0.5,0.5,1.0
0,845100,VEV_5500,,,8.0,5,SELL,8.0,9.0,8.5,-0.5,0.0,-1.0,False,False,0,4,4,5,1.0,1.5,0.5
0,859100,VEV_5500,,,8.0,2,SELL,8.0,9.0,8.5,-0.5,0.0,-1.0,False,False,0,2,2,3,0.5,0.5,0.5
0,859300,VEV_5500,,,8.0,2,SELL,8.0,9.0,8.5,-0.5,0.0,-1.0,False,False,0,2,2,3,0.5,0.5,0.0
0,862500,VEV_5500,,,7.0,2,SELL,7.0,9.0,8.0,-1.0,0.0,-2.0,False,False,0,2,2,3,0.5,1.0,2.5
0,873700,VEV_5500,,,9.0,4,SELL,9.0,10.0,9.5,-0.5,0.0,-1.0,False,False,0,4,4,5,0.5,0.0,0.0
0,884000,VEV_5500,,,8.0,5,SELL,8.0,9.0,8.5,-0.5,0.0,-1.0,False,False,0,4,4,5,0.5,0.5,0.5
0,919500,VEV_5500,,,8.0,4,SELL,8.0,9.0,8.5,-0.5,0.0,-1.0,False,False,0,4,4,5,0.5,1.5,2.5
0,946600,VEV_5500,,,7.0,4,SELL,7.0,8.0,7.5,-0.5,0.0,-1.0,False,False,0,4,4,5,0.5,0.5,0.0
0,947800,VEV_5500,,,7.0,5,SELL,7.0,8.0,7.5,-0.5,0.0,-1.0,False,False,0,4,4,5,0.5,0.5,0.5
0,948900,VEV_5500,,,7.0,3,SELL,7.0,8.0,7.5,-0.5,0.0,-1.0,False,False,50,2,2,3,0.5,0.5,-0.5
0,994300,VEV_5500,,,7.0,3,SELL,7.0,8.0,7.5,-0.5,0.0,-1.0,False,False,0,2,2,3,1.0,0.5,0.5
0,2900,VEV_6000,,,0.0,3,SELL,0.0,1.0,0.5,-0.5,0.0,-1.0,True,True,0,4,3,5,0.5,0.5,0.5
0,15200,VEV_6000,,,0.0,5,SELL,0.0,1.0,0.5,-0.5,0.0,-1.0,False,False,0,4,3,5,0.5,0.5,0.5
0,31700,VEV_6000,,,0.0,5,SELL,0.0,1.0,0.5,-0.5,0.0,-1.0,False,False,0,4,3,5,0.5,0.5,0.5
0,45100,VEV_6000,,,0.0,2,SELL,0.0,1.0,0.5,-0.5,0.0,-1.0,False,False,0,2,2,2,0.5,0.5,0.5
0,68400,VEV_6000,,,0.0,5,SELL,0.0,1.0,0.5,-0.5,0.0,-1.0,False,False,0,4,3,5,0.5,0.5,0.5
0,69500,VEV_6000,,,0.0,5,SELL,0.0,1.0,0.5,-0.5,0.0,-1.0,False,False,0,4,3,5,0.5,0.5,0.5
0,87400,VEV_6000,,,0.0,3,SELL,0.0,1.0,0.5,-0.5,0.0,-1.0,False,False,0,4,3,5,0.5,0.5,0.5
0,88900,VEV_6000,,,0.0,4,SELL,0.0,1.0,0.5,-0.5,0.0,-1.0,False,False,0,4,3,5,0.5,0.5,0.5
0,109700,VEV_6000,,,0.0,4,SELL,0.0,1.0,0.5,-0.5,0.0,-1.0,False,False,0,4,3,5,0.5,0.5,0.5
0,110600,VEV_6000,,,0.0,3,SELL,0.0,1.0,0.5,-0.5,0.0,-1.0,False,False,0,4,3,5,0.5,0.5,0.5
0,125700,VEV_6000,,,0.0,4,SELL,0.0,1.0,0.5,-0.5,0.0,-1.0,False,False,0,4,3,5,0.5,0.5,0.5
0,157400,VEV_6000,,,0.0,2,SELL,0.0,1.0,0.5,-0.5,0.0,-1.0,False,False,0,2,2,2,0.5,0.5,0.5
0,160800,VEV_6000,,,0.0,4,SELL,0.0,1.0,0.5,-0.5,0.0,-1.0,False,False,0,4,3,5,0.5,0.5,0.5
0,169900,VEV_6000,,,0.0,5,SELL,0.0,1.0,0.5,-0.5,0.0,-1.0,False,False,0,4,3,5,0.5,0.5,0.5
0,173700,VEV_6000,,,0.0,2,SELL,0.0,1.0,0.5,-0.5,0.0,-1.0,False,False,0,2,2,2,0.5,0.5,0.5
0,176000,VEV_6000,,,0.0,3,SELL,0.0,1.0,0.5,-0.5,0.0,-1.0,False,False,0,4,3,5,0.5,0.5,0.5
0,177200,VEV_6000,,,0.0,2,SELL,0.0,1.0,0.5,-0.5,0.0,-1.0,False,False,0,2,2,2,0.5,0.5,0.5
0,181700,VEV_6000,,,0.0,4,SELL,0.0,1.0,0.5,-0.5,0.0,-1.0,False,False,0,4,3,5,0.5,0.5,0.5
0,184900,VEV_6000,,,0.0,2,SELL,0.0,1.0,0.5,-0.5,0.0,-1.0,False,False,0,2,2,2,0.5,0.5,0.5
0,186600,VEV_6000,,,0.0,3,SELL,0.0,1.0,0.5,-0.5,0.0,-1.0,False,False,0,4,3,5,0.5,0.5,0.5
0,190100,VEV_6000,,,0.0,4,SELL,0.0,1.0,0.5,-0.5,0.0,-1.0,False,False,0,4,3,5,0.5,0.5,0.5
0,193000,VEV_6000,,,0.0,2,SELL,0.0,1.0,0.5,-0.5,0.0,-1.0,False,False,0,2,2,2,0.5,0.5,0.5
0,198200,VEV_6000,,,0.0,5,SELL,0.0,1.0,0.5,-0.5,0.0,-1.0,False,False,0,4,3,5,0.5,0.5,0.5
0,212900,VEV_6000,,,0.0,2,SELL,0.0,1.0,0.5,-0.5,0.0,-1.0,False,False,0,2,2,2,0.5,0.5,0.5
0,220100,VEV_6000,,,0.0,5,SELL,0.0,1.0,0.5,-0.5,0.0,-1.0,False,False,0,4,3,5,0.5,0.5,0.5
0,230000,VEV_6000,,,0.0,5,SELL,0.0,1.0,0.5,-0.5,0.0,-1.0,False,False,0,4,3,5,0.5,0.5,0.5
0,231000,VEV_6000,,,0.0,3,SELL,0.0,1.0,0.5,-0.5,0.0,-1.0,False,False,0,4,3,5,0.5,0.5,0.5
0,235100,VEV_6000,,,0.0,3,SELL,0.0,1.0,0.5,-0.5,0.0,-1.0,False,False,0,4,3,5,0.5,0.5,0.5
0,256500,VEV_6000,,,0.0,4,SELL,0.0,1.0,0.5,-0.5,0.0,-1.0,False,False,0,4,3,5,0.5,0.5,0.5
0,257800,VEV_6000,,,0.0,4,SELL,0.0,1.0,0.5,-0.5,0.0,-1.0,False,False,0,4,3,5,0.5,0.5,0.5
0,263400,VEV_6000,,,0.0,2,SELL,0.0,1.0,0.5,-0.5,0.0,-1.0,False,False,0,2,2,2,0.5,0.5,0.5
0,277200,VEV_6000,,,0.0,3,SELL,0.0,1.0,0.5,-0.5,0.0,-1.0,False,False,0,4,3,5,0.5,0.5,0.5
0,290700,VEV_6000,,,0.0,5,SELL,0.0,1.0,0.5,-0.5,0.0,-1.0,False,False,0,4,3,5,0.5,0.5,0.5
0,292800,VEV_6000,,,0.0,3,SELL,0.0,1.0,0.5,-0.5,0.0,-1.0,False,False,0,4,3,5,0.5,0.5,0.5
0,316700,VEV_6000,,,0.0,5,SELL,0.0,1.0,0.5,-0.5,0.0,-1.0,False,False,0,4,3,5,0.5,0.5,0.5
0,317600,VEV_6000,,,0.0,2,SELL,0.0,1.0,0.5,-0.5,0.0,-1.0,False,False,0,2,2,2,0.5,0.5,0.5
0,332300,VEV_6000,,,0.0,4,SELL,0.0,1.0,0.5,-0.5,0.0,-1.0,False,False,0,4,3,5,0.5,0.5,0.5
0,360000,VEV_6000,,,0.0,4,SELL,0.0,1.0,0.5,-0.5,0.0,-1.0,False,False,0,4,3,5,0.5,0.5,0.5
0,402100,VEV_6000,,,0.0,3,SELL,0.0,1.0,0.5,-0.5,0.0,-1.0,False,False,0,4,3,5,0.5,0.5,0.5
0,420400,VEV_6000,,,0.0,3,SELL,0.0,1.0,0.5,-0.5,0.0,-1.0,False,False,0,4,3,5,0.5,0.5,0.5
0,447800,VEV_6000,,,0.0,5,SELL,0.0,1.0,0.5,-0.5,0.0,-1.0,False,False,0,4,3,5,0.5,0.5,0.5
0,449700,VEV_6000,,,0.0,5,SELL,0.0,1.0,0.5,-0.5,0.0,-1.0,False,False,0,4,3,5,0.5,0.5,0.5
0,453100,VEV_6000,,,0.0,3,SELL,0.0,1.0,0.5,-0.5,0.0,-1.0,False,False,0,4,3,5,0.5,0.5,0.5
0,479200,VEV_6000,,,0.0,2,SELL,0.0,1.0,0.5,-0.5,0.0,-1.0,False,False,0,2,2,2,0.5,0.5,0.5
0,486200,VEV_6000,,,0.0,4,SELL,0.0,1.0,0.5,-0.5,0.0,-1.0,False,False,0,4,3,5,0.5,0.5,0.5
0,490300,VEV_6000,,,0.0,2,SELL,0.0,1.0,0.5,-0.5,0.0,-1.0,False,False,0,2,2,2,0.5,0.5,0.5
0,505700,VEV_6000,,,0.0,4,SELL,0.0,1.0,0.5,-0.5,0.0,-1.0,False,False,0,4,3,5,0.5,0.5,0.5
0,534700,VEV_6000,,,0.0,5,SELL,0.0,1.0,0.5,-0.5,0.0,-1.0,False,False,0,4,3,5,0.5,0.5,0.5
0,554500,VEV_6000,,,0.0,4,SELL,0.0,1.0,0.5,-0.5,0.0,-1.0,False,False,0,4,3,5,0.5,0.5,0.5
0,568800,VEV_6000,,,0.0,3,SELL,0.0,1.0,0.5,-0.5,0.0,-1.0,False,False,0,4,3,5,0.5,0.5,0.5
0,575000,VEV_6000,,,0.0,5,SELL,0.0,1.0,0.5,-0.5,0.0,-1.0,False,False,0,4,3,5,0.5,0.5,0.5
0,585000,VEV_6000,,,0.0,4,SELL,0.0,1.0,0.5,-0.5,0.0,-1.0,False,False,0,4,3,5,0.5,0.5,0.5
0,591100,VEV_6000,,,0.0,2,SELL,0.0,1.0,0.5,-0.5,0.0,-1.0,False,False,0,2,2,2,0.5,0.5,0.5
0,593300,VEV_6000,,,0.0,2,SELL,0.0,1.0,0.5,-0.5,0.0,-1.0,False,False,0,2,2,2,0.5,0.5,0.5
0,603000,VEV_6000,,,0.0,2,SELL,0.0,1.0,0.5,-0.5,0.0,-1.0,False,False,0,2,2,2,0.5,0.5,0.5
0,613300,VEV_6000,,,0.0,5,SELL,0.0,1.0,0.5,-0.5,0.0,-1.0,False,False,0,4,3,5,0.5,0.5,0.5
0,626500,VEV_6000,,,0.0,2,SELL,0.0,1.0,0.5,-0.5,0.0,-1.0,False,False,0,2,2,2,0.5,0.5,0.5
0,631900,VEV_6000,,,0.0,4,SELL,0.0,1.0,0.5,-0.5,0.0,-1.0,False,False,0,4,3,5,0.5,0.5,0.5
0,640300,VEV_6000,,,0.0,5,SELL,0.0,1.0,0.5,-0.5,0.0,-1.0,False,False,0,4,3,5,0.5,0.5,0.5
0,655800,VEV_6000,,,0.0,5,SELL,0.0,1.0,0.5,-0.5,0.0,-1.0,False,False,0,4,3,5,0.5,0.5,0.5
0,655900,VEV_6000,,,0.0,3,SELL,0.0,1.0,0.5,-0.5,0.0,-1.0,False,False,0,4,3,5,0.5,0.5,0.5
0,693200,VEV_6000,,,0.0,2,SELL,0.0,1.0,0.5,-0.5,0.0,-1.0,False,False,0,2,2,2,0.5,0.5,0.5
0,695000,VEV_6000,,,0.0,2,SELL,0.0,1.0,0.5,-0.5,0.0,-1.0,False,False,0,2,2,2,0.5,0.5,0.5
0,711600,VEV_6000,,,0.0,2,SELL,0.0,1.0,0.5,-0.5,0.0,-1.0,False,False,0,2,2,2,0.5,0.5,0.5
0,715000,VEV_6000,,,0.0,3,SELL,0.0,1.0,0.5,-0.5,0.0,-1.0,False,False,0,4,3,5,0.5,0.5,0.5
0,722600,VEV_6000,,,0.0,3,SELL,0.0,1.0,0.5,-0.5,0.0,-1.0,False,False,0,4,3,5,0.5,0.5,0.5
0,729100,VEV_6000,,,0.0,3,SELL,0.0,1.0,0.5,-0.5,0.0,-1.0,False,False,0,4,3,5,0.5,0.5,0.5
0,736700,VEV_6000,,,0.0,2,SELL,0.0,1.0,0.5,-0.5,0.0,-1.0,False,False,0,2,2,2,0.5,0.5,0.5
0,736800,VEV_6000,,,0.0,2,SELL,0.0,1.0,0.5,-0.5,0.0,-1.0,False,False,0,2,2,2,0.5,0.5,0.5
0,757300,VEV_6000,,,0.0,5,SELL,0.0,1.0,0.5,-0.5,0.0,-1.0,False,False,0,4,3,5,0.5,0.5,0.5
0,769300,VEV_6000,,,0.0,5,SELL,0.0,1.0,0.5,-0.5,0.0,-1.0,False,False,0,4,3,5,0.5,0.5,0.5
0,779600,VEV_6000,,,0.0,4,SELL,0.0,1.0,0.5,-0.5,0.0,-1.0,False,False,0,4,3,5,0.5,0.5,0.5
0,791300,VEV_6000,,,0.0,3,SELL,0.0,1.0,0.5,-0.5,0.0,-1.0,False,False,0,4,3,5,0.5,0.5,0.5
0,810000,VEV_6000,,,0.0,5,SELL,0.0,1.0,0.5,-0.5,0.0,-1.0,False,False,0,4,3,5,0.5,0.5,0.5
0,835500,VEV_6000,,,0.0,5,SELL,0.0,1.0,0.5,-0.5,0.0,-1.0,False,False,0,4,3,5,0.5,0.5,0.5
0,842900,VEV_6000,,,0.0,5,SELL,0.0,1.0,0.5,-0.5,0.0,-1.0,False,False,0,4,3,5,0.5,0.5,0.5
0,845100,VEV_6000,,,0.0,5,SELL,0.0,1.0,0.5,-0.5,0.0,-1.0,False,False,0,4,3,5,0.5,0.5,0.5
0,859100,VEV_6000,,,0.0,2,SELL,0.0,1.0,0.5,-0.5,0.0,-1.0,False,False,0,2,2,2,0.5,0.5,0.5
0,859300,VEV_6000,,,0.0,2,SELL,0.0,1.0,0.5,-0.5,0.0,-1.0,False,False,0,2,2,2,0.5,0.5,0.5
0,862500,VEV_6000,,,0.0,2,SELL,0.0,1.0,0.5,-0.5,0.0,-1.0,False,False,0,2,2,2,0.5,0.5,0.5
0,873700,VEV_6000,,,0.0,4,SELL,0.0,1.0,0.5,-0.5,0.0,-1.0,False,False,0,4,3,5,0.5,0.5,0.5
0,884000,VEV_6000,,,0.0,5,SELL,0.0,1.0,0.5,-0.5,0.0,-1.0,False,False,0,4,3,5,0.5,0.5,0.5
0,895800,VEV_6000,,,0.0,3,SELL,0.0,1.0,0.5,-0.5,0.0,-1.0,False,False,0,4,3,5,0.5,0.5,0.5
0,912400,VEV_6000,,,0.0,4,SELL,0.0,1.0,0.5,-0.5,0.0,-1.0,False,False,0,4,3,5,0.5,0.5,0.5
0,919500,VEV_6000,,,0.0,4,SELL,0.0,1.0,0.5,-0.5,0.0,-1.0,False,False,0,4,3,5,0.5,0.5,0.5
0,941200,VEV_6000,,,0.0,2,SELL,0.0,1.0,0.5,-0.5,0.0,-1.0,False,False,0,2,2,2,0.5,0.5,0.5
0,946600,VEV_6000,,,0.0,4,SELL,0.0,1.0,0.5,-0.5,0.0,-1.0,False,False,0,4,3,5,0.5,0.5,0.5
0,947800,VEV_6000,,,0.0,5,SELL,0.0,1.0,0.5,-0.5,0.0,-1.0,False,False,0,4,3,5,0.5,0.5,0.5
0,948900,VEV_6000,,,0.0,3,SELL,0.0,1.0,0.5,-0.5,0.0,-1.0,False,False,0,4,3,5,0.5,0.5,0.5
0,950000,VEV_6000,,,0.0,4,SELL,0.0,1.0,0.5,-0.5,0.0,-1.0,False,False,0,4,3,5,0.5,0.5,0.5
0,994300,VEV_6000,,,0.0,3,SELL,0.0,1.0,0.5,-0.5,0.0,-1.0,False,False,0,4,3,5,0.5,0.5,0.5
0,2900,VEV_6500,,,0.0,3,SELL,0.0,1.0,0.5,-0.5,0.0,-1.0,True,True,0,4,3,5,0.5,0.5,0.5
0,15200,VEV_6500,,,0.0,5,SELL,0.0,1.0,0.5,-0.5,0.0,-1.0,False,False,0,4,3,5,0.5,0.5,0.5
0,31700,VEV_6500,,,0.0,5,SELL,0.0,1.0,0.5,-0.5,0.0,-1.0,False,False,0,4,3,5,0.5,0.5,0.5
0,45100,VEV_6500,,,0.0,2,SELL,0.0,1.0,0.5,-0.5,0.0,-1.0,False,False,0,2,2,2,0.5,0.5,0.5
0,68400,VEV_6500,,,0.0,5,SELL,0.0,1.0,0.5,-0.5,0.0,-1.0,False,False,0,4,3,5,0.5,0.5,0.5
0,69500,VEV_6500,,,0.0,5,SELL,0.0,1.0,0.5,-0.5,0.0,-1.0,False,False,0,4,3,5,0.5,0.5,0.5
0,87400,VEV_6500,,,0.0,3,SELL,0.0,1.0,0.5,-0.5,0.0,-1.0,False,False,0,4,3,5,0.5,0.5,0.5
0,88900,VEV_6500,,,0.0,4,SELL,0.0,1.0,0.5,-0.5,0.0,-1.0,False,False,0,4,3,5,0.5,0.5,0.5
0,109700,VEV_6500,,,0.0,4,SELL,0.0,1.0,0.5,-0.5,0.0,-1.0,False,False,0,4,3,5,0.5,0.5,0.5
0,110600,VEV_6500,,,0.0,3,SELL,0.0,1.0,0.5,-0.5,0.0,-1.0,False,False,0,4,3,5,0.5,0.5,0.5
0,125700,VEV_6500,,,0.0,4,SELL,0.0,1.0,0.5,-0.5,0.0,-1.0,False,False,0,4,3,5,0.5,0.5,0.5
0,157400,VEV_6500,,,0.0,2,SELL,0.0,1.0,0.5,-0.5,0.0,-1.0,False,False,0,2,2,2,0.5,0.5,0.5
0,160800,VEV_6500,,,0.0,4,SELL,0.0,1.0,0.5,-0.5,0.0,-1.0,False,False,0,4,3,5,0.5,0.5,0.5
0,169900,VEV_6500,,,0.0,5,SELL,0.0,1.0,0.5,-0.5,0.0,-1.0,False,False,0,4,3,5,0.5,0.5,0.5
0,173700,VEV_6500,,,0.0,2,SELL,0.0,1.0,0.5,-0.5,0.0,-1.0,False,False,0,2,2,2,0.5,0.5,0.5
0,176000,VEV_6500,,,0.0,3,SELL,0.0,1.0,0.5,-0.5,0.0,-1.0,False,False,0,4,3,5,0.5,0.5,0.5
0,177200,VEV_6500,,,0.0,2,SELL,0.0,1.0,0.5,-0.5,0.0,-1.0,False,False,0,2,2,2,0.5,0.5,0.5
0,181700,VEV_6500,,,0.0,4,SELL,0.0,1.0,0.5,-0.5,0.0,-1.0,False,False,0,4,3,5,0.5,0.5,0.5
0,184900,VEV_6500,,,0.0,2,SELL,0.0,1.0,0.5,-0.5,0.0,-1.0,False,False,0,2,2,2,0.5,0.5,0.5
0,186600,VEV_6500,,,0.0,3,SELL,0.0,1.0,0.5,-0.5,0.0,-1.0,False,False,0,4,3,5,0.5,0.5,0.5
0,190100,VEV_6500,,,0.0,4,SELL,0.0,1.0,0.5,-0.5,0.0,-1.0,False,False,0,4,3,5,0.5,0.5,0.5
0,193000,VEV_6500,,,0.0,2,SELL,0.0,1.0,0.5,-0.5,0.0,-1.0,False,False,0,2,2,2,0.5,0.5,0.5
0,198200,VEV_6500,,,0.0,5,SELL,0.0,1.0,0.5,-0.5,0.0,-1.0,False,False,0,4,3,5,0.5,0.5,0.5
0,212900,VEV_6500,,,0.0,2,SELL,0.0,1.0,0.5,-0.5,0.0,-1.0,False,False,0,2,2,2,0.5,0.5,0.5
0,220100,VEV_6500,,,0.0,5,SELL,0.0,1.0,0.5,-0.5,0.0,-1.0,False,False,0,4,3,5,0.5,0.5,0.5
0,230000,VEV_6500,,,0.0,5,SELL,0.0,1.0,0.5,-0.5,0.0,-1.0,False,False,0,4,3,5,0.5,0.5,0.5
0,231000,VEV_6500,,,0.0,3,SELL,0.0,1.0,0.5,-0.5,0.0,-1.0,False,False,0,4,3,5,0.5,0.5,0.5
0,235100,VEV_6500,,,0.0,3,SELL,0.0,1.0,0.5,-0.5,0.0,-1.0,False,False,0,4,3,5,0.5,0.5,0.5
0,256500,VEV_6500,,,0.0,4,SELL,0.0,1.0,0.5,-0.5,0.0,-1.0,False,False,0,4,3,5,0.5,0.5,0.5
0,257800,VEV_6500,,,0.0,4,SELL,0.0,1.0,0.5,-0.5,0.0,-1.0,False,False,0,4,3,5,0.5,0.5,0.5
0,263400,VEV_6500,,,0.0,2,SELL,0.0,1.0,0.5,-0.5,0.0,-1.0,False,False,0,2,2,2,0.5,0.5,0.5
0,277200,VEV_6500,,,0.0,3,SELL,0.0,1.0,0.5,-0.5,0.0,-1.0,False,False,0,4,3,5,0.5,0.5,0.5
0,290700,VEV_6500,,,0.0,5,SELL,0.0,1.0,0.5,-0.5,0.0,-1.0,False,False,0,4,3,5,0.5,0.5,0.5
0,292800,VEV_6500,,,0.0,3,SELL,0.0,1.0,0.5,-0.5,0.0,-1.0,False,False,0,4,3,5,0.5,0.5,0.5
0,316700,VEV_6500,,,0.0,5,SELL,0.0,1.0,0.5,-0.5,0.0,-1.0,False,False,0,4,3,5,0.5,0.5,0.5
0,317600,VEV_6500,,,0.0,2,SELL,0.0,1.0,0.5,-0.5,0.0,-1.0,False,False,0,2,2,2,0.5,0.5,0.5
0,332300,VEV_6500,,,0.0,4,SELL,0.0,1.0,0.5,-0.5,0.0,-1.0,False,False,0,4,3,5,0.5,0.5,0.5
0,360000,VEV_6500,,,0.0,4,SELL,0.0,1.0,0.5,-0.5,0.0,-1.0,False,False,0,4,3,5,0.5,0.5,0.5
0,402100,VEV_6500,,,0.0,3,SELL,0.0,1.0,0.5,-0.5,0.0,-1.0,False,False,0,4,3,5,0.5,0.5,0.5
0,420400,VEV_6500,,,0.0,3,SELL,0.0,1.0,0.5,-0.5,0.0,-1.0,False,False,0,4,3,5,0.5,0.5,0.5
0,447800,VEV_6500,,,0.0,5,SELL,0.0,1.0,0.5,-0.5,0.0,-1.0,False,False,0,4,3,5,0.5,0.5,0.5
0,449700,VEV_6500,,,0.0,5,SELL,0.0,1.0,0.5,-0.5,0.0,-1.0,False,False,0,4,3,5,0.5,0.5,0.5
0,453100,VEV_6500,,,0.0,3,SELL,0.0,1.0,0.5,-0.5,0.0,-1.0,False,False,0,4,3,5,0.5,0.5,0.5
0,479200,VEV_6500,,,0.0,2,SELL,0.0,1.0,0.5,-0.5,0.0,-1.0,False,False,0,2,2,2,0.5,0.5,0.5
0,486200,VEV_6500,,,0.0,4,SELL,0.0,1.0,0.5,-0.5,0.0,-1.0,False,False,0,4,3,5,0.5,0.5,0.5
0,490300,VEV_6500,,,0.0,2,SELL,0.0,1.0,0.5,-0.5,0.0,-1.0,False,False,0,2,2,2,0.5,0.5,0.5
0,505700,VEV_6500,,,0.0,4,SELL,0.0,1.0,0.5,-0.5,0.0,-1.0,False,False,0,4,3,5,0.5,0.5,0.5
0,534700,VEV_6500,,,0.0,5,SELL,0.0,1.0,0.5,-0.5,0.0,-1.0,False,False,0,4,3,5,0.5,0.5,0.5
0,554500,VEV_6500,,,0.0,4,SELL,0.0,1.0,0.5,-0.5,0.0,-1.0,False,False,0,4,3,5,0.5,0.5,0.5
0,568800,VEV_6500,,,0.0,3,SELL,0.0,1.0,0.5,-0.5,0.0,-1.0,False,False,0,4,3,5,0.5,0.5,0.5
0,575000,VEV_6500,,,0.0,5,SELL,0.0,1.0,0.5,-0.5,0.0,-1.0,False,False,0,4,3,5,0.5,0.5,0.5
0,585000,VEV_6500,,,0.0,4,SELL,0.0,1.0,0.5,-0.5,0.0,-1.0,False,False,0,4,3,5,0.5,0.5,0.5
0,591100,VEV_6500,,,0.0,2,SELL,0.0,1.0,0.5,-0.5,0.0,-1.0,False,False,0,2,2,2,0.5,0.5,0.5
0,593300,VEV_6500,,,0.0,2,SELL,0.0,1.0,0.5,-0.5,0.0,-1.0,False,False,0,2,2,2,0.5,0.5,0.5
0,603000,VEV_6500,,,0.0,2,SELL,0.0,1.0,0.5,-0.5,0.0,-1.0,False,False,0,2,2,2,0.5,0.5,0.5
0,613300,VEV_6500,,,0.0,5,SELL,0.0,1.0,0.5,-0.5,0.0,-1.0,False,False,0,4,3,5,0.5,0.5,0.5
0,626500,VEV_6500,,,0.0,2,SELL,0.0,1.0,0.5,-0.5,0.0,-1.0,False,False,0,2,2,2,0.5,0.5,0.5
0,631900,VEV_6500,,,0.0,4,SELL,0.0,1.0,0.5,-0.5,0.0,-1.0,False,False,0,4,3,5,0.5,0.5,0.5
0,640300,VEV_6500,,,0.0,5,SELL,0.0,1.0,0.5,-0.5,0.0,-1.0,False,False,0,4,3,5,0.5,0.5,0.5
0,655800,VEV_6500,,,0.0,5,SELL,0.0,1.0,0.5,-0.5,0.0,-1.0,False,False,0,4,3,5,0.5,0.5,0.5
0,655900,VEV_6500,,,0.0,3,SELL,0.0,1.0,0.5,-0.5,0.0,-1.0,False,False,0,4,3,5,0.5,0.5,0.5
0,693200,VEV_6500,,,0.0,2,SELL,0.0,1.0,0.5,-0.5,0.0,-1.0,False,False,0,2,2,2,0.5,0.5,0.5
0,695000,VEV_6500,,,0.0,2,SELL,0.0,1.0,0.5,-0.5,0.0,-1.0,False,False,0,2,2,2,0.5,0.5,0.5
0,711600,VEV_6500,,,0.0,2,SELL,0.0,1.0,0.5,-0.5,0.0,-1.0,False,False,0,2,2,2,0.5,0.5,0.5
0,715000,VEV_6500,,,0.0,3,SELL,0.0,1.0,0.5,-0.5,0.0,-1.0,False,False,0,4,3,5,0.5,0.5,0.5
0,722600,VEV_6500,,,0.0,3,SELL,0.0,1.0,0.5,-0.5,0.0,-1.0,False,False,0,4,3,5,0.5,0.5,0.5
0,729100,VEV_6500,,,0.0,3,SELL,0.0,1.0,0.5,-0.5,0.0,-1.0,False,False,0,4,3,5,0.5,0.5,0.5
0,736700,VEV_6500,,,0.0,2,SELL,0.0,1.0,0.5,-0.5,0.0,-1.0,False,False,0,2,2,2,0.5,0.5,0.5
0,736800,VEV_6500,,,0.0,2,SELL,0.0,1.0,0.5,-0.5,0.0,-1.0,False,False,0,2,2,2,0.5,0.5,0.5
0,757300,VEV_6500,,,0.0,5,SELL,0.0,1.0,0.5,-0.5,0.0,-1.0,False,False,0,4,3,5,0.5,0.5,0.5
0,769300,VEV_6500,,,0.0,5,SELL,0.0,1.0,0.5,-0.5,0.0,-1.0,False,False,0,4,3,5,0.5,0.5,0.5
0,779600,VEV_6500,,,0.0,4,SELL,0.0,1.0,0.5,-0.5,0.0,-1.0,False,False,0,4,3,5,0.5,0.5,0.5
0,791300,VEV_6500,,,0.0,3,SELL,0.0,1.0,0.5,-0.5,0.0,-1.0,False,False,0,4,3,5,0.5,0.5,0.5
0,810000,VEV_6500,,,0.0,5,SELL,0.0,1.0,0.5,-0.5,0.0,-1.0,False,False,0,4,3,5,0.5,0.5,0.5
0,835500,VEV_6500,,,0.0,5,SELL,0.0,1.0,0.5,-0.5,0.0,-1.0,False,False,0,4,3,5,0.5,0.5,0.5
0,842900,VEV_6500,,,0.0,5,SELL,0.0,1.0,0.5,-0.5,0.0,-1.0,False,False,0,4,3,5,0.5,0.5,0.5
0,845100,VEV_6500,,,0.0,5,SELL,0.0,1.0,0.5,-0.5,0.0,-1.0,False,False,0,4,3,5,0.5,0.5,0.5
0,859100,VEV_6500,,,0.0,2,SELL,0.0,1.0,0.5,-0.5,0.0,-1.0,False,False,0,2,2,2,0.5,0.5,0.5
0,859300,VEV_6500,,,0.0,2,SELL,0.0,1.0,0.5,-0.5,0.0,-1.0,False,False,0,2,2,2,0.5,0.5,0.5
0,862500,VEV_6500,,,0.0,2,SELL,0.0,1.0,0.5,-0.5,0.0,-1.0,False,False,0,2,2,2,0.5,0.5,0.5
0,873700,VEV_6500,,,0.0,4,SELL,0.0,1.0,0.5,-0.5,0.0,-1.0,False,False,0,4,3,5,0.5,0.5,0.5
0,884000,VEV_6500,,,0.0,5,SELL,0.0,1.0,0.5,-0.5,0.0,-1.0,False,False,0,4,3,5,0.5,0.5,0.5
0,895800,VEV_6500,,,0.0,3,SELL,0.0,1.0,0.5,-0.5,0.0,-1.0,False,False,0,4,3,5,0.5,0.5,0.5
0,912400,VEV_6500,,,0.0,4,SELL,0.0,1.0,0.5,-0.5,0.0,-1.0,False,False,0,4,3,5,0.5,0.5,0.5
0,919500,VEV_6500,,,0.0,4,SELL,0.0,1.0,0.5,-0.5,0.0,-1.0,False,False,0,4,3,5,0.5,0.5,0.5
0,941200,VEV_6500,,,0.0,2,SELL,0.0,1.0,0.5,-0.5,0.0,-1.0,False,False,0,2,2,2,0.5,0.5,0.5
0,946600,VEV_6500,,,0.0,4,SELL,0.0,1.0,0.5,-0.5,0.0,-1.0,False,False,0,4,3,5,0.5,0.5,0.5
0,947800,VEV_6500,,,0.0,5,SELL,0.0,1.0,0.5,-0.5,0.0,-1.0,False,False,0,4,3,5,0.5,0.5,0.5
0,948900,VEV_6500,,,0.0,3,SELL,0.0,1.0,0.5,-0.5,0.0,-1.0,False,False,0,4,3,5,0.5,0.5,0.5
0,950000,VEV_6500,,,0.0,4,SELL,0.0,1.0,0.5,-0.5,0.0,-1.0,False,False,0,4,3,5,0.5,0.5,0.5
0,994300,VEV_6500,,,0.0,3,SELL,0.0,1.0,0.5,-0.5,0.0,-1.0,False,False,0,4,3,5,0.5,0.5,0.5
1,5100,HYDROGEL_PACK,,,9960.0,4,BUY,9952.0,9960.0,9956.0,4.0,8.0,0.0,True,True,0,5,4,6,-8.0,-11.0,-16.0
1,6200,HYDROGEL_PACK,,,9955.0,5,BUY,9939.0,9955.0,9947.0,8.0,16.0,0.0,True,False,0,5,4,6,-10.0,-10.0,-14.0
1,15000,HYDROGEL_PACK,,,9966.0,4,BUY,9951.0,9966.0,9958.5,7.5,15.0,0.0,False,True,0,5,4,6,-9.0,-19.0,-15.0
1,22800,HYDROGEL_PACK,,,9946.0,6,SELL,9946.0,9962.0,9954.0,-8.0,0.0,-16.0,True,False,50,5,4,6,5.0,7.0,-6.0
1,30800,HYDROGEL_PACK,,,9940.0,2,SELL,9940.0,9956.0,9948.0,-8.0,0.0,-16.0,True,False,0,3,2,3,7.0,16.0,9.5
1,31400,HYDROGEL_PACK,,,9953.0,3,BUY,9937.0,9953.0,9945.0,8.0,16.0,0.0,False,False,20,3,2,3,-7.5,2.0,-4.0
1,32000,HYDROGEL_PACK,,,9938.0,5,SELL,9938.0,9954.0,9946.0,-8.0,0.0,-16.0,True,False,0,5,4,6,14.0,13.0,9.0
1,33600,HYDROGEL_PACK,,,9948.0,6,SELL,9948.0,9964.0,9956.0,-8.0,0.0,-16.0,False,False,50,5,4,6,2.0,6.0,-5.0
1,37400,HYDROGEL_PACK,,,9936.0,4,SELL,9936.0,9952.0,9944.0,-8.0,0.0,-16.0,True,False,0,5,4,6,15.0,7.0,25.0
1,40900,HYDROGEL_PACK,,,9951.0,5,BUY,9935.0,9951.0,9943.0,8.0,16.0,0.0,False,False,50,5,4,6,-7.0,2.0,18.0
1,41300,HYDROGEL_PACK,,,9953.0,5,BUY,9937.0,9953.0,9945.0,8.0,16.0,0.0,False,False,50,5,4,6,-7.0,6.0,19.0
1,43900,HYDROGEL_PACK,,,9952.0,6,SELL,9952.0,9968.0,9960.0,-8.0,0.0,-16.0,False,False,0,5,4,6,15.0,17.0,16.0
1,45200,HYDROGEL_PACK,,,9961.0,2,SELL,9961.0,9977.0,9969.0,-8.0,0.0,-16.0,False,False,0,3,2,3,11.0,12.0,21.0
1,48300,HYDROGEL_PACK,,,9960.0,3,SELL,9960.0,9975.0,9967.5,-7.5,0.0,-15.0,False,False,0,3,2,3,6.0,20.0,7.0
1,52400,HYDROGEL_PACK,,,9961.0,5,SELL,9961.0,9977.0,9969.0,-8.0,0.0,-16.0,False,False,50,5,4,6,8.0,-7.0,-8.0
1,53000,HYDROGEL_PACK,,,9961.0,4,SELL,9961.0,9977.0,9969.0,-8.0,0.0,-16.0,False,False,50,5,4,6,7.0,-13.5,-7.0
1,59300,HYDROGEL_PACK,,,9949.0,4,SELL,9949.0,9965.0,9957.0,-8.0,0.0,-16.0,False,False,50,5,4,6,6.0,3.0,-8.0
1,61100,HYDROGEL_PACK,,,9961.0,2,BUY,9945.0,9961.0,9953.0,8.0,16.0,0.0,False,False,0,3,2,3,-8.0,-19.0,-17.0
1,61400,HYDROGEL_PACK,,,9962.0,2,BUY,9946.0,9962.0,9954.0,8.0,16.0,0.0,False,False,0,3,2,3,-14.0,-25.0,-13.5
1,63200,HYDROGEL_PACK,,,9950.0,5,BUY,9934.0,9950.0,9942.0,8.0,16.0,0.0,False,False,50,5,4,6,-13.0,-13.0,8.0
1,64300,HYDROGEL_PACK,,,9933.0,4,SELL,9933.0,9949.0,9941.0,-8.0,0.0,-16.0,True,False,0,5,4,6,4.0,18.0,24.5
1,65400,HYDROGEL_PACK,,,9930.0,4,SELL,9930.0,9946.0,9938.0,-8.0,0.0,-16.0,True,False,0,5,4,6,12.5,26.0,27.0
1,65900,HYDROGEL_PACK,,,9935.0,2,SELL,9935.0,9950.0,9942.5,-7.5,0.0,-15.0,False,False,0,3,2,3,13.5,23.0,26.0
1,69500,HYDROGEL_PACK,,,9952.0,2,SELL,9952.0,9967.0,9959.5,-7.5,0.0,-15.0,False,False,0,3,2,3,5.0,13.0,28.0
1,73500,HYDROGEL_PACK,,,9966.0,3,SELL,9966.0,9982.0,9974.0,-8.0,0.0,-16.0,False,False,0,3,2,3,14.0,14.0,26.0
1,76600,HYDROGEL_PACK,,,9995.0,3,BUY,9979.0,9995.0,9987.0,8.0,16.0,0.0,False,True,0,3,2,3,-4.0,-5.0,-21.0
1,78500,HYDROGEL_PACK,,,10000.0,4,BUY,9984.0,10000.0,9992.0,8.0,16.0,0.0,False,True,0,5,4,6,-10.5,-19.0,-25.0
1,79000,HYDROGEL_PACK,,,9982.0,3,SELL,9982.0,9997.0,9989.5,-7.5,0.0,-15.0,False,False,50,3,2,3,1.0,0.0,-11.0
1,79800,HYDROGEL_PACK,,,9994.0,6,BUY,9978.0,9994.0,9986.0,8.0,16.0,0.0,False,False,0,5,4,6,-14.0,-24.0,-25.5
1,81300,HYDROGEL_PACK,,,9970.0,6,SELL,9970.0,9986.0,9978.0,-8.0,0.0,-16.0,False,False,50,5,4,6,0.0,5.0,-5.0
1,81700,HYDROGEL_PACK,,,9980.0,3,BUY,9964.0,9980.0,9972.0,8.0,16.0,0.0,False,False,0,3,2,3,-11.0,-7.0,-16.0
1,81900,HYDROGEL_PACK,,,9978.0,2,BUY,9962.0,9978.0,9970.0,8.0,16.0,0.0,False,False,0,3,2,3,-7.0,-6.0,-15.5
1,82300,HYDROGEL_PACK,,,9977.0,3,BUY,9961.0,9977.0,9969.0,8.0,16.0,0.0,False,False,0,3,2,3,-6.0,-4.0,-12.0
1,92100,HYDROGEL_PACK,,,9955.0,4,SELL,9955.0,9971.0,9963.0,-8.0,0.0,-16.0,False,False,0,5,4,6,11.0,15.0,3.0
1,92500,HYDROGEL_PACK,,,9956.0,2,SELL,9956.0,9972.0,9964.0,-8.0,0.0,-16.0,False,False,0,3,2,3,7.0,8.0,3.0
1,94400,HYDROGEL_PACK,,,9974.0,4,BUY,9958.0,9974.0,9966.0,8.0,16.0,0.0,False,False,0,5,4,6,-8.0,-10.0,-23.0
1,97100,HYDROGEL_PACK,,,9950.0,2,SELL,9950.0,9966.0,9958.0,-8.0,0.0,-16.0,False,False,0,3,2,3,9.0,2.0,2.0
1,98600,HYDROGEL_PACK,,,9962.0,2,BUY,9946.0,9962.0,9954.0,8.0,16.0,0.0,False,False,0,3,2,3,-10.0,-9.5,-11.0
1,99000,HYDROGEL_PACK,,,9961.0,3,BUY,9945.0,9961.0,9953.0,8.0,16.0,0.0,False,False,0,3,2,3,-9.5,-17.0,-8.0
1,101400,HYDROGEL_PACK,,,9936.0,5,SELL,9936.0,9952.0,9944.0,-8.0,0.0,-16.0,False,False,0,5,4,6,15.0,12.0,22.0
1,101500,HYDROGEL_PACK,,,9935.0,6,SELL,9935.0,9951.0,9943.0,-8.0,0.0,-16.0,False,False,0,5,4,6,16.0,13.0,21.0
1,103100,HYDROGEL_PACK,,,9952.0,4,BUY,9936.0,9952.0,9944.0,8.0,16.0,0.0,False,False,50,5,4,6,-1.0,-2.0,2.0
1,103500,HYDROGEL_PACK,,,9940.0,3,SELL,9940.0,9956.0,9948.0,-8.0,0.0,-16.0,False,False,0,3,2,3,13.0,5.5,23.0
1,107100,HYDROGEL_PACK,,,9952.0,5,SELL,9952.0,9968.0,9960.0,-8.0,0.0,-16.0,False,False,0,5,4,6,8.0,13.0,5.0
1,109100,HYDROGEL_PACK,,,9957.0,2,SELL,9957.0,9973.0,9965.0,-8.0,0.0,-16.0,False,False,50,3,2,3,9.0,2.0,-13.0
1,112700,HYDROGEL_PACK,,,9948.0,2,SELL,9948.0,9964.0,9956.0,-8.0,0.0,-16.0,False,False,20,3,2,3,2.0,-3.0,20.0
1,113900,HYDROGEL_PACK,,,9956.0,2,BUY,9940.0,9956.0,9948.0,8.0,16.0,0.0,False,False,0,3,2,3,-8.0,-9.0,-7.0
1,115500,HYDROGEL_PACK,,,9937.0,3,SELL,9937.0,9953.0,9945.0,-8.0,0.0,-16.0,False,False,0,3,2,3,12.0,32.0,17.0
1,119400,HYDROGEL_PACK,,,9962.0,3,BUY,9946.0,9962.0,9954.0,8.0,16.0,0.0,False,False,0,3,2,3,-5.0,-8.5,-17.0
1,120700,HYDROGEL_PACK,,,9958.0,2,BUY,9942.0,9958.0,9950.0,8.0,16.0,0.0,False,False,0,3,2,3,-4.0,-11.0,-13.0
1,126000,HYDROGEL_PACK,,,9953.0,4,BUY,9937.0,9953.0,9945.0,8.0,16.0,0.0,False,False,20,5,4,6,-7.0,2.0,-3.0
1,129500,HYDROGEL_PACK,,,9967.0,6,BUY,9951.0,9967.0,9959.0,8.0,16.0,0.0,False,False,0,5,4,6,-10.0,-16.0,-15.0
1,129800,HYDROGEL_PACK,,,9951.0,4,SELL,9951.0,9967.0,9959.0,-8.0,0.0,-16.0,False,False,0,5,4,6,7.5,0.0,4.0
1,130800,HYDROGEL_PACK,,,9946.0,5,SELL,9946.0,9962.0,9954.0,-8.0,0.0,-16.0,False,False,0,5,4,6,3.0,14.5,8.0
1,133700,HYDROGEL_PACK,,,9948.0,4,SELL,9948.0,9964.0,9956.0,-8.0,0.0,-16.0,False,False,0,5,4,6,7.0,9.0,18.0
1,134500,HYDROGEL_PACK,,,9944.0,6,SELL,9944.0,9960.0,9952.0,-8.0,0.0,-16.0,False,False,0,5,4,6,12.0,7.0,20.0
1,137800,HYDROGEL_PACK,,,9942.0,3,SELL,9942.0,9958.0,9950.0,-8.0,0.0,-16.0,False,False,0,3,2,3,10.5,26.0,22.0
1,138100,HYDROGEL_PACK,,,9959.0,2,BUY,9943.0,9959.0,9951.0,8.0,16.0,0.0,False,False,50,3,2,3,4.0,6.0,5.0
1,145600,HYDROGEL_PACK,,,9962.0,5,BUY,9946.0,9962.0,9954.0,8.0,16.0,0.0,False,False,20,5,4,6,-5.0,2.0,-4.0
1,146500,HYDROGEL_PACK,,,9963.0,6,BUY,9947.0,9963.0,9955.0,8.0,16.0,0.0,False,False,20,5,4,6,-4.0,1.0,-9.0
1,148000,HYDROGEL_PACK,,,9972.0,3,BUY,9956.0,9972.0,9964.0,8.0,16.0,0.0,False,False,0,3,2,3,-8.0,-7.0,-19.0
1,151100,HYDROGEL_PACK,,,9945.0,4,SELL,9945.0,9961.0,9953.0,-8.0,0.0,-16.0,False,False,0,5,4,6,11.0,10.0,10.0
1,151200,HYDROGEL_PACK,,,9944.0,6,SELL,9944.0,9960.0,9952.0,-8.0,0.0,-16.0,False,False,0,5,4,6,8.0,13.0,11.0
1,152700,HYDROGEL_PACK,,,9944.0,5,SELL,9944.0,9960.0,9952.0,-8.0,0.0,-16.0,False,False,0,5,4,6,13.0,11.0,19.0
1,155900,HYDROGEL_PACK,,,9966.0,4,BUY,9951.0,9966.0,9958.5,7.5,15.0,0.0,False,False,50,5,4,6,-9.0,-7.0,2.0
1,156400,HYDROGEL_PACK,,,9949.0,6,SELL,9949.0,9965.0,9957.0,-8.0,0.0,-16.0,False,False,0,5,4,6,13.0,5.0,19.0
1,159900,HYDROGEL_PACK,,,9961.0,3,SELL,9961.0,9977.0,9969.0,-8.0,0.0,-16.0,False,False,0,3,2,3,4.0,0.0,6.0
1,161200,HYDROGEL_PACK,,,9956.0,6,SELL,9956.0,9971.0,9963.5,-7.5,0.0,-15.0,False,False,0,5,4,6,11.0,15.0,13.0
1,164300,HYDROGEL_PACK,,,9973.0,5,BUY,9957.0,9973.0,9965.0,8.0,16.0,0.0,False,False,0,5,4,6,-2.0,-4.0,-7.0
1,167300,HYDROGEL_PACK,,,9957.0,3,SELL,9957.0,9973.0,9965.0,-8.0,0.0,-16.0,False,False,0,3,2,3,3.0,9.0,18.0
1,171400,HYDROGEL_PACK,,,9992.0,6,BUY,9976.0,9992.0,9984.0,8.0,16.0,0.0,False,False,50,5,4,6,-15.0,-21.0,9.0
1,174200,HYDROGEL_PACK,,,9988.0,5,BUY,9972.0,9988.0,9980.0,8.0,16.0,0.0,False,False,50,5,4,6,-7.0,9.0,12.0
1,174400,HYDROGEL_PACK,,,9991.0,6,BUY,9976.0,9991.0,9983.5,7.5,15.0,0.0,False,False,50,5,4,6,-5.0,10.0,8.0
1,178000,HYDROGEL_PACK,,,9988.0,3,SELL,9988.0,10004.0,9996.0,-8.0,0.0,-16.0,False,False,0,3,2,3,6.0,14.0,25.0
1,182100,HYDROGEL_PACK,,,10012.0,3,SELL,10012.0,10028.0,10020.0,-8.0,0.0,-16.0,False,True,0,3,2,3,7.0,1.0,17.0
1,182800,HYDROGEL_PACK,,,10010.0,5,SELL,10010.0,10026.0,10018.0,-8.0,0.0,-16.0,False,False,5,5,4,6,-1.5,10.0,16.0
1,185800,HYDROGEL_PACK,,,10040.0,4,BUY,10024.0,10040.0,10032.0,8.0,16.0,0.0,False,True,0,5,4,6,-17.0,-14.0,-12.0
1,188400,HYDROGEL_PACK,,,10021.0,4,SELL,10021.0,10037.0,10029.0,-8.0,0.0,-16.0,False,False,50,5,4,6,5.0,5.0,-3.0
1,192800,HYDROGEL_PACK,,,10007.0,5,SELL,10007.0,10023.0,10015.0,-8.0,0.0,-16.0,False,False,50,5,4,6,9.0,0.0,-2.0
1,193400,HYDROGEL_PACK,,,10026.0,4,BUY,10010.0,10026.0,10018.0,8.0,16.0,0.0,False,False,0,5,4,6,-11.0,-22.0,-23.0
1,199400,HYDROGEL_PACK,,,10029.0,3,BUY,10013.0,10029.0,10021.0,8.0,16.0,0.0,False,False,0,3,2,3,-13.0,-8.5,-15.0
1,202700,HYDROGEL_PACK,,,10033.0,5,BUY,10017.0,10033.0,10025.0,8.0,16.0,0.0,False,False,0,5,4,6,-11.0,-23.0,-20.0
1,203200,HYDROGEL_PACK,,,10014.0,6,SELL,10014.0,10030.0,10022.0,-8.0,0.0,-16.0,False,False,50,5,4,6,5.0,-3.0,-5.0
1,210600,HYDROGEL_PACK,,,9990.0,5,SELL,9990.0,10006.0,9998.0,-8.0,0.0,-16.0,False,False,50,5,4,6,14.0,12.0,-3.0
1,211100,HYDROGEL_PACK,,,9996.0,6,SELL,9996.0,10012.0,10004.0,-8.0,0.0,-16.0,False,False,50,5,4,6,10.0,6.0,-4.0
1,217500,HYDROGEL_PACK,,,10011.0,4,BUY,9995.0,10011.0,10003.0,8.0,16.0,0.0,False,False,0,5,4,6,-10.0,-7.0,-8.0
1,218500,HYDROGEL_PACK,,,10017.0,5,BUY,10001.0,10017.0,10009.0,8.0,16.0,0.0,False,False,0,5,4,6,-12.0,-13.0,-27.0
1,218900,HYDROGEL_PACK,,,10014.0,3,BUY,9998.0,10014.0,10006.0,8.0,16.0,0.0,False,False,0,3,2,3,-10.0,-7.0,-26.0
1,221200,HYDROGEL_PACK,,,10011.0,5,BUY,9995.0,10011.0,10003.0,8.0,16.0,0.0,False,False,0,5,4,6,-4.0,-16.0,-30.0
1,226100,HYDROGEL_PACK,,,9974.0,5,SELL,9974.0,9990.0,9982.0,-8.0,0.0,-16.0,False,False,0,5,4,6,8.0,7.0,32.0
1,230000,HYDROGEL_PACK,,,9998.0,4,BUY,9982.0,9998.0,9990.0,8.0,16.0,0.0,False,False,50,5,4,6,-1.0,12.0,16.0
1,230800,HYDROGEL_PACK,,,10007.0,3,BUY,9991.0,10007.0,9999.0,8.0,16.0,0.0,False,False,20,3,2,3,3.0,4.0,0.0
1,235900,HYDROGEL_PACK,,,9998.0,3,SELL,9998.0,10014.0,10006.0,-8.0,0.0,-16.0,False,False,0,3,2,3,15.0,21.0,23.0
1,238200,HYDROGEL_PACK,,,10025.0,2,BUY,10009.0,10025.0,10017.0,8.0,16.0,0.0,False,False,0,3,2,3,-8.0,-10.0,-21.0
1,239600,HYDROGEL_PACK,,,10006.0,4,SELL,10006.0,10022.0,10014.0,-8.0,0.0,-16.0,False,False,0,5,4,6,4.0,6.0,5.0
1,239700,HYDROGEL_PACK,,,10021.0,6,BUY,10005.0,10021.0,10013.0,8.0,16.0,0.0,False,False,0,5,4,6,-6.0,-11.0,-9.0
1,240600,HYDROGEL_PACK,,,10013.0,3,SELL,10013.0,10029.0,10021.0,-8.0,0.0,-16.0,False,False,50,3,2,3,3.0,-7.0,-2.0
1,241900,HYDROGEL_PACK,,,10005.0,2,SELL,10005.0,10021.0,10013.0,-8.0,0.0,-16.0,False,False,0,3,2,3,1.0,0.5,3.0
1,248200,HYDROGEL_PACK,,,10025.0,5,BUY,10009.0,10025.0,10017.0,8.0,16.0,0.0,False,False,0,5,4,6,-8.0,-24.0,-31.0
1,252500,HYDROGEL_PACK,,,9988.0,3,SELL,9988.0,10004.0,9996.0,-8.0,0.0,-16.0,False,False,50,3,2,3,7.0,4.0,-14.0
1,254700,HYDROGEL_PACK,,,9997.0,5,BUY,9988.0,9997.0,9992.5,4.5,9.0,0.0,False,False,0,5,4,6,-12.0,-18.0,-22.0
1,255000,HYDROGEL_PACK,,,9980.0,4,SELL,9980.0,9996.0,9988.0,-8.0,0.0,-16.0,False,False,50,5,4,6,-2.0,-1.0,-1.0
1,255300,HYDROGEL_PACK,,,9973.0,2,SELL,9973.0,9989.0,9981.0,-8.0,0.0,-16.0,False,False,0,3,2,3,2.0,0.0,8.0
1,255400,HYDROGEL_PACK,,,9973.0,3,SELL,9973.0,9989.0,9981.0,-8.0,0.0,-16.0,False,False,0,3,2,3,5.0,0.0,11.0
1,262300,HYDROGEL_PACK,,,10005.0,4,BUY,9989.0,10005.0,9997.0,8.0,16.0,0.0,False,False,0,5,4,6,-5.0,-3.0,-10.0
1,262800,HYDROGEL_PACK,,,10008.0,2,BUY,9992.0,10008.0,10000.0,8.0,16.0,0.0,False,False,0,3,2,3,-5.0,-8.0,-16.0
1,266300,HYDROGEL_PACK,,,9999.0,4,BUY,9983.0,9999.0,9991.0,8.0,16.0,0.0,False,False,0,5,4,6,-7.0,-7.0,-19.0
1,266600,HYDROGEL_PACK,,,9997.0,4,BUY,9981.0,9997.0,9989.0,8.0,16.0,0.0,False,False,0,5,4,6,-7.0,-8.0,-18.0
1,269300,HYDROGEL_PACK,,,9973.0,3,SELL,9973.0,9989.0,9981.0,-8.0,0.0,-16.0,False,False,0,3,2,3,9.0,7.0,8.0
1,274600,HYDROGEL_PACK,,,9989.0,2,BUY,9974.0,9989.0,9981.5,7.5,15.0,0.0,False,False,0,3,2,3,-4.5,-6.0,-12.0
1,275700,HYDROGEL_PACK,,,9996.0,2,BUY,9980.0,9996.0,9988.0,8.0,16.0,0.0,False,False,0,3,2,3,-12.0,-17.0,-32.0
1,280500,HYDROGEL_PACK,,,9973.0,2,BUY,9957.0,9973.0,9965.0,8.0,16.0,0.0,False,False,0,3,2,3,-13.0,-2.0,-1.0
1,281100,HYDROGEL_PACK,,,9952.0,3,SELL,9952.0,9968.0,9960.0,-8.0,0.0,-16.0,False,False,0,3,2,3,12.0,19.0,20.0
1,282200,HYDROGEL_PACK,,,9979.0,2,BUY,9963.0,9979.0,9971.0,8.0,16.0,0.0,False,False,0,3,2,3,-10.0,-3.0,-16.0
1,285400,HYDROGEL_PACK,,,9965.0,5,SELL,9965.0,9981.0,9973.0,-8.0,0.0,-16.0,False,False,50,5,4,6,13.0,1.0,-14.0
1,290900,HYDROGEL_PACK,,,9965.0,3,BUY,9949.0,9965.0,9957.0,8.0,16.0,0.0,False,False,0,3,2,3,-11.0,-5.0,-12.5
1,292800,HYDROGEL_PACK,,,9951.0,6,SELL,9951.0,9967.0,9959.0,-8.0,0.0,-16.0,False,False,50,5,4,6,10.0,0.0,-5.0
1,295000,HYDROGEL_PACK,,,9959.0,5,BUY,9943.0,9959.0,9951.0,8.0,16.0,0.0,False,False,50,5,4,6,-6.0,-9.0,1.0
1,297100,HYDROGEL_PACK,,,9958.0,3,BUY,9942.0,9958.0,9950.0,8.0,16.0,0.0,False,False,0,3,2,3,-9.0,-5.0,-11.0
1,301100,HYDROGEL_PACK,,,9966.0,3,BUY,9950.0,9966.0,9958.0,8.0,16.0,0.0,False,False,0,3,2,3,-12.5,-20.0,-11.0
1,301300,HYDROGEL_PACK,,,9967.0,2,BUY,9951.0,9967.0,9959.0,8.0,16.0,0.0,False,False,0,3,2,3,-19.0,-21.0,-9.0
1,302400,HYDROGEL_PACK,,,9936.0,6,SELL,9936.0,9952.0,9944.0,-8.0,0.0,-16.0,False,False,0,5,4,6,8.0,17.0,20.0
1,304200,HYDROGEL_PACK,,,9944.0,2,SELL,9944.0,9960.0,9952.0,-8.0,0.0,-16.0,False,False,0,3,2,3,15.0,13.0,4.0
1,306500,HYDROGEL_PACK,,,9967.0,5,BUY,9951.0,9967.0,9959.0,8.0,16.0,0.0,False,False,0,5,4,6,-6.0,-16.0,-37.0
1,308000,HYDROGEL_PACK,,,9943.0,3,SELL,9943.0,9959.0,9951.0,-8.0,0.0,-16.0,False,False,50,3,2,3,8.0,-7.0,-17.0
1,308100,HYDROGEL_PACK,,,9945.0,4,SELL,9945.0,9961.0,9953.0,-8.0,0.0,-16.0,False,False,50,5,4,6,7.0,-10.0,-17.0
1,316200,HYDROGEL_PACK,,,9939.0,5,BUY,9923.0,9939.0,9931.0,8.0,16.0,0.0,False,False,50,5,4,6,-9.0,1.0,4.0
1,317100,HYDROGEL_PACK,,,9929.0,4,SELL,9929.0,9945.0,9937.0,-8.0,0.0,-16.0,True,False,0,5,4,6,14.0,13.0,24.0
1,318300,HYDROGEL_PACK,,,9950.0,4,BUY,9934.0,9950.0,9942.0,8.0,16.0,0.0,False,False,0,5,4,6,-11.0,-2.0,-2.0
1,323300,HYDROGEL_PACK,,,9956.0,5,BUY,9940.0,9956.0,9948.0,8.0,16.0,0.0,False,False,0,5,4,6,-15.0,-14.5,-11.5
1,324600,HYDROGEL_PACK,,,9946.0,6,BUY,9930.0,9946.0,9938.0,8.0,16.0,0.0,False,False,0,5,4,6,-2.0,-2.0,-2.0
1,327600,HYDROGEL_PACK,,,9928.0,5,SELL,9928.0,9944.0,9936.0,-8.0,0.0,-16.0,True,False,0,5,4,6,12.0,16.0,25.0
1,327700,HYDROGEL_PACK,,,9946.0,6,BUY,9930.0,9946.0,9938.0,8.0,16.0,0.0,False,False,50,5,4,6,-3.0,0.0,4.0
1,335300,HYDROGEL_PACK,,,9943.0,5,SELL,9943.0,9959.0,9951.0,-8.0,0.0,-16.0,False,False,50,5,4,6,3.0,2.0,-1.0
1,335500,HYDROGEL_PACK,,,9961.0,4,BUY,9945.0,9961.0,9953.0,8.0,16.0,0.0,False,False,0,5,4,6,-15.0,-17.0,-16.0
1,338100,HYDROGEL_PACK,,,9931.0,3,SELL,9931.0,9947.0,9939.0,-8.0,0.0,-16.0,False,False,0,3,2,3,5.0,12.0,27.0
1,339500,HYDROGEL_PACK,,,9932.0,3,SELL,9932.0,9948.0,9940.0,-8.0,0.0,-16.0,False,False,0,3,2,3,9.0,15.0,30.0
1,342400,HYDROGEL_PACK,,,9944.0,5,SELL,9944.0,9960.0,9952.0,-8.0,0.0,-16.0,False,False,0,5,4,6,17.0,19.0,21.0
1,343100,HYDROGEL_PACK,,,9966.0,2,BUY,9950.0,9966.0,9958.0,8.0,16.0,0.0,False,False,50,3,2,3,-8.0,-10.0,2.0
1,344000,HYDROGEL_PACK,,,9953.0,5,SELL,9953.0,9969.0,9961.0,-8.0,0.0,-16.0,False,False,20,5,4,6,9.0,-5.0,20.0
1,345700,HYDROGEL_PACK,,,9957.0,6,BUY,9941.0,9957.0,9949.0,8.0,16.0,0.0,False,False,50,5,4,6,-7.0,12.0,7.0
1,345900,HYDROGEL_PACK,,,9958.0,3,BUY,9942.0,9958.0,9950.0,8.0,16.0,0.0,False,False,50,3,2,3,-1.0,7.5,9.0
1,348500,HYDROGEL_PACK,,,9964.0,5,SELL,9964.0,9980.0,9972.0,-8.0,0.0,-16.0,False,False,50,5,4,6,9.0,0.0,-10.0
1,351000,HYDROGEL_PACK,,,9973.0,3,BUY,9957.0,9973.0,9965.0,8.0,16.0,0.0,False,False,0,3,2,3,-11.0,-14.0,-19.5
1,357100,HYDROGEL_PACK,,,9963.0,6,BUY,9947.0,9963.0,9955.0,8.0,16.0,0.0,False,False,0,5,4,6,-7.0,-11.0,0.0
1,358500,HYDROGEL_PACK,,,9960.0,6,BUY,9944.0,9960.0,9952.0,8.0,16.0,0.0,False,False,50,5,4,6,-9.0,-2.0,11.0
1,360600,HYDROGEL_PACK,,,9951.0,2,SELL,9951.0,9967.0,9959.0,-8.0,0.0,-16.0,False,False,0,3,2,3,7.0,19.0,18.5
1,362700,HYDROGEL_PACK,,,9961.0,3,SELL,9961.0,9977.0,9969.0,-8.0,0.0,-16.0,False,False,0,3,2,3,12.0,8.0,6.0
1,363100,HYDROGEL_PACK,,,9983.0,4,BUY,9967.0,9983.0,9975.0,8.0,16.0,0.0,False,False,0,5,4,6,-16.0,-10.0,-10.0
1,364800,HYDROGEL_PACK,,,9978.0,5,BUY,9962.0,9978.0,9970.0,8.0,16.0,0.0,False,False,0,5,4,6,-6.5,-16.0,-12.0
1,368500,HYDROGEL_PACK,,,9983.0,6,BUY,9967.0,9983.0,9975.0,8.0,16.0,0.0,False,False,0,5,4,6,-14.0,-15.0,-19.0
1,371400,HYDROGEL_PACK,,,9953.0,2,SELL,9953.0,9969.0,9961.0,-8.0,0.0,-16.0,False,False,0,3,2,3,13.0,9.0,10.0
1,373400,HYDROGEL_PACK,,,9970.0,3,BUY,9954.0,9970.0,9962.0,8.0,16.0,0.0,False,False,0,3,2,3,-7.0,-14.0,-11.0
1,373700,HYDROGEL_PACK,,,9954.0,5,SELL,9954.0,9970.0,9962.0,-8.0,0.0,-16.0,False,False,50,5,4,6,7.0,7.0,-2.0
1,375100,HYDROGEL_PACK,,,9947.0,2,SELL,9947.0,9963.0,9955.0,-8.0,0.0,-16.0,False,False,0,3,2,3,14.0,18.0,2.0
1,380100,HYDROGEL_PACK,,,9957.0,6,BUY,9941.0,9957.0,9949.0,8.0,16.0,0.0,False,False,0,5,4,6,-20.0,-22.0,-19.0
1,380700,HYDROGEL_PACK,,,9948.0,4,BUY,9932.0,9948.0,9940.0,8.0,16.0,0.0,False,False,0,5,4,6,-6.0,-16.5,-15.0
1,383300,HYDROGEL_PACK,,,9945.0,5,BUY,9929.0,9945.0,9937.0,8.0,16.0,0.0,False,False,0,5,4,6,-6.0,-5.0,-2.5
1,383600,HYDROGEL_PACK,,,9948.0,4,BUY,9932.0,9948.0,9940.0,8.0,16.0,0.0,False,False,0,5,4,6,-7.0,-16.0,-5.0
1,385800,HYDROGEL_PACK,,,9943.0,6,BUY,9927.0,9943.0,9935.0,8.0,16.0,0.0,False,False,50,5,4,6,-9.0,-2.0,4.0
1,394800,HYDROGEL_PACK,,,9941.0,5,SELL,9941.0,9957.0,9949.0,-8.0,0.0,-16.0,False,False,0,5,4,6,6.0,6.0,2.0
1,396300,HYDROGEL_PACK,,,9956.0,4,BUY,9941.0,9956.0,9948.5,7.5,15.0,0.0,False,False,0,5,4,6,-9.0,-20.0,-24.0
1,397800,HYDROGEL_PACK,,,9950.0,4,BUY,9934.0,9950.0,9942.0,8.0,16.0,0.0,False,False,0,5,4,6,-14.0,-7.0,-23.0
1,403600,HYDROGEL_PACK,,,9922.0,6,SELL,9922.0,9938.0,9930.0,-8.0,0.0,-16.0,True,False,0,5,4,6,6.0,8.0,16.0
1,409300,HYDROGEL_PACK,,,9929.0,6,SELL,9929.0,9945.0,9937.0,-8.0,0.0,-16.0,False,False,0,5,4,6,14.0,13.0,21.0
1,411000,HYDROGEL_PACK,,,9951.0,4,BUY,9935.0,9951.0,9943.0,8.0,16.0,0.0,False,False,50,5,4,6,-6.0,0.0,3.0
1,411400,HYDROGEL_PACK,,,9952.0,3,BUY,9936.0,9952.0,9944.0,8.0,16.0,0.0,False,False,50,3,2,3,-10.0,-5.0,2.0
1,412300,HYDROGEL_PACK,,,9953.0,2,BUY,9937.0,9953.0,9945.0,8.0,16.0,0.0,False,False,0,3,2,3,-3.0,-3.0,0.0
1,414000,HYDROGEL_PACK,,,9962.0,2,BUY,9946.0,9962.0,9954.0,8.0,16.0,0.0,False,False,0,3,2,3,-7.0,-8.0,-15.0
1,414400,HYDROGEL_PACK,,,9945.0,3,SELL,9945.0,9961.0,9953.0,-8.0,0.0,-16.0,False,False,0,3,2,3,4.0,9.0,1.0
1,414800,HYDROGEL_PACK,,,9940.0,3,SELL,9940.0,9956.0,9948.0,-8.0,0.0,-16.0,False,False,0,3,2,3,16.5,21.0,9.0
1,421500,HYDROGEL_PACK,,,9946.0,3,SELL,9946.0,9962.0,9954.0,-8.0,0.0,-16.0,False,False,0,3,2,3,5.0,10.0,8.0
1,427000,HYDROGEL_PACK,,,9950.0,2,SELL,9950.0,9966.0,9958.0,-8.0,0.0,-16.0,False,False,50,3,2,3,3.0,-8.0,-22.0
1,436200,HYDROGEL_PACK,,,9935.0,5,BUY,9919.0,9935.0,9927.0,8.0,16.0,0.0,False,False,0,5,4,6,-9.0,-8.5,-26.5
1,440300,HYDROGEL_PACK,,,9922.0,2,BUY,9906.0,9922.0,9914.0,8.0,16.0,0.0,False,False,0,3,2,3,-6.0,-3.0,-6.0
1,441300,HYDROGEL_PACK,,,9902.0,2,SELL,9902.0,9918.0,9910.0,-8.0,0.0,-16.0,True,False,0,3,2,3,11.0,15.0,25.0
1,443600,HYDROGEL_PACK,,,9908.0,2,SELL,9908.0,9924.0,9916.0,-8.0,0.0,-16.0,False,False,0,3,2,3,11.0,8.0,32.5
1,450000,HYDROGEL_PACK,,,9932.0,5,SELL,9932.0,9948.0,9940.0,-8.0,0.0,-16.0,False,False,0,5,4,6,10.0,4.0,3.0
1,457700,HYDROGEL_PACK,,,9914.0,4,SELL,9914.0,9930.0,9922.0,-8.0,0.0,-16.0,False,False,0,5,4,6,8.0,15.5,11.0
1,462500,HYDROGEL_PACK,,,9932.0,2,BUY,9916.0,9932.0,9924.0,8.0,16.0,0.0,False,False,50,3,2,3,-10.0,-21.0,2.0
1,476200,HYDROGEL_PACK,,,9959.0,3,BUY,9943.0,9959.0,9951.0,8.0,16.0,0.0,False,False,50,3,2,3,-7.5,-1.0,3.5
1,477600,HYDROGEL_PACK,,,9941.0,5,SELL,9941.0,9957.0,9949.0,-8.0,0.0,-16.0,False,False,0,5,4,6,13.0,20.0,18.0
1,479100,HYDROGEL_PACK,,,9973.0,5,BUY,9964.0,9973.0,9968.5,4.5,9.0,0.0,False,False,0,5,4,6,-12.0,-10.0,-18.0
1,485300,HYDROGEL_PACK,,,9952.0,3,SELL,9952.0,9968.0,9960.0,-8.0,0.0,-16.0,False,False,0,3,2,3,10.0,9.0,9.0
1,489600,HYDROGEL_PACK,,,9948.0,4,SELL,9948.0,9964.0,9956.0,-8.0,0.0,-16.0,False,False,0,5,4,6,15.0,19.0,19.0
1,494500,HYDROGEL_PACK,,,9975.0,4,BUY,9959.0,9975.0,9967.0,8.0,16.0,0.0,False,False,50,5,4,6,-6.0,7.0,28.0
1,495300,HYDROGEL_PACK,,,9964.0,5,SELL,9964.0,9980.0,9972.0,-8.0,0.0,-16.0,False,False,0,5,4,6,15.0,17.0,28.0
1,499900,HYDROGEL_PACK,,,9990.0,6,SELL,9990.0,10006.0,9998.0,-8.0,0.0,-16.0,False,False,0,5,4,6,4.0,3.0,16.0
1,500800,HYDROGEL_PACK,,,9987.0,4,SELL,9987.0,10003.0,9995.0,-8.0,0.0,-16.0,False,False,0,5,4,6,10.0,16.0,11.0
1,501400,HYDROGEL_PACK,,,9987.0,6,SELL,9987.0,10003.0,9995.0,-8.0,0.0,-16.0,False,False,0,5,4,6,6.0,17.0,13.0
1,502000,HYDROGEL_PACK,,,9985.0,3,SELL,9985.0,10001.0,9993.0,-8.0,0.0,-16.0,False,False,0,3,2,3,12.0,18.0,16.0
1,503500,HYDROGEL_PACK,,,9994.0,6,SELL,9994.0,10010.0,10002.0,-8.0,0.0,-16.0,False,False,0,5,4,6,9.0,6.0,6.0
1,507200,HYDROGEL_PACK,,,10012.0,4,BUY,9996.0,10012.0,10004.0,8.0,16.0,0.0,False,False,0,5,4,6,-12.0,-10.0,-9.0
1,507800,HYDROGEL_PACK,,,9992.0,6,SELL,9992.0,10008.0,10000.0,-8.0,0.0,-16.0,False,False,0,5,4,6,6.5,22.0,13.0
1,509900,HYDROGEL_PACK,,,10005.0,5,SELL,10005.0,10021.0,10013.0,-8.0,0.0,-16.0,False,False,50,5,4,6,-1.0,1.0,-1.0
1,510100,HYDROGEL_PACK,,,10003.0,3,SELL,10003.0,10019.0,10011.0,-8.0,0.0,-16.0,False,False,5,3,2,3,-2.0,0.5,3.0
1,513200,HYDROGEL_PACK,,,10010.0,5,BUY,9994.0,10010.0,10002.0,8.0,16.0,0.0,False,False,50,5,4,6,-11.0,-2.0,3.0
1,515200,HYDROGEL_PACK,,,10000.0,4,SELL,10000.0,10016.0,10008.0,-8.0,0.0,-16.0,False,False,0,5,4,6,11.0,19.0,6.5
1,519000,HYDROGEL_PACK,,,10002.0,5,SELL,10002.0,10018.0,10010.0,-8.0,0.0,-16.0,False,False,0,5,4,6,9.0,13.5,6.0
1,519400,HYDROGEL_PACK,,,10017.0,2,BUY,10001.0,10017.0,10009.0,8.0,16.0,0.0,False,False,0,3,2,3,-6.0,-3.0,-11.0
1,520400,HYDROGEL_PACK,,,10019.0,2,BUY,10003.0,10019.0,10011.0,8.0,16.0,0.0,False,False,0,3,2,3,-4.0,-4.0,-4.0
1,526600,HYDROGEL_PACK,,,10021.0,4,BUY,10005.0,10021.0,10013.0,8.0,16.0,0.0,False,False,20,5,4,6,-10.0,4.0,0.0
1,527700,HYDROGEL_PACK,,,10021.0,6,BUY,10005.0,10021.0,10013.0,8.0,16.0,0.0,False,False,50,5,4,6,0.0,4.0,2.0
1,530300,HYDROGEL_PACK,,,10010.0,3,SELL,10010.0,10026.0,10018.0,-8.0,0.0,-16.0,False,False,0,3,2,3,13.0,16.0,3.0
1,530600,HYDROGEL_PACK,,,10010.0,5,SELL,10010.0,10026.0,10018.0,-8.0,0.0,-16.0,False,False,0,5,4,6,14.0,12.0,4.0
1,533100,HYDROGEL_PACK,,,10029.0,2,BUY,10013.0,10029.0,10021.0,8.0,16.0,0.0,False,False,0,3,2,3,-8.0,-18.0,-13.0
1,533400,HYDROGEL_PACK,,,10030.0,5,BUY,10014.0,10030.0,10022.0,8.0,16.0,0.0,False,False,0,5,4,6,-12.0,-16.0,-15.0
1,534800,HYDROGEL_PACK,,,10018.0,3,BUY,10002.0,10018.0,10010.0,8.0,16.0,0.0,False,False,20,3,2,3,-5.0,1.0,-2.0
1,537500,HYDROGEL_PACK,,,10014.0,2,SELL,10014.0,10030.0,10022.0,-8.0,0.0,-16.0,False,False,50,3,2,3,2.0,-3.0,-9.0
1,538000,HYDROGEL_PACK,,,10024.0,2,BUY,10008.0,10024.0,10016.0,8.0,16.0,0.0,False,False,0,3,2,3,-9.0,-5.0,-19.0
1,538900,HYDROGEL_PACK,,,10022.0,6,BUY,10006.0,10022.0,10014.0,8.0,16.0,0.0,False,False,0,5,4,6,-10.0,-3.5,-12.5
1,542600,HYDROGEL_PACK,,,10012.0,6,BUY,9996.0,10012.0,10004.0,8.0,16.0,0.0,False,False,50,5,4,6,-2.0,-7.0,8.0
1,550400,HYDROGEL_PACK,,,9998.0,2,SELL,9998.0,10014.0,10006.0,-8.0,0.0,-16.0,False,False,0,3,2,3,17.0,20.0,15.0
1,553300,HYDROGEL_PACK,,,10032.0,6,BUY,10016.0,10032.0,10024.0,8.0,16.0,0.0,False,False,0,5,4,6,-9.0,-21.0,-29.0
1,563600,HYDROGEL_PACK,,,9991.0,2,SELL,9991.0,10007.0,9999.0,-8.0,0.0,-16.0,False,False,0,3,2,3,13.0,18.0,16.0
1,566100,HYDROGEL_PACK,,,10011.0,4,SELL,10011.0,10020.0,10015.5,-4.5,0.0,-9.0,False,False,50,5,4,6,2.0,2.5,-2.0
1,568700,HYDROGEL_PACK,,,10000.0,5,SELL,10000.0,10016.0,10008.0,-8.0,0.0,-16.0,False,False,0,5,4,6,3.0,9.0,12.0
1,578600,HYDROGEL_PACK,,,10014.0,3,BUY,9998.0,10014.0,10006.0,8.0,16.0,0.0,False,False,0,3,2,3,-11.0,-5.0,-9.0
1,578800,HYDROGEL_PACK,,,9998.0,6,SELL,9998.0,10014.0,10006.0,-8.0,0.0,-16.0,False,False,0,5,4,6,7.0,10.0,6.0
1,580600,HYDROGEL_PACK,,,10001.0,4,SELL,10001.0,10017.0,10009.0,-8.0,0.0,-16.0,False,False,0,5,4,6,4.0,6.0,7.0
1,590100,HYDROGEL_PACK,,,9989.0,2,SELL,9989.0,10005.0,9997.0,-8.0,0.0,-16.0,False,False,0,3,2,3,10.0,13.0,27.0
1,596300,HYDROGEL_PACK,,,10027.0,2,BUY,10011.0,10027.0,10019.0,8.0,16.0,0.0,False,False,20,3,2,3,-1.0,4.0,-5.0
1,600400,HYDROGEL_PACK,,,10035.0,4,BUY,10019.0,10035.0,10027.0,8.0,16.0,0.0,False,False,0,5,4,6,-10.0,-13.0,-7.0
1,601700,HYDROGEL_PACK,,,10013.0,2,SELL,10013.0,10029.0,10021.0,-8.0,0.0,-16.0,False,False,0,3,2,3,11.0,14.0,17.0
1,604700,HYDROGEL_PACK,,,10017.0,5,SELL,10017.0,10034.0,10025.5,-8.5,0.0,-17.0,False,False,50,5,4,6,7.5,13.0,-6.0
1,606400,HYDROGEL_PACK,,,10020.0,5,SELL,10020.0,10036.0,10028.0,-8.0,0.0,-16.0,False,False,50,5,4,6,10.0,0.0,-5.0
1,614100,HYDROGEL_PACK,,,9998.0,4,SELL,9998.0,10014.0,10006.0,-8.0,0.0,-16.0,False,False,50,5,4,6,4.0,-19.0,-8.0
1,621800,HYDROGEL_PACK,,,9993.0,2,SELL,9993.0,10009.0,10001.0,-8.0,0.0,-16.0,False,False,0,3,2,3,8.0,13.0,35.0
1,625100,HYDROGEL_PACK,,,10004.0,2,SELL,10004.0,10020.0,10012.0,-8.0,0.0,-16.0,False,False,0,3,2,3,11.0,16.5,14.0
1,630400,HYDROGEL_PACK,,,10019.0,5,BUY,10003.0,10019.0,10011.0,8.0,16.0,0.0,False,False,50,5,4,6,-4.5,2.0,8.0
1,634900,HYDROGEL_PACK,,,10010.0,2,SELL,10010.0,10026.0,10018.0,-8.0,0.0,-16.0,False,False,0,3,2,3,17.0,19.0,21.0
1,635700,HYDROGEL_PACK,,,10034.0,3,BUY,10018.0,10034.0,10026.0,8.0,16.0,0.0,False,False,0,3,2,3,-7.0,-8.0,0.0
1,637500,HYDROGEL_PACK,,,10018.0,4,SELL,10018.0,10034.0,10026.0,-8.0,0.0,-16.0,False,False,50,5,4,6,11.0,11.0,-6.0
1,640300,HYDROGEL_PACK,,,10029.0,3,SELL,10029.0,10037.0,10033.0,-4.0,0.0,-8.0,False,False,50,3,2,3,5.0,-10.0,-27.0
1,640700,HYDROGEL_PACK,,,10042.0,4,BUY,10026.0,10042.0,10034.0,8.0,16.0,0.0,False,True,0,5,4,6,-10.0,-33.5,-41.0
1,647000,HYDROGEL_PACK,,,10003.0,3,BUY,9987.0,10003.0,9995.0,8.0,16.0,0.0,False,False,0,3,2,3,-4.0,-9.0,-10.0
1,647400,HYDROGEL_PACK,,,9993.0,2,SELL,9993.0,10009.0,10001.0,-8.0,0.0,-16.0,False,False,50,3,2,3,4.0,0.0,-4.0
1,647600,HYDROGEL_PACK,,,9991.0,4,SELL,9991.0,10007.0,9999.0,-8.0,0.0,-16.0,False,False,50,5,4,6,4.0,9.0,-1.0
1,647900,HYDROGEL_PACK,,,9989.0,6,SELL,9989.0,10005.0,9997.0,-8.0,0.0,-16.0,False,False,50,5,4,6,4.0,12.0,-3.0
1,648400,HYDROGEL_PACK,,,10001.0,2,BUY,9985.0,10001.0,9993.0,8.0,16.0,0.0,False,False,0,3,2,3,-8.0,-2.0,-19.0
1,652800,HYDROGEL_PACK,,,9979.0,2,SELL,9979.0,9995.0,9987.0,-8.0,0.0,-16.0,False,False,0,3,2,3,3.0,2.0,12.0
1,653200,HYDROGEL_PACK,,,9975.0,6,SELL,9975.0,9991.0,9983.0,-8.0,0.0,-16.0,False,False,0,5,4,6,4.0,11.0,21.0
1,653300,HYDROGEL_PACK,,,9974.0,5,SELL,9974.0,9990.0,9982.0,-8.0,0.0,-16.0,False,False,0,5,4,6,4.0,13.0,21.0
1,661300,HYDROGEL_PACK,,,10011.0,6,BUY,9995.0,10011.0,10003.0,8.0,16.0,0.0,False,False,50,5,4,6,-13.0,-7.0,8.0
1,666100,HYDROGEL_PACK,,,10028.0,3,BUY,10012.0,10028.0,10020.0,8.0,16.0,0.0,False,False,0,3,2,3,-13.0,-11.0,-16.0
1,669200,HYDROGEL_PACK,,,10027.0,4,BUY,10011.0,10027.0,10019.0,8.0,16.0,0.0,False,False,0,5,4,6,-11.0,-18.0,-22.0
1,673800,HYDROGEL_PACK,,,10000.0,4,SELL,10000.0,10016.0,10008.0,-8.0,0.0,-16.0,False,False,50,5,4,6,9.0,7.0,-6.0
1,680800,HYDROGEL_PACK,,,9994.0,2,SELL,9994.0,10010.0,10002.0,-8.0,0.0,-16.0,False,False,50,3,2,3,-1.0,12.0,-3.0
1,681500,HYDROGEL_PACK,,,10005.0,5,BUY,9989.0,10005.0,9997.0,8.0,16.0,0.0,False,False,0,5,4,6,-5.0,-1.0,-11.0
1,684500,HYDROGEL_PACK,,,9989.0,2,SELL,9989.0,10005.0,9997.0,-8.0,0.0,-16.0,False,False,0,3,2,3,15.0,5.0,11.0
1,690500,HYDROGEL_PACK,,,10013.0,5,BUY,9997.0,10013.0,10005.0,8.0,16.0,0.0,False,False,50,5,4,6,-8.0,2.0,7.0
1,694900,HYDROGEL_PACK,,,10011.0,3,SELL,10011.0,10027.0,10019.0,-8.0,0.0,-16.0,False,False,0,3,2,3,7.0,20.0,36.0
1,695200,HYDROGEL_PACK,,,10010.0,6,SELL,10010.0,10026.0,10018.0,-8.0,0.0,-16.0,False,False,0,5,4,6,13.0,23.0,34.0
1,695900,HYDROGEL_PACK,,,10034.0,6,BUY,10018.0,10034.0,10026.0,8.0,16.0,0.0,False,False,50,5,4,6,-8.0,2.0,6.0
1,698300,HYDROGEL_PACK,,,10048.0,5,BUY,10032.0,10048.0,10040.0,8.0,16.0,0.0,False,True,0,5,4,6,-12.0,-6.0,-8.0
1,699100,HYDROGEL_PACK,,,10035.0,5,SELL,10035.0,10051.0,10043.0,-8.0,0.0,-16.0,False,False,0,5,4,6,9.0,9.0,11.0
1,700400,HYDROGEL_PACK,,,10052.0,5,BUY,10036.0,10052.0,10044.0,8.0,16.0,0.0,False,True,50,5,4,6,-12.0,-18.0,2.0
1,701200,HYDROGEL_PACK,,,10052.0,5,BUY,10036.0,10052.0,10044.0,8.0,16.0,0.0,False,False,0,5,4,6,-9.0,-9.0,0.0
1,701500,HYDROGEL_PACK,,,10054.0,3,BUY,10038.0,10054.0,10046.0,8.0,16.0,0.0,False,True,0,3,2,3,-17.0,-13.0,-9.0
1,703000,HYDROGEL_PACK,,,10027.0,3,SELL,10027.0,10043.0,10035.0,-8.0,0.0,-16.0,False,False,0,3,2,3,14.0,23.0,27.0
1,707100,HYDROGEL_PACK,,,10056.0,3,BUY,10040.0,10056.0,10048.0,8.0,16.0,0.0,False,True,0,3,2,3,-4.0,-7.0,-12.0
1,716700,HYDROGEL_PACK,,,10059.0,3,BUY,10043.0,10059.0,10051.0,8.0,16.0,0.0,False,True,50,3,2,3,-5.0,-4.0,12.5
1,724400,HYDROGEL_PACK,,,10065.0,5,SELL,10065.0,10081.0,10073.0,-8.0,0.0,-16.0,False,True,50,5,4,6,9.0,3.5,-4.0
1,725800,HYDROGEL_PACK,,,10068.0,6,SELL,10068.0,10085.0,10076.5,-8.5,0.0,-17.0,False,True,50,5,4,6,0.0,-1.0,-3.0
1,726700,HYDROGEL_PACK,,,10075.0,3,BUY,10059.0,10075.0,10067.0,8.0,16.0,0.0,False,True,0,3,2,3,-6.0,-8.0,-19.0
1,727900,HYDROGEL_PACK,,,10075.0,4,BUY,10058.0,10075.0,10066.5,8.5,17.0,0.0,False,False,0,5,4,6,-7.0,-9.0,-33.5
1,729700,HYDROGEL_PACK,,,10072.0,3,BUY,10056.0,10072.0,10064.0,8.0,16.0,0.0,False,False,0,3,2,3,-4.0,-16.0,-33.0
1,730800,HYDROGEL_PACK,,,10057.0,6,SELL,10057.0,10073.0,10065.0,-8.0,0.0,-16.0,False,False,50,5,4,6,1.0,-14.0,-6.5
1,731000,HYDROGEL_PACK,,,10074.0,4,BUY,10058.0,10074.0,10066.0,8.0,16.0,0.0,False,False,0,5,4,6,-19.0,-34.0,-26.0
1,732700,HYDROGEL_PACK,,,10035.0,2,SELL,10035.0,10051.0,10043.0,-8.0,0.0,-16.0,False,False,0,3,2,3,0.0,4.0,5.0
1,741200,HYDROGEL_PACK,,,10052.0,2,BUY,10036.0,10052.0,10044.0,8.0,16.0,0.0,False,False,50,3,2,3,-8.0,-5.5,2.0
1,742700,HYDROGEL_PACK,,,10052.0,2,BUY,10036.0,10052.0,10044.0,8.0,16.0,0.0,False,False,0,3,2,3,-5.5,-4.0,0.0
1,745000,HYDROGEL_PACK,,,10036.0,6,SELL,10036.0,10052.0,10044.0,-8.0,0.0,-16.0,False,False,0,5,4,6,14.0,24.0,17.5
1,749800,HYDROGEL_PACK,,,10044.0,2,SELL,10044.0,10060.0,10052.0,-8.0,0.0,-16.0,False,False,0,3,2,3,6.0,12.0,19.0
1,756600,HYDROGEL_PACK,,,10062.0,6,SELL,10062.0,10078.0,10070.0,-8.0,0.0,-16.0,False,False,50,5,4,6,11.0,9.5,-10.0
1,759100,HYDROGEL_PACK,,,10073.0,5,BUY,10057.0,10073.0,10065.0,8.0,16.0,0.0,False,False,0,5,4,6,-17.0,-23.0,-13.5
1,760900,HYDROGEL_PACK,,,10055.0,2,BUY,10039.0,10055.0,10047.0,8.0,16.0,0.0,False,False,50,3,2,3,-4.0,-2.0,3.0
1,765800,HYDROGEL_PACK,,,10048.0,3,SELL,10048.0,10064.0,10056.0,-8.0,0.0,-16.0,False,False,0,3,2,3,8.0,13.0,21.0
1,767100,HYDROGEL_PACK,,,10063.0,4,BUY,10047.0,10063.0,10055.0,8.0,16.0,0.0,False,False,50,5,4,6,1.0,2.0,8.0
1,768100,HYDROGEL_PACK,,,10056.0,4,SELL,10056.0,10072.0,10064.0,-8.0,0.0,-16.0,False,False,0,5,4,6,5.0,12.0,22.0
1,768200,HYDROGEL_PACK,,,10056.0,3,SELL,10056.0,10072.0,10064.0,-8.0,0.0,-16.0,False,False,0,3,2,3,6.5,10.0,19.0
1,768800,HYDROGEL_PACK,,,10071.0,5,BUY,10055.0,10071.0,10063.0,8.0,16.0,0.0,False,False,0,5,4,6,-8.0,-2.0,-4.0
1,772000,HYDROGEL_PACK,,,10082.0,6,BUY,10066.0,10082.0,10074.0,8.0,16.0,0.0,False,True,0,5,4,6,-6.5,-18.0,-14.0
1,775100,HYDROGEL_PACK,,,10056.0,5,SELL,10056.0,10072.0,10064.0,-8.0,0.0,-16.0,False,False,0,5,4,6,9.0,10.0,15.0
1,782100,HYDROGEL_PACK,,,10078.0,6,BUY,10062.0,10078.0,10070.0,8.0,16.0,0.0,False,False,0,5,4,6,-13.0,-11.0,-19.0
1,782500,HYDROGEL_PACK,,,10072.0,6,BUY,10056.0,10072.0,10064.0,8.0,16.0,0.0,False,False,0,5,4,6,-7.5,-8.0,-17.0
1,782700,HYDROGEL_PACK,,,10075.0,6,BUY,10058.0,10075.0,10066.5,8.5,17.0,0.0,False,False,0,5,4,6,-5.0,-7.5,-22.0
1,784400,HYDROGEL_PACK,,,10072.0,6,BUY,10056.0,10072.0,10064.0,8.0,16.0,0.0,False,False,0,5,4,6,-2.0,-6.0,-16.0
1,785200,HYDROGEL_PACK,,,10056.0,3,SELL,10056.0,10072.0,10064.0,-8.0,0.0,-16.0,False,False,50,3,2,3,9.0,1.0,-9.0
1,785800,HYDROGEL_PACK,,,10056.0,3,SELL,10056.0,10072.0,10064.0,-8.0,0.0,-16.0,False,False,20,3,2,3,8.0,-2.0,3.0
1,786700,HYDROGEL_PACK,,,10054.0,4,SELL,10054.0,10070.0,10062.0,-8.0,0.0,-16.0,False,False,50,5,4,6,3.0,8.0,-5.0
1,790700,HYDROGEL_PACK,,,10063.0,2,BUY,10047.0,10063.0,10055.0,8.0,16.0,0.0,False,False,0,3,2,3,-4.0,-21.0,-20.0
1,792200,HYDROGEL_PACK,,,10052.0,4,BUY,10036.0,10052.0,10044.0,8.0,16.0,0.0,False,False,0,5,4,6,-10.0,-12.0,-18.0
1,797600,HYDROGEL_PACK,,,10024.0,4,SELL,10024.0,10040.0,10032.0,-8.0,0.0,-16.0,False,False,50,5,4,6,10.0,-4.0,-11.0
1,799500,HYDROGEL_PACK,,,10029.0,3,BUY,10013.0,10029.0,10021.0,8.0,16.0,0.0,False,False,0,3,2,3,-13.5,-21.0,-16.0
1,800100,HYDROGEL_PACK,,,10012.0,5,SELL,10012.0,10028.0,10020.0,-8.0,0.0,-16.0,False,False,50,5,4,6,4.0,-2.0,-4.0
1,800600,HYDROGEL_PACK,,,10024.0,5,BUY,10008.0,10024.0,10016.0,8.0,16.0,0.0,False,False,0,5,4,6,-16.0,-11.0,-22.0
1,803000,HYDROGEL_PACK,,,10019.0,2,BUY,10003.0,10019.0,10011.0,8.0,16.0,0.0,False,False,0,3,2,3,-7.0,-8.0,-10.0
1,805300,HYDROGEL_PACK,,,9998.0,4,SELL,9998.0,10014.0,10006.0,-8.0,0.0,-16.0,False,False,0,5,4,6,10.0,10.0,10.0
1,809700,HYDROGEL_PACK,,,10018.0,2,BUY,10002.0,10018.0,10010.0,8.0,16.0,0.0,False,False,0,3,2,3,-9.0,-13.0,-25.0
1,810600,HYDROGEL_PACK,,,10015.0,2,BUY,9999.0,10015.0,10007.0,8.0,16.0,0.0,False,False,0,3,2,3,-10.0,-7.0,-13.0
1,814500,HYDROGEL_PACK,,,9989.0,3,SELL,9989.0,10005.0,9997.0,-8.0,0.0,-16.0,False,False,0,3,2,3,7.0,18.0,21.0
1,815000,HYDROGEL_PACK,,,10004.0,3,BUY,9988.0,10004.0,9996.0,8.0,16.0,0.0,False,False,50,3,2,3,-3.0,2.0,3.0
1,816800,HYDROGEL_PACK,,,9999.0,4,SELL,9999.0,10015.0,10007.0,-8.0,0.0,-16.0,False,False,50,5,4,6,4.0,7.0,-4.0
1,820600,HYDROGEL_PACK,,,10011.0,2,BUY,9995.0,10011.0,10003.0,8.0,16.0,0.0,False,False,0,3,2,3,-10.0,-11.0,0.0
1,821100,HYDROGEL_PACK,,,9993.0,4,SELL,9993.0,10009.0,10001.0,-8.0,0.0,-16.0,False,False,0,5,4,6,7.0,12.0,11.0
1,833600,HYDROGEL_PACK,,,10025.0,2,SELL,10025.0,10041.0,10033.0,-8.0,0.0,-16.0,False,False,50,3,2,3,13.0,10.0,-1.0
1,837000,HYDROGEL_PACK,,,10047.0,6,BUY,10031.0,10047.0,10039.0,8.0,16.0,0.0,False,False,0,5,4,6,-17.0,-17.0,-22.0
1,844200,HYDROGEL_PACK,,,10033.0,6,BUY,10017.0,10033.0,10025.0,8.0,16.0,0.0,False,False,0,5,4,6,-5.0,-6.0,-1.0
1,844800,HYDROGEL_PACK,,,10034.0,3,BUY,10018.0,10034.0,10026.0,8.0,16.0,0.0,False,False,50,3,2,3,-6.0,-7.0,3.0
1,845500,HYDROGEL_PACK,,,10013.0,6,SELL,10013.0,10029.0,10021.0,-8.0,0.0,-16.0,False,False,0,5,4,6,13.0,18.0,25.0
1,847200,HYDROGEL_PACK,,,10022.0,5,SELL,10022.0,10038.0,10030.0,-8.0,0.0,-16.0,False,False,0,5,4,6,12.0,10.0,22.0
1,848400,HYDROGEL_PACK,,,10040.0,3,BUY,10024.0,10040.0,10032.0,8.0,16.0,0.0,False,False,0,3,2,3,-8.0,-5.0,0.0
1,853500,HYDROGEL_PACK,,,10032.0,4,SELL,10032.0,10048.0,10040.0,-8.0,0.0,-16.0,False,False,0,5,4,6,11.0,18.0,37.0
1,853900,HYDROGEL_PACK,,,10047.0,6,BUY,10031.0,10047.0,10039.0,8.0,16.0,0.0,False,False,50,5,4,6,-1.0,3.0,26.0
1,854900,HYDROGEL_PACK,,,10052.0,2,BUY,10035.0,10052.0,10043.5,8.5,17.0,0.0,False,False,50,3,2,3,-7.5,7.0,24.0
1,860100,HYDROGEL_PACK,,,10086.0,2,BUY,10070.0,10086.0,10078.0,8.0,16.0,0.0,False,True,0,3,2,3,-7.0,-27.0,-28.0
1,862900,HYDROGEL_PACK,,,10038.0,6,SELL,10038.0,10045.0,10041.5,-3.5,0.0,-7.0,False,False,0,5,4,6,9.0,20.0,7.0
1,866300,HYDROGEL_PACK,,,10060.0,6,BUY,10044.0,10060.0,10052.0,8.0,16.0,0.0,False,False,0,5,4,6,-15.0,-13.0,-24.0
1,867100,HYDROGEL_PACK,,,10039.0,5,SELL,10039.0,10055.0,10047.0,-8.0,0.0,-16.0,False,False,50,5,4,6,4.0,13.0,-9.0
1,870000,HYDROGEL_PACK,,,10058.0,3,BUY,10042.0,10058.0,10050.0,8.0,16.0,0.0,False,False,0,3,2,3,-12.0,-26.0,-36.0
1,871700,HYDROGEL_PACK,,,10027.0,5,SELL,10027.0,10043.0,10035.0,-8.0,0.0,-16.0,False,False,50,5,4,6,1.0,-2.0,-15.0
1,876000,HYDROGEL_PACK,,,10025.0,4,BUY,10009.0,10025.0,10017.0,8.0,16.0,0.0,False,False,0,5,4,6,-16.0,-17.0,-33.0
1,876400,HYDROGEL_PACK,,,10020.0,3,BUY,10004.0,10020.0,10012.0,8.0,16.0,0.0,False,False,0,3,2,3,-10.0,-18.0,-26.5
1,887200,HYDROGEL_PACK,,,10007.0,2,BUY,9991.0,10007.0,9999.0,8.0,16.0,0.0,False,False,20,3,2,3,-3.0,7.0,-17.0
1,892000,HYDROGEL_PACK,,,10000.0,6,BUY,9984.0,10000.0,9992.0,8.0,16.0,0.0,False,False,0,5,4,6,-6.0,-12.0,-6.0
1,894300,HYDROGEL_PACK,,,9981.0,6,SELL,9981.0,9996.0,9988.5,-7.5,0.0,-15.0,False,False,0,5,4,6,1.0,6.0,14.0
1,898200,HYDROGEL_PACK,,,9995.0,4,SELL,9995.0,10003.0,9999.0,-4.0,0.0,-8.0,False,False,0,5,4,6,3.0,5.0,14.0
1,899200,HYDROGEL_PACK,,,10003.0,4,BUY,9987.0,10003.0,9995.0,8.0,16.0,0.0,False,False,50,5,4,6,-4.0,-5.0,9.0
1,901400,HYDROGEL_PACK,,,9989.0,4,SELL,9989.0,10005.0,9997.0,-8.0,0.0,-16.0,False,False,0,5,4,6,13.0,18.0,30.0
1,901800,HYDROGEL_PACK,,,10011.0,2,BUY,9995.0,10011.0,10003.0,8.0,16.0,0.0,False,False,50,3,2,3,-6.0,1.0,9.0
1,908700,HYDROGEL_PACK,,,10022.0,4,BUY,10006.0,10022.0,10014.0,8.0,16.0,0.0,False,False,50,5,4,6,-9.0,5.0,12.0
1,909300,HYDROGEL_PACK,,,10024.0,5,BUY,10008.0,10024.0,10016.0,8.0,16.0,0.0,False,False,50,5,4,6,-2.0,9.5,6.0
1,912000,HYDROGEL_PACK,,,10030.0,6,SELL,10030.0,10046.0,10038.0,-8.0,0.0,-16.0,False,False,50,5,4,6,4.0,3.0,-6.0
1,912600,HYDROGEL_PACK,,,10027.0,2,SELL,10027.0,10043.0,10035.0,-8.0,0.0,-16.0,False,False,50,3,2,3,5.0,4.0,-1.0
1,914400,HYDROGEL_PACK,,,10039.0,4,BUY,10023.0,10039.0,10031.0,8.0,16.0,0.0,False,False,0,5,4,6,-9.0,-6.0,-28.0
1,914800,HYDROGEL_PACK,,,10039.0,4,BUY,10023.0,10039.0,10031.0,8.0,16.0,0.0,False,False,0,5,4,6,-5.0,-11.0,-28.0
1,917900,HYDROGEL_PACK,,,10034.0,3,BUY,10018.0,10034.0,10026.0,8.0,16.0,0.0,False,False,0,3,2,3,-13.0,-20.0,-29.0
1,918500,HYDROGEL_PACK,,,10009.0,6,SELL,10009.0,10025.0,10017.0,-8.0,0.0,-16.0,False,False,50,5,4,6,4.0,-1.0,-1.0
1,924500,HYDROGEL_PACK,,,10004.0,5,SELL,10004.0,10020.0,10012.0,-8.0,0.0,-16.0,False,False,50,5,4,6,6.0,-5.0,-6.0
1,925900,HYDROGEL_PACK,,,10014.0,6,BUY,9998.0,10014.0,10006.0,8.0,16.0,0.0,False,False,0,5,4,6,-15.0,-17.0,-4.0
1,928000,HYDROGEL_PACK,,,9992.0,2,SELL,9992.0,10008.0,10000.0,-8.0,0.0,-16.0,False,False,0,3,2,3,5.0,11.0,0.0
1,928500,HYDROGEL_PACK,,,10005.0,6,BUY,9989.0,10005.0,9997.0,8.0,16.0,0.0,False,False,20,5,4,6,-8.0,2.0,-4.0
1,929300,HYDROGEL_PACK,,,10004.0,3,BUY,9988.0,10004.0,9996.0,8.0,16.0,0.0,False,False,50,3,2,3,-3.0,6.0,1.0
1,929500,HYDROGEL_PACK,,,10006.0,6,BUY,9990.0,10006.0,9998.0,8.0,16.0,0.0,False,False,50,5,4,6,-3.0,5.0,3.0
1,929800,HYDROGEL_PACK,,,9993.0,3,SELL,9993.0,10009.0,10001.0,-8.0,0.0,-16.0,False,False,0,3,2,3,10.0,12.0,17.0
1,930800,HYDROGEL_PACK,,,10016.0,6,BUY,10000.0,10016.0,10008.0,8.0,16.0,0.0,False,False,0,5,4,6,-6.0,-27.0,-11.0
1,932100,HYDROGEL_PACK,,,9991.0,3,SELL,9991.0,10007.0,9999.0,-8.0,0.0,-16.0,False,False,0,3,2,3,4.0,16.0,16.0
1,934300,HYDROGEL_PACK,,,9997.0,3,SELL,9997.0,10013.0,10005.0,-8.0,0.0,-16.0,False,False,0,3,2,3,13.0,10.0,1.0
1,936400,HYDROGEL_PACK,,,10006.0,3,BUY,9999.0,10006.0,10002.5,3.5,7.0,0.0,False,False,50,3,2,3,-1.0,-3.0,13.0
1,936500,HYDROGEL_PACK,,,9997.0,6,SELL,9997.0,10013.0,10005.0,-8.0,0.0,-16.0,False,False,0,5,4,6,11.0,7.0,21.0
1,936700,HYDROGEL_PACK,,,9998.0,3,SELL,9998.0,10014.0,10006.0,-8.0,0.0,-16.0,False,False,0,3,2,3,8.0,3.0,23.0
1,938900,HYDROGEL_PACK,,,10006.0,6,BUY,9990.0,10006.0,9998.0,8.0,16.0,0.0,False,False,50,5,4,6,-7.0,10.0,2.0
1,946400,HYDROGEL_PACK,,,10022.0,3,BUY,10006.0,10022.0,10014.0,8.0,16.0,0.0,False,False,50,3,2,3,-9.0,-5.0,10.0
1,950000,HYDROGEL_PACK,,,10041.0,2,BUY,10025.0,10041.0,10033.0,8.0,16.0,0.0,False,False,0,3,2,3,-12.0,-10.0,-29.0
1,950300,HYDROGEL_PACK,,,10021.0,5,SELL,10021.0,10037.0,10029.0,-8.0,0.0,-16.0,False,False,50,5,4,6,7.0,11.0,-15.0
1,950700,HYDROGEL_PACK,,,10036.0,5,BUY,10020.0,10036.0,10028.0,8.0,16.0,0.0,False,False,0,5,4,6,-5.0,-2.0,-28.0
1,953700,HYDROGEL_PACK,,,10035.0,5,BUY,10019.0,10035.0,10027.0,8.0,16.0,0.0,False,False,0,5,4,6,-13.0,-27.0,-18.0
1,953800,HYDROGEL_PACK,,,10033.0,6,BUY,10017.0,10033.0,10025.0,8.0,16.0,0.0,False,False,0,5,4,6,-13.0,-22.0,-15.0
1,957800,HYDROGEL_PACK,,,9997.0,6,SELL,9997.0,10013.0,10005.0,-8.0,0.0,-16.0,False,False,0,5,4,6,19.0,22.0,35.5
1,960800,HYDROGEL_PACK,,,10041.0,2,BUY,10025.0,10041.0,10033.0,8.0,16.0,0.0,False,False,0,3,2,3,-11.0,-8.5,-28.0
1,963900,HYDROGEL_PACK,,,10040.0,6,BUY,10024.0,10040.0,10032.0,8.0,16.0,0.0,False,False,0,5,4,6,-18.0,-27.0,-44.0
1,964000,HYDROGEL_PACK,,,10020.0,3,SELL,10020.0,10036.0,10028.0,-8.0,0.0,-16.0,False,False,50,3,2,3,0.0,-5.0,-24.0
1,964700,HYDROGEL_PACK,,,10008.0,4,SELL,10008.0,10024.0,10016.0,-8.0,0.0,-16.0,False,False,50,5,4,6,10.0,3.0,-20.0
1,966900,HYDROGEL_PACK,,,10019.0,2,BUY,10003.0,10019.0,10011.0,8.0,16.0,0.0,False,False,0,3,2,3,-14.0,-23.0,-29.0
1,970500,HYDROGEL_PACK,,,9981.0,3,SELL,9981.0,9997.0,9989.0,-8.0,0.0,-16.0,False,False,0,3,2,3,7.0,15.0,12.0
1,971900,HYDROGEL_PACK,,,9998.0,3,BUY,9982.0,9998.0,9990.0,8.0,16.0,0.0,False,False,20,3,2,3,-4.0,4.0,-5.0
1,977600,HYDROGEL_PACK,,,9986.0,2,SELL,9986.0,10002.0,9994.0,-8.0,0.0,-16.0,False,False,0,3,2,3,14.0,25.0,19.0
1,979200,HYDROGEL_PACK,,,9999.0,2,SELL,9999.0,10015.0,10007.0,-8.0,0.0,-16.0,False,False,0,3,2,3,14.0,6.0,15.0
1,982900,HYDROGEL_PACK,,,9998.0,6,SELL,9998.0,10015.0,10006.5,-8.5,0.0,-17.0,False,False,0,5,4,6,13.0,16.0,26.0
1,985400,HYDROGEL_PACK,,,10024.0,4,BUY,10008.0,10024.0,10016.0,8.0,16.0,0.0,False,False,50,5,4,6,-3.0,6.0,3.0
1,985800,HYDROGEL_PACK,,,10029.0,4,BUY,10013.0,10029.0,10021.0,8.0,16.0,0.0,False,False,5,5,4,6,1.0,-3.0,-1.0
1,988000,HYDROGEL_PACK,,,10016.0,4,SELL,10016.0,10032.0,10024.0,-8.0,0.0,-16.0,False,False,0,5,4,6,10.0,10.0,10.5
1,988400,HYDROGEL_PACK,,,10016.0,6,SELL,10016.0,10032.0,10024.0,-8.0,0.0,-16.0,False,False,0,5,4,6,11.0,11.0,18.0
1,989000,HYDROGEL_PACK,,,10017.0,4,SELL,10017.0,10033.0,10025.0,-8.0,0.0,-16.0,False,False,0,5,4,6,11.0,14.0,9.0
1,6100,VELVETFRUIT_EXTRACT,,,5255.0,3,BUY,5250.0,5255.0,5252.5,2.5,5.0,0.0,True,True,0,3,3,3,-4.5,-7.5,-10.5
1,9400,VELVETFRUIT_EXTRACT,,,5244.0,8,BUY,5243.0,5244.0,5243.5,0.5,1.0,0.0,True,False,5,8,7,9,1.0,-0.5,-10.5
1,10400,VELVETFRUIT_EXTRACT,,,5240.0,12,BUY,5239.0,5240.0,5239.5,0.5,1.0,0.0,True,False,20,13,12,14,3.5,1.5,-6.5
1,14300,VELVETFRUIT_EXTRACT,,,5238.0,6,BUY,5233.0,5238.0,5235.5,2.5,5.0,0.0,True,False,0,5,4,6,-3.5,-8.0,-9.5
1,14800,VELVETFRUIT_EXTRACT,,,5232.0,6,SELL,5232.0,5237.0,5234.5,-2.5,0.0,-5.0,True,False,50,5,4,6,1.5,-1.5,-3.5
1,17400,VELVETFRUIT_EXTRACT,,,5230.0,8,BUY,5228.0,5230.0,5229.0,1.0,2.0,0.0,True,False,5,8,7,9,3.0,-1.5,-0.5
1,19300,VELVETFRUIT_EXTRACT,,,5226.0,5,SELL,5226.0,5231.0,5228.5,-2.5,0.0,-5.0,True,False,0,5,4,6,2.5,2.5,8.5
1,20200,VELVETFRUIT_EXTRACT,,,5224.0,5,SELL,5224.0,5229.0,5226.5,-2.5,0.0,-5.0,True,False,0,5,4,6,3.5,3.5,7.5
1,29300,VELVETFRUIT_EXTRACT,,,5237.0,4,SELL,5237.0,5242.0,5239.5,-2.5,0.0,-5.0,False,False,50,5,4,6,4.5,-5.0,-2.5
1,31700,VELVETFRUIT_EXTRACT,,,5237.0,4,BUY,5232.0,5237.0,5234.5,2.5,5.0,0.0,False,False,0,5,4,6,-1.0,-1.5,-4.0
1,32600,VELVETFRUIT_EXTRACT,,,5240.0,5,BUY,5235.0,5240.0,5237.5,2.5,5.0,0.0,False,False,0,5,4,6,0.0,-5.0,-8.0
1,32800,VELVETFRUIT_EXTRACT,,,5238.0,7,BUY,5236.0,5238.0,5237.0,1.0,2.0,0.0,False,False,5,8,7,9,1.5,-2.5,-6.5
1,36500,VELVETFRUIT_EXTRACT,,,5232.0,7,SELL,5232.0,5235.0,5233.5,-1.5,0.0,-3.0,False,False,50,8,7,9,-1.5,-0.5,-3.5
1,38700,VELVETFRUIT_EXTRACT,,,5228.0,8,SELL,5228.0,5234.0,5231.0,-3.0,0.0,-6.0,False,False,0,8,7,9,6.5,4.0,4.5
1,39400,VELVETFRUIT_EXTRACT,,,5234.0,5,BUY,5232.0,5233.0,5232.5,1.5,2.0,1.0,False,False,50,5,4,6,0.5,-6.5,5.5
1,39400,VELVETFRUIT_EXTRACT,,,5233.0,9,BUY,5232.0,5233.0,5232.5,0.5,1.0,0.0,False,False,50,8,7,9,1.5,-5.5,6.5
1,39800,VELVETFRUIT_EXTRACT,,,5232.0,4,SELL,5232.0,5238.0,5235.0,-3.0,0.0,-6.0,False,False,20,5,4,6,1.0,-2.5,11.5
1,43600,VELVETFRUIT_EXTRACT,,,5229.0,4,SELL,5229.0,5234.0,5231.5,-2.5,0.0,-5.0,False,False,0,5,4,6,7.0,13.0,16.5
1,45400,VELVETFRUIT_EXTRACT,,,5241.0,8,BUY,5239.0,5241.0,5240.0,1.0,2.0,0.0,False,False,50,8,7,9,6.5,5.0,5.5
1,47700,VELVETFRUIT_EXTRACT,,,5243.0,4,SELL,5243.0,5245.0,5244.0,-1.0,0.0,-2.0,False,False,0,5,4,6,1.5,2.5,3.0
1,48900,VELVETFRUIT_EXTRACT,,,5241.0,6,SELL,5241.0,5246.0,5243.5,-2.5,0.0,-5.0,False,False,0,5,4,6,2.5,2.0,3.5
1,49800,VELVETFRUIT_EXTRACT,,,5244.0,3,SELL,5244.0,5249.0,5246.5,-2.5,0.0,-5.0,False,False,0,3,3,3,2.0,3.5,0.5
1,51700,VELVETFRUIT_EXTRACT,,,5243.0,4,SELL,5243.0,5248.0,5245.5,-2.5,0.0,-5.0,False,False,0,5,4,6,3.5,2.5,3.0
1,59600,VELVETFRUIT_EXTRACT,,,5244.0,4,SELL,5244.0,5249.0,5246.5,-2.5,0.0,-5.0,False,False,50,5,4,6,2.5,1.5,-1.5
1,60300,VELVETFRUIT_EXTRACT,,,5245.0,5,SELL,5245.0,5250.0,5247.5,-2.5,0.0,-5.0,False,False,50,5,4,6,1.5,-1.5,-1.5
1,62100,VELVETFRUIT_EXTRACT,,,5243.0,6,SELL,5243.0,5248.0,5245.5,-2.5,0.0,-5.0,False,False,20,5,4,6,0.5,-1.5,2.0
1,63200,VELVETFRUIT_EXTRACT,,,5240.0,8,SELL,5240.0,5245.0,5242.5,-2.5,0.0,-5.0,False,False,0,8,7,9,3.5,4.5,6.5
1,64200,VELVETFRUIT_EXTRACT,,,5245.0,6,BUY,5240.0,5245.0,5242.5,2.5,5.0,0.0,False,False,0,5,4,6,-1.5,-3.0,-0.5
1,65700,VELVETFRUIT_EXTRACT,,,5240.0,8,SELL,5240.0,5245.0,5242.5,-2.5,0.0,-5.0,False,False,0,8,7,9,2.0,8.5,2.0
1,67700,VELVETFRUIT_EXTRACT,,,5250.0,4,BUY,5247.0,5250.0,5248.5,1.5,3.0,0.0,False,False,0,5,4,6,-3.5,-5.5,-12.0
1,73400,VELVETFRUIT_EXTRACT,,,5237.0,8,BUY,5235.0,5236.0,5235.5,1.5,2.0,1.0,False,False,20,8,7,9,-1.5,2.5,0.0
1,73400,VELVETFRUIT_EXTRACT,,,5236.0,6,BUY,5235.0,5236.0,5235.5,0.5,1.0,0.0,False,False,50,5,4,6,-0.5,3.5,1.0
1,74300,VELVETFRUIT_EXTRACT,,,5238.0,6,BUY,5233.0,5238.0,5235.5,2.5,5.0,0.0,False,False,50,5,4,6,2.0,1.5,1.5
1,74400,VELVETFRUIT_EXTRACT,,,5235.0,4,SELL,5235.0,5240.0,5237.5,-2.5,0.0,-5.0,False,False,0,5,4,6,4.5,2.5,4.5
1,77300,VELVETFRUIT_EXTRACT,,,5241.0,8,BUY,5236.0,5241.0,5238.5,2.5,5.0,0.0,False,False,0,8,7,9,-4.5,-1.5,-3.5
1,78400,VELVETFRUIT_EXTRACT,,,5238.0,7,BUY,5236.0,5238.0,5237.0,1.0,2.0,0.0,False,False,0,8,7,9,-0.5,-0.5,-2.5
1,82300,VELVETFRUIT_EXTRACT,,,5235.0,3,SELL,5235.0,5240.0,5237.5,-2.5,0.0,-5.0,False,False,20,3,3,3,0.5,-2.5,4.5
1,83200,VELVETFRUIT_EXTRACT,,,5237.0,7,BUY,5231.0,5237.0,5234.0,3.0,6.0,0.0,False,False,50,8,7,9,-2.0,-2.5,2.0
1,84600,VELVETFRUIT_EXTRACT,,,5233.0,8,BUY,5231.0,5233.0,5232.0,1.0,2.0,0.0,False,False,50,8,7,9,3.5,3.5,9.5
1,87900,VELVETFRUIT_EXTRACT,,,5239.0,3,SELL,5239.0,5244.0,5241.5,-2.5,0.0,-5.0,False,False,0,3,3,3,3.5,4.0,3.5
1,88500,VELVETFRUIT_EXTRACT,,,5242.0,6,BUY,5240.0,5242.0,5241.0,1.0,2.0,0.0,False,False,50,5,4,6,1.0,2.5,1.0
1,91100,VELVETFRUIT_EXTRACT,,,5244.0,6,BUY,5239.0,5244.0,5241.5,2.5,5.0,0.0,False,False,0,5,4,6,-2.5,0.0,-2.5
1,92000,VELVETFRUIT_EXTRACT,,,5243.0,8,BUY,5238.0,5243.0,5240.5,2.5,5.0,0.0,False,False,50,8,7,9,0.5,2.5,0.5
1,93700,VELVETFRUIT_EXTRACT,,,5246.0,6,BUY,5241.0,5246.0,5243.5,2.5,5.0,0.0,False,False,0,5,4,6,-0.5,-4.5,-0.5
1,93800,VELVETFRUIT_EXTRACT,,,5246.0,7,BUY,5241.0,5246.0,5243.5,2.5,5.0,0.0,False,False,50,8,7,9,-2.5,-4.5,0.5
1,100500,VELVETFRUIT_EXTRACT,,,5248.0,4,BUY,5243.0,5248.0,5245.5,2.5,5.0,0.0,False,False,50,5,4,6,0.0,-2.5,8.5
1,104400,VELVETFRUIT_EXTRACT,,,5252.0,6,BUY,5247.0,5252.0,5249.5,2.5,5.0,0.0,False,False,50,5,4,6,-1.5,7.0,16.5
1,107900,VELVETFRUIT_EXTRACT,,,5267.0,3,BUY,5261.0,5267.0,5264.0,3.0,6.0,0.0,False,True,20,3,3,3,-3.0,3.5,-6.5
1,109000,VELVETFRUIT_EXTRACT,,,5265.0,12,BUY,5264.0,5265.0,5264.5,0.5,1.0,0.0,False,False,5,13,12,14,3.5,-0.5,-0.5
1,110100,VELVETFRUIT_EXTRACT,,,5265.0,4,SELL,5265.0,5270.0,5267.5,-2.5,0.0,-5.0,False,False,50,5,4,6,1.5,-1.5,-3.5
1,112000,VELVETFRUIT_EXTRACT,,,5260.0,3,SELL,5260.0,5265.0,5262.5,-2.5,0.0,-5.0,False,False,50,3,3,3,4.5,4.5,-5.5
1,118800,VELVETFRUIT_EXTRACT,,,5257.0,3,SELL,5257.0,5262.0,5259.5,-2.5,0.0,-5.0,False,False,0,3,3,3,1.0,3.5,7.5
1,123300,VELVETFRUIT_EXTRACT,,,5262.0,7,SELL,5262.0,5267.0,5264.5,-2.5,0.0,-5.0,False,False,0,8,7,9,2.5,1.5,2.5
1,125600,VELVETFRUIT_EXTRACT,,,5265.0,3,BUY,5260.0,5265.0,5262.5,2.5,5.0,0.0,False,False,20,3,3,3,-1.5,1.5,-3.0
1,131300,VELVETFRUIT_EXTRACT,,,5265.0,5,SELL,5265.0,5268.0,5266.5,-1.5,0.0,-3.0,False,False,50,5,4,6,-1.0,-1.0,-1.5
1,131800,VELVETFRUIT_EXTRACT,,,5261.0,5,SELL,5261.0,5267.0,5264.0,-3.0,0.0,-6.0,False,False,0,5,4,6,3.0,6.5,2.5
1,132600,VELVETFRUIT_EXTRACT,,,5263.0,10,BUY,5261.0,5263.0,5262.0,1.0,2.0,0.0,False,False,5,10,10,11,0.5,-1.5,-4.0
1,134000,VELVETFRUIT_EXTRACT,,,5264.0,8,SELL,5264.0,5269.0,5266.5,-2.5,0.0,-5.0,False,False,50,8,7,9,-2.5,-1.5,-5.5
1,135200,VELVETFRUIT_EXTRACT,,,5264.0,8,BUY,5258.0,5264.0,5261.0,3.0,6.0,0.0,False,False,0,8,7,9,-3.0,-4.0,-6.5
1,135500,VELVETFRUIT_EXTRACT,,,5257.0,7,SELL,5257.0,5262.0,5259.5,-2.5,0.0,-5.0,False,False,50,8,7,9,5.5,2.5,-1.5
1,138000,VELVETFRUIT_EXTRACT,,,5254.0,7,SELL,5254.0,5259.0,5256.5,-2.5,0.0,-5.0,False,False,0,8,7,9,3.5,4.5,10.5
1,139700,VELVETFRUIT_EXTRACT,,,5257.0,8,BUY,5255.0,5257.0,5256.0,1.0,2.0,0.0,False,False,50,8,7,9,0.5,2.5,4.5
1,140000,VELVETFRUIT_EXTRACT,,,5261.0,5,BUY,5256.0,5261.0,5258.5,2.5,5.0,0.0,False,False,0,5,4,6,-5.5,-1.5,0.0
1,140100,VELVETFRUIT_EXTRACT,,,5260.0,4,BUY,5255.0,5260.0,5257.5,2.5,5.0,0.0,False,False,50,5,4,6,-4.5,-0.5,2.5
1,141000,VELVETFRUIT_EXTRACT,,,5260.0,4,BUY,5255.0,5260.0,5257.5,2.5,5.0,0.0,False,False,50,5,4,6,-1.5,4.5,4.0
1,142000,VELVETFRUIT_EXTRACT,,,5262.0,6,BUY,5257.0,5262.0,5259.5,2.5,5.0,0.0,False,False,50,5,4,6,0.5,0.0,3.0
1,144500,VELVETFRUIT_EXTRACT,,,5258.0,5,SELL,5258.0,5263.0,5260.5,-2.5,0.0,-5.0,False,False,0,5,4,6,3.0,5.5,7.5
1,146700,VELVETFRUIT_EXTRACT,,,5260.0,7,SELL,5260.0,5265.0,5262.5,-2.5,0.0,-5.0,False,False,0,8,7,9,5.5,4.5,0.5
1,148300,VELVETFRUIT_EXTRACT,,,5265.0,4,SELL,5265.0,5268.0,5266.5,-1.5,0.0,-3.0,False,False,50,5,4,6,-2.5,1.5,-9.5
1,150700,VELVETFRUIT_EXTRACT,,,5268.0,7,BUY,5263.0,5268.0,5265.5,2.5,5.0,0.0,False,True,0,8,7,9,-1.5,-11.0,-19.5
1,151400,VELVETFRUIT_EXTRACT,,,5261.0,7,SELL,5261.0,5266.0,5263.5,-2.5,0.0,-5.0,False,False,50,8,7,9,-1.0,-4.5,-14.5
1,163300,VELVETFRUIT_EXTRACT,,,5254.0,10,BUY,5252.0,5254.0,5253.0,1.0,2.0,0.0,False,False,5,10,10,11,1.0,-2.5,-2.0
1,164000,VELVETFRUIT_EXTRACT,,,5251.0,5,SELL,5251.0,5256.0,5253.5,-2.5,0.0,-5.0,False,False,20,5,4,6,1.5,-0.5,1.0
1,165500,VELVETFRUIT_EXTRACT,,,5250.0,4,SELL,5250.0,5252.0,5251.0,-1.0,0.0,-2.0,False,False,50,5,4,6,0.5,2.5,-1.5
1,167600,VELVETFRUIT_EXTRACT,,,5249.0,6,SELL,5249.0,5255.0,5252.0,-3.0,0.0,-6.0,False,False,50,5,4,6,4.5,5.5,-0.5
1,168400,VELVETFRUIT_EXTRACT,,,5248.0,3,SELL,5248.0,5253.0,5250.5,-2.5,0.0,-5.0,False,False,50,3,3,3,1.5,1.5,-0.5
1,171700,VELVETFRUIT_EXTRACT,,,5248.0,7,SELL,5248.0,5253.0,5250.5,-2.5,0.0,-5.0,False,False,50,8,7,9,2.5,0.5,-1.5
1,179200,VELVETFRUIT_EXTRACT,,,5243.0,4,SELL,5243.0,5248.0,5245.5,-2.5,0.0,-5.0,False,False,50,5,4,6,4.5,3.5,-2.5
1,180100,VELVETFRUIT_EXTRACT,,,5248.0,3,BUY,5243.0,5248.0,5245.5,2.5,5.0,0.0,False,False,5,3,3,3,0.5,-4.5,-8.5
1,187400,VELVETFRUIT_EXTRACT,,,5235.0,8,BUY,5229.0,5235.0,5232.0,3.0,6.0,0.0,False,False,20,8,7,9,-3.5,3.5,-0.5
1,187600,VELVETFRUIT_EXTRACT,,,5235.0,5,BUY,5229.0,5235.0,5232.0,3.0,6.0,0.0,False,False,20,5,4,6,-5.0,5.5,-1.5
1,188800,VELVETFRUIT_EXTRACT,,,5232.0,6,SELL,5232.0,5235.0,5233.5,-1.5,0.0,-3.0,False,False,0,5,4,6,5.5,5.5,5.0
1,190600,VELVETFRUIT_EXTRACT,,,5234.0,6,SELL,5234.0,5239.0,5236.5,-2.5,0.0,-5.0,False,False,20,5,4,6,5.5,-0.5,1.5
1,190700,VELVETFRUIT_EXTRACT,,,5239.0,3,BUY,5234.0,5239.0,5236.5,2.5,5.0,0.0,False,False,5,3,3,3,0.5,-5.5,-4.5
1,191100,VELVETFRUIT_EXTRACT,,,5237.0,8,SELL,5237.0,5242.0,5239.5,-2.5,0.0,-5.0,False,False,50,8,7,9,0.5,-1.5,-3.5
1,192600,VELVETFRUIT_EXTRACT,,,5231.0,3,SELL,5231.0,5236.0,5233.5,-2.5,0.0,-5.0,False,False,0,3,3,3,4.5,4.5,5.5
1,194400,VELVETFRUIT_EXTRACT,,,5234.0,5,SELL,5234.0,5239.0,5236.5,-2.5,0.0,-5.0,False,False,5,5,4,6,-0.5,0.5,6.5
1,195200,VELVETFRUIT_EXTRACT,,,5236.0,3,BUY,5231.0,5236.0,5233.5,2.5,5.0,0.0,False,False,50,3,3,3,-1.5,0.0,3.0
1,196100,VELVETFRUIT_EXTRACT,,,5236.0,5,BUY,5231.0,5236.0,5233.5,2.5,5.0,0.0,False,False,50,5,4,6,-2.5,2.5,4.5
1,197600,VELVETFRUIT_EXTRACT,,,5237.0,9,BUY,5236.0,5237.0,5236.5,0.5,1.0,0.0,False,False,50,8,7,9,1.5,0.0,6.5
1,198900,VELVETFRUIT_EXTRACT,,,5243.0,5,BUY,5238.0,5243.0,5240.5,2.5,5.0,0.0,False,False,0,5,4,6,-2.5,-1.5,-2.5
1,199200,VELVETFRUIT_EXTRACT,,,5243.0,5,BUY,5238.0,5243.0,5240.5,2.5,5.0,0.0,False,False,0,5,4,6,-3.5,-1.5,-0.5
1,203700,VELVETFRUIT_EXTRACT,,,5241.0,3,BUY,5236.0,5241.0,5238.5,2.5,5.0,0.0,False,False,50,3,3,3,1.5,4.5,4.0
1,206800,VELVETFRUIT_EXTRACT,,,5241.0,6,SELL,5241.0,5246.0,5243.5,-2.5,0.0,-5.0,False,False,0,5,4,6,4.5,5.5,13.5
1,207600,VELVETFRUIT_EXTRACT,,,5251.0,4,BUY,5245.0,5251.0,5248.0,3.0,6.0,0.0,False,False,50,5,4,6,-3.5,-2.5,6.0
1,210300,VELVETFRUIT_EXTRACT,,,5250.0,5,SELL,5250.0,5255.0,5252.5,-2.5,0.0,-5.0,False,False,0,5,4,6,1.5,5.5,3.5
1,213700,VELVETFRUIT_EXTRACT,,,5259.0,5,BUY,5254.0,5259.0,5256.5,2.5,5.0,0.0,False,False,0,5,4,6,-5.5,-6.5,-5.5
1,214400,VELVETFRUIT_EXTRACT,,,5250.0,3,SELL,5250.0,5256.0,5253.0,-3.0,0.0,-6.0,False,False,20,3,3,3,1.0,-0.5,1.5
1,215000,VELVETFRUIT_EXTRACT,,,5249.0,4,SELL,5249.0,5254.0,5251.5,-2.5,0.0,-5.0,False,False,50,5,4,6,4.5,4.0,-0.5
1,217100,VELVETFRUIT_EXTRACT,,,5257.0,4,BUY,5252.0,5257.0,5254.5,2.5,5.0,0.0,False,False,0,5,4,6,-6.0,-5.5,-13.0
1,218900,VELVETFRUIT_EXTRACT,,,5249.0,8,SELL,5249.0,5254.0,5251.5,-2.5,0.0,-5.0,False,False,50,8,7,9,2.5,-4.5,-0.5
1,221800,VELVETFRUIT_EXTRACT,,,5241.0,7,SELL,5241.0,5246.0,5243.5,-2.5,0.0,-5.0,False,False,0,8,7,9,5.5,7.0,11.5
1,225100,VELVETFRUIT_EXTRACT,,,5254.0,5,BUY,5249.0,5254.0,5251.5,2.5,5.0,0.0,False,False,0,5,4,6,-3.5,0.0,-8.5
1,237900,VELVETFRUIT_EXTRACT,,,5254.0,6,BUY,5248.0,5254.0,5251.0,3.0,6.0,0.0,False,False,20,5,4,6,-5.5,1.5,-1.0
1,239400,VELVETFRUIT_EXTRACT,,,5251.0,6,SELL,5251.0,5256.0,5253.5,-2.5,0.0,-5.0,False,False,0,5,4,6,4.5,7.5,3.0
1,239600,VELVETFRUIT_EXTRACT,,,5255.0,5,BUY,5252.0,5255.0,5253.5,1.5,3.0,0.0,False,False,50,5,4,6,0.0,4.5,1.5
1,240200,VELVETFRUIT_EXTRACT,,,5258.0,3,BUY,5253.0,5258.0,5255.5,2.5,5.0,0.0,False,False,20,3,3,3,-0.5,3.5,-4.5
1,242900,VELVETFRUIT_EXTRACT,,,5254.0,5,BUY,5252.0,5254.0,5253.0,1.0,2.0,0.0,False,False,50,5,4,6,0.5,2.5,3.0
1,245600,VELVETFRUIT_EXTRACT,,,5256.0,6,BUY,5251.0,5256.0,5253.5,2.5,5.0,0.0,False,False,50,5,4,6,0.0,0.5,6.5
1,248300,VELVETFRUIT_EXTRACT,,,5257.0,5,SELL,5257.0,5262.0,5259.5,-2.5,0.0,-5.0,False,False,0,5,4,6,6.5,7.5,6.5
1,250500,VELVETFRUIT_EXTRACT,,,5260.0,4,SELL,5260.0,5265.0,5262.5,-2.5,0.0,-5.0,False,False,0,5,4,6,3.5,4.5,2.5
1,251200,VELVETFRUIT_EXTRACT,,,5262.0,8,SELL,5262.0,5267.0,5264.5,-2.5,0.0,-5.0,False,False,0,8,7,9,3.0,0.5,3.0
1,251900,VELVETFRUIT_EXTRACT,,,5263.0,14,BUY,5261.0,5263.0,5262.0,1.0,2.0,0.0,False,False,50,13,12,14,1.5,0.5,2.5
1,252400,VELVETFRUIT_EXTRACT,,,5267.0,6,BUY,5262.0,5267.0,5264.5,2.5,5.0,0.0,False,False,0,5,4,6,-1.5,-2.0,-2.5
1,253900,VELVETFRUIT_EXTRACT,,,5266.0,3,BUY,5261.0,5266.0,5263.5,2.5,5.0,0.0,False,False,0,3,3,3,-1.0,-1.5,-8.0
1,258400,VELVETFRUIT_EXTRACT,,,5257.0,8,BUY,5255.0,5257.0,5256.0,1.0,2.0,0.0,False,False,5,8,7,9,1.0,-3.5,-1.5
1,262200,VELVETFRUIT_EXTRACT,,,5250.0,4,SELL,5250.0,5255.0,5252.5,-2.5,0.0,-5.0,False,False,0,5,4,6,7.5,2.5,1.5
1,263900,VELVETFRUIT_EXTRACT,,,5257.0,7,BUY,5252.0,5257.0,5254.5,2.5,5.0,0.0,False,False,0,8,7,9,-4.5,-6.5,-9.5
1,265400,VELVETFRUIT_EXTRACT,,,5250.0,9,BUY,5248.0,5250.0,5249.0,1.0,2.0,0.0,False,False,50,8,7,9,0.5,0.5,5.5
1,265600,VELVETFRUIT_EXTRACT,,,5248.0,5,SELL,5248.0,5253.0,5250.5,-2.5,0.0,-5.0,False,False,0,5,4,6,3.0,1.0,10.5
1,265800,VELVETFRUIT_EXTRACT,,,5252.0,7,BUY,5247.0,5252.0,5249.5,2.5,5.0,0.0,False,False,50,8,7,9,0.5,-4.5,5.5
1,266500,VELVETFRUIT_EXTRACT,,,5253.0,5,BUY,5247.0,5253.0,5250.0,3.0,6.0,0.0,False,False,50,5,4,6,-2.5,-6.5,5.0
1,267400,VELVETFRUIT_EXTRACT,,,5253.0,3,BUY,5248.0,5253.0,5250.5,2.5,5.0,0.0,False,False,50,3,3,3,-5.5,-2.5,6.5
1,268700,VELVETFRUIT_EXTRACT,,,5251.0,5,BUY,5246.0,5251.0,5248.5,2.5,5.0,0.0,False,False,50,5,4,6,-1.0,8.0,9.5
1,269300,VELVETFRUIT_EXTRACT,,,5247.0,5,SELL,5247.0,5252.0,5249.5,-2.5,0.0,-5.0,False,False,0,5,4,6,4.0,10.5,12.5
1,272600,VELVETFRUIT_EXTRACT,,,5261.0,7,BUY,5259.0,5261.0,5260.0,1.0,2.0,0.0,False,False,0,8,7,9,-0.5,-2.5,-9.5
1,275300,VELVETFRUIT_EXTRACT,,,5259.0,8,BUY,5256.0,5259.0,5257.5,1.5,3.0,0.0,False,False,0,8,7,9,-0.5,-7.5,-0.5
1,276500,VELVETFRUIT_EXTRACT,,,5255.0,7,BUY,5253.0,5255.0,5254.0,1.0,2.0,0.0,False,False,50,8,7,9,-3.5,0.5,1.5
1,277400,VELVETFRUIT_EXTRACT,,,5254.0,4,BUY,5249.0,5254.0,5251.5,2.5,5.0,0.0,False,False,50,5,4,6,-1.0,4.5,6.5
1,278300,VELVETFRUIT_EXTRACT,,,5258.0,5,BUY,5253.0,5258.0,5255.5,2.5,5.0,0.0,False,False,20,5,4,6,-1.5,0.5,-0.5
1,279600,VELVETFRUIT_EXTRACT,,,5260.0,4,BUY,5254.0,5260.0,5257.0,3.0,6.0,0.0,False,False,50,5,4,6,1.0,-2.5,1.5
1,281400,VELVETFRUIT_EXTRACT,,,5253.0,15,BUY,5252.0,5253.0,5252.5,0.5,1.0,0.0,False,False,50,15,15,15,3.5,3.5,10.5
1,282200,VELVETFRUIT_EXTRACT,,,5260.0,7,SELL,5260.0,5265.0,5262.5,-2.5,0.0,-5.0,False,False,0,8,7,9,0.0,1.5,7.5
1,283400,VELVETFRUIT_EXTRACT,,,5259.0,7,BUY,5254.0,5259.0,5256.5,2.5,5.0,0.0,False,False,50,8,7,9,1.5,5.5,7.5
1,286300,VELVETFRUIT_EXTRACT,,,5266.0,6,BUY,5260.0,5266.0,5263.0,3.0,6.0,0.0,False,False,50,5,4,6,-0.5,-0.5,8.5
1,289100,VELVETFRUIT_EXTRACT,,,5271.0,5,BUY,5266.0,5271.0,5268.5,2.5,5.0,0.0,False,True,50,5,4,6,-3.0,2.5,2.5
1,289200,VELVETFRUIT_EXTRACT,,,5266.0,11,BUY,5265.0,5266.0,5265.5,0.5,1.0,0.0,False,False,50,10,10,11,3.5,7.5,6.0
1,291400,VELVETFRUIT_EXTRACT,,,5274.0,5,BUY,5272.0,5274.0,5273.0,1.0,2.0,0.0,False,True,50,5,4,6,-2.5,-3.0,1.5
1,291800,VELVETFRUIT_EXTRACT,,,5270.0,5,BUY,5268.0,5270.0,5269.0,1.0,2.0,0.0,False,False,50,5,4,6,2.5,0.5,3.5
1,292400,VELVETFRUIT_EXTRACT,,,5275.0,8,BUY,5269.0,5275.0,5272.0,3.0,6.0,0.0,False,True,0,8,7,9,-2.5,0.0,-2.5
1,296900,VELVETFRUIT_EXTRACT,,,5270.0,5,SELL,5270.0,5276.0,5273.0,-3.0,0.0,-6.0,False,False,50,5,4,6,2.5,-1.5,-1.0
1,297400,VELVETFRUIT_EXTRACT,,,5275.0,4,BUY,5270.0,5275.0,5272.5,2.5,5.0,0.0,False,False,0,5,4,6,-4.0,-3.0,-5.5
1,307500,VELVETFRUIT_EXTRACT,,,5275.0,8,BUY,5270.0,5275.0,5272.5,2.5,5.0,0.0,False,False,0,8,7,9,-4.0,-9.5,-10.5
1,308100,VELVETFRUIT_EXTRACT,,,5271.0,6,BUY,5269.0,5271.0,5270.0,1.0,2.0,0.0,False,False,0,5,4,6,-1.5,-2.5,-8.5
1,309500,VELVETFRUIT_EXTRACT,,,5268.0,4,BUY,5263.0,5268.0,5265.5,2.5,5.0,0.0,False,False,0,5,4,6,-0.5,-3.5,-14.5
1,310500,VELVETFRUIT_EXTRACT,,,5266.0,11,BUY,5265.0,5266.0,5265.5,0.5,1.0,0.0,False,False,0,10,10,11,-1.5,-1.5,-14.5
1,310600,VELVETFRUIT_EXTRACT,,,5264.0,3,SELL,5264.0,5269.0,5266.5,-2.5,0.0,-5.0,False,False,50,3,3,3,0.5,0.0,-14.0
1,313000,VELVETFRUIT_EXTRACT,,,5267.0,5,BUY,5262.0,5267.0,5264.5,2.5,5.0,0.0,False,False,0,5,4,6,-5.5,-16.5,-20.5
1,314500,VELVETFRUIT_EXTRACT,,,5251.0,4,SELL,5251.0,5256.0,5253.5,-2.5,0.0,-5.0,False,False,50,5,4,6,-0.5,-3.5,-4.0
1,318900,VELVETFRUIT_EXTRACT,,,5250.0,4,BUY,5245.0,5250.0,5247.5,2.5,5.0,0.0,False,False,50,5,4,6,-1.5,-1.5,1.5
1,321900,VELVETFRUIT_EXTRACT,,,5253.0,7,BUY,5248.0,5253.0,5250.5,2.5,5.0,0.0,False,False,50,8,7,9,0.5,-1.5,0.5
1,324100,VELVETFRUIT_EXTRACT,,,5254.0,7,BUY,5249.0,5254.0,5251.5,2.5,5.0,0.0,False,False,0,8,7,9,-4.5,-2.5,-5.5
1,328500,VELVETFRUIT_EXTRACT,,,5249.0,4,SELL,5249.0,5254.0,5251.5,-2.5,0.0,-5.0,False,False,50,5,4,6,0.5,-3.5,-4.5
1,333100,VELVETFRUIT_EXTRACT,,,5236.0,4,SELL,5236.0,5241.0,5238.5,-2.5,0.0,-5.0,False,False,0,5,4,6,8.5,13.5,15.5
1,335300,VELVETFRUIT_EXTRACT,,,5245.0,3,SELL,5245.0,5250.0,5247.5,-2.5,0.0,-5.0,False,False,0,3,3,3,3.5,6.5,6.5
1,340500,VELVETFRUIT_EXTRACT,,,5249.0,9,BUY,5248.0,5249.0,5248.5,0.5,1.0,0.0,False,False,20,8,7,9,1.5,0.5,-2.5
1,342000,VELVETFRUIT_EXTRACT,,,5249.0,6,SELL,5249.0,5254.0,5251.5,-2.5,0.0,-5.0,False,False,50,5,4,6,0.5,1.0,-2.5
1,343400,VELVETFRUIT_EXTRACT,,,5251.0,13,BUY,5250.0,5251.0,5250.5,0.5,1.0,0.0,False,False,5,13,12,14,0.5,-5.5,-1.0
1,344200,VELVETFRUIT_EXTRACT,,,5253.0,4,BUY,5248.0,5253.0,5250.5,2.5,5.0,0.0,False,False,0,5,4,6,-5.5,-6.5,-7.5
1,345700,VELVETFRUIT_EXTRACT,,,5245.0,7,SELL,5245.0,5250.0,5247.5,-2.5,0.0,-5.0,False,False,0,8,7,9,1.5,2.5,2.5
1,358100,VELVETFRUIT_EXTRACT,,,5245.0,6,SELL,5245.0,5250.0,5247.5,-2.5,0.0,-5.0,False,False,0,5,4,6,2.5,3.5,7.5
1,364900,VELVETFRUIT_EXTRACT,,,5251.0,7,SELL,5251.0,5256.0,5253.5,-2.5,0.0,-5.0,False,False,0,8,7,9,2.5,0.5,0.5
1,365600,VELVETFRUIT_EXTRACT,,,5250.0,8,SELL,5250.0,5255.0,5252.5,-2.5,0.0,-5.0,False,False,5,8,7,9,-1.0,0.0,0.5
1,367900,VELVETFRUIT_EXTRACT,,,5248.0,5,BUY,5246.0,5248.0,5247.0,1.0,2.0,0.0,False,False,50,5,4,6,4.0,3.5,5.5
1,374100,VELVETFRUIT_EXTRACT,,,5253.0,6,SELL,5253.0,5258.0,5255.5,-2.5,0.0,-5.0,False,False,50,5,4,6,1.0,-5.5,-5.5
1,374400,VELVETFRUIT_EXTRACT,,,5253.0,4,SELL,5253.0,5258.0,5255.5,-2.5,0.0,-5.0,False,False,50,5,4,6,-1.5,-5.5,-1.0
1,380900,VELVETFRUIT_EXTRACT,,,5250.0,8,SELL,5250.0,5256.0,5253.0,-3.0,0.0,-6.0,False,False,50,8,7,9,4.5,0.5,-2.5
1,381700,VELVETFRUIT_EXTRACT,,,5255.0,8,BUY,5250.0,5255.0,5252.5,2.5,5.0,0.0,False,False,0,8,7,9,-2.5,-6.5,-9.5
1,383700,VELVETFRUIT_EXTRACT,,,5246.0,7,SELL,5246.0,5251.0,5248.5,-2.5,0.0,-5.0,False,False,50,8,7,9,3.5,3.5,-0.5
1,385900,VELVETFRUIT_EXTRACT,,,5245.0,3,SELL,5245.0,5250.0,5247.5,-2.5,0.0,-5.0,False,False,0,3,3,3,0.0,1.5,0.5
1,386000,VELVETFRUIT_EXTRACT,,,5244.0,8,SELL,5244.0,5249.0,5246.5,-2.5,0.0,-5.0,False,False,0,8,7,9,1.5,2.5,0.5
1,390100,VELVETFRUIT_EXTRACT,,,5244.0,10,BUY,5242.0,5244.0,5243.0,1.0,2.0,0.0,False,False,20,10,10,11,0.5,0.5,-5.0
1,392300,VELVETFRUIT_EXTRACT,,,5242.0,5,SELL,5242.0,5247.0,5244.5,-2.5,0.0,-5.0,False,False,50,5,4,6,1.5,-2.5,-1.5
1,393000,VELVETFRUIT_EXTRACT,,,5242.0,4,SELL,5242.0,5247.0,5244.5,-2.5,0.0,-5.0,False,False,50,5,4,6,2.0,-1.0,-1.5
1,393900,VELVETFRUIT_EXTRACT,,,5241.0,6,SELL,5241.0,5243.0,5242.0,-1.0,0.0,-2.0,False,False,50,5,4,6,-2.0,2.5,-2.5
1,394700,VELVETFRUIT_EXTRACT,,,5237.0,8,SELL,5237.0,5242.0,5239.5,-2.5,0.0,-5.0,False,False,0,8,7,9,2.5,5.5,3.5
1,396000,VELVETFRUIT_EXTRACT,,,5246.0,8,BUY,5241.0,5246.0,5243.5,2.5,5.0,0.0,False,False,0,8,7,9,-4.5,-5.5,-2.5
1,396200,VELVETFRUIT_EXTRACT,,,5240.0,7,SELL,5240.0,5245.0,5242.5,-2.5,0.0,-5.0,False,False,20,8,7,9,2.5,-1.5,3.0
1,398400,VELVETFRUIT_EXTRACT,,,5235.0,6,SELL,5235.0,5240.0,5237.5,-2.5,0.0,-5.0,False,False,0,5,4,6,3.5,8.5,6.5
1,400100,VELVETFRUIT_EXTRACT,,,5240.0,8,SELL,5240.0,5245.0,5242.5,-2.5,0.0,-5.0,False,False,0,8,7,9,3.5,3.5,5.5
1,401900,VELVETFRUIT_EXTRACT,,,5242.0,8,SELL,5242.0,5247.0,5244.5,-2.5,0.0,-5.0,False,False,0,8,7,9,0.5,1.5,1.0
1,402400,VELVETFRUIT_EXTRACT,,,5240.0,6,SELL,5240.0,5245.0,5242.5,-2.5,0.0,-5.0,False,False,0,5,4,6,4.0,4.0,2.0
1,403500,VELVETFRUIT_EXTRACT,,,5239.0,8,SELL,5239.0,5244.0,5241.5,-2.5,0.0,-5.0,False,False,50,8,7,9,4.0,4.0,-1.5
1,404200,VELVETFRUIT_EXTRACT,,,5247.0,4,BUY,5242.0,5247.0,5244.5,2.5,5.0,0.0,False,False,0,5,4,6,-3.5,-4.5,-10.5
1,406400,VELVETFRUIT_EXTRACT,,,5246.0,5,BUY,5241.0,5246.0,5243.5,2.5,5.0,0.0,False,False,0,5,4,6,-3.0,-7.5,-13.5
1,410600,VELVETFRUIT_EXTRACT,,,5239.0,6,BUY,5234.0,5239.0,5236.5,2.5,5.0,0.0,False,False,0,5,4,6,-4.0,-3.5,-5.5
1,411200,VELVETFRUIT_EXTRACT,,,5236.0,7,BUY,5231.0,5236.0,5233.5,2.5,5.0,0.0,False,False,0,8,7,9,-2.5,-2.0,-2.5
1,411300,VELVETFRUIT_EXTRACT,,,5236.0,7,BUY,5231.0,5236.0,5233.5,2.5,5.0,0.0,False,False,0,8,7,9,-3.5,-2.5,-2.5
1,415700,VELVETFRUIT_EXTRACT,,,5234.0,3,BUY,5229.0,5234.0,5231.5,2.5,5.0,0.0,False,False,0,3,3,3,-0.5,-2.5,-8.5
1,419900,VELVETFRUIT_EXTRACT,,,5231.0,6,BUY,5226.0,5231.0,5228.5,2.5,5.0,0.0,False,False,50,5,4,6,-4.0,-2.0,1.5
1,424500,VELVETFRUIT_EXTRACT,,,5235.0,7,BUY,5230.0,5235.0,5232.5,2.5,5.0,0.0,False,False,0,8,7,9,-0.5,-0.5,-6.5
1,426800,VELVETFRUIT_EXTRACT,,,5232.0,8,SELL,5232.0,5237.0,5234.5,-2.5,0.0,-5.0,False,False,50,8,7,9,2.5,-1.0,-1.5
1,427600,VELVETFRUIT_EXTRACT,,,5237.0,8,BUY,5232.0,5237.0,5234.5,2.5,5.0,0.0,False,False,0,8,7,9,-5.5,-6.5,-8.0
1,430200,VELVETFRUIT_EXTRACT,,,5230.0,3,BUY,5225.0,5230.0,5227.5,2.5,5.0,0.0,False,False,0,3,3,3,-2.5,-0.5,-2.5
1,431000,VELVETFRUIT_EXTRACT,,,5233.0,5,BUY,5228.0,5233.0,5230.5,2.5,5.0,0.0,False,False,0,5,4,6,-4.0,-1.5,-2.5
1,431700,VELVETFRUIT_EXTRACT,,,5233.0,4,BUY,5228.0,5233.0,5230.5,2.5,5.0,0.0,False,False,50,5,4,6,-3.5,-1.5,3.0
1,432100,VELVETFRUIT_EXTRACT,,,5234.0,3,BUY,5229.0,5234.0,5231.5,2.5,5.0,0.0,False,False,0,3,3,3,-5.0,-4.0,-0.5
1,435300,VELVETFRUIT_EXTRACT,,,5225.0,8,SELL,5225.0,5230.0,5227.5,-2.5,0.0,-5.0,False,False,0,8,7,9,6.5,8.0,9.5
1,438000,VELVETFRUIT_EXTRACT,,,5230.0,7,SELL,5230.0,5236.0,5233.0,-3.0,0.0,-6.0,False,False,0,8,7,9,6.5,5.5,6.5
1,444300,VELVETFRUIT_EXTRACT,,,5238.0,7,SELL,5238.0,5243.0,5240.5,-2.5,0.0,-5.0,False,False,0,8,7,9,3.5,10.5,6.5
1,445900,VELVETFRUIT_EXTRACT,,,5249.0,4,BUY,5244.0,5249.0,5246.5,2.5,5.0,0.0,False,False,20,5,4,6,-0.5,4.5,-4.0
1,448100,VELVETFRUIT_EXTRACT,,,5254.0,3,BUY,5249.0,5254.0,5251.5,2.5,5.0,0.0,False,False,0,3,3,3,-4.0,-7.5,-6.0
1,453500,VELVETFRUIT_EXTRACT,,,5245.0,8,SELL,5245.0,5251.0,5248.0,-3.0,0.0,-6.0,False,False,50,8,7,9,6.5,1.0,-0.5
1,453600,VELVETFRUIT_EXTRACT,,,5252.0,4,BUY,5247.0,5252.0,5249.5,2.5,5.0,0.0,False,False,0,5,4,6,-2.5,-5.0,-7.5
1,454800,VELVETFRUIT_EXTRACT,,,5245.0,3,SELL,5245.0,5251.0,5248.0,-3.0,0.0,-6.0,False,False,20,3,3,3,1.5,-2.5,4.5
1,455200,VELVETFRUIT_EXTRACT,,,5244.0,6,SELL,5244.0,5250.0,5247.0,-3.0,0.0,-6.0,False,False,20,5,4,6,3.5,-1.5,6.5
1,458400,VELVETFRUIT_EXTRACT,,,5248.0,3,BUY,5243.0,5248.0,5245.5,2.5,5.0,0.0,False,False,50,3,3,3,-2.0,2.5,2.5
1,459900,VELVETFRUIT_EXTRACT,,,5252.0,8,BUY,5247.0,5252.0,5249.5,2.5,5.0,0.0,False,False,20,8,7,9,-1.5,3.5,-2.0
1,460700,VELVETFRUIT_EXTRACT,,,5254.0,6,BUY,5249.0,5254.0,5251.5,2.5,5.0,0.0,False,False,50,5,4,6,-2.0,1.5,0.5
1,462300,VELVETFRUIT_EXTRACT,,,5259.0,8,BUY,5253.0,5259.0,5256.0,3.0,6.0,0.0,False,False,0,8,7,9,-2.5,-6.0,-8.5
1,465300,VELVETFRUIT_EXTRACT,,,5255.0,8,BUY,5250.0,5255.0,5252.5,2.5,5.0,0.0,False,False,0,8,7,9,-0.5,-4.5,-1.0
1,468000,VELVETFRUIT_EXTRACT,,,5247.0,3,SELL,5247.0,5252.0,5249.5,-2.5,0.0,-5.0,False,False,0,3,3,3,3.5,7.0,4.5
1,469300,VELVETFRUIT_EXTRACT,,,5252.0,6,SELL,5252.0,5257.0,5254.5,-2.5,0.0,-5.0,False,False,20,5,4,6,0.5,-4.5,2.5
1,469600,VELVETFRUIT_EXTRACT,,,5252.0,7,SELL,5252.0,5257.0,5254.5,-2.5,0.0,-5.0,False,False,20,8,7,9,2.5,-1.5,1.5
1,470400,VELVETFRUIT_EXTRACT,,,5257.0,4,BUY,5252.0,5257.0,5254.5,2.5,5.0,0.0,False,False,0,5,4,6,-6.5,-4.5,-4.0
1,472600,VELVETFRUIT_EXTRACT,,,5249.0,3,SELL,5249.0,5254.0,5251.5,-2.5,0.0,-5.0,False,False,0,3,3,3,2.5,4.5,9.5
1,475400,VELVETFRUIT_EXTRACT,,,5254.0,7,BUY,5252.0,5254.0,5253.0,1.0,2.0,0.0,False,False,20,8,7,9,2.5,4.5,-4.5
1,477900,VELVETFRUIT_EXTRACT,,,5258.0,5,BUY,5252.0,5258.0,5255.0,3.0,6.0,0.0,False,False,0,5,4,6,-5.5,-7.5,-15.5
1,478900,VELVETFRUIT_EXTRACT,,,5250.0,4,SELL,5250.0,5255.0,5252.5,-2.5,0.0,-5.0,False,False,50,5,4,6,-0.5,-0.5,-7.5
1,480100,VELVETFRUIT_EXTRACT,,,5250.0,10,BUY,5248.0,5250.0,5249.0,1.0,2.0,0.0,False,False,0,10,10,11,-1.5,-6.5,-8.0
1,483100,VELVETFRUIT_EXTRACT,,,5245.0,8,BUY,5240.0,5245.0,5242.5,2.5,5.0,0.0,False,False,0,8,7,9,-6.5,-3.0,-5.0
1,483800,VELVETFRUIT_EXTRACT,,,5238.0,7,SELL,5238.0,5244.0,5241.0,-3.0,0.0,-6.0,False,False,0,8,7,9,5.5,3.0,2.5
1,486400,VELVETFRUIT_EXTRACT,,,5239.0,7,SELL,5239.0,5245.0,5242.0,-3.0,0.0,-6.0,False,False,0,8,7,9,0.0,1.5,5.5
1,489700,VELVETFRUIT_EXTRACT,,,5237.0,6,SELL,5237.0,5242.0,5239.5,-2.5,0.0,-5.0,False,False,0,5,4,6,4.0,7.5,1.5
1,490900,VELVETFRUIT_EXTRACT,,,5246.0,5,BUY,5241.0,5246.0,5243.5,2.5,5.0,0.0,False,False,0,5,4,6,-1.5,-2.5,-6.5
1,492100,VELVETFRUIT_EXTRACT,,,5241.0,5,SELL,5241.0,5246.0,5243.5,-2.5,0.0,-5.0,False,False,20,5,4,6,3.0,-0.5,0.5
1,493900,VELVETFRUIT_EXTRACT,,,5237.0,3,SELL,5237.0,5242.0,5239.5,-2.5,0.0,-5.0,False,False,0,3,3,3,2.5,2.5,5.5
1,496200,VELVETFRUIT_EXTRACT,,,5239.0,5,SELL,5239.0,5244.0,5241.5,-2.5,0.0,-5.0,False,False,0,5,4,6,1.0,0.5,6.5
1,498200,VELVETFRUIT_EXTRACT,,,5241.0,5,BUY,5239.0,5240.0,5239.5,1.5,2.0,1.0,False,False,50,5,4,6,1.5,1.5,11.5
1,498400,VELVETFRUIT_EXTRACT,,,5238.0,7,SELL,5238.0,5243.0,5240.5,-2.5,0.0,-5.0,False,False,0,8,7,9,4.5,5.5,12.5
1,505300,VELVETFRUIT_EXTRACT,,,5256.0,3,BUY,5253.0,5256.0,5254.5,1.5,3.0,0.0,False,False,50,3,3,3,1.5,4.5,7.5
1,506200,VELVETFRUIT_EXTRACT,,,5254.0,5,SELL,5254.0,5259.0,5256.5,-2.5,0.0,-5.0,False,False,0,5,4,6,4.5,8.5,11.0
1,509700,VELVETFRUIT_EXTRACT,,,5260.0,13,BUY,5259.0,5260.0,5259.5,0.5,1.0,0.0,False,False,50,13,12,14,2.5,5.5,8.5
1,514100,VELVETFRUIT_EXTRACT,,,5263.0,7,SELL,5263.0,5266.0,5264.5,-1.5,0.0,-3.0,False,False,50,8,7,9,4.5,3.5,-6.0
1,514500,VELVETFRUIT_EXTRACT,,,5265.0,6,SELL,5265.0,5270.0,5267.5,-2.5,0.0,-5.0,False,False,50,5,4,6,3.5,0.5,-6.5
1,516800,VELVETFRUIT_EXTRACT,,,5261.0,5,SELL,5261.0,5266.0,5263.5,-2.5,0.0,-5.0,False,False,20,5,4,6,2.5,-0.5,1.5
1,520500,VELVETFRUIT_EXTRACT,,,5256.0,4,SELL,5256.0,5261.0,5258.5,-2.5,0.0,-5.0,False,False,0,5,4,6,3.5,1.5,0.0
1,521800,VELVETFRUIT_EXTRACT,,,5265.0,3,BUY,5260.0,5265.0,5262.5,2.5,5.0,0.0,False,False,0,3,3,3,-4.5,-4.5,-11.5
1,523300,VELVETFRUIT_EXTRACT,,,5262.0,3,BUY,5256.0,5262.0,5259.0,3.0,6.0,0.0,False,False,0,3,3,3,-1.5,-4.5,-10.5
1,524500,VELVETFRUIT_EXTRACT,,,5259.0,7,BUY,5257.0,5259.0,5258.0,1.0,2.0,0.0,False,False,5,8,7,9,0.5,-4.5,-5.5
1,526200,VELVETFRUIT_EXTRACT,,,5250.0,8,SELL,5250.0,5255.0,5252.5,-2.5,0.0,-5.0,False,False,0,8,7,9,3.5,2.5,2.5
1,527700,VELVETFRUIT_EXTRACT,,,5255.0,6,BUY,5250.0,5255.0,5252.5,2.5,5.0,0.0,False,False,0,5,4,6,-2.5,-2.0,-6.5
1,528600,VELVETFRUIT_EXTRACT,,,5254.0,4,BUY,5249.0,5254.0,5251.5,2.5,5.0,0.0,False,False,0,5,4,6,-0.5,-1.5,-6.5
1,529400,VELVETFRUIT_EXTRACT,,,5256.0,4,BUY,5251.0,5256.0,5253.5,2.5,5.0,0.0,False,False,0,5,4,6,-4.5,-3.5,-9.5
1,530000,VELVETFRUIT_EXTRACT,,,5249.0,6,SELL,5249.0,5251.0,5250.0,-1.0,0.0,-2.0,False,False,50,5,4,6,2.5,0.5,-5.0
1,534100,VELVETFRUIT_EXTRACT,,,5244.0,3,SELL,5244.0,5249.0,5246.5,-2.5,0.0,-5.0,False,False,50,3,3,3,1.5,-2.5,-6.5
1,537500,VELVETFRUIT_EXTRACT,,,5241.0,4,BUY,5236.0,5241.0,5238.5,2.5,5.0,0.0,False,False,0,5,4,6,-1.5,-5.0,-3.5
1,537900,VELVETFRUIT_EXTRACT,,,5239.0,6,SELL,5239.0,5242.0,5240.5,-1.5,0.0,-3.0,False,False,50,5,4,6,-2.5,-3.0,-3.0
1,540700,VELVETFRUIT_EXTRACT,,,5238.0,7,SELL,5238.0,5243.0,5240.5,-2.5,0.0,-5.0,False,False,50,8,7,9,0.5,-2.0,-0.5
1,544300,VELVETFRUIT_EXTRACT,,,5236.0,4,SELL,5236.0,5241.0,5238.5,-2.5,0.0,-5.0,False,False,50,5,4,6,1.5,-1.5,-4.5
1,544400,VELVETFRUIT_EXTRACT,,,5240.0,6,BUY,5235.0,5240.0,5237.5,2.5,5.0,0.0,False,False,0,5,4,6,-2.0,-5.5,-7.0
1,545000,VELVETFRUIT_EXTRACT,,,5235.0,4,SELL,5235.0,5240.0,5237.5,-2.5,0.0,-5.0,False,False,50,5,4,6,3.5,-4.5,-1.0
1,547800,VELVETFRUIT_EXTRACT,,,5232.0,3,SELL,5232.0,5237.0,5234.5,-2.5,0.0,-5.0,False,False,0,3,3,3,1.5,1.5,0.5
1,549800,VELVETFRUIT_EXTRACT,,,5236.0,5,BUY,5231.0,5236.0,5233.5,2.5,5.0,0.0,False,False,0,5,4,6,-4.0,-2.5,-4.5
1,551600,VELVETFRUIT_EXTRACT,,,5234.0,8,BUY,5232.0,5234.0,5233.0,1.0,2.0,0.0,False,False,0,8,7,9,0.0,-6.5,-8.5
1,556400,VELVETFRUIT_EXTRACT,,,5228.0,8,BUY,5223.0,5228.0,5225.5,2.5,5.0,0.0,False,False,50,8,7,9,1.0,-4.5,3.5
1,557200,VELVETFRUIT_EXTRACT,,,5225.0,4,SELL,5225.0,5230.0,5227.5,-2.5,0.0,-5.0,False,False,5,5,4,6,-0.5,3.5,6.0
1,563500,VELVETFRUIT_EXTRACT,,,5226.0,8,SELL,5226.0,5231.0,5228.5,-2.5,0.0,-5.0,False,False,0,8,7,9,4.5,10.5,12.5
1,564000,VELVETFRUIT_EXTRACT,,,5231.0,12,BUY,5230.0,5231.0,5230.5,0.5,1.0,0.0,False,False,50,13,12,14,1.5,3.5,8.5
1,564900,VELVETFRUIT_EXTRACT,,,5236.0,6,BUY,5230.0,5236.0,5233.0,3.0,6.0,0.0,False,False,50,5,4,6,-0.5,0.5,1.5
1,565500,VELVETFRUIT_EXTRACT,,,5239.0,7,BUY,5234.0,5239.0,5236.5,2.5,5.0,0.0,False,False,0,8,7,9,-4.5,-3.5,-2.5
1,568200,VELVETFRUIT_EXTRACT,,,5237.0,7,BUY,5232.0,5237.0,5234.5,2.5,5.0,0.0,False,False,5,8,7,9,1.5,-2.0,-1.0
1,570200,VELVETFRUIT_EXTRACT,,,5236.0,7,BUY,5234.0,5236.0,5235.0,1.0,2.0,0.0,False,False,20,8,7,9,-0.5,0.5,-6.0
1,571600,VELVETFRUIT_EXTRACT,,,5235.0,7,SELL,5235.0,5241.0,5238.0,-3.0,0.0,-6.0,False,False,0,8,7,9,3.5,0.5,1.5
1,574000,VELVETFRUIT_EXTRACT,,,5238.0,3,BUY,5232.0,5238.0,5235.0,3.0,6.0,0.0,False,False,0,3,3,3,-4.5,-1.5,-3.0
1,575800,VELVETFRUIT_EXTRACT,,,5235.0,8,BUY,5233.0,5235.0,5234.0,1.0,2.0,0.0,False,False,50,8,7,9,1.0,2.5,1.5
1,576400,VELVETFRUIT_EXTRACT,,,5233.0,3,SELL,5233.0,5238.0,5235.5,-2.5,0.0,-5.0,False,False,0,3,3,3,1.5,3.0,0.5
1,578400,VELVETFRUIT_EXTRACT,,,5237.0,5,BUY,5235.0,5237.0,5236.0,1.0,2.0,0.0,False,False,50,5,4,6,-0.5,-3.5,1.5
1,581100,VELVETFRUIT_EXTRACT,,,5240.0,7,BUY,5235.0,5240.0,5237.5,2.5,5.0,0.0,False,False,0,8,7,9,-6.5,-3.5,-0.5
1,581700,VELVETFRUIT_EXTRACT,,,5237.0,3,BUY,5231.0,5237.0,5234.0,3.0,6.0,0.0,False,False,50,3,3,3,1.0,0.5,6.5
1,582900,VELVETFRUIT_EXTRACT,,,5236.0,9,BUY,5234.0,5236.0,5235.0,1.0,2.0,0.0,False,False,50,8,7,9,2.5,0.5,10.5
1,584800,VELVETFRUIT_EXTRACT,,,5234.0,7,SELL,5234.0,5239.0,5236.5,-2.5,0.0,-5.0,False,False,0,8,7,9,5.5,9.5,9.5
1,584900,VELVETFRUIT_EXTRACT,,,5234.0,7,SELL,5234.0,5239.0,5236.5,-2.5,0.0,-5.0,False,False,0,8,7,9,4.5,10.5,9.5
1,587200,VELVETFRUIT_EXTRACT,,,5242.0,3,SELL,5242.0,5248.0,5245.0,-3.0,0.0,-6.0,False,False,0,3,3,3,5.0,3.5,2.5
1,588600,VELVETFRUIT_EXTRACT,,,5245.0,5,SELL,5245.0,5248.0,5246.5,-1.5,0.0,-3.0,False,False,50,5,4,6,0.0,-5.5,-6.0
1,594900,VELVETFRUIT_EXTRACT,,,5239.0,4,SELL,5239.0,5242.0,5240.5,-1.5,0.0,-3.0,False,False,50,5,4,6,2.5,2.0,-4.5
1,595300,VELVETFRUIT_EXTRACT,,,5238.0,8,SELL,5238.0,5244.0,5241.0,-3.0,0.0,-6.0,False,False,50,8,7,9,4.5,0.5,-6.5
1,597200,VELVETFRUIT_EXTRACT,,,5237.0,7,SELL,5237.0,5242.0,5239.5,-2.5,0.0,-5.0,False,False,50,8,7,9,2.5,2.5,-7.5
1,597400,VELVETFRUIT_EXTRACT,,,5237.0,4,SELL,5237.0,5242.0,5239.5,-2.5,0.0,-5.0,False,False,50,5,4,6,1.5,0.5,-7.5
1,600000,VELVETFRUIT_EXTRACT,,,5237.0,7,BUY,5232.0,5237.0,5234.5,2.5,5.0,0.0,False,False,0,8,7,9,-5.0,-6.5,-7.5
1,603000,VELVETFRUIT_EXTRACT,,,5234.0,6,BUY,5229.0,5234.0,5231.5,2.5,5.0,0.0,False,False,0,5,4,6,-1.5,-4.5,-13.5
1,605700,VELVETFRUIT_EXTRACT,,,5226.0,7,SELL,5226.0,5231.0,5228.5,-2.5,0.0,-5.0,False,False,50,8,7,9,1.5,-2.0,-3.5
1,608500,VELVETFRUIT_EXTRACT,,,5218.0,10,BUY,5216.0,5218.0,5217.0,1.0,2.0,0.0,True,False,50,10,10,11,4.0,5.5,10.0
1,609900,VELVETFRUIT_EXTRACT,,,5222.0,6,SELL,5222.0,5227.0,5224.5,-2.5,0.0,-5.0,False,False,20,5,4,6,1.5,-2.0,11.5
1,612500,VELVETFRUIT_EXTRACT,,,5219.0,5,SELL,5219.0,5224.0,5221.5,-2.5,0.0,-5.0,False,False,0,5,4,6,8.0,13.5,14.5
1,612900,VELVETFRUIT_EXTRACT,,,5225.0,10,BUY,5223.0,5225.0,5224.0,1.0,2.0,0.0,False,False,50,10,10,11,3.5,8.5,9.0
1,612900,VELVETFRUIT_EXTRACT,,,5223.0,8,SELL,5223.0,5225.0,5224.0,-1.0,0.0,-2.0,False,False,0,8,7,9,5.5,10.5,11.0
1,616300,VELVETFRUIT_EXTRACT,,,5228.0,5,SELL,5228.0,5233.0,5230.5,-2.5,0.0,-5.0,False,False,0,5,4,6,4.5,5.0,6.5
1,617400,VELVETFRUIT_EXTRACT,,,5231.0,7,SELL,5231.0,5236.0,5233.5,-2.5,0.0,-5.0,False,False,0,8,7,9,3.0,0.5,3.5
1,618900,VELVETFRUIT_EXTRACT,,,5231.0,3,BUY,5229.0,5231.0,5230.0,1.0,2.0,0.0,False,False,50,3,3,3,0.5,-0.5,8.5
1,619800,VELVETFRUIT_EXTRACT,,,5236.0,7,BUY,5231.0,5236.0,5233.5,2.5,5.0,0.0,False,False,50,8,7,9,-4.5,-1.5,1.5
1,620500,VELVETFRUIT_EXTRACT,,,5235.0,3,BUY,5230.0,5235.0,5232.5,2.5,5.0,0.0,False,False,50,3,3,3,-4.5,2.5,2.5
1,621900,VELVETFRUIT_EXTRACT,,,5236.0,6,BUY,5231.0,5236.0,5233.5,2.5,5.0,0.0,False,False,20,5,4,6,-1.5,3.5,-4.5
1,622400,VELVETFRUIT_EXTRACT,,,5235.0,13,BUY,5234.0,5235.0,5234.5,0.5,1.0,0.0,False,False,20,13,12,14,2.5,3.5,-6.5
1,624700,VELVETFRUIT_EXTRACT,,,5242.0,5,BUY,5236.0,5242.0,5239.0,3.0,6.0,0.0,False,False,0,5,4,6,-5.5,-12.0,-24.5
1,626000,VELVETFRUIT_EXTRACT,,,5232.0,4,SELL,5232.0,5234.0,5233.0,-1.0,0.0,-2.0,False,False,50,5,4,6,-0.5,-3.5,-10.5
1,628100,VELVETFRUIT_EXTRACT,,,5231.0,6,BUY,5226.0,5231.0,5228.5,2.5,5.0,0.0,False,False,0,5,4,6,-6.5,-10.5,-14.5
1,628300,VELVETFRUIT_EXTRACT,,,5225.0,7,SELL,5225.0,5230.0,5227.5,-2.5,0.0,-5.0,False,False,50,8,7,9,-2.5,-3.5,-8.5
1,632800,VELVETFRUIT_EXTRACT,,,5216.0,7,BUY,5214.0,5216.0,5215.0,1.0,2.0,0.0,True,False,5,8,7,9,0.5,-1.0,-1.5
1,634500,VELVETFRUIT_EXTRACT,,,5218.0,5,BUY,5213.0,5218.0,5215.5,2.5,5.0,0.0,False,False,20,5,4,6,-1.0,0.5,-1.5
1,634800,VELVETFRUIT_EXTRACT,,,5214.0,6,SELL,5214.0,5216.0,5215.0,-1.0,0.0,-2.0,True,False,0,5,4,6,2.0,5.0,2.5
1,634800,VELVETFRUIT_EXTRACT,,,5216.0,8,BUY,5214.0,5216.0,5215.0,1.0,2.0,0.0,False,False,50,8,7,9,0.0,3.0,0.5
1,640500,VELVETFRUIT_EXTRACT,,,5212.0,3,SELL,5212.0,5217.0,5214.5,-2.5,0.0,-5.0,True,False,50,3,3,3,0.5,1.5,-3.0
1,644900,VELVETFRUIT_EXTRACT,,,5210.0,6,BUY,5204.0,5210.0,5207.0,3.0,6.0,0.0,True,False,0,5,4,6,-0.5,-4.0,-8.5
1,646100,VELVETFRUIT_EXTRACT,,,5211.0,3,BUY,5206.0,5211.0,5208.5,2.5,5.0,0.0,False,False,0,3,3,3,-4.5,-4.5,-10.5
1,648200,VELVETFRUIT_EXTRACT,,,5208.0,6,BUY,5205.0,5208.0,5206.5,1.5,3.0,0.0,True,False,0,5,4,6,-5.5,-7.5,-6.0
1,650300,VELVETFRUIT_EXTRACT,,,5198.0,6,SELL,5198.0,5203.0,5200.5,-2.5,0.0,-5.0,True,False,0,5,4,6,3.0,2.5,8.5
1,652100,VELVETFRUIT_EXTRACT,,,5198.0,6,SELL,5198.0,5203.0,5200.5,-2.5,0.0,-5.0,False,False,0,5,4,6,3.5,7.5,12.5
1,654300,VELVETFRUIT_EXTRACT,,,5205.0,8,SELL,5205.0,5210.0,5207.5,-2.5,0.0,-5.0,False,False,0,8,7,9,4.5,0.5,6.5
1,655100,VELVETFRUIT_EXTRACT,,,5210.0,8,BUY,5205.0,5210.0,5207.5,2.5,5.0,0.0,False,False,50,8,7,9,-4.5,0.5,1.5
1,657800,VELVETFRUIT_EXTRACT,,,5213.0,5,BUY,5208.0,5213.0,5210.5,2.5,5.0,0.0,False,False,50,5,4,6,-4.0,0.5,1.5
1,659200,VELVETFRUIT_EXTRACT,,,5215.0,7,BUY,5209.0,5215.0,5212.0,3.0,6.0,0.0,False,False,20,8,7,9,-2.0,2.0,-1.0
1,666500,VELVETFRUIT_EXTRACT,,,5220.0,7,SELL,5220.0,5226.0,5223.0,-3.0,0.0,-6.0,False,False,50,8,7,9,3.5,-1.5,-0.5
1,667400,VELVETFRUIT_EXTRACT,,,5227.0,6,BUY,5221.0,5227.0,5224.0,3.0,6.0,0.0,False,False,0,5,4,6,-6.5,-7.5,-8.5
1,669900,VELVETFRUIT_EXTRACT,,,5216.0,7,SELL,5216.0,5222.0,5219.0,-3.0,0.0,-6.0,False,False,0,8,7,9,2.5,3.5,11.5
1,679600,VELVETFRUIT_EXTRACT,,,5227.0,6,BUY,5222.0,5227.0,5224.5,2.5,5.0,0.0,False,False,0,5,4,6,-3.5,-4.5,0.0
1,685200,VELVETFRUIT_EXTRACT,,,5231.0,6,BUY,5226.0,5231.0,5228.5,2.5,5.0,0.0,False,False,50,5,4,6,1.5,1.5,7.0
1,688400,VELVETFRUIT_EXTRACT,,,5236.0,6,BUY,5233.0,5236.0,5234.5,1.5,3.0,0.0,False,False,20,5,4,6,0.5,1.5,-1.5
1,688600,VELVETFRUIT_EXTRACT,,,5237.0,5,BUY,5232.0,5237.0,5234.5,2.5,5.0,0.0,False,False,20,5,4,6,-2.5,1.5,-3.0
1,693000,VELVETFRUIT_EXTRACT,,,5230.0,8,SELL,5230.0,5235.0,5232.5,-2.5,0.0,-5.0,False,False,0,8,7,9,4.0,12.5,5.5
1,693600,VELVETFRUIT_EXTRACT,,,5235.0,5,BUY,5233.0,5235.0,5234.0,1.0,2.0,0.0,False,False,50,5,4,6,3.0,6.5,0.5
1,694600,VELVETFRUIT_EXTRACT,,,5237.0,3,SELL,5237.0,5242.0,5239.5,-2.5,0.0,-5.0,False,False,50,3,3,3,6.0,1.5,-0.5
1,702500,VELVETFRUIT_EXTRACT,,,5248.0,4,BUY,5243.0,5248.0,5245.5,2.5,5.0,0.0,False,False,50,5,4,6,2.5,6.5,8.5
1,702700,VELVETFRUIT_EXTRACT,,,5249.0,8,BUY,5244.0,5249.0,5246.5,2.5,5.0,0.0,False,False,50,8,7,9,1.5,5.5,3.5
1,703100,VELVETFRUIT_EXTRACT,,,5249.0,7,BUY,5247.0,5249.0,5248.0,1.0,2.0,0.0,False,False,50,8,7,9,3.5,5.5,2.5
1,704700,VELVETFRUIT_EXTRACT,,,5257.0,8,BUY,5252.0,5257.0,5254.5,2.5,5.0,0.0,False,False,20,8,7,9,-3.0,2.5,-4.5
1,713400,VELVETFRUIT_EXTRACT,,,5269.0,13,BUY,5268.0,5269.0,5268.5,0.5,1.0,0.0,False,False,20,13,12,14,3.5,2.0,-2.0
1,713900,VELVETFRUIT_EXTRACT,,,5275.0,6,BUY,5270.0,5275.0,5272.5,2.5,5.0,0.0,False,False,0,5,4,6,-3.5,-3.5,-7.5
1,716000,VELVETFRUIT_EXTRACT,,,5270.0,7,SELL,5270.0,5275.0,5272.5,-2.5,0.0,-5.0,False,False,50,8,7,9,2.5,-1.5,-4.5
1,720500,VELVETFRUIT_EXTRACT,,,5264.0,6,SELL,5264.0,5269.0,5266.5,-2.5,0.0,-5.0,False,False,20,5,4,6,1.5,-0.5,0.5
1,721200,VELVETFRUIT_EXTRACT,,,5263.0,4,SELL,5263.0,5268.0,5265.5,-2.5,0.0,-5.0,False,False,0,5,4,6,1.5,3.5,0.5
1,722300,VELVETFRUIT_EXTRACT,,,5265.0,6,BUY,5260.0,5265.0,5262.5,2.5,5.0,0.0,False,False,20,5,4,6,0.5,3.5,-5.0
1,725400,VELVETFRUIT_EXTRACT,,,5267.0,5,BUY,5261.0,5267.0,5264.0,3.0,6.0,0.0,False,False,50,5,4,6,-5.0,-8.5,1.0
1,725800,VELVETFRUIT_EXTRACT,,,5265.0,8,BUY,5260.0,5265.0,5262.5,2.5,5.0,0.0,False,False,50,8,7,9,-2.5,-6.5,6.5
1,726600,VELVETFRUIT_EXTRACT,,,5264.0,7,BUY,5259.0,5264.0,5261.5,2.5,5.0,0.0,False,False,50,8,7,9,-4.5,-6.5,14.0
1,728300,VELVETFRUIT_EXTRACT,,,5261.0,5,BUY,5256.0,5261.0,5258.5,2.5,5.0,0.0,False,False,50,5,4,6,-0.5,5.5,19.5
1,731200,VELVETFRUIT_EXTRACT,,,5276.0,4,BUY,5271.0,5276.0,5273.5,2.5,5.0,0.0,False,True,20,5,4,6,3.5,4.5,-1.5
1,741600,VELVETFRUIT_EXTRACT,,,5263.0,5,SELL,5263.0,5268.0,5265.5,-2.5,0.0,-5.0,False,False,0,5,4,6,1.5,6.5,15.5
1,749700,VELVETFRUIT_EXTRACT,,,5277.0,5,BUY,5272.0,5277.0,5274.5,2.5,5.0,0.0,False,True,0,5,4,6,-5.5,-7.5,-15.0
1,750500,VELVETFRUIT_EXTRACT,,,5273.0,7,BUY,5268.0,5273.0,5270.5,2.5,5.0,0.0,False,False,0,8,7,9,-3.0,-3.5,-10.5
1,752500,VELVETFRUIT_EXTRACT,,,5272.0,3,BUY,5267.0,5272.0,5269.5,2.5,5.0,0.0,False,False,0,3,3,3,-6.5,-10.5,-2.5
1,755800,VELVETFRUIT_EXTRACT,,,5260.0,4,SELL,5260.0,5265.0,5262.5,-2.5,0.0,-5.0,False,False,0,5,4,6,5.5,9.5,13.5
1,760200,VELVETFRUIT_EXTRACT,,,5277.0,5,BUY,5272.0,5277.0,5274.5,2.5,5.0,0.0,False,False,0,5,4,6,-4.5,-5.5,-10.5
1,762400,VELVETFRUIT_EXTRACT,,,5268.0,3,SELL,5268.0,5274.0,5271.0,-3.0,0.0,-6.0,False,False,0,3,3,3,4.5,0.5,6.0
1,765100,VELVETFRUIT_EXTRACT,,,5265.0,4,SELL,5265.0,5270.0,5267.5,-2.5,0.0,-5.0,False,False,0,5,4,6,4.5,9.5,3.5
1,767200,VELVETFRUIT_EXTRACT,,,5276.0,3,BUY,5271.0,5276.0,5273.5,2.5,5.0,0.0,False,False,0,3,3,3,-1.5,-4.5,-12.5
1,768700,VELVETFRUIT_EXTRACT,,,5270.0,5,SELL,5270.0,5275.0,5272.5,-2.5,0.0,-5.0,False,False,50,5,4,6,1.5,-2.5,-9.5
1,771700,VELVETFRUIT_EXTRACT,,,5264.0,7,BUY,5259.0,5264.0,5261.5,2.5,5.0,0.0,False,False,50,8,7,9,-0.5,-3.5,3.5
1,772500,VELVETFRUIT_EXTRACT,,,5260.0,7,SELL,5260.0,5265.0,5262.5,-2.5,0.0,-5.0,False,False,5,8,7,9,-0.5,0.5,6.5
1,772600,VELVETFRUIT_EXTRACT,,,5265.0,8,BUY,5260.0,5265.0,5262.5,2.5,5.0,0.0,False,False,50,8,7,9,-3.5,-4.0,2.5
1,775000,VELVETFRUIT_EXTRACT,,,5266.0,4,BUY,5260.0,5266.0,5263.0,3.0,6.0,0.0,False,False,20,5,4,6,-6.5,1.0,-7.0
1,777000,VELVETFRUIT_EXTRACT,,,5270.0,6,BUY,5264.0,5270.0,5267.0,3.0,6.0,0.0,False,False,0,5,4,6,-3.5,-2.5,-11.0
1,787700,VELVETFRUIT_EXTRACT,,,5260.0,6,BUY,5254.0,5260.0,5257.0,3.0,6.0,0.0,False,False,20,5,4,6,-0.5,3.5,-3.5
1,787800,VELVETFRUIT_EXTRACT,,,5261.0,4,BUY,5256.0,5261.0,5258.5,2.5,5.0,0.0,False,False,20,5,4,6,-1.5,3.5,-4.5
1,792200,VELVETFRUIT_EXTRACT,,,5259.0,6,SELL,5259.0,5263.0,5261.0,-2.0,0.0,-4.0,False,False,50,5,4,6,-2.5,-3.5,-5.0
1,794800,VELVETFRUIT_EXTRACT,,,5258.0,8,BUY,5255.0,5258.0,5256.5,1.5,3.0,0.0,False,False,0,8,7,9,-4.5,-3.5,-8.5
1,794900,VELVETFRUIT_EXTRACT,,,5251.0,6,SELL,5251.0,5256.0,5253.5,-2.5,0.0,-5.0,False,False,0,5,4,6,3.0,1.5,0.5
1,796600,VELVETFRUIT_EXTRACT,,,5251.0,8,SELL,5251.0,5256.0,5253.5,-2.5,0.0,-5.0,False,False,50,8,7,9,3.5,5.5,-1.5
1,799900,VELVETFRUIT_EXTRACT,,,5249.0,8,SELL,5249.0,5254.0,5251.5,-2.5,0.0,-5.0,False,False,50,8,7,9,0.5,-3.5,-9.0
1,802800,VELVETFRUIT_EXTRACT,,,5243.0,3,BUY,5238.0,5243.0,5240.5,2.5,5.0,0.0,False,False,50,3,3,3,-2.5,-2.5,6.0
1,803400,VELVETFRUIT_EXTRACT,,,5240.0,5,BUY,5238.0,5240.0,5239.0,1.0,2.0,0.0,False,False,50,5,4,6,1.5,1.5,11.0
1,807400,VELVETFRUIT_EXTRACT,,,5253.0,4,BUY,5247.0,5253.0,5250.0,3.0,6.0,0.0,False,False,0,5,4,6,-5.5,-5.5,-17.5
1,810100,VELVETFRUIT_EXTRACT,,,5245.0,4,BUY,5240.0,5245.0,5242.5,2.5,5.0,0.0,False,False,0,5,4,6,-4.5,-8.5,-17.5
1,812400,VELVETFRUIT_EXTRACT,,,5233.0,8,SELL,5233.0,5238.0,5235.5,-2.5,0.0,-5.0,False,False,20,8,7,9,-1.0,-3.5,1.5
1,812900,VELVETFRUIT_EXTRACT,,,5233.0,7,BUY,5231.0,5233.0,5232.0,1.0,2.0,0.0,False,False,0,8,7,9,-4.0,-4.5,-2.0
1,815000,VELVETFRUIT_EXTRACT,,,5230.0,5,BUY,5225.0,5230.0,5227.5,2.5,5.0,0.0,False,False,50,5,4,6,-0.5,2.5,6.0
1,817900,VELVETFRUIT_EXTRACT,,,5228.0,5,SELL,5228.0,5234.0,5231.0,-3.0,0.0,-6.0,False,False,0,5,4,6,4.5,7.5,17.5
1,818100,VELVETFRUIT_EXTRACT,,,5234.0,7,BUY,5229.0,5234.0,5231.5,2.5,5.0,0.0,False,False,50,8,7,9,-0.5,2.5,13.5
1,818500,VELVETFRUIT_EXTRACT,,,5231.0,7,SELL,5231.0,5236.0,5233.5,-2.5,0.0,-5.0,False,False,5,8,7,9,-0.5,8.5,16.5
1,822000,VELVETFRUIT_EXTRACT,,,5245.0,8,BUY,5240.0,5245.0,5242.5,2.5,5.0,0.0,False,False,20,8,7,9,-4.0,3.5,-0.5
1,822200,VELVETFRUIT_EXTRACT,,,5241.0,7,SELL,5241.0,5246.0,5243.5,-2.5,0.0,-5.0,False,False,0,8,7,9,3.0,7.5,4.5
1,824200,VELVETFRUIT_EXTRACT,,,5251.0,4,BUY,5246.0,5251.0,5248.5,2.5,5.0,0.0,False,False,5,5,4,6,0.5,-2.5,-12.5
1,827000,VELVETFRUIT_EXTRACT,,,5247.0,7,BUY,5242.0,5247.0,5244.5,2.5,5.0,0.0,False,False,0,8,7,9,-2.5,-11.0,-5.5
1,827500,VELVETFRUIT_EXTRACT,,,5247.0,8,BUY,5242.0,5247.0,5244.5,2.5,5.0,0.0,False,False,0,8,7,9,-6.5,-8.5,-4.5
1,832000,VELVETFRUIT_EXTRACT,,,5244.0,6,BUY,5239.0,5244.0,5241.5,2.5,5.0,0.0,False,False,50,5,4,6,-1.5,1.5,7.5
1,832100,VELVETFRUIT_EXTRACT,,,5239.0,8,SELL,5239.0,5244.0,5241.5,-2.5,0.0,-5.0,False,False,0,8,7,9,3.5,5.5,13.5
1,832700,VELVETFRUIT_EXTRACT,,,5242.0,3,BUY,5240.0,5242.0,5241.0,1.0,2.0,0.0,False,False,50,3,3,3,1.5,3.5,12.0
1,834900,VELVETFRUIT_EXTRACT,,,5243.0,7,SELL,5243.0,5248.0,5245.5,-2.5,0.0,-5.0,False,False,0,8,7,9,6.5,6.5,11.5
1,836000,VELVETFRUIT_EXTRACT,,,5244.0,6,SELL,5244.0,5249.0,5246.5,-2.5,0.0,-5.0,False,False,0,5,4,6,4.5,9.0,9.5
1,838700,VELVETFRUIT_EXTRACT,,,5252.0,11,BUY,5251.0,5252.0,5251.5,0.5,1.0,0.0,False,False,50,10,10,11,-0.5,3.0,5.0
1,839600,VELVETFRUIT_EXTRACT,,,5253.0,8,BUY,5251.0,5253.0,5252.0,1.0,2.0,0.0,False,False,50,8,7,9,0.5,4.5,4.5
1,840400,VELVETFRUIT_EXTRACT,,,5253.0,3,SELL,5253.0,5258.0,5255.5,-2.5,0.0,-5.0,False,False,0,3,3,3,2.0,4.0,2.5
1,843100,VELVETFRUIT_EXTRACT,,,5255.0,4,SELL,5255.0,5260.0,5257.5,-2.5,0.0,-5.0,False,False,0,5,4,6,2.5,3.0,6.0
1,845400,VELVETFRUIT_EXTRACT,,,5256.0,8,BUY,5255.0,5256.0,5255.5,0.5,1.0,0.0,False,False,50,8,7,9,3.5,4.0,5.5
1,849300,VELVETFRUIT_EXTRACT,,,5270.0,8,BUY,5265.0,5270.0,5267.5,2.5,5.0,0.0,False,False,50,8,7,9,-5.5,-10.0,5.0
1,850300,VELVETFRUIT_EXTRACT,,,5260.0,7,SELL,5260.0,5262.0,5261.0,-1.0,0.0,-2.0,False,False,0,8,7,9,2.5,5.5,15.5
1,850600,VELVETFRUIT_EXTRACT,,,5261.0,5,BUY,5259.0,5261.0,5260.0,1.0,2.0,0.0,False,False,50,5,4,6,0.5,5.5,13.0
1,851700,VELVETFRUIT_EXTRACT,,,5260.0,6,SELL,5260.0,5265.0,5262.5,-2.5,0.0,-5.0,False,False,0,5,4,6,7.0,12.5,12.0
1,852200,VELVETFRUIT_EXTRACT,,,5270.0,4,BUY,5264.0,5270.0,5267.0,3.0,6.0,0.0,False,False,50,5,4,6,-4.0,4.5,0.5
1,852900,VELVETFRUIT_EXTRACT,,,5265.0,7,SELL,5265.0,5267.0,5266.0,-1.0,0.0,-2.0,False,False,50,8,7,9,5.0,10.5,-2.5
1,856600,VELVETFRUIT_EXTRACT,,,5269.0,3,SELL,5269.0,5274.0,5271.5,-2.5,0.0,-5.0,False,False,50,3,3,3,2.5,-4.5,-9.5
1,863300,VELVETFRUIT_EXTRACT,,,5254.0,12,BUY,5253.0,5254.0,5253.5,0.5,1.0,0.0,False,False,20,13,12,14,0.5,0.5,-3.5
1,868700,VELVETFRUIT_EXTRACT,,,5246.0,4,SELL,5246.0,5251.0,5248.5,-2.5,0.0,-5.0,False,False,50,5,4,6,-1.5,-0.5,-4.5
1,869600,VELVETFRUIT_EXTRACT,,,5241.0,5,SELL,5241.0,5246.0,5243.5,-2.5,0.0,-5.0,False,False,0,5,4,6,5.5,3.5,2.0
1,871500,VELVETFRUIT_EXTRACT,,,5241.0,8,SELL,5241.0,5246.0,5243.5,-2.5,0.0,-5.0,False,False,50,8,7,9,2.5,1.0,-1.5
1,873600,VELVETFRUIT_EXTRACT,,,5238.0,7,SELL,5238.0,5243.0,5240.5,-2.5,0.0,-5.0,False,False,50,8,7,9,4.5,0.5,-0.5
1,874400,VELVETFRUIT_EXTRACT,,,5246.0,3,BUY,5241.0,5246.0,5243.5,2.5,5.0,0.0,False,False,0,3,3,3,-1.5,-6.5,-6.5
1,876500,VELVETFRUIT_EXTRACT,,,5242.0,6,BUY,5237.0,5242.0,5239.5,2.5,5.0,0.0,False,False,50,5,4,6,-4.5,-5.5,1.5
1,876800,VELVETFRUIT_EXTRACT,,,5240.0,8,BUY,5235.0,5240.0,5237.5,2.5,5.0,0.0,False,False,50,8,7,9,-2.5,-1.5,6.5
1,877600,VELVETFRUIT_EXTRACT,,,5239.0,5,BUY,5234.0,5239.0,5236.5,2.5,5.0,0.0,False,False,50,5,4,6,-2.0,0.5,8.0
1,878500,VELVETFRUIT_EXTRACT,,,5239.0,4,BUY,5234.0,5239.0,5236.5,2.5,5.0,0.0,False,False,50,5,4,6,-2.5,-0.5,11.5
1,879700,VELVETFRUIT_EXTRACT,,,5238.0,11,BUY,5237.0,5238.0,5237.5,0.5,1.0,0.0,False,False,50,10,10,11,1.5,6.5,18.5
1,881800,VELVETFRUIT_EXTRACT,,,5244.0,4,SELL,5244.0,5249.0,5246.5,-2.5,0.0,-5.0,False,False,0,5,4,6,3.5,8.0,11.5
1,882600,VELVETFRUIT_EXTRACT,,,5248.0,10,BUY,5246.0,5248.0,5247.0,1.0,2.0,0.0,False,False,50,10,10,11,-1.0,8.5,6.5
1,883800,VELVETFRUIT_EXTRACT,,,5251.0,8,SELL,5251.0,5253.0,5252.0,-1.0,0.0,-2.0,False,False,50,8,7,9,4.5,1.5,-0.5
1,883900,VELVETFRUIT_EXTRACT,,,5251.0,3,SELL,5251.0,5256.0,5253.5,-2.5,0.0,-5.0,False,False,50,3,3,3,5.5,3.5,-0.5
1,884200,VELVETFRUIT_EXTRACT,,,5253.0,4,SELL,5253.0,5258.0,5255.5,-2.5,0.0,-5.0,False,False,50,5,4,6,3.5,2.5,-3.5
1,884600,VELVETFRUIT_EXTRACT,,,5254.0,7,SELL,5254.0,5259.0,5256.5,-2.5,0.0,-5.0,False,False,50,8,7,9,1.5,2.0,-6.5
1,886600,VELVETFRUIT_EXTRACT,,,5259.0,5,BUY,5253.0,5259.0,5256.0,3.0,6.0,0.0,False,False,0,5,4,6,-2.5,-10.0,-8.5
1,887800,VELVETFRUIT_EXTRACT,,,5252.0,8,SELL,5252.0,5255.0,5253.5,-1.5,0.0,-3.0,False,False,50,8,7,9,-1.0,-6.0,-1.5
1,890200,VELVETFRUIT_EXTRACT,,,5240.0,4,SELL,5240.0,5245.0,5242.5,-2.5,0.0,-5.0,False,False,0,5,4,6,6.5,9.5,12.0
1,891000,VELVETFRUIT_EXTRACT,,,5245.0,3,SELL,5245.0,5250.0,5247.5,-2.5,0.0,-5.0,False,False,0,3,3,3,4.5,6.5,4.5
1,896900,VELVETFRUIT_EXTRACT,,,5247.0,11,BUY,5246.0,5247.0,5246.5,0.5,1.0,0.0,False,False,50,10,10,11,1.5,1.5,8.5
1,899700,VELVETFRUIT_EXTRACT,,,5247.0,5,SELL,5247.0,5252.0,5249.5,-2.5,0.0,-5.0,False,False,0,5,4,6,4.5,7.5,11.0
1,901000,VELVETFRUIT_EXTRACT,,,5255.0,7,BUY,5250.0,5255.0,5252.5,2.5,5.0,0.0,False,False,50,8,7,9,-1.0,1.5,2.5
1,901900,VELVETFRUIT_EXTRACT,,,5253.0,3,SELL,5253.0,5258.0,5255.5,-2.5,0.0,-5.0,False,False,50,3,3,3,2.5,5.5,-0.5
1,904000,VELVETFRUIT_EXTRACT,,,5261.0,6,BUY,5256.0,5261.0,5258.5,2.5,5.0,0.0,False,False,0,5,4,6,-6.0,-3.5,-4.5
1,905200,VELVETFRUIT_EXTRACT,,,5257.0,6,SELL,5257.0,5262.0,5259.5,-2.5,0.0,-5.0,False,False,20,5,4,6,-0.5,-3.0,3.5
1,907000,VELVETFRUIT_EXTRACT,,,5255.0,4,BUY,5250.0,5255.0,5252.5,2.5,5.0,0.0,False,False,50,5,4,6,-1.5,1.5,8.5
1,907300,VELVETFRUIT_EXTRACT,,,5252.0,4,SELL,5252.0,5257.0,5254.5,-2.5,0.0,-5.0,False,False,0,5,4,6,3.0,9.0,12.5
1,911600,VELVETFRUIT_EXTRACT,,,5264.0,5,BUY,5259.0,5264.0,5261.5,2.5,5.0,0.0,False,False,5,5,4,6,0.5,-0.5,-4.5
1,913100,VELVETFRUIT_EXTRACT,,,5260.0,7,SELL,5260.0,5265.0,5262.5,-2.5,0.0,-5.0,False,False,0,8,7,9,3.5,5.5,6.5
1,914700,VELVETFRUIT_EXTRACT,,,5263.0,8,BUY,5261.0,5263.0,5262.0,1.0,2.0,0.0,False,False,50,8,7,9,1.0,-3.5,5.5
1,917300,VELVETFRUIT_EXTRACT,,,5266.0,6,BUY,5260.0,5266.0,5263.0,3.0,6.0,0.0,False,False,50,5,4,6,-3.5,4.0,7.0
1,923000,VELVETFRUIT_EXTRACT,,,5270.0,6,SELL,5270.0,5275.0,5272.5,-2.5,0.0,-5.0,False,False,0,5,4,6,1.5,5.0,7.5
1,931200,VELVETFRUIT_EXTRACT,,,5271.0,6,SELL,5271.0,5276.0,5273.5,-2.5,0.0,-5.0,False,False,50,5,4,6,4.5,-0.5,-6.0
1,936600,VELVETFRUIT_EXTRACT,,,5262.0,7,SELL,5262.0,5267.0,5264.5,-2.5,0.0,-5.0,False,False,50,8,7,9,1.0,0.0,-8.5
1,937800,VELVETFRUIT_EXTRACT,,,5259.0,6,SELL,5259.0,5265.0,5262.0,-3.0,0.0,-6.0,False,False,50,5,4,6,3.5,3.5,-10.5
1,938200,VELVETFRUIT_EXTRACT,,,5266.0,3,BUY,5261.0,5266.0,5263.5,2.5,5.0,0.0,False,False,0,3,3,3,-3.5,-3.5,-20.5
1,944800,VELVETFRUIT_EXTRACT,,,5245.0,8,BUY,5239.0,5245.0,5242.0,3.0,6.0,0.0,False,False,50,8,7,9,0.5,0.5,3.5
1,946800,VELVETFRUIT_EXTRACT,,,5248.0,8,BUY,5243.0,5248.0,5245.5,2.5,5.0,0.0,False,False,50,8,7,9,-0.5,1.5,10.5
1,948700,VELVETFRUIT_EXTRACT,,,5247.0,6,BUY,5245.0,5247.0,5246.0,1.0,2.0,0.0,False,False,50,5,4,6,2.5,6.5,11.0
1,949400,VELVETFRUIT_EXTRACT,,,5248.0,9,BUY,5246.0,5248.0,5247.0,1.0,2.0,0.0,False,False,50,8,7,9,1.5,10.0,14.5
1,951500,VELVETFRUIT_EXTRACT,,,5262.0,6,BUY,5257.0,5262.0,5259.5,2.5,5.0,0.0,False,False,50,5,4,6,-2.5,-2.5,2.5
1,960700,VELVETFRUIT_EXTRACT,,,5263.0,4,BUY,5257.0,5263.0,5260.0,3.0,6.0,0.0,False,False,50,5,4,6,0.0,4.0,9.5
1,963300,VELVETFRUIT_EXTRACT,,,5267.0,5,SELL,5267.0,5272.0,5269.5,-2.5,0.0,-5.0,False,False,0,5,4,6,3.5,7.5,3.5
1,963500,VELVETFRUIT_EXTRACT,,,5267.0,5,SELL,5267.0,5272.0,5269.5,-2.5,0.0,-5.0,False,False,0,5,4,6,6.5,6.5,4.5
1,965000,VELVETFRUIT_EXTRACT,,,5272.0,4,SELL,5272.0,5277.0,5274.5,-2.5,0.0,-5.0,False,False,50,5,4,6,1.5,3.5,-6.5
1,966200,VELVETFRUIT_EXTRACT,,,5268.0,7,SELL,5268.0,5273.0,5270.5,-2.5,0.0,-5.0,False,False,50,8,7,9,5.5,3.5,-0.5
1,972800,VELVETFRUIT_EXTRACT,,,5256.0,3,SELL,5256.0,5262.0,5259.0,-3.0,0.0,-6.0,False,False,0,3,3,3,2.5,6.0,2.5
1,973300,VELVETFRUIT_EXTRACT,,,5261.0,8,BUY,5256.0,5261.0,5258.5,2.5,5.0,0.0,False,False,0,8,7,9,-5.5,-4.0,-0.5
1,975400,VELVETFRUIT_EXTRACT,,,5255.0,3,SELL,5255.0,5260.0,5257.5,-2.5,0.0,-5.0,False,False,0,3,3,3,3.0,2.0,2.5
1,982000,VELVETFRUIT_EXTRACT,,,5257.0,3,BUY,5252.0,5257.0,5254.5,2.5,5.0,0.0,False,False,0,3,3,3,-3.5,-6.5,-0.5
1,984700,VELVETFRUIT_EXTRACT,,,5251.0,9,BUY,5249.0,5251.0,5250.0,1.0,2.0,0.0,False,False,50,8,7,9,2.5,4.5,7.0
1,984900,VELVETFRUIT_EXTRACT,,,5254.0,6,BUY,5249.0,5254.0,5251.5,2.5,5.0,0.0,False,False,50,5,4,6,-1.5,2.5,3.5
1,985600,VELVETFRUIT_EXTRACT,,,5252.0,14,BUY,5251.0,5252.0,5251.5,0.5,1.0,0.0,False,False,50,13,12,14,2.0,1.5,10.5
1,986300,VELVETFRUIT_EXTRACT,,,5254.0,10,BUY,5252.0,5254.0,5253.0,1.0,2.0,0.0,False,False,50,10,10,11,2.5,-1.0,6.5
1,988000,VELVETFRUIT_EXTRACT,,,5256.0,4,BUY,5251.0,5256.0,5253.5,2.5,5.0,0.0,False,False,50,5,4,6,-3.5,0.5,5.0
1,991500,VELVETFRUIT_EXTRACT,,,5260.0,4,SELL,5260.0,5265.0,5262.5,-2.5,0.0,-5.0,False,False,0,5,4,6,3.0,1.5,5.5
1,991600,VELVETFRUIT_EXTRACT,,,5260.0,7,SELL,5260.0,5265.0,5262.5,-2.5,0.0,-5.0,False,False,0,8,7,9,2.5,2.5,6.5
1,5300,VEV_4000,,,1264.0,2,BUY,1243.0,1264.0,1253.5,10.5,21.0,0.0,True,True,0,2,1,3,-10.5,-17.5,-20.5
1,16700,VEV_4000,,,1221.0,2,SELL,1221.0,1231.0,1226.0,-5.0,0.0,-10.0,True,False,0,2,1,3,11.5,7.0,8.0
1,17300,VEV_4000,,,1221.0,1,SELL,1221.0,1242.0,1231.5,-10.5,0.0,-21.0,False,False,0,2,1,3,12.5,7.5,7.5
1,17900,VEV_4000,,,1243.0,1,BUY,1223.0,1243.0,1233.0,10.0,20.0,0.0,False,False,0,2,1,3,-13.5,-16.5,-12.0
1,25700,VEV_4000,,,1241.0,3,BUY,1221.0,1241.0,1231.0,10.0,20.0,0.0,False,False,0,2,1,3,-10.5,-2.5,-6.5
1,36200,VEV_4000,,,1244.0,3,BUY,1223.0,1244.0,1233.5,10.5,21.0,0.0,False,False,0,2,1,3,-11.0,-12.0,-15.5
1,50200,VEV_4000,,,1236.0,2,SELL,1236.0,1257.0,1246.5,-10.5,0.0,-21.0,False,False,0,2,1,3,3.0,10.5,9.5
1,50300,VEV_4000,,,1257.0,3,BUY,1236.0,1257.0,1246.5,10.5,21.0,0.0,False,False,0,2,1,3,-13.5,-9.5,-11.5
1,53800,VEV_4000,,,1255.0,2,BUY,1234.0,1255.0,1244.5,10.5,21.0,0.0,False,False,0,2,1,3,-11.5,-9.5,-10.5
1,54400,VEV_4000,,,1234.0,3,SELL,1234.0,1255.0,1244.5,-10.5,0.0,-21.0,False,False,0,2,1,3,9.5,11.5,13.0
1,57600,VEV_4000,,,1257.0,3,BUY,1236.0,1257.0,1246.5,10.5,21.0,0.0,False,False,0,2,1,3,-8.5,-10.5,-13.5
1,62600,VEV_4000,,,1254.0,1,BUY,1233.0,1254.0,1243.5,10.5,21.0,0.0,False,False,0,2,1,3,-12.0,-11.5,-7.5
1,63100,VEV_4000,,,1252.0,3,BUY,1232.0,1252.0,1242.0,10.0,20.0,0.0,False,False,0,2,1,3,-6.5,-7.5,-5.5
1,68000,VEV_4000,,,1258.0,2,BUY,1237.0,1258.0,1247.5,10.5,21.0,0.0,False,False,0,2,1,3,-11.5,-14.5,-20.5
1,70500,VEV_4000,,,1232.0,1,SELL,1232.0,1252.0,1242.0,-10.0,0.0,-20.0,False,False,0,2,1,3,9.5,7.0,7.5
1,78300,VEV_4000,,,1229.0,3,SELL,1229.0,1250.0,1239.5,-10.5,0.0,-21.0,False,False,0,2,1,3,10.5,8.5,5.0
1,84300,VEV_4000,,,1243.0,1,BUY,1222.0,1243.0,1232.5,10.5,21.0,0.0,False,False,0,2,1,3,-8.5,-5.5,-0.5
1,89300,VEV_4000,,,1232.0,3,SELL,1232.0,1253.0,1242.5,-10.5,0.0,-21.0,False,False,0,2,1,3,6.0,9.5,11.5
1,102500,VEV_4000,,,1235.0,1,SELL,1235.0,1256.0,1245.5,-10.5,0.0,-21.0,False,False,0,2,1,3,12.5,14.5,27.5
1,102800,VEV_4000,,,1236.0,1,SELL,1236.0,1257.0,1246.5,-10.5,0.0,-21.0,False,False,0,2,1,3,10.5,13.5,27.5
1,129100,VEV_4000,,,1275.0,3,BUY,1253.0,1275.0,1264.0,11.0,22.0,0.0,False,True,0,2,1,3,-11.0,-9.5,-10.0
1,133100,VEV_4000,,,1253.0,3,SELL,1253.0,1274.0,1263.5,-10.5,0.0,-21.0,False,False,0,2,1,3,13.0,9.0,3.5
1,137000,VEV_4000,,,1252.0,3,SELL,1252.0,1273.0,1262.5,-10.5,0.0,-21.0,False,False,0,2,1,3,7.5,6.5,7.5
1,137300,VEV_4000,,,1251.0,3,SELL,1251.0,1272.0,1261.5,-10.5,0.0,-21.0,False,False,0,2,1,3,7.5,7.5,10.0
1,137600,VEV_4000,,,1269.0,3,BUY,1248.0,1269.0,1258.5,10.5,21.0,0.0,False,False,0,2,1,3,-12.5,-10.5,-6.5
1,147900,VEV_4000,,,1256.0,1,SELL,1256.0,1278.0,1267.0,-11.0,0.0,-22.0,False,False,0,2,1,3,8.5,10.5,1.5
1,154100,VEV_4000,,,1242.0,3,SELL,1242.0,1263.0,1252.5,-10.5,0.0,-21.0,False,False,0,2,1,3,11.5,6.0,11.5
1,156200,VEV_4000,,,1237.0,1,SELL,1237.0,1258.0,1247.5,-10.5,0.0,-21.0,False,False,0,2,1,3,10.5,18.5,16.5
1,167600,VEV_4000,,,1242.0,2,SELL,1242.0,1263.0,1252.5,-10.5,0.0,-21.0,False,False,0,2,1,3,11.5,12.5,6.5
1,168500,VEV_4000,,,1261.0,2,BUY,1250.0,1261.0,1255.5,5.5,11.0,0.0,False,False,0,2,1,3,-10.5,-18.0,-12.5
1,168700,VEV_4000,,,1260.0,1,BUY,1239.0,1260.0,1249.5,10.5,21.0,0.0,False,False,0,2,1,3,-9.5,-10.5,-11.5
1,170900,VEV_4000,,,1260.0,3,BUY,1239.0,1260.0,1249.5,10.5,21.0,0.0,False,False,0,2,1,3,-8.5,-12.5,-14.5
1,172400,VEV_4000,,,1238.0,1,SELL,1238.0,1259.0,1248.5,-10.5,0.0,-21.0,False,False,0,2,1,3,9.5,6.5,8.5
1,184200,VEV_4000,,,1251.0,3,BUY,1230.0,1251.0,1240.5,10.5,21.0,0.0,False,False,0,2,1,3,-9.5,-15.5,-14.5
1,194200,VEV_4000,,,1247.0,2,BUY,1226.0,1247.0,1236.5,10.5,21.0,0.0,False,False,0,2,1,3,-12.0,-11.5,-6.5
1,196700,VEV_4000,,,1225.0,1,SELL,1225.0,1246.0,1235.5,-10.5,0.0,-21.0,False,False,0,2,1,3,11.0,16.5,19.0
1,202300,VEV_4000,,,1252.0,3,BUY,1231.0,1252.0,1241.5,10.5,21.0,0.0,False,False,0,2,1,3,-9.5,-10.5,-6.5
1,206600,VEV_4000,,,1255.0,1,BUY,1234.0,1255.0,1244.5,10.5,21.0,0.0,False,False,0,2,1,3,-9.0,-8.5,-1.5
1,216000,VEV_4000,,,1263.0,1,BUY,1242.0,1263.0,1252.5,10.5,21.0,0.0,False,False,0,2,1,3,-12.5,-9.5,-19.5
1,217800,VEV_4000,,,1263.0,1,BUY,1242.0,1263.0,1252.5,10.5,21.0,0.0,False,False,0,2,1,3,-10.5,-13.5,-17.5
1,222900,VEV_4000,,,1236.0,3,SELL,1236.0,1257.0,1246.5,-10.5,0.0,-21.0,False,False,0,2,1,3,9.5,14.5,18.5
1,223300,VEV_4000,,,1257.0,2,BUY,1236.0,1257.0,1246.5,10.5,21.0,0.0,False,False,0,2,1,3,-8.5,-7.5,-5.5
1,224100,VEV_4000,,,1258.0,2,BUY,1237.0,1258.0,1247.5,10.5,21.0,0.0,False,False,0,2,1,3,-9.5,-4.0,-10.5
1,229100,VEV_4000,,,1258.0,1,BUY,1237.0,1258.0,1247.5,10.5,21.0,0.0,False,False,0,2,1,3,-11.5,-14.5,-14.5
1,250600,VEV_4000,,,1252.0,2,SELL,1252.0,1273.0,1262.5,-10.5,0.0,-21.0,False,False,0,2,1,3,11.5,15.0,11.5
1,251600,VEV_4000,,,1275.0,3,BUY,1254.0,1275.0,1264.5,10.5,21.0,0.0,False,False,0,2,1,3,-11.5,-10.5,-10.0
1,263100,VEV_4000,,,1268.0,3,BUY,1247.0,1268.0,1257.5,10.5,21.0,0.0,False,False,0,2,1,3,-14.5,-15.5,-22.5
1,265900,VEV_4000,,,1240.0,1,SELL,1240.0,1261.0,1250.5,-10.5,0.0,-21.0,False,False,0,2,1,3,10.5,6.5,17.5
1,268300,VEV_4000,,,1257.0,2,BUY,1236.0,1257.0,1246.5,10.5,21.0,0.0,False,False,50,2,1,3,-10.5,-3.5,3.5
1,271600,VEV_4000,,,1248.0,1,SELL,1248.0,1269.0,1258.5,-10.5,0.0,-21.0,False,False,0,2,1,3,11.5,13.0,4.5
1,281500,VEV_4000,,,1267.0,1,BUY,1246.0,1267.0,1256.5,10.5,21.0,0.0,False,False,0,2,1,3,-9.5,-10.5,-1.5
1,286600,VEV_4000,,,1277.0,2,BUY,1256.0,1277.0,1266.5,10.5,21.0,0.0,False,True,0,2,1,3,-9.5,-10.5,-5.5
1,288800,VEV_4000,,,1278.0,1,BUY,1257.0,1278.0,1267.5,10.5,21.0,0.0,False,True,0,2,1,3,-11.0,-4.5,-7.5
1,297500,VEV_4000,,,1262.0,1,SELL,1262.0,1284.0,1273.0,-11.0,0.0,-22.0,False,False,0,2,1,3,8.5,8.5,7.5
1,307100,VEV_4000,,,1279.0,1,BUY,1258.0,1279.0,1268.5,10.5,21.0,0.0,False,True,0,2,1,3,-8.0,-12.0,-14.5
1,323300,VEV_4000,,,1262.0,3,BUY,1241.0,1262.0,1251.5,10.5,21.0,0.0,False,False,0,2,1,3,-9.5,-14.5,-10.5
1,325300,VEV_4000,,,1237.0,2,SELL,1237.0,1258.0,1247.5,-10.5,0.0,-21.0,False,False,0,2,1,3,13.5,15.5,8.5
1,326300,VEV_4000,,,1261.0,1,BUY,1240.0,1261.0,1250.5,10.5,21.0,0.0,False,False,0,2,1,3,-8.5,-9.5,-17.5
1,328000,VEV_4000,,,1243.0,1,SELL,1243.0,1264.0,1253.5,-10.5,0.0,-21.0,False,False,50,2,1,3,8.5,3.5,-4.5
1,328400,VEV_4000,,,1240.0,1,SELL,1240.0,1261.0,1250.5,-10.5,0.0,-21.0,False,False,0,2,1,3,8.5,4.5,1.5
1,331400,VEV_4000,,,1232.0,1,SELL,1232.0,1253.0,1242.5,-10.5,0.0,-21.0,False,False,0,2,1,3,9.5,9.5,20.5
1,334900,VEV_4000,,,1237.0,1,SELL,1237.0,1258.0,1247.5,-10.5,0.0,-21.0,False,False,0,2,1,3,11.5,15.5,11.5
1,340100,VEV_4000,,,1260.0,2,BUY,1239.0,1260.0,1249.5,10.5,21.0,0.0,False,False,0,2,1,3,-9.5,-8.5,-14.0
1,350900,VEV_4000,,,1256.0,3,BUY,1235.0,1256.0,1245.5,10.5,21.0,0.0,False,False,0,2,1,3,-12.5,-11.5,-16.5
1,356800,VEV_4000,,,1234.0,2,SELL,1234.0,1255.0,1244.5,-10.5,0.0,-21.0,False,False,0,2,1,3,9.5,14.5,17.5
1,358300,VEV_4000,,,1237.0,3,SELL,1237.0,1258.0,1247.5,-10.5,0.0,-21.0,False,False,0,2,1,3,11.5,11.5,16.5
1,365000,VEV_4000,,,1242.0,2,SELL,1242.0,1263.0,1252.5,-10.5,0.0,-21.0,False,False,0,2,1,3,11.5,8.5,11.5
1,374800,VEV_4000,,,1242.0,3,SELL,1242.0,1263.0,1252.5,-10.5,0.0,-21.0,False,False,0,2,1,3,9.5,4.5,8.5
1,376300,VEV_4000,,,1236.0,2,SELL,1236.0,1257.0,1246.5,-10.5,0.0,-21.0,False,False,0,2,1,3,10.5,13.5,17.5
1,384200,VEV_4000,,,1239.0,1,SELL,1239.0,1260.0,1249.5,-10.5,0.0,-21.0,False,False,0,2,1,3,8.5,5.5,3.5
1,384500,VEV_4000,,,1238.0,3,SELL,1238.0,1259.0,1248.5,-10.5,0.0,-21.0,False,False,0,2,1,3,10.5,7.5,5.5
1,386800,VEV_4000,,,1257.0,2,BUY,1236.0,1257.0,1246.5,10.5,21.0,0.0,False,False,0,2,1,3,-10.5,-11.5,-13.0
1,390800,VEV_4000,,,1233.0,3,SELL,1233.0,1254.0,1243.5,-10.5,0.0,-21.0,False,False,0,2,1,3,11.5,10.5,9.5
1,399900,VEV_4000,,,1231.0,1,SELL,1231.0,1252.0,1241.5,-10.5,0.0,-21.0,False,False,0,2,1,3,12.5,13.5,14.5
1,419700,VEV_4000,,,1241.0,1,BUY,1220.0,1241.0,1230.5,10.5,21.0,0.0,False,False,0,2,1,3,-13.5,-12.5,-8.0
1,425400,VEV_4000,,,1246.0,1,BUY,1226.0,1246.0,1236.0,10.0,20.0,0.0,False,False,0,2,1,3,-12.0,-11.0,-17.5
1,437100,VEV_4000,,,1233.0,1,BUY,1223.0,1233.0,1228.0,5.0,10.0,0.0,False,False,50,2,1,3,-1.0,5.5,0.5
1,444000,VEV_4000,,,1230.0,3,SELL,1230.0,1251.0,1240.5,-10.5,0.0,-21.0,False,False,0,2,1,3,11.5,17.5,16.5
1,448700,VEV_4000,,,1238.0,3,SELL,1238.0,1259.0,1248.5,-10.5,0.0,-21.0,False,False,0,2,1,3,7.5,10.5,11.5
1,455400,VEV_4000,,,1257.0,1,BUY,1236.0,1257.0,1246.5,10.5,21.0,0.0,False,False,0,2,1,3,-10.5,-14.5,-12.0
1,459900,VEV_4000,,,1239.0,2,SELL,1239.0,1260.0,1249.5,-10.5,0.0,-21.0,False,False,0,2,1,3,6.0,16.5,12.5
1,464200,VEV_4000,,,1241.0,1,SELL,1241.0,1262.0,1251.5,-10.5,0.0,-21.0,False,False,0,2,1,3,12.5,13.5,14.5
1,475500,VEV_4000,,,1244.0,1,SELL,1244.0,1265.0,1254.5,-10.5,0.0,-21.0,False,False,0,2,1,3,12.5,14.5,4.5
1,480700,VEV_4000,,,1259.0,2,BUY,1238.0,1259.0,1248.5,10.5,21.0,0.0,False,False,0,2,1,3,-11.5,-13.5,-16.5
1,480900,VEV_4000,,,1239.0,2,SELL,1239.0,1260.0,1249.5,-10.5,0.0,-21.0,False,False,0,2,1,3,6.5,3.5,4.5
1,481300,VEV_4000,,,1257.0,3,BUY,1236.0,1257.0,1246.5,10.5,21.0,0.0,False,False,0,2,1,3,-13.5,-16.5,-14.5
1,483200,VEV_4000,,,1252.0,3,BUY,1231.0,1252.0,1241.5,10.5,21.0,0.0,False,False,0,2,1,3,-12.5,-10.5,-12.5
1,491100,VEV_4000,,,1233.0,3,SELL,1233.0,1254.0,1243.5,-10.5,0.0,-21.0,False,False,0,2,1,3,12.0,8.5,8.0
1,494700,VEV_4000,,,1228.0,2,SELL,1228.0,1249.0,1238.5,-10.5,0.0,-21.0,False,False,0,2,1,3,9.5,13.5,15.5
1,496300,VEV_4000,,,1230.0,2,SELL,1230.0,1251.0,1240.5,-10.5,0.0,-21.0,False,False,0,2,1,3,10.5,11.5,14.5
1,503500,VEV_4000,,,1240.0,3,SELL,1240.0,1261.0,1250.5,-10.5,0.0,-21.0,False,False,0,2,1,3,9.5,17.5,21.5
1,509100,VEV_4000,,,1250.0,3,SELL,1250.0,1271.0,1260.5,-10.5,0.0,-21.0,False,False,0,2,1,3,11.0,16.5,13.5
1,517900,VEV_4000,,,1249.0,1,SELL,1249.0,1270.0,1259.5,-10.5,0.0,-21.0,False,False,0,2,1,3,10.0,10.5,9.5
1,518800,VEV_4000,,,1271.0,1,BUY,1250.0,1271.0,1260.5,10.5,21.0,0.0,False,False,0,2,1,3,-14.5,-9.5,-10.5
1,519100,VEV_4000,,,1246.0,2,SELL,1246.0,1268.0,1257.0,-11.0,0.0,-22.0,False,False,0,2,1,3,12.5,12.5,12.5
1,521100,VEV_4000,,,1248.0,2,SELL,1248.0,1269.0,1258.5,-10.5,0.0,-21.0,False,False,0,2,1,3,11.5,10.0,6.5
1,525500,VEV_4000,,,1247.0,1,SELL,1247.0,1268.0,1257.5,-10.5,0.0,-21.0,False,False,0,2,1,3,7.5,2.5,4.5
1,544500,VEV_4000,,,1246.0,2,BUY,1226.0,1246.0,1236.0,10.0,20.0,0.0,False,False,0,2,1,3,-8.5,-11.5,-12.5
1,550300,VEV_4000,,,1242.0,1,BUY,1222.0,1242.0,1232.0,10.0,20.0,0.0,False,False,0,2,1,3,-10.0,-10.0,-9.5
1,550900,VEV_4000,,,1221.0,2,SELL,1221.0,1242.0,1231.5,-10.5,0.0,-21.0,False,False,0,2,1,3,12.5,10.5,5.5
1,552600,VEV_4000,,,1244.0,3,BUY,1223.0,1244.0,1233.5,10.5,21.0,0.0,False,False,0,2,1,3,-20.0,-14.5,-18.0
1,556900,VEV_4000,,,1219.0,3,SELL,1219.0,1239.0,1229.0,-10.0,0.0,-20.0,True,False,0,2,1,3,9.5,7.5,12.5
1,567700,VEV_4000,,,1246.0,1,BUY,1225.0,1246.0,1235.5,10.5,21.0,0.0,False,False,0,2,1,3,-11.5,-10.0,-12.0
1,568800,VEV_4000,,,1250.0,2,BUY,1229.0,1250.0,1239.5,10.5,21.0,0.0,False,False,0,2,1,3,-11.5,-12.5,-15.0
1,569900,VEV_4000,,,1227.0,1,SELL,1227.0,1248.0,1237.5,-10.5,0.0,-21.0,False,False,0,2,1,3,7.5,11.5,7.0
1,576700,VEV_4000,,,1245.0,2,BUY,1224.0,1245.0,1234.5,10.5,21.0,0.0,False,False,0,2,1,3,-9.0,-8.5,-11.0
1,589100,VEV_4000,,,1234.0,3,SELL,1234.0,1255.0,1244.5,-10.5,0.0,-21.0,False,False,0,2,1,3,9.5,7.5,5.5
1,599600,VEV_4000,,,1226.0,1,SELL,1226.0,1247.0,1236.5,-10.5,0.0,-21.0,False,False,50,2,1,3,7.0,7.5,-2.0
1,600100,VEV_4000,,,1223.0,2,SELL,1223.0,1243.0,1233.0,-10.0,0.0,-20.0,False,False,0,2,1,3,9.0,5.5,5.5
1,601200,VEV_4000,,,1223.0,1,SELL,1223.0,1244.0,1233.5,-10.5,0.0,-21.0,False,False,0,2,1,3,8.5,8.5,4.5
1,608100,VEV_4000,,,1230.0,2,BUY,1209.0,1230.0,1219.5,10.5,21.0,0.0,False,False,0,2,1,3,-12.0,-6.5,-3.0
1,621700,VEV_4000,,,1245.0,3,BUY,1224.0,1245.0,1234.5,10.5,21.0,0.0,False,False,0,2,1,3,-10.5,-6.5,-15.0
1,622800,VEV_4000,,,1227.0,1,SELL,1227.0,1248.0,1237.5,-10.5,0.0,-21.0,False,False,0,2,1,3,10.5,10.5,2.0
1,631500,VEV_4000,,,1230.0,3,BUY,1210.0,1230.0,1220.0,10.0,20.0,0.0,False,False,0,2,1,3,-9.5,-13.0,-11.0
1,645000,VEV_4000,,,1218.0,3,BUY,1198.0,1218.0,1208.0,10.0,20.0,0.0,True,False,0,2,1,3,-9.0,-13.0,-16.5
1,647200,VEV_4000,,,1196.0,3,SELL,1196.0,1216.0,1206.0,-10.0,0.0,-20.0,True,False,0,2,1,3,10.0,4.0,4.0
1,671200,VEV_4000,,,1209.0,3,SELL,1209.0,1229.0,1219.0,-10.0,0.0,-20.0,False,False,0,2,1,3,10.5,13.0,21.0
1,675700,VEV_4000,,,1218.0,1,SELL,1218.0,1238.0,1228.0,-10.0,0.0,-20.0,False,False,0,2,1,3,12.0,7.5,3.5
1,680600,VEV_4000,,,1212.0,3,SELL,1212.0,1232.0,1222.0,-10.0,0.0,-20.0,False,False,0,2,1,3,9.5,12.5,19.0
1,682600,VEV_4000,,,1214.0,1,SELL,1214.0,1235.0,1224.5,-10.5,0.0,-21.0,False,False,0,2,1,3,10.5,14.5,19.5
1,688900,VEV_4000,,,1226.0,2,SELL,1226.0,1247.0,1236.5,-10.5,0.0,-21.0,False,False,0,2,1,3,8.5,14.5,11.0
1,696000,VEV_4000,,,1227.0,3,SELL,1227.0,1248.0,1237.5,-10.5,0.0,-21.0,False,False,0,2,1,3,11.5,8.5,14.5
1,719600,VEV_4000,,,1254.0,2,SELL,1254.0,1275.0,1264.5,-10.5,0.0,-21.0,False,False,0,2,1,3,11.5,11.0,14.5
1,721900,VEV_4000,,,1253.0,3,SELL,1253.0,1275.0,1264.0,-11.0,0.0,-22.0,False,False,0,2,1,3,10.0,17.0,5.5
1,738100,VEV_4000,,,1282.0,2,BUY,1261.0,1282.0,1271.5,10.5,21.0,0.0,False,True,0,2,1,3,-11.5,-19.5,-16.0
1,743600,VEV_4000,,,1259.0,3,SELL,1259.0,1280.0,1269.5,-10.5,0.0,-21.0,False,False,0,2,1,3,12.5,17.5,15.0
1,743800,VEV_4000,,,1279.0,3,BUY,1258.0,1279.0,1268.5,10.5,21.0,0.0,False,False,0,2,1,3,-5.0,-2.5,-3.5
1,747400,VEV_4000,,,1264.0,3,SELL,1264.0,1285.0,1274.5,-10.5,0.0,-21.0,False,False,0,2,1,3,6.5,9.5,11.5
1,747700,VEV_4000,,,1261.0,3,SELL,1261.0,1282.0,1271.5,-10.5,0.0,-21.0,False,False,0,2,1,3,11.0,13.5,7.5
1,753400,VEV_4000,,,1253.0,3,SELL,1253.0,1275.0,1264.0,-11.0,0.0,-22.0,False,False,0,2,1,3,7.5,10.5,20.5
1,756300,VEV_4000,,,1276.0,2,BUY,1255.0,1276.0,1265.5,10.5,21.0,0.0,False,False,0,2,1,3,-10.5,-4.0,-4.0
1,762700,VEV_4000,,,1261.0,2,SELL,1261.0,1283.0,1272.0,-11.0,0.0,-22.0,False,False,0,2,1,3,10.5,9.5,13.5
1,764300,VEV_4000,,,1258.0,2,SELL,1258.0,1280.0,1269.0,-11.0,0.0,-22.0,False,False,0,2,1,3,10.5,13.5,13.5
1,772000,VEV_4000,,,1273.0,3,BUY,1252.0,1273.0,1262.5,10.5,21.0,0.0,False,False,0,2,1,3,-10.5,-10.0,-6.0
1,775300,VEV_4000,,,1250.0,1,SELL,1250.0,1271.0,1260.5,-10.5,0.0,-21.0,False,False,0,2,1,3,11.5,13.5,9.0
1,783300,VEV_4000,,,1249.0,3,SELL,1249.0,1270.0,1259.5,-10.5,0.0,-21.0,False,False,0,2,1,3,12.5,5.5,10.5
1,786900,VEV_4000,,,1250.0,1,SELL,1250.0,1271.0,1260.5,-10.5,0.0,-21.0,False,False,0,2,1,3,7.5,11.0,9.5
1,789200,VEV_4000,,,1250.0,3,SELL,1250.0,1272.0,1261.0,-11.0,0.0,-22.0,False,False,0,2,1,3,13.5,11.5,5.5
1,801000,VEV_4000,,,1259.0,2,BUY,1238.0,1259.0,1248.5,10.5,21.0,0.0,False,False,0,2,1,3,-9.5,-20.5,-11.5
1,804900,VEV_4000,,,1230.0,1,SELL,1230.0,1250.0,1240.0,-10.0,0.0,-20.0,False,False,0,2,1,3,11.5,19.5,14.5
1,821300,VEV_4000,,,1233.0,2,SELL,1233.0,1254.0,1243.5,-10.5,0.0,-21.0,False,False,0,2,1,3,12.5,15.5,14.5
1,848200,VEV_4000,,,1272.0,2,BUY,1251.0,1272.0,1261.5,10.5,21.0,0.0,False,False,0,2,1,3,-8.5,-8.5,-3.0
1,849200,VEV_4000,,,1256.0,2,SELL,1256.0,1277.0,1266.5,-10.5,0.0,-21.0,False,False,20,2,1,3,10.0,-1.0,18.5
1,855500,VEV_4000,,,1264.0,3,SELL,1264.0,1285.0,1274.5,-10.5,0.0,-21.0,False,False,50,2,1,3,8.0,1.5,-4.0
1,867800,VEV_4000,,,1261.0,2,BUY,1240.0,1261.0,1250.5,10.5,21.0,0.0,False,False,0,2,1,3,-10.5,-15.5,-19.5
1,870100,VEV_4000,,,1236.0,3,SELL,1236.0,1257.0,1246.5,-10.5,0.0,-21.0,False,False,0,2,1,3,9.5,8.5,3.5
1,870200,VEV_4000,,,1257.0,3,BUY,1236.0,1257.0,1246.5,10.5,21.0,0.0,False,False,0,2,1,3,-11.5,-13.0,-17.5
1,881400,VEV_4000,,,1229.0,1,SELL,1229.0,1250.0,1239.5,-10.5,0.0,-21.0,False,False,0,2,1,3,16.5,19.5,28.5
1,886300,VEV_4000,,,1246.0,3,SELL,1246.0,1267.0,1256.5,-10.5,0.0,-21.0,False,False,0,2,1,3,9.5,4.5,3.5
1,888300,VEV_4000,,,1261.0,2,BUY,1240.0,1261.0,1250.5,10.5,21.0,0.0,False,False,0,2,1,3,-10.5,-17.5,-9.5
1,900800,VEV_4000,,,1261.0,3,BUY,1240.0,1261.0,1250.5,10.5,21.0,0.0,False,False,0,2,1,3,-8.5,-5.5,-4.5
1,901600,VEV_4000,,,1264.0,1,BUY,1243.0,1264.0,1253.5,10.5,21.0,0.0,False,False,0,2,1,3,-8.5,-3.0,-12.5
1,903400,VEV_4000,,,1271.0,1,BUY,1249.0,1271.0,1260.0,11.0,22.0,0.0,False,False,0,2,1,3,-12.5,-13.5,-14.5
1,915200,VEV_4000,,,1253.0,2,SELL,1253.0,1275.0,1264.0,-11.0,0.0,-22.0,False,False,0,2,1,3,14.5,7.5,19.5
1,925400,VEV_4000,,,1264.0,3,SELL,1264.0,1285.0,1274.5,-10.5,0.0,-21.0,False,False,0,2,1,3,13.0,13.5,7.5
1,929100,VEV_4000,,,1289.0,2,BUY,1268.0,1289.0,1278.5,10.5,21.0,0.0,False,True,0,2,1,3,-13.0,-15.0,-22.5
1,937700,VEV_4000,,,1249.0,3,SELL,1249.0,1271.0,1260.0,-11.0,0.0,-22.0,False,False,0,2,1,3,14.5,14.5,0.5
1,953400,VEV_4000,,,1270.0,2,BUY,1249.0,1270.0,1259.5,10.5,21.0,0.0,False,False,0,2,1,3,-9.5,-4.5,-4.5
1,962900,VEV_4000,,,1279.0,1,BUY,1257.0,1279.0,1268.0,11.0,22.0,0.0,False,False,0,2,1,3,-10.0,-2.5,-8.5
1,968200,VEV_4000,,,1261.0,1,SELL,1261.0,1282.0,1271.5,-10.5,0.0,-21.0,False,False,50,2,1,3,9.5,3.5,-3.0
1,977200,VEV_4000,,,1267.0,1,BUY,1246.0,1267.0,1256.5,10.5,21.0,0.0,False,False,0,2,1,3,-9.5,-8.5,-12.5
1,979700,VEV_4000,,,1270.0,2,BUY,1249.0,1270.0,1259.5,10.5,21.0,0.0,False,False,0,2,1,3,-9.5,-9.5,-18.5
1,997300,VEV_4000,,,1261.0,2,SELL,1261.0,1282.0,1271.5,-10.5,0.0,-21.0,False,False,0,2,1,3,9.0,9.5,
1,998500,VEV_4000,,,1280.0,3,BUY,1259.0,1280.0,1269.5,10.5,21.0,0.0,False,False,0,2,1,3,-12.5,,
1,437100,VEV_4500,,,733.0,1,BUY,726.0,733.0,729.5,3.5,7.0,0.0,True,True,20,,,,-1.0,5.5,0.0
1,437100,VEV_5000,,,238.0,1,BUY,236.0,238.0,237.0,1.0,2.0,0.0,True,True,50,,,,-0.5,6.0,1.0
1,437100,VEV_5100,,,152.0,1,BUY,150.0,152.0,151.0,1.0,2.0,0.0,True,True,20,,,,-1.0,4.5,0.0
1,322600,VEV_5200,,,98.0,4,SELL,98.0,100.0,99.0,-1.0,0.0,-2.0,True,True,20,5,4,5,1.5,-1.5,0.5
1,437100,VEV_5200,,,87.0,1,BUY,86.0,87.0,86.5,0.5,1.0,0.0,True,False,20,2,1,3,-0.5,3.0,0.0
1,564300,VEV_5200,,,84.0,2,SELL,84.0,86.0,85.0,-1.0,0.0,-2.0,True,False,0,2,1,3,1.5,3.5,4.5
1,624400,VEV_5200,,,88.0,2,SELL,88.0,90.0,89.0,-1.0,0.0,-2.0,False,False,50,2,1,3,0.5,-3.5,-11.0
1,636100,VEV_5200,,,79.0,4,SELL,79.0,81.0,80.0,-1.0,0.0,-2.0,True,False,50,5,4,5,-1.5,-5.0,-5.5
1,642100,VEV_5200,,,74.0,4,SELL,74.0,76.0,75.0,-1.0,0.0,-2.0,True,False,50,5,4,5,0.5,-0.5,-4.0
1,988100,VEV_5200,,,94.0,5,SELL,94.0,96.0,95.0,-1.0,0.0,-2.0,False,False,0,5,4,5,0.5,3.5,5.5
1,14800,VEV_5300,,,42.0,4,SELL,42.0,44.0,43.0,-1.0,0.0,-2.0,True,True,50,4,3,5,1.0,0.0,-1.0
1,16700,VEV_5300,,,41.0,2,SELL,41.0,43.0,42.0,-1.0,0.0,-2.0,True,False,0,2,1,2,1.0,0.0,0.0
1,40400,VEV_5300,,,41.0,4,SELL,41.0,43.0,42.0,-1.0,0.0,-2.0,False,False,0,4,3,5,1.0,0.0,4.0
1,74100,VEV_5300,,,42.0,3,SELL,42.0,44.0,43.0,-1.0,0.0,-2.0,False,False,0,4,3,5,2.0,2.0,2.0
1,85300,VEV_5300,,,42.0,2,SELL,42.0,44.0,43.0,-1.0,0.0,-2.0,False,False,0,2,1,2,1.0,2.0,4.0
1,89800,VEV_5300,,,45.0,4,SELL,45.0,47.0,46.0,-1.0,0.0,-2.0,False,True,0,4,3,5,1.0,0.0,1.0
1,135900,VEV_5300,,,52.0,3,SELL,52.0,54.0,53.0,-1.0,0.0,-2.0,False,True,50,4,3,5,1.0,-1.0,-2.0
1,150600,VEV_5300,,,53.0,2,SELL,53.0,55.0,54.0,-1.0,0.0,-2.0,False,True,50,2,1,2,1.0,-3.0,-6.0
1,170500,VEV_5300,,,46.0,3,SELL,46.0,48.0,47.0,-1.0,0.0,-2.0,False,False,0,4,3,5,0.0,1.0,0.0
1,172500,VEV_5300,,,46.0,5,SELL,46.0,48.0,47.0,-1.0,0.0,-2.0,False,False,20,4,3,5,0.0,-1.0,0.0
1,190100,VEV_5300,,,42.0,3,SELL,42.0,44.0,43.0,-1.0,0.0,-2.0,False,False,50,4,3,5,0.0,0.0,-1.0
1,195600,VEV_5300,,,41.0,3,SELL,41.0,43.0,42.0,-1.0,0.0,-2.0,False,False,0,4,3,5,0.0,2.0,3.0
1,252500,VEV_5300,,,53.0,2,SELL,53.0,55.0,54.0,-1.0,0.0,-2.0,False,False,0,2,1,2,1.0,1.0,1.0
1,376600,VEV_5300,,,46.0,5,SELL,46.0,48.0,47.0,-1.0,0.0,-2.0,False,False,0,4,3,5,2.0,1.5,3.0
1,377900,VEV_5300,,,47.0,2,SELL,47.0,49.0,48.0,-1.0,0.0,-2.0,False,False,0,2,1,2,1.0,2.0,1.5
1,437100,VEV_5300,,,41.0,1,BUY,40.0,41.0,40.5,0.5,1.0,0.0,False,False,20,2,1,2,0.0,2.0,0.0
1,460400,VEV_5300,,,47.0,3,SELL,47.0,49.0,48.0,-1.0,0.0,-2.0,False,False,0,4,3,5,2.0,3.0,2.0
1,489700,VEV_5300,,,43.0,4,SELL,43.0,45.0,44.0,-1.0,0.0,-2.0,False,False,0,4,3,5,1.0,3.0,0.0
1,519500,VEV_5300,,,50.0,4,SELL,50.0,52.0,51.0,-1.0,0.0,-2.0,False,False,0,4,3,5,1.0,1.0,1.0
1,553100,VEV_5300,,,39.0,4,SELL,39.0,41.0,40.0,-1.0,0.0,-2.0,True,False,0,4,3,5,0.0,2.0,0.0
1,564300,VEV_5300,,,40.0,2,SELL,40.0,42.0,41.0,-1.0,0.0,-2.0,False,False,0,2,1,2,1.0,2.0,3.0
1,568900,VEV_5300,,,43.0,4,SELL,43.0,45.0,44.0,-1.0,0.0,-2.0,False,False,50,4,3,5,0.0,0.0,-1.0
1,588200,VEV_5300,,,45.0,4,SELL,45.0,47.0,46.0,-1.0,0.0,-2.0,False,False,50,4,3,5,1.0,-1.0,-2.0
1,604600,VEV_5300,,,39.0,5,SELL,39.0,41.0,40.0,-1.0,0.0,-2.0,False,False,50,4,3,5,1.0,-1.0,-1.0
1,617900,VEV_5300,,,40.0,2,SELL,40.0,42.0,41.0,-1.0,0.0,-2.0,False,False,0,2,1,2,0.0,1.0,2.0
1,618300,VEV_5300,,,40.0,2,SELL,40.0,42.0,41.0,-1.0,0.0,-2.0,False,False,0,2,1,2,0.0,0.0,2.0
1,624400,VEV_5300,,,42.0,2,SELL,42.0,44.0,43.0,-1.0,0.0,-2.0,False,False,50,2,1,2,0.0,-2.0,-6.5
1,636100,VEV_5300,,,37.0,4,SELL,37.0,39.0,38.0,-1.0,0.0,-2.0,True,False,50,4,3,5,-1.0,-3.0,-3.0
1,642100,VEV_5300,,,34.0,4,SELL,34.0,36.0,35.0,-1.0,0.0,-2.0,True,False,50,4,3,5,0.5,0.0,-2.0
1,674000,VEV_5300,,,37.0,3,SELL,37.0,39.0,38.0,-1.0,0.0,-2.0,False,False,0,4,3,5,2.0,2.0,1.0
1,710500,VEV_5300,,,49.0,5,SELL,49.0,51.0,50.0,-1.0,0.0,-2.0,False,False,0,4,3,5,1.0,3.0,7.0
1,720500,VEV_5300,,,53.0,2,SELL,53.0,55.0,54.0,-1.0,0.0,-2.0,False,False,20,2,1,2,0.0,-0.5,0.0
1,725000,VEV_5300,,,53.0,4,SELL,53.0,55.0,54.0,-1.0,0.0,-2.0,False,False,20,4,3,5,0.0,-2.0,1.0
1,800400,VEV_5300,,,45.0,3,SELL,45.0,47.0,46.0,-1.0,0.0,-2.0,False,False,50,4,3,5,1.0,-1.0,-2.0
1,807800,VEV_5300,,,45.0,3,SELL,45.0,47.0,46.0,-1.0,0.0,-2.0,False,False,50,4,3,5,1.5,-1.0,-5.0
1,812600,VEV_5300,,,40.0,4,SELL,40.0,42.0,41.0,-1.0,0.0,-2.0,False,False,20,4,3,5,-1.0,-1.0,0.0
1,848900,VEV_5300,,,51.0,5,SELL,51.0,53.0,52.0,-1.0,0.0,-2.0,False,False,0,4,3,5,2.0,0.0,4.0
1,948500,VEV_5300,,,45.0,4,SELL,45.0,47.0,46.0,-1.0,0.0,-2.0,False,False,0,4,3,5,1.0,3.0,5.0
1,988100,VEV_5300,,,46.0,5,SELL,46.0,48.0,47.0,-1.0,0.0,-2.0,False,False,0,4,3,5,1.0,3.0,4.0
1,4500,VEV_5400,,,18.0,2,SELL,18.0,19.0,18.5,-0.5,0.0,-1.0,True,True,50,2,2,3,0.0,0.0,-1.0
1,9600,VEV_5400,,,16.0,4,SELL,16.0,18.0,17.0,-1.0,0.0,-2.0,True,False,50,4,4,5,0.5,0.0,-1.5
1,14800,VEV_5400,,,14.0,4,SELL,14.0,16.0,15.0,-1.0,0.0,-2.0,True,False,50,4,4,5,0.5,0.5,-0.5
1,16700,VEV_5400,,,14.0,2,SELL,14.0,15.0,14.5,-0.5,0.0,-1.0,False,False,20,2,2,3,0.5,-0.5,0.0
1,40400,VEV_5400,,,14.0,4,SELL,14.0,15.0,14.5,-0.5,0.0,-1.0,False,False,0,4,4,5,0.0,0.0,2.0
1,43400,VEV_5400,,,13.0,5,SELL,13.0,15.0,14.0,-1.0,0.0,-2.0,True,False,0,4,4,5,1.5,3.0,3.5
1,50700,VEV_5400,,,16.0,5,SELL,16.0,17.0,16.5,-0.5,0.0,-1.0,False,False,0,4,4,5,0.5,1.0,0.5
1,52800,VEV_5400,,,16.0,3,SELL,16.0,17.0,16.5,-0.5,0.0,-1.0,False,False,0,2,2,3,0.5,0.5,1.0
1,74100,VEV_5400,,,14.0,3,SELL,14.0,15.0,14.5,-0.5,0.0,-1.0,False,False,0,2,2,3,1.5,1.5,1.0
1,85300,VEV_5400,,,14.0,2,SELL,14.0,15.0,14.5,-0.5,0.0,-1.0,False,False,0,2,2,3,0.5,1.5,2.0
1,86100,VEV_5400,,,14.0,5,SELL,14.0,16.0,15.0,-1.0,0.0,-2.0,False,False,0,4,4,5,0.5,1.5,1.5
1,89800,VEV_5400,,,15.0,4,SELL,15.0,17.0,16.0,-1.0,0.0,-2.0,False,False,0,4,4,5,1.0,0.5,1.5
1,120300,VEV_5400,,,18.0,4,SELL,18.0,19.0,18.5,-0.5,0.0,-1.0,False,False,0,4,4,5,1.5,2.0,2.0
1,135900,VEV_5400,,,19.0,3,SELL,19.0,21.0,20.0,-1.0,0.0,-2.0,False,True,50,2,2,3,1.0,0.0,-0.5
1,145500,VEV_5400,,,19.0,2,SELL,19.0,20.0,19.5,-0.5,0.0,-1.0,False,False,0,2,2,3,1.0,2.0,1.0
1,150600,VEV_5400,,,20.0,2,SELL,20.0,21.0,20.5,-0.5,0.0,-1.0,False,True,50,2,2,3,0.5,-1.5,-3.0
1,153000,VEV_5400,,,18.0,4,SELL,18.0,19.0,18.5,-0.5,0.0,-1.0,False,False,0,4,4,5,0.5,0.0,0.0
1,170400,VEV_5400,,,17.0,5,SELL,17.0,18.0,17.5,-0.5,0.0,-1.0,False,False,0,4,4,5,0.5,0.5,0.0
1,172500,VEV_5400,,,17.0,5,SELL,17.0,18.0,17.5,-0.5,0.0,-1.0,False,False,50,4,4,5,0.0,-0.5,-0.5
1,190100,VEV_5400,,,15.0,3,SELL,15.0,16.0,15.5,-0.5,0.0,-1.0,False,False,50,2,2,3,0.0,0.0,-0.5
1,195600,VEV_5400,,,14.0,3,SELL,14.0,15.0,14.5,-0.5,0.0,-1.0,False,False,0,2,2,3,0.5,1.5,1.5
1,206200,VEV_5400,,,16.0,3,SELL,16.0,17.0,16.5,-0.5,0.0,-1.0,False,False,0,2,2,3,0.5,1.0,2.0
1,235300,VEV_5400,,,16.0,3,SELL,16.0,17.0,16.5,-0.5,0.0,-1.0,False,False,0,2,2,3,0.5,1.0,2.0
1,252500,VEV_5400,,,19.0,2,SELL,19.0,21.0,20.0,-1.0,0.0,-2.0,False,False,0,2,2,3,1.0,1.0,1.0
1,304000,VEV_5400,,,19.0,3,SELL,19.0,21.0,20.0,-1.0,0.0,-2.0,False,False,0,2,2,3,1.0,0.5,1.0
1,310100,VEV_5400,,,20.0,5,SELL,20.0,21.0,20.5,-0.5,0.0,-1.0,False,False,50,4,4,5,0.0,-0.5,-3.5
1,322000,VEV_5400,,,16.0,2,SELL,16.0,18.0,17.0,-1.0,0.0,-2.0,False,False,0,2,2,3,1.0,1.0,1.5
1,350300,VEV_5400,,,15.0,4,SELL,15.0,17.0,16.0,-1.0,0.0,-2.0,False,False,0,4,4,5,0.5,0.5,0.0
1,376600,VEV_5400,,,15.0,5,SELL,15.0,16.0,15.5,-0.5,0.0,-1.0,False,False,0,4,4,5,1.5,1.0,1.5
1,399700,VEV_5400,,,14.0,5,SELL,14.0,15.0,14.5,-0.5,0.0,-1.0,False,False,0,4,4,5,0.5,1.5,1.5
1,410400,VEV_5400,,,13.0,3,SELL,13.0,14.0,13.5,-0.5,0.0,-1.0,False,False,0,2,2,3,0.5,0.5,0.5
1,428000,VEV_5400,,,13.0,2,SELL,13.0,14.0,13.5,-0.5,0.0,-1.0,False,False,0,2,2,3,0.5,0.5,0.0
1,437100,VEV_5400,,,13.0,4,SELL,13.0,14.0,13.5,-0.5,0.0,-1.0,False,False,0,4,4,5,0.5,1.5,0.5
1,455700,VEV_5400,,,15.0,4,SELL,15.0,16.0,15.5,-0.5,0.0,-1.0,False,False,20,4,4,5,0.5,-0.5,1.5
1,460400,VEV_5400,,,16.0,3,SELL,16.0,17.0,16.5,-0.5,0.0,-1.0,False,False,0,2,2,3,0.5,1.5,1.0
1,476500,VEV_5400,,,17.0,2,SELL,17.0,18.0,17.5,-0.5,0.0,-1.0,False,False,50,2,2,3,0.5,0.0,-1.5
1,489700,VEV_5400,,,14.0,4,SELL,14.0,15.0,14.5,-0.5,0.0,-1.0,False,False,0,4,4,5,0.5,1.5,0.5
1,519500,VEV_5400,,,17.0,4,SELL,17.0,18.0,17.5,-0.5,0.0,-1.0,False,False,0,4,4,5,0.5,0.5,0.5
1,524000,VEV_5400,,,17.0,4,SELL,17.0,18.0,17.5,-0.5,0.0,-1.0,False,False,50,4,4,5,0.5,-0.5,-0.5
1,547600,VEV_5400,,,12.0,4,SELL,12.0,13.0,12.5,-0.5,0.0,-1.0,True,False,0,4,4,5,0.5,0.5,0.5
1,548400,VEV_5400,,,12.0,5,SELL,12.0,13.0,12.5,-0.5,0.0,-1.0,False,False,0,4,4,5,0.0,0.5,0.0
1,564300,VEV_5400,,,12.0,2,SELL,12.0,13.0,12.5,-0.5,0.0,-1.0,False,False,0,2,2,3,0.5,1.5,1.5
1,567200,VEV_5400,,,13.0,2,SELL,13.0,14.0,13.5,-0.5,0.0,-1.0,False,False,0,2,2,3,0.5,0.5,0.0
1,568900,VEV_5400,,,13.0,4,SELL,13.0,14.0,13.5,-0.5,0.0,-1.0,False,False,0,4,4,5,0.5,0.5,0.0
1,574800,VEV_5400,,,12.0,2,SELL,12.0,13.0,12.5,-0.5,0.0,-1.0,False,False,0,2,2,3,0.5,0.5,0.5
1,588200,VEV_5400,,,14.0,4,SELL,14.0,15.0,14.5,-0.5,0.0,-1.0,False,False,50,4,4,5,0.5,-0.5,-0.5
1,604600,VEV_5400,,,11.0,5,SELL,11.0,13.0,12.0,-1.0,0.0,-2.0,True,False,0,4,4,5,0.5,0.5,0.5
1,617900,VEV_5400,,,12.0,2,SELL,12.0,13.0,12.5,-0.5,0.0,-1.0,False,False,0,2,2,3,0.5,0.5,1.5
1,618300,VEV_5400,,,12.0,2,SELL,12.0,13.0,12.5,-0.5,0.0,-1.0,False,False,0,2,2,3,0.5,0.5,1.5
1,624400,VEV_5400,,,13.0,2,SELL,13.0,14.0,13.5,-0.5,0.0,-1.0,False,False,50,2,2,3,0.5,-0.5,-2.5
1,631700,VEV_5400,,,10.0,3,SELL,10.0,11.0,10.5,-0.5,0.0,-1.0,True,False,0,2,2,3,0.5,0.5,0.5
1,642100,VEV_5400,,,9.0,4,SELL,9.0,10.0,9.5,-0.5,0.0,-1.0,True,False,50,4,4,5,0.5,0.5,-0.5
1,654200,VEV_5400,,,8.0,2,SELL,8.0,9.0,8.5,-0.5,0.0,-1.0,True,False,0,2,2,3,1.0,0.5,1.5
1,674000,VEV_5400,,,10.0,3,SELL,10.0,11.0,10.5,-0.5,0.0,-1.0,False,False,0,2,2,3,1.0,1.5,0.5
1,684000,VEV_5400,,,11.0,5,SELL,11.0,12.0,11.5,-0.5,0.0,-1.0,False,False,0,4,4,5,0.5,0.5,1.5
1,701200,VEV_5400,,,13.0,2,SELL,13.0,14.0,13.5,-0.5,0.0,-1.0,False,False,0,2,2,3,0.5,1.5,3.0
1,703200,VEV_5400,,,14.0,5,SELL,14.0,15.0,14.5,-0.5,0.0,-1.0,False,False,0,4,4,5,1.0,1.5,1.0
1,710500,VEV_5400,,,15.0,5,SELL,15.0,16.0,15.5,-0.5,0.0,-1.0,False,False,0,4,4,5,1.0,1.5,4.0
1,715000,VEV_5400,,,18.0,5,SELL,18.0,19.0,18.5,-0.5,0.0,-1.0,False,False,0,4,4,5,1.0,0.5,0.0
1,720500,VEV_5400,,,17.0,2,SELL,17.0,18.0,17.5,-0.5,0.0,-1.0,False,False,0,2,2,3,0.5,0.0,0.5
1,725000,VEV_5400,,,17.0,4,SELL,17.0,19.0,18.0,-1.0,0.0,-2.0,False,False,20,4,4,5,0.5,-0.5,0.5
1,735100,VEV_5400,,,21.0,4,SELL,21.0,22.0,21.5,-0.5,0.0,-1.0,False,True,50,4,4,5,-0.5,-1.5,-4.0
1,741900,VEV_5400,,,17.0,4,SELL,17.0,19.0,18.0,-1.0,0.0,-2.0,False,False,0,4,4,5,0.5,1.5,3.0
1,746300,VEV_5400,,,20.0,4,SELL,20.0,21.0,20.5,-0.5,0.0,-1.0,False,False,50,4,4,5,0.0,-0.5,-2.0
1,754200,VEV_5400,,,16.0,3,SELL,16.0,17.0,16.5,-0.5,0.0,-1.0,False,False,0,2,2,3,1.0,1.5,3.5
1,760000,VEV_5400,,,19.0,2,SELL,19.0,21.0,20.0,-1.0,0.0,-2.0,False,False,50,2,2,3,0.5,0.0,-1.0
1,785800,VEV_5400,,,15.0,3,SELL,15.0,16.0,15.5,-0.5,0.0,-1.0,False,False,0,2,2,3,0.0,1.0,1.5
1,798100,VEV_5400,,,15.0,4,SELL,15.0,16.0,15.5,-0.5,0.0,-1.0,False,False,50,4,4,5,0.5,-0.5,-2.5
1,801800,VEV_5400,,,13.0,2,SELL,13.0,14.0,13.5,-0.5,0.0,-1.0,False,False,20,2,2,3,0.5,-0.5,1.0
1,807800,VEV_5400,,,13.0,3,SELL,13.0,15.0,14.0,-1.0,0.0,-2.0,False,False,50,2,2,3,1.5,0.0,-1.5
1,812600,VEV_5400,,,11.0,4,SELL,11.0,12.0,11.5,-0.5,0.0,-1.0,False,False,20,4,4,5,0.0,-0.5,0.5
1,851200,VEV_5400,,,16.0,3,SELL,16.0,17.0,16.5,-0.5,0.0,-1.0,False,False,0,2,2,3,0.5,2.0,2.5
1,865400,VEV_5400,,,14.0,5,SELL,14.0,16.0,15.0,-1.0,0.0,-2.0,False,False,50,4,4,5,0.5,0.0,-0.5
1,901100,VEV_5400,,,14.0,4,SELL,14.0,15.0,14.5,-0.5,0.0,-1.0,False,False,0,4,4,5,0.5,1.5,1.0
1,921000,VEV_5400,,,17.0,4,SELL,17.0,18.0,17.5,-0.5,0.0,-1.0,False,False,0,4,4,5,1.0,1.0,2.5
1,937300,VEV_5400,,,15.0,4,SELL,15.0,16.0,15.5,-0.5,0.0,-1.0,False,False,50,4,4,5,1.0,1.5,-0.5
1,943100,VEV_5400,,,13.0,4,SELL,13.0,14.0,13.5,-0.5,0.0,-1.0,False,False,0,4,4,5,0.0,0.0,0.5
1,948500,VEV_5400,,,13.0,4,SELL,13.0,15.0,14.0,-1.0,0.0,-2.0,False,False,0,4,4,5,1.0,1.5,2.5
1,950300,VEV_5400,,,14.0,5,SELL,14.0,15.0,14.5,-0.5,0.0,-1.0,False,False,0,4,4,5,1.0,1.5,2.5
1,988100,VEV_5400,,,14.0,5,SELL,14.0,15.0,14.5,-0.5,0.0,-1.0,False,False,0,4,4,5,0.5,1.5,2.0
1,990300,VEV_5400,,,15.0,5,SELL,15.0,16.0,15.5,-0.5,0.0,-1.0,False,False,0,4,4,5,1.0,1.5,2.0
1,4500,VEV_5500,,,8.0,2,SELL,8.0,9.0,8.5,-0.5,0.0,-1.0,True,True,50,2,2,3,0.5,0.0,-0.5
1,9600,VEV_5500,,,7.0,4,SELL,7.0,8.0,7.5,-0.5,0.0,-1.0,True,False,50,4,4,5,0.5,0.5,-0.5
1,11800,VEV_5500,,,7.0,4,SELL,7.0,8.0,7.5,-0.5,0.0,-1.0,False,False,50,4,4,5,0.5,-0.5,-0.5
1,14800,VEV_5500,,,6.0,4,SELL,6.0,7.0,6.5,-0.5,0.0,-1.0,True,False,0,4,4,5,0.5,0.5,0.0
1,16700,VEV_5500,,,6.0,2,SELL,6.0,7.0,6.5,-0.5,0.0,-1.0,False,False,0,2,2,3,0.5,0.0,0.5
1,38500,VEV_5500,,,6.0,5,SELL,6.0,7.0,6.5,-0.5,0.0,-1.0,False,False,0,4,4,5,0.5,0.5,0.0
1,40400,VEV_5500,,,6.0,4,SELL,6.0,7.0,6.5,-0.5,0.0,-1.0,False,False,0,4,4,5,0.5,0.5,1.0
1,43400,VEV_5500,,,6.0,5,SELL,6.0,7.0,6.5,-0.5,0.0,-1.0,False,False,0,4,4,5,0.5,1.0,1.5
1,50700,VEV_5500,,,7.0,5,SELL,7.0,8.0,7.5,-0.5,0.0,-1.0,False,False,0,4,4,5,0.5,0.5,0.5
1,52800,VEV_5500,,,7.0,3,SELL,7.0,8.0,7.5,-0.5,0.0,-1.0,False,False,0,2,2,3,0.5,0.5,0.5
1,53400,VEV_5500,,,7.0,2,SELL,7.0,8.0,7.5,-0.5,0.0,-1.0,False,False,0,2,2,3,0.5,0.5,0.5
1,74100,VEV_5500,,,6.0,3,SELL,6.0,7.0,6.5,-0.5,0.0,-1.0,False,False,0,2,2,3,0.5,0.5,0.5
1,85300,VEV_5500,,,6.0,2,SELL,6.0,7.0,6.5,-0.5,0.0,-1.0,False,False,0,2,2,3,0.5,0.5,1.0
1,86100,VEV_5500,,,6.0,5,SELL,6.0,7.0,6.5,-0.5,0.0,-1.0,False,False,0,4,4,5,0.5,0.5,0.5
1,120300,VEV_5500,,,8.0,4,SELL,8.0,9.0,8.5,-0.5,0.0,-1.0,False,False,0,4,4,5,0.5,0.5,0.5
1,127200,VEV_5500,,,8.0,3,SELL,8.0,9.0,8.5,-0.5,0.0,-1.0,False,False,0,2,2,3,1.0,0.5,0.5
1,135900,VEV_5500,,,8.0,3,SELL,8.0,9.0,8.5,-0.5,0.0,-1.0,False,False,0,2,2,3,0.5,0.0,0.0
1,145500,VEV_5500,,,8.0,2,SELL,8.0,9.0,8.5,-0.5,0.0,-1.0,False,False,0,2,2,3,0.5,1.5,0.5
1,150600,VEV_5500,,,8.0,2,SELL,8.0,9.0,8.5,-0.5,0.0,-1.0,False,False,50,2,2,3,0.5,0.0,-0.5
1,153000,VEV_5500,,,7.0,4,SELL,7.0,9.0,8.0,-1.0,0.0,-2.0,False,False,0,4,4,5,0.5,0.5,0.5
1,170400,VEV_5500,,,7.0,5,SELL,7.0,8.0,7.5,-0.5,0.0,-1.0,False,False,0,4,4,5,0.5,0.5,0.5
1,170500,VEV_5500,,,7.0,3,SELL,7.0,8.0,7.5,-0.5,0.0,-1.0,False,False,0,2,2,3,0.5,0.5,0.5
1,172500,VEV_5500,,,7.0,5,SELL,7.0,8.0,7.5,-0.5,0.0,-1.0,False,False,0,4,4,5,0.5,0.0,0.0
1,190100,VEV_5500,,,6.0,3,SELL,6.0,7.0,6.5,-0.5,0.0,-1.0,False,False,0,2,2,3,0.5,0.5,0.5
1,195600,VEV_5500,,,6.0,3,SELL,6.0,7.0,6.5,-0.5,0.0,-1.0,False,False,0,2,2,3,0.5,0.5,0.5
1,235300,VEV_5500,,,7.0,3,SELL,7.0,8.0,7.5,-0.5,0.0,-1.0,False,False,0,2,2,3,0.5,0.5,1.0
1,252500,VEV_5500,,,8.0,2,SELL,8.0,10.0,9.0,-1.0,0.0,-2.0,False,False,0,2,2,3,1.0,1.0,1.0
1,304000,VEV_5500,,,8.0,3,SELL,8.0,9.0,8.5,-0.5,0.0,-1.0,False,False,0,2,2,3,0.5,0.5,1.0
1,310100,VEV_5500,,,8.0,5,SELL,8.0,10.0,9.0,-1.0,0.0,-2.0,False,False,50,4,4,5,0.5,0.5,-0.5
1,322000,VEV_5500,,,7.0,2,SELL,7.0,8.0,7.5,-0.5,0.0,-1.0,False,False,0,2,2,3,0.5,0.5,0.5
1,322600,VEV_5500,,,7.0,4,SELL,7.0,8.0,7.5,-0.5,0.0,-1.0,False,False,0,4,4,5,0.5,0.0,0.5
1,350300,VEV_5500,,,6.0,4,SELL,6.0,7.0,6.5,-0.5,0.0,-1.0,False,False,0,4,4,5,0.5,0.5,0.5
1,376600,VEV_5500,,,6.0,5,SELL,6.0,7.0,6.5,-0.5,0.0,-1.0,False,False,0,4,4,5,1.0,0.5,1.5
1,377900,VEV_5500,,,6.0,2,SELL,6.0,7.0,6.5,-0.5,0.0,-1.0,False,False,0,2,2,3,1.0,1.5,1.0
1,399700,VEV_5500,,,6.0,5,SELL,6.0,7.0,6.5,-0.5,0.0,-1.0,False,False,0,4,4,5,0.5,0.5,0.5
1,410400,VEV_5500,,,5.0,3,SELL,5.0,6.0,5.5,-0.5,0.0,-1.0,True,False,0,2,2,3,0.5,0.5,0.5
1,428000,VEV_5500,,,5.0,2,SELL,5.0,6.0,5.5,-0.5,0.0,-1.0,False,False,0,2,2,3,0.0,0.5,0.5
1,437100,VEV_5500,,,5.0,4,SELL,5.0,6.0,5.5,-0.5,0.0,-1.0,False,False,0,4,4,5,0.5,0.5,0.5
1,455700,VEV_5500,,,6.0,4,SELL,6.0,7.0,6.5,-0.5,0.0,-1.0,False,False,0,4,4,5,0.5,0.0,0.5
1,460400,VEV_5500,,,6.0,3,SELL,6.0,7.0,6.5,-0.5,0.0,-1.0,False,False,0,2,2,3,0.5,1.5,0.5
1,476500,VEV_5500,,,7.0,2,SELL,7.0,8.0,7.5,-0.5,0.0,-1.0,False,False,50,2,2,3,0.0,-0.5,-0.5
1,489700,VEV_5500,,,5.0,4,SELL,5.0,6.0,5.5,-0.5,0.0,-1.0,False,False,0,4,4,5,0.5,1.0,0.5
1,502700,VEV_5500,,,6.0,2,SELL,6.0,7.0,6.5,-0.5,0.0,-1.0,False,False,0,2,2,3,0.5,0.5,1.5
1,519500,VEV_5500,,,6.0,4,SELL,6.0,8.0,7.0,-1.0,0.0,-2.0,False,False,0,4,4,5,1.0,1.0,1.5
1,524000,VEV_5500,,,7.0,4,SELL,7.0,8.0,7.5,-0.5,0.0,-1.0,False,False,50,4,4,5,0.5,-0.5,-0.5
1,553100,VEV_5500,,,4.0,4,SELL,4.0,5.0,4.5,-0.5,0.0,-1.0,True,False,0,4,4,5,0.5,0.5,0.5
1,564300,VEV_5500,,,4.0,2,SELL,4.0,5.0,4.5,-0.5,0.0,-1.0,False,False,0,2,2,3,0.5,1.5,1.5
1,567200,VEV_5500,,,5.0,2,SELL,5.0,6.0,5.5,-0.5,0.0,-1.0,False,False,0,2,2,3,0.5,0.5,0.5
1,568900,VEV_5500,,,5.0,4,SELL,5.0,6.0,5.5,-0.5,0.0,-1.0,False,False,0,4,4,5,0.5,0.5,0.0
1,574800,VEV_5500,,,4.0,2,SELL,4.0,6.0,5.0,-1.0,0.0,-2.0,False,False,0,2,2,3,0.5,1.0,1.0
1,575800,VEV_5500,,,5.0,5,SELL,5.0,6.0,5.5,-0.5,0.0,-1.0,False,False,0,4,4,5,0.5,0.5,0.5
1,588200,VEV_5500,,,5.0,4,SELL,5.0,6.0,5.5,-0.5,0.0,-1.0,False,False,0,4,4,5,0.5,0.5,0.5
1,604600,VEV_5500,,,4.0,5,SELL,4.0,5.0,4.5,-0.5,0.0,-1.0,False,False,0,4,4,5,0.5,0.5,0.5
1,617900,VEV_5500,,,4.0,2,SELL,4.0,6.0,5.0,-1.0,0.0,-2.0,False,False,0,2,2,3,0.5,1.0,1.5
1,618300,VEV_5500,,,4.0,2,SELL,4.0,5.0,4.5,-0.5,0.0,-1.0,False,False,0,2,2,3,0.5,0.5,1.5
1,624400,VEV_5500,,,5.0,2,SELL,5.0,6.0,5.5,-0.5,0.0,-1.0,False,False,50,2,2,3,0.5,-0.5,-1.5
1,636100,VEV_5500,,,4.0,4,SELL,4.0,5.0,4.5,-0.5,0.0,-1.0,False,False,50,4,4,5,0.0,-0.5,-0.5
1,642100,VEV_5500,,,3.0,4,SELL,3.0,4.0,3.5,-0.5,0.0,-1.0,True,False,0,4,4,5,0.5,0.5,0.5
1,654200,VEV_5500,,,3.0,2,SELL,3.0,4.0,3.5,-0.5,0.0,-1.0,False,False,0,2,2,3,0.5,0.5,0.5
1,674000,VEV_5500,,,4.0,3,SELL,4.0,5.0,4.5,-0.5,0.0,-1.0,False,False,0,2,2,3,0.5,0.5,0.5
1,684000,VEV_5500,,,4.0,5,SELL,4.0,5.0,4.5,-0.5,0.0,-1.0,False,False,0,4,4,5,0.5,0.5,1.5
1,701200,VEV_5500,,,5.0,2,SELL,5.0,6.0,5.5,-0.5,0.0,-1.0,False,False,0,2,2,3,0.5,1.5,1.5
1,703200,VEV_5500,,,6.0,5,SELL,6.0,7.0,6.5,-0.5,0.0,-1.0,False,False,0,4,4,5,0.5,0.5,0.5
1,710500,VEV_5500,,,6.0,5,SELL,6.0,7.0,6.5,-0.5,0.0,-1.0,False,False,0,4,4,5,0.5,1.5,2.5
1,715000,VEV_5500,,,7.0,5,SELL,7.0,8.0,7.5,-0.5,0.0,-1.0,False,False,0,4,4,5,1.5,1.0,0.5
1,720500,VEV_5500,,,7.0,2,SELL,7.0,8.0,7.5,-0.5,0.0,-1.0,False,False,0,2,2,3,0.5,0.5,0.5
1,725000,VEV_5500,,,7.0,4,SELL,7.0,8.0,7.5,-0.5,0.0,-1.0,False,False,0,4,4,5,0.5,0.0,0.5
1,735100,VEV_5500,,,9.0,4,SELL,9.0,10.0,9.5,-0.5,0.0,-1.0,False,True,50,4,4,5,0.0,-0.5,-1.5
1,741900,VEV_5500,,,7.0,4,SELL,7.0,8.0,7.5,-0.5,0.0,-1.0,False,False,0,4,4,5,0.5,1.0,1.5
1,746300,VEV_5500,,,8.0,4,SELL,8.0,9.0,8.5,-0.5,0.0,-1.0,False,False,50,4,4,5,0.5,0.5,-0.5
1,754200,VEV_5500,,,6.0,3,SELL,6.0,8.0,7.0,-1.0,0.0,-2.0,False,False,0,2,2,3,1.5,1.5,2.5
1,760000,VEV_5500,,,8.0,2,SELL,8.0,9.0,8.5,-0.5,0.0,-1.0,False,False,50,2,2,3,0.5,0.5,-0.5
1,785800,VEV_5500,,,6.0,3,SELL,6.0,7.0,6.5,-0.5,0.0,-1.0,False,False,0,2,2,3,0.0,0.5,1.0
1,798100,VEV_5500,,,6.0,4,SELL,6.0,7.0,6.5,-0.5,0.0,-1.0,False,False,50,4,4,5,0.5,0.0,-1.0
1,800400,VEV_5500,,,5.0,3,SELL,5.0,6.0,5.5,-0.5,0.0,-1.0,False,False,0,2,2,3,0.5,0.5,0.5
1,801800,VEV_5500,,,5.0,2,SELL,5.0,6.0,5.5,-0.5,0.0,-1.0,False,False,0,2,2,3,0.5,0.5,0.5
1,807800,VEV_5500,,,5.0,3,SELL,5.0,6.0,5.5,-0.5,0.0,-1.0,False,False,50,2,2,3,0.5,0.5,-0.5
1,812600,VEV_5500,,,4.0,4,SELL,4.0,5.0,4.5,-0.5,0.0,-1.0,False,False,0,4,4,5,0.5,0.5,0.5
1,813000,VEV_5500,,,4.0,3,SELL,4.0,5.0,4.5,-0.5,0.0,-1.0,False,False,0,2,2,3,0.5,0.5,0.5
1,824800,VEV_5500,,,5.0,5,SELL,5.0,6.0,5.5,-0.5,0.0,-1.0,False,False,0,4,4,5,0.5,0.5,0.5
1,848900,VEV_5500,,,7.0,5,SELL,7.0,8.0,7.5,-0.5,0.0,-1.0,False,False,20,4,4,5,0.5,-0.5,0.5
1,851200,VEV_5500,,,6.0,3,SELL,6.0,7.0,6.5,-0.5,0.0,-1.0,False,False,0,2,2,3,0.5,1.5,1.5
1,865400,VEV_5500,,,6.0,5,SELL,6.0,7.0,6.5,-0.5,0.0,-1.0,False,False,50,4,4,5,0.0,-0.5,-0.5
1,868800,VEV_5500,,,5.0,2,SELL,5.0,6.0,5.5,-0.5,0.0,-1.0,False,False,0,2,2,3,0.5,0.5,0.5
1,901100,VEV_5500,,,5.0,4,SELL,5.0,6.0,5.5,-0.5,0.0,-1.0,False,False,0,4,4,5,0.5,1.5,1.5
1,921000,VEV_5500,,,7.0,4,SELL,7.0,8.0,7.5,-0.5,0.0,-1.0,False,False,0,4,4,5,0.5,0.5,0.5
1,928400,VEV_5500,,,8.0,3,SELL,8.0,9.0,8.5,-0.5,0.0,-1.0,False,False,50,2,2,3,0.0,-0.5,-0.5
1,937300,VEV_5500,,,6.0,4,SELL,6.0,7.0,6.5,-0.5,0.0,-1.0,False,False,50,4,4,5,0.5,0.5,-0.5
1,943100,VEV_5500,,,5.0,4,SELL,5.0,6.0,5.5,-0.5,0.0,-1.0,False,False,0,4,4,5,0.5,0.5,0.5
1,948500,VEV_5500,,,5.0,4,SELL,5.0,6.0,5.5,-0.5,0.0,-1.0,False,False,0,4,4,5,0.5,0.5,1.5
1,950300,VEV_5500,,,5.0,5,SELL,5.0,6.0,5.5,-0.5,0.0,-1.0,False,False,0,4,4,5,1.0,1.5,1.5
1,988100,VEV_5500,,,5.0,5,SELL,5.0,6.0,5.5,-0.5,0.0,-1.0,False,False,0,4,4,5,0.5,1.0,1.5
1,4500,VEV_6000,,,0.0,2,SELL,0.0,1.0,0.5,-0.5,0.0,-1.0,True,True,0,2,2,2,0.5,0.5,0.5
1,9600,VEV_6000,,,0.0,4,SELL,0.0,1.0,0.5,-0.5,0.0,-1.0,False,False,0,4,3,5,0.5,0.5,0.5
1,11800,VEV_6000,,,0.0,4,SELL,0.0,1.0,0.5,-0.5,0.0,-1.0,False,False,0,4,3,5,0.5,0.5,0.5
1,14800,VEV_6000,,,0.0,4,SELL,0.0,1.0,0.5,-0.5,0.0,-1.0,False,False,0,4,3,5,0.5,0.5,0.5
1,16700,VEV_6000,,,0.0,2,SELL,0.0,1.0,0.5,-0.5,0.0,-1.0,False,False,0,2,2,2,0.5,0.5,0.5
1,38500,VEV_6000,,,0.0,5,SELL,0.0,1.0,0.5,-0.5,0.0,-1.0,False,False,0,4,3,5,0.5,0.5,0.5
1,40400,VEV_6000,,,0.0,4,SELL,0.0,1.0,0.5,-0.5,0.0,-1.0,False,False,0,4,3,5,0.5,0.5,0.5
1,43400,VEV_6000,,,0.0,5,SELL,0.0,1.0,0.5,-0.5,0.0,-1.0,False,False,0,4,3,5,0.5,0.5,0.5
1,50700,VEV_6000,,,0.0,5,SELL,0.0,1.0,0.5,-0.5,0.0,-1.0,False,False,0,4,3,5,0.5,0.5,0.5
1,52800,VEV_6000,,,0.0,3,SELL,0.0,1.0,0.5,-0.5,0.0,-1.0,False,False,0,4,3,5,0.5,0.5,0.5
1,53400,VEV_6000,,,0.0,2,SELL,0.0,1.0,0.5,-0.5,0.0,-1.0,False,False,0,2,2,2,0.5,0.5,0.5
1,74100,VEV_6000,,,0.0,3,SELL,0.0,1.0,0.5,-0.5,0.0,-1.0,False,False,0,4,3,5,0.5,0.5,0.5
1,85300,VEV_6000,,,0.0,2,SELL,0.0,1.0,0.5,-0.5,0.0,-1.0,False,False,0,2,2,2,0.5,0.5,0.5
1,86100,VEV_6000,,,0.0,5,SELL,0.0,1.0,0.5,-0.5,0.0,-1.0,False,False,0,4,3,5,0.5,0.5,0.5
1,89800,VEV_6000,,,0.0,4,SELL,0.0,1.0,0.5,-0.5,0.0,-1.0,False,False,0,4,3,5,0.5,0.5,0.5
1,120300,VEV_6000,,,0.0,4,SELL,0.0,1.0,0.5,-0.5,0.0,-1.0,False,False,0,4,3,5,0.5,0.5,0.5
1,127200,VEV_6000,,,0.0,3,SELL,0.0,1.0,0.5,-0.5,0.0,-1.0,False,False,0,4,3,5,0.5,0.5,0.5
1,135900,VEV_6000,,,0.0,3,SELL,0.0,1.0,0.5,-0.5,0.0,-1.0,False,False,0,4,3,5,0.5,0.5,0.5
1,145500,VEV_6000,,,0.0,2,SELL,0.0,1.0,0.5,-0.5,0.0,-1.0,False,False,0,2,2,2,0.5,0.5,0.5
1,150600,VEV_6000,,,0.0,2,SELL,0.0,1.0,0.5,-0.5,0.0,-1.0,False,False,0,2,2,2,0.5,0.5,0.5
1,153000,VEV_6000,,,0.0,4,SELL,0.0,1.0,0.5,-0.5,0.0,-1.0,False,False,0,4,3,5,0.5,0.5,0.5
1,170400,VEV_6000,,,0.0,5,SELL,0.0,1.0,0.5,-0.5,0.0,-1.0,False,False,0,4,3,5,0.5,0.5,0.5
1,170500,VEV_6000,,,0.0,3,SELL,0.0,1.0,0.5,-0.5,0.0,-1.0,False,False,0,4,3,5,0.5,0.5,0.5
1,172500,VEV_6000,,,0.0,5,SELL,0.0,1.0,0.5,-0.5,0.0,-1.0,False,False,0,4,3,5,0.5,0.5,0.5
1,190100,VEV_6000,,,0.0,3,SELL,0.0,1.0,0.5,-0.5,0.0,-1.0,False,False,0,4,3,5,0.5,0.5,0.5
1,195600,VEV_6000,,,0.0,3,SELL,0.0,1.0,0.5,-0.5,0.0,-1.0,False,False,0,4,3,5,0.5,0.5,0.5
1,206200,VEV_6000,,,0.0,3,SELL,0.0,1.0,0.5,-0.5,0.0,-1.0,False,False,0,4,3,5,0.5,0.5,0.5
1,235300,VEV_6000,,,0.0,3,SELL,0.0,1.0,0.5,-0.5,0.0,-1.0,False,False,0,4,3,5,0.5,0.5,0.5
1,252500,VEV_6000,,,0.0,2,SELL,0.0,1.0,0.5,-0.5,0.0,-1.0,False,False,0,2,2,2,0.5,0.5,0.5
1,304000,VEV_6000,,,0.0,3,SELL,0.0,1.0,0.5,-0.5,0.0,-1.0,False,False,0,4,3,5,0.5,0.5,0.5
1,310100,VEV_6000,,,0.0,5,SELL,0.0,1.0,0.5,-0.5,0.0,-1.0,False,False,0,4,3,5,0.5,0.5,0.5
1,322000,VEV_6000,,,0.0,2,SELL,0.0,1.0,0.5,-0.5,0.0,-1.0,False,False,0,2,2,2,0.5,0.5,0.5
1,322600,VEV_6000,,,0.0,4,SELL,0.0,1.0,0.5,-0.5,0.0,-1.0,False,False,0,4,3,5,0.5,0.5,0.5
1,350300,VEV_6000,,,0.0,4,SELL,0.0,1.0,0.5,-0.5,0.0,-1.0,False,False,0,4,3,5,0.5,0.5,0.5
1,376600,VEV_6000,,,0.0,5,SELL,0.0,1.0,0.5,-0.5,0.0,-1.0,False,False,0,4,3,5,0.5,0.5,0.5
1,377900,VEV_6000,,,0.0,2,SELL,0.0,1.0,0.5,-0.5,0.0,-1.0,False,False,0,2,2,2,0.5,0.5,0.5
1,399700,VEV_6000,,,0.0,5,SELL,0.0,1.0,0.5,-0.5,0.0,-1.0,False,False,0,4,3,5,0.5,0.5,0.5
1,410400,VEV_6000,,,0.0,3,SELL,0.0,1.0,0.5,-0.5,0.0,-1.0,False,False,0,4,3,5,0.5,0.5,0.5
1,428000,VEV_6000,,,0.0,2,SELL,0.0,1.0,0.5,-0.5,0.0,-1.0,False,False,0,2,2,2,0.5,0.5,0.5
1,437100,VEV_6000,,,0.0,4,SELL,0.0,1.0,0.5,-0.5,0.0,-1.0,False,False,0,4,3,5,0.5,0.5,0.5
1,455700,VEV_6000,,,0.0,4,SELL,0.0,1.0,0.5,-0.5,0.0,-1.0,False,False,0,4,3,5,0.5,0.5,0.5
1,460400,VEV_6000,,,0.0,3,SELL,0.0,1.0,0.5,-0.5,0.0,-1.0,False,False,0,4,3,5,0.5,0.5,0.5
1,476500,VEV_6000,,,0.0,2,SELL,0.0,1.0,0.5,-0.5,0.0,-1.0,False,False,0,2,2,2,0.5,0.5,0.5
1,489700,VEV_6000,,,0.0,4,SELL,0.0,1.0,0.5,-0.5,0.0,-1.0,False,False,0,4,3,5,0.5,0.5,0.5
1,502700,VEV_6000,,,0.0,2,SELL,0.0,1.0,0.5,-0.5,0.0,-1.0,False,False,0,2,2,2,0.5,0.5,0.5
1,519500,VEV_6000,,,0.0,4,SELL,0.0,1.0,0.5,-0.5,0.0,-1.0,False,False,0,4,3,5,0.5,0.5,0.5
1,524000,VEV_6000,,,0.0,4,SELL,0.0,1.0,0.5,-0.5,0.0,-1.0,False,False,0,4,3,5,0.5,0.5,0.5
1,547600,VEV_6000,,,0.0,4,SELL,0.0,1.0,0.5,-0.5,0.0,-1.0,False,False,0,4,3,5,0.5,0.5,0.5
1,548400,VEV_6000,,,0.0,5,SELL,0.0,1.0,0.5,-0.5,0.0,-1.0,False,False,0,4,3,5,0.5,0.5,0.5
1,553100,VEV_6000,,,0.0,4,SELL,0.0,1.0,0.5,-0.5,0.0,-1.0,False,False,0,4,3,5,0.5,0.5,0.5
1,564300,VEV_6000,,,0.0,2,SELL,0.0,1.0,0.5,-0.5,0.0,-1.0,False,False,0,2,2,2,0.5,0.5,0.5
1,567200,VEV_6000,,,0.0,2,SELL,0.0,1.0,0.5,-0.5,0.0,-1.0,False,False,0,2,2,2,0.5,0.5,0.5
1,568900,VEV_6000,,,0.0,4,SELL,0.0,1.0,0.5,-0.5,0.0,-1.0,False,False,0,4,3,5,0.5,0.5,0.5
1,574800,VEV_6000,,,0.0,2,SELL,0.0,1.0,0.5,-0.5,0.0,-1.0,False,False,0,2,2,2,0.5,0.5,0.5
1,575800,VEV_6000,,,0.0,5,SELL,0.0,1.0,0.5,-0.5,0.0,-1.0,False,False,0,4,3,5,0.5,0.5,0.5
1,588200,VEV_6000,,,0.0,4,SELL,0.0,1.0,0.5,-0.5,0.0,-1.0,False,False,0,4,3,5,0.5,0.5,0.5
1,604600,VEV_6000,,,0.0,5,SELL,0.0,1.0,0.5,-0.5,0.0,-1.0,False,False,0,4,3,5,0.5,0.5,0.5
1,617900,VEV_6000,,,0.0,2,SELL,0.0,1.0,0.5,-0.5,0.0,-1.0,False,False,0,2,2,2,0.5,0.5,0.5
1,618300,VEV_6000,,,0.0,2,SELL,0.0,1.0,0.5,-0.5,0.0,-1.0,False,False,0,2,2,2,0.5,0.5,0.5
1,624400,VEV_6000,,,0.0,2,SELL,0.0,1.0,0.5,-0.5,0.0,-1.0,False,False,0,2,2,2,0.5,0.5,0.5
1,631700,VEV_6000,,,0.0,3,SELL,0.0,1.0,0.5,-0.5,0.0,-1.0,False,False,0,4,3,5,0.5,0.5,0.5
1,636100,VEV_6000,,,0.0,4,SELL,0.0,1.0,0.5,-0.5,0.0,-1.0,False,False,0,4,3,5,0.5,0.5,0.5
1,642100,VEV_6000,,,0.0,4,SELL,0.0,1.0,0.5,-0.5,0.0,-1.0,False,False,0,4,3,5,0.5,0.5,0.5
1,654200,VEV_6000,,,0.0,2,SELL,0.0,1.0,0.5,-0.5,0.0,-1.0,False,False,0,2,2,2,0.5,0.5,0.5
1,674000,VEV_6000,,,0.0,3,SELL,0.0,1.0,0.5,-0.5,0.0,-1.0,False,False,0,4,3,5,0.5,0.5,0.5
1,684000,VEV_6000,,,0.0,5,SELL,0.0,1.0,0.5,-0.5,0.0,-1.0,False,False,0,4,3,5,0.5,0.5,0.5
1,701200,VEV_6000,,,0.0,2,SELL,0.0,1.0,0.5,-0.5,0.0,-1.0,False,False,0,2,2,2,0.5,0.5,0.5
1,703200,VEV_6000,,,0.0,5,SELL,0.0,1.0,0.5,-0.5,0.0,-1.0,False,False,0,4,3,5,0.5,0.5,0.5
1,710500,VEV_6000,,,0.0,5,SELL,0.0,1.0,0.5,-0.5,0.0,-1.0,False,False,0,4,3,5,0.5,0.5,0.5
1,715000,VEV_6000,,,0.0,5,SELL,0.0,1.0,0.5,-0.5,0.0,-1.0,False,False,0,4,3,5,0.5,0.5,0.5
1,720500,VEV_6000,,,0.0,2,SELL,0.0,1.0,0.5,-0.5,0.0,-1.0,False,False,0,2,2,2,0.5,0.5,0.5
1,725000,VEV_6000,,,0.0,4,SELL,0.0,1.0,0.5,-0.5,0.0,-1.0,False,False,0,4,3,5,0.5,0.5,0.5
1,735100,VEV_6000,,,0.0,4,SELL,0.0,1.0,0.5,-0.5,0.0,-1.0,False,False,0,4,3,5,0.5,0.5,0.5
1,741900,VEV_6000,,,0.0,4,SELL,0.0,1.0,0.5,-0.5,0.0,-1.0,False,False,0,4,3,5,0.5,0.5,0.5
1,746300,VEV_6000,,,0.0,4,SELL,0.0,1.0,0.5,-0.5,0.0,-1.0,False,False,0,4,3,5,0.5,0.5,0.5
1,754200,VEV_6000,,,0.0,3,SELL,0.0,1.0,0.5,-0.5,0.0,-1.0,False,False,0,4,3,5,0.5,0.5,0.5
1,760000,VEV_6000,,,0.0,2,SELL,0.0,1.0,0.5,-0.5,0.0,-1.0,False,False,0,2,2,2,0.5,0.5,0.5
1,785800,VEV_6000,,,0.0,3,SELL,0.0,1.0,0.5,-0.5,0.0,-1.0,False,False,0,4,3,5,0.5,0.5,0.5
1,798100,VEV_6000,,,0.0,4,SELL,0.0,1.0,0.5,-0.5,0.0,-1.0,False,False,0,4,3,5,0.5,0.5,0.5
1,800400,VEV_6000,,,0.0,3,SELL,0.0,1.0,0.5,-0.5,0.0,-1.0,False,False,0,4,3,5,0.5,0.5,0.5
1,801800,VEV_6000,,,0.0,2,SELL,0.0,1.0,0.5,-0.5,0.0,-1.0,False,False,0,2,2,2,0.5,0.5,0.5
1,807800,VEV_6000,,,0.0,3,SELL,0.0,1.0,0.5,-0.5,0.0,-1.0,False,False,0,4,3,5,0.5,0.5,0.5
1,812600,VEV_6000,,,0.0,4,SELL,0.0,1.0,0.5,-0.5,0.0,-1.0,False,False,0,4,3,5,0.5,0.5,0.5
1,813000,VEV_6000,,,0.0,3,SELL,0.0,1.0,0.5,-0.5,0.0,-1.0,False,False,0,4,3,5,0.5,0.5,0.5
1,824800,VEV_6000,,,0.0,5,SELL,0.0,1.0,0.5,-0.5,0.0,-1.0,False,False,0,4,3,5,0.5,0.5,0.5
1,848900,VEV_6000,,,0.0,5,SELL,0.0,1.0,0.5,-0.5,0.0,-1.0,False,False,0,4,3,5,0.5,0.5,0.5
1,851200,VEV_6000,,,0.0,3,SELL,0.0,1.0,0.5,-0.5,0.0,-1.0,False,False,0,4,3,5,0.5,0.5,0.5
1,865400,VEV_6000,,,0.0,5,SELL,0.0,1.0,0.5,-0.5,0.0,-1.0,False,False,0,4,3,5,0.5,0.5,0.5
1,868800,VEV_6000,,,0.0,2,SELL,0.0,1.0,0.5,-0.5,0.0,-1.0,False,False,0,2,2,2,0.5,0.5,0.5
1,901100,VEV_6000,,,0.0,4,SELL,0.0,1.0,0.5,-0.5,0.0,-1.0,False,False,0,4,3,5,0.5,0.5,0.5
1,921000,VEV_6000,,,0.0,4,SELL,0.0,1.0,0.5,-0.5,0.0,-1.0,False,False,0,4,3,5,0.5,0.5,0.5
1,928400,VEV_6000,,,0.0,3,SELL,0.0,1.0,0.5,-0.5,0.0,-1.0,False,False,0,4,3,5,0.5,0.5,0.5
1,937300,VEV_6000,,,0.0,4,SELL,0.0,1.0,0.5,-0.5,0.0,-1.0,False,False,0,4,3,5,0.5,0.5,0.5
1,943100,VEV_6000,,,0.0,4,SELL,0.0,1.0,0.5,-0.5,0.0,-1.0,False,False,0,4,3,5,0.5,0.5,0.5
1,948500,VEV_6000,,,0.0,4,SELL,0.0,1.0,0.5,-0.5,0.0,-1.0,False,False,0,4,3,5,0.5,0.5,0.5
1,950300,VEV_6000,,,0.0,5,SELL,0.0,1.0,0.5,-0.5,0.0,-1.0,False,False,0,4,3,5,0.5,0.5,0.5
1,988100,VEV_6000,,,0.0,5,SELL,0.0,1.0,0.5,-0.5,0.0,-1.0,False,False,0,4,3,5,0.5,0.5,0.5
1,990300,VEV_6000,,,0.0,5,SELL,0.0,1.0,0.5,-0.5,0.0,-1.0,False,False,0,4,3,5,0.5,0.5,0.5
1,4500,VEV_6500,,,0.0,2,SELL,0.0,1.0,0.5,-0.5,0.0,-1.0,True,True,0,2,2,2,0.5,0.5,0.5
1,9600,VEV_6500,,,0.0,4,SELL,0.0,1.0,0.5,-0.5,0.0,-1.0,False,False,0,4,3,5,0.5,0.5,0.5
1,11800,VEV_6500,,,0.0,4,SELL,0.0,1.0,0.5,-0.5,0.0,-1.0,False,False,0,4,3,5,0.5,0.5,0.5
1,14800,VEV_6500,,,0.0,4,SELL,0.0,1.0,0.5,-0.5,0.0,-1.0,False,False,0,4,3,5,0.5,0.5,0.5
1,16700,VEV_6500,,,0.0,2,SELL,0.0,1.0,0.5,-0.5,0.0,-1.0,False,False,0,2,2,2,0.5,0.5,0.5
1,38500,VEV_6500,,,0.0,5,SELL,0.0,1.0,0.5,-0.5,0.0,-1.0,False,False,0,4,3,5,0.5,0.5,0.5
1,40400,VEV_6500,,,0.0,4,SELL,0.0,1.0,0.5,-0.5,0.0,-1.0,False,False,0,4,3,5,0.5,0.5,0.5
1,43400,VEV_6500,,,0.0,5,SELL,0.0,1.0,0.5,-0.5,0.0,-1.0,False,False,0,4,3,5,0.5,0.5,0.5
1,50700,VEV_6500,,,0.0,5,SELL,0.0,1.0,0.5,-0.5,0.0,-1.0,False,False,0,4,3,5,0.5,0.5,0.5
1,52800,VEV_6500,,,0.0,3,SELL,0.0,1.0,0.5,-0.5,0.0,-1.0,False,False,0,4,3,5,0.5,0.5,0.5
1,53400,VEV_6500,,,0.0,2,SELL,0.0,1.0,0.5,-0.5,0.0,-1.0,False,False,0,2,2,2,0.5,0.5,0.5
1,74100,VEV_6500,,,0.0,3,SELL,0.0,1.0,0.5,-0.5,0.0,-1.0,False,False,0,4,3,5,0.5,0.5,0.5
1,85300,VEV_6500,,,0.0,2,SELL,0.0,1.0,0.5,-0.5,0.0,-1.0,False,False,0,2,2,2,0.5,0.5,0.5
1,86100,VEV_6500,,,0.0,5,SELL,0.0,1.0,0.5,-0.5,0.0,-1.0,False,False,0,4,3,5,0.5,0.5,0.5
1,89800,VEV_6500,,,0.0,4,SELL,0.0,1.0,0.5,-0.5,0.0,-1.0,False,False,0,4,3,5,0.5,0.5,0.5
1,120300,VEV_6500,,,0.0,4,SELL,0.0,1.0,0.5,-0.5,0.0,-1.0,False,False,0,4,3,5,0.5,0.5,0.5
1,127200,VEV_6500,,,0.0,3,SELL,0.0,1.0,0.5,-0.5,0.0,-1.0,False,False,0,4,3,5,0.5,0.5,0.5
1,135900,VEV_6500,,,0.0,3,SELL,0.0,1.0,0.5,-0.5,0.0,-1.0,False,False,0,4,3,5,0.5,0.5,0.5
1,145500,VEV_6500,,,0.0,2,SELL,0.0,1.0,0.5,-0.5,0.0,-1.0,False,False,0,2,2,2,0.5,0.5,0.5
1,150600,VEV_6500,,,0.0,2,SELL,0.0,1.0,0.5,-0.5,0.0,-1.0,False,False,0,2,2,2,0.5,0.5,0.5
1,153000,VEV_6500,,,0.0,4,SELL,0.0,1.0,0.5,-0.5,0.0,-1.0,False,False,0,4,3,5,0.5,0.5,0.5
1,170400,VEV_6500,,,0.0,5,SELL,0.0,1.0,0.5,-0.5,0.0,-1.0,False,False,0,4,3,5,0.5,0.5,0.5
1,170500,VEV_6500,,,0.0,3,SELL,0.0,1.0,0.5,-0.5,0.0,-1.0,False,False,0,4,3,5,0.5,0.5,0.5
1,172500,VEV_6500,,,0.0,5,SELL,0.0,1.0,0.5,-0.5,0.0,-1.0,False,False,0,4,3,5,0.5,0.5,0.5
1,190100,VEV_6500,,,0.0,3,SELL,0.0,1.0,0.5,-0.5,0.0,-1.0,False,False,0,4,3,5,0.5,0.5,0.5
1,195600,VEV_6500,,,0.0,3,SELL,0.0,1.0,0.5,-0.5,0.0,-1.0,False,False,0,4,3,5,0.5,0.5,0.5
1,206200,VEV_6500,,,0.0,3,SELL,0.0,1.0,0.5,-0.5,0.0,-1.0,False,False,0,4,3,5,0.5,0.5,0.5
1,235300,VEV_6500,,,0.0,3,SELL,0.0,1.0,0.5,-0.5,0.0,-1.0,False,False,0,4,3,5,0.5,0.5,0.5
1,252500,VEV_6500,,,0.0,2,SELL,0.0,1.0,0.5,-0.5,0.0,-1.0,False,False,0,2,2,2,0.5,0.5,0.5
1,304000,VEV_6500,,,0.0,3,SELL,0.0,1.0,0.5,-0.5,0.0,-1.0,False,False,0,4,3,5,0.5,0.5,0.5
1,310100,VEV_6500,,,0.0,5,SELL,0.0,1.0,0.5,-0.5,0.0,-1.0,False,False,0,4,3,5,0.5,0.5,0.5
1,322000,VEV_6500,,,0.0,2,SELL,0.0,1.0,0.5,-0.5,0.0,-1.0,False,False,0,2,2,2,0.5,0.5,0.5
1,322600,VEV_6500,,,0.0,4,SELL,0.0,1.0,0.5,-0.5,0.0,-1.0,False,False,0,4,3,5,0.5,0.5,0.5
1,350300,VEV_6500,,,0.0,4,SELL,0.0,1.0,0.5,-0.5,0.0,-1.0,False,False,0,4,3,5,0.5,0.5,0.5
1,376600,VEV_6500,,,0.0,5,SELL,0.0,1.0,0.5,-0.5,0.0,-1.0,False,False,0,4,3,5,0.5,0.5,0.5
1,377900,VEV_6500,,,0.0,2,SELL,0.0,1.0,0.5,-0.5,0.0,-1.0,False,False,0,2,2,2,0.5,0.5,0.5
1,399700,VEV_6500,,,0.0,5,SELL,0.0,1.0,0.5,-0.5,0.0,-1.0,False,False,0,4,3,5,0.5,0.5,0.5
1,410400,VEV_6500,,,0.0,3,SELL,0.0,1.0,0.5,-0.5,0.0,-1.0,False,False,0,4,3,5,0.5,0.5,0.5
1,428000,VEV_6500,,,0.0,2,SELL,0.0,1.0,0.5,-0.5,0.0,-1.0,False,False,0,2,2,2,0.5,0.5,0.5
1,437100,VEV_6500,,,0.0,4,SELL,0.0,1.0,0.5,-0.5,0.0,-1.0,False,False,0,4,3,5,0.5,0.5,0.5
1,455700,VEV_6500,,,0.0,4,SELL,0.0,1.0,0.5,-0.5,0.0,-1.0,False,False,0,4,3,5,0.5,0.5,0.5
1,460400,VEV_6500,,,0.0,3,SELL,0.0,1.0,0.5,-0.5,0.0,-1.0,False,False,0,4,3,5,0.5,0.5,0.5
1,476500,VEV_6500,,,0.0,2,SELL,0.0,1.0,0.5,-0.5,0.0,-1.0,False,False,0,2,2,2,0.5,0.5,0.5
1,489700,VEV_6500,,,0.0,4,SELL,0.0,1.0,0.5,-0.5,0.0,-1.0,False,False,0,4,3,5,0.5,0.5,0.5
1,502700,VEV_6500,,,0.0,2,SELL,0.0,1.0,0.5,-0.5,0.0,-1.0,False,False,0,2,2,2,0.5,0.5,0.5
1,519500,VEV_6500,,,0.0,4,SELL,0.0,1.0,0.5,-0.5,0.0,-1.0,False,False,0,4,3,5,0.5,0.5,0.5
1,524000,VEV_6500,,,0.0,4,SELL,0.0,1.0,0.5,-0.5,0.0,-1.0,False,False,0,4,3,5,0.5,0.5,0.5
1,547600,VEV_6500,,,0.0,4,SELL,0.0,1.0,0.5,-0.5,0.0,-1.0,False,False,0,4,3,5,0.5,0.5,0.5
1,548400,VEV_6500,,,0.0,5,SELL,0.0,1.0,0.5,-0.5,0.0,-1.0,False,False,0,4,3,5,0.5,0.5,0.5
1,553100,VEV_6500,,,0.0,4,SELL,0.0,1.0,0.5,-0.5,0.0,-1.0,False,False,0,4,3,5,0.5,0.5,0.5
1,564300,VEV_6500,,,0.0,2,SELL,0.0,1.0,0.5,-0.5,0.0,-1.0,False,False,0,2,2,2,0.5,0.5,0.5
1,567200,VEV_6500,,,0.0,2,SELL,0.0,1.0,0.5,-0.5,0.0,-1.0,False,False,0,2,2,2,0.5,0.5,0.5
1,568900,VEV_6500,,,0.0,4,SELL,0.0,1.0,0.5,-0.5,0.0,-1.0,False,False,0,4,3,5,0.5,0.5,0.5
1,574800,VEV_6500,,,0.0,2,SELL,0.0,1.0,0.5,-0.5,0.0,-1.0,False,False,0,2,2,2,0.5,0.5,0.5
1,575800,VEV_6500,,,0.0,5,SELL,0.0,1.0,0.5,-0.5,0.0,-1.0,False,False,0,4,3,5,0.5,0.5,0.5
1,588200,VEV_6500,,,0.0,4,SELL,0.0,1.0,0.5,-0.5,0.0,-1.0,False,False,0,4,3,5,0.5,0.5,0.5
1,604600,VEV_6500,,,0.0,5,SELL,0.0,1.0,0.5,-0.5,0.0,-1.0,False,False,0,4,3,5,0.5,0.5,0.5
1,617900,VEV_6500,,,0.0,2,SELL,0.0,1.0,0.5,-0.5,0.0,-1.0,False,False,0,2,2,2,0.5,0.5,0.5
1,618300,VEV_6500,,,0.0,2,SELL,0.0,1.0,0.5,-0.5,0.0,-1.0,False,False,0,2,2,2,0.5,0.5,0.5
1,624400,VEV_6500,,,0.0,2,SELL,0.0,1.0,0.5,-0.5,0.0,-1.0,False,False,0,2,2,2,0.5,0.5,0.5
1,631700,VEV_6500,,,0.0,3,SELL,0.0,1.0,0.5,-0.5,0.0,-1.0,False,False,0,4,3,5,0.5,0.5,0.5
1,636100,VEV_6500,,,0.0,4,SELL,0.0,1.0,0.5,-0.5,0.0,-1.0,False,False,0,4,3,5,0.5,0.5,0.5
1,642100,VEV_6500,,,0.0,4,SELL,0.0,1.0,0.5,-0.5,0.0,-1.0,False,False,0,4,3,5,0.5,0.5,0.5
1,654200,VEV_6500,,,0.0,2,SELL,0.0,1.0,0.5,-0.5,0.0,-1.0,False,False,0,2,2,2,0.5,0.5,0.5
1,674000,VEV_6500,,,0.0,3,SELL,0.0,1.0,0.5,-0.5,0.0,-1.0,False,False,0,4,3,5,0.5,0.5,0.5
1,684000,VEV_6500,,,0.0,5,SELL,0.0,1.0,0.5,-0.5,0.0,-1.0,False,False,0,4,3,5,0.5,0.5,0.5
1,701200,VEV_6500,,,0.0,2,SELL,0.0,1.0,0.5,-0.5,0.0,-1.0,False,False,0,2,2,2,0.5,0.5,0.5
1,703200,VEV_6500,,,0.0,5,SELL,0.0,1.0,0.5,-0.5,0.0,-1.0,False,False,0,4,3,5,0.5,0.5,0.5
1,710500,VEV_6500,,,0.0,5,SELL,0.0,1.0,0.5,-0.5,0.0,-1.0,False,False,0,4,3,5,0.5,0.5,0.5
1,715000,VEV_6500,,,0.0,5,SELL,0.0,1.0,0.5,-0.5,0.0,-1.0,False,False,0,4,3,5,0.5,0.5,0.5
1,720500,VEV_6500,,,0.0,2,SELL,0.0,1.0,0.5,-0.5,0.0,-1.0,False,False,0,2,2,2,0.5,0.5,0.5
1,725000,VEV_6500,,,0.0,4,SELL,0.0,1.0,0.5,-0.5,0.0,-1.0,False,False,0,4,3,5,0.5,0.5,0.5
1,735100,VEV_6500,,,0.0,4,SELL,0.0,1.0,0.5,-0.5,0.0,-1.0,False,False,0,4,3,5,0.5,0.5,0.5
1,741900,VEV_6500,,,0.0,4,SELL,0.0,1.0,0.5,-0.5,0.0,-1.0,False,False,0,4,3,5,0.5,0.5,0.5
1,746300,VEV_6500,,,0.0,4,SELL,0.0,1.0,0.5,-0.5,0.0,-1.0,False,False,0,4,3,5,0.5,0.5,0.5
1,754200,VEV_6500,,,0.0,3,SELL,0.0,1.0,0.5,-0.5,0.0,-1.0,False,False,0,4,3,5,0.5,0.5,0.5
1,760000,VEV_6500,,,0.0,2,SELL,0.0,1.0,0.5,-0.5,0.0,-1.0,False,False,0,2,2,2,0.5,0.5,0.5
1,785800,VEV_6500,,,0.0,3,SELL,0.0,1.0,0.5,-0.5,0.0,-1.0,False,False,0,4,3,5,0.5,0.5,0.5
1,798100,VEV_6500,,,0.0,4,SELL,0.0,1.0,0.5,-0.5,0.0,-1.0,False,False,0,4,3,5,0.5,0.5,0.5
1,800400,VEV_6500,,,0.0,3,SELL,0.0,1.0,0.5,-0.5,0.0,-1.0,False,False,0,4,3,5,0.5,0.5,0.5
1,801800,VEV_6500,,,0.0,2,SELL,0.0,1.0,0.5,-0.5,0.0,-1.0,False,False,0,2,2,2,0.5,0.5,0.5
1,807800,VEV_6500,,,0.0,3,SELL,0.0,1.0,0.5,-0.5,0.0,-1.0,False,False,0,4,3,5,0.5,0.5,0.5
1,812600,VEV_6500,,,0.0,4,SELL,0.0,1.0,0.5,-0.5,0.0,-1.0,False,False,0,4,3,5,0.5,0.5,0.5
1,813000,VEV_6500,,,0.0,3,SELL,0.0,1.0,0.5,-0.5,0.0,-1.0,False,False,0,4,3,5,0.5,0.5,0.5
1,824800,VEV_6500,,,0.0,5,SELL,0.0,1.0,0.5,-0.5,0.0,-1.0,False,False,0,4,3,5,0.5,0.5,0.5
1,848900,VEV_6500,,,0.0,5,SELL,0.0,1.0,0.5,-0.5,0.0,-1.0,False,False,0,4,3,5,0.5,0.5,0.5
1,851200,VEV_6500,,,0.0,3,SELL,0.0,1.0,0.5,-0.5,0.0,-1.0,False,False,0,4,3,5,0.5,0.5,0.5
1,865400,VEV_6500,,,0.0,5,SELL,0.0,1.0,0.5,-0.5,0.0,-1.0,False,False,0,4,3,5,0.5,0.5,0.5
1,868800,VEV_6500,,,0.0,2,SELL,0.0,1.0,0.5,-0.5,0.0,-1.0,False,False,0,2,2,2,0.5,0.5,0.5
1,901100,VEV_6500,,,0.0,4,SELL,0.0,1.0,0.5,-0.5,0.0,-1.0,False,False,0,4,3,5,0.5,0.5,0.5
1,921000,VEV_6500,,,0.0,4,SELL,0.0,1.0,0.5,-0.5,0.0,-1.0,False,False,0,4,3,5,0.5,0.5,0.5
1,928400,VEV_6500,,,0.0,3,SELL,0.0,1.0,0.5,-0.5,0.0,-1.0,False,False,0,4,3,5,0.5,0.5,0.5
1,937300,VEV_6500,,,0.0,4,SELL,0.0,1.0,0.5,-0.5,0.0,-1.0,False,False,0,4,3,5,0.5,0.5,0.5
1,943100,VEV_6500,,,0.0,4,SELL,0.0,1.0,0.5,-0.5,0.0,-1.0,False,False,0,4,3,5,0.5,0.5,0.5
1,948500,VEV_6500,,,0.0,4,SELL,0.0,1.0,0.5,-0.5,0.0,-1.0,False,False,0,4,3,5,0.5,0.5,0.5
1,950300,VEV_6500,,,0.0,5,SELL,0.0,1.0,0.5,-0.5,0.0,-1.0,False,False,0,4,3,5,0.5,0.5,0.5
1,988100,VEV_6500,,,0.0,5,SELL,0.0,1.0,0.5,-0.5,0.0,-1.0,False,False,0,4,3,5,0.5,0.5,0.5
1,990300,VEV_6500,,,0.0,5,SELL,0.0,1.0,0.5,-0.5,0.0,-1.0,False,False,0,4,3,5,0.5,0.5,0.5
2,10200,HYDROGEL_PACK,,,10017.0,6,SELL,10017.0,10033.0,10025.0,-8.0,0.0,-16.0,True,True,20,5,4,6,2.0,-3.0,8.0
2,11200,HYDROGEL_PACK,,,10030.0,4,BUY,10014.0,10030.0,10022.0,8.0,16.0,0.0,False,True,0,5,4,6,-9.0,-18.0,-2.0
2,15700,HYDROGEL_PACK,,,10035.0,2,BUY,10019.0,10035.0,10027.0,8.0,16.0,0.0,False,True,0,3,2,3,-7.0,-17.0,-28.0
2,19100,HYDROGEL_PACK,,,10020.0,6,BUY,10004.0,10020.0,10012.0,8.0,16.0,0.0,False,False,0,5,4,6,-3.0,-15.0,-21.0
2,29200,HYDROGEL_PACK,,,9993.0,4,SELL,9993.0,10009.0,10001.0,-8.0,0.0,-16.0,True,False,0,5,4,6,12.0,0.0,15.0
2,41100,HYDROGEL_PACK,,,9998.0,6,BUY,9982.0,9998.0,9990.0,8.0,16.0,0.0,False,False,0,5,4,6,-6.0,-11.0,-18.0
2,44000,HYDROGEL_PACK,,,9978.0,4,SELL,9978.0,9994.0,9986.0,-8.0,0.0,-16.0,True,False,50,5,4,6,8.0,0.0,-21.0
2,45100,HYDROGEL_PACK,,,9991.0,3,BUY,9975.0,9991.0,9983.0,8.0,16.0,0.0,False,False,0,3,2,3,-9.0,-18.0,-36.0
2,49400,HYDROGEL_PACK,,,9958.0,4,SELL,9958.0,9966.0,9962.0,-4.0,0.0,-8.0,True,False,50,5,4,6,-3.0,-17.0,-20.0
2,49800,HYDROGEL_PACK,,,9960.0,3,BUY,9944.0,9960.0,9952.0,8.0,16.0,0.0,False,False,0,3,2,3,-7.0,-15.0,-18.5
2,58300,HYDROGEL_PACK,,,9963.0,6,BUY,9947.0,9963.0,9955.0,8.0,16.0,0.0,False,False,50,5,4,6,-7.0,-1.5,13.0
2,60700,HYDROGEL_PACK,,,9973.0,5,BUY,9957.0,9973.0,9965.0,8.0,16.0,0.0,False,False,50,5,4,6,-9.0,-1.0,12.0
2,70900,HYDROGEL_PACK,,,9994.0,2,BUY,9978.0,9994.0,9986.0,8.0,16.0,0.0,False,False,0,3,2,3,-11.0,-14.0,-23.0
2,71800,HYDROGEL_PACK,,,9975.0,5,SELL,9975.0,9991.0,9983.0,-8.0,0.0,-16.0,False,False,50,5,4,6,2.5,2.0,-17.0
2,72700,HYDROGEL_PACK,,,9988.0,3,BUY,9972.0,9988.0,9980.0,8.0,16.0,0.0,False,False,0,3,2,3,-8.0,-9.0,-32.5
2,78700,HYDROGEL_PACK,,,9939.0,3,SELL,9939.0,9955.0,9947.0,-8.0,0.0,-16.0,True,False,0,3,2,3,12.0,19.0,12.0
2,85500,HYDROGEL_PACK,,,9954.0,2,BUY,9938.0,9954.0,9946.0,8.0,16.0,0.0,False,False,0,3,2,3,-5.5,-9.0,-26.0
2,90100,HYDROGEL_PACK,,,9931.0,3,BUY,9915.0,9931.0,9923.0,8.0,16.0,0.0,True,False,50,3,2,3,-5.0,-9.0,7.5
2,91700,HYDROGEL_PACK,,,9929.0,2,BUY,9913.0,9929.0,9921.0,8.0,16.0,0.0,True,False,50,3,2,3,-6.0,-3.0,10.0
2,97600,HYDROGEL_PACK,,,9937.0,2,SELL,9937.0,9953.0,9945.0,-8.0,0.0,-16.0,False,False,0,3,2,3,9.5,16.0,39.5
2,101800,HYDROGEL_PACK,,,9984.0,3,BUY,9968.0,9984.0,9976.0,8.0,16.0,0.0,False,False,0,3,2,3,-8.0,-8.0,-4.0
2,102400,HYDROGEL_PACK,,,9984.0,3,BUY,9968.0,9984.0,9976.0,8.0,16.0,0.0,False,False,0,3,2,3,-9.0,-8.0,-5.0
2,104500,HYDROGEL_PACK,,,9984.0,2,BUY,9968.0,9984.0,9976.0,8.0,16.0,0.0,False,False,0,3,2,3,-6.0,-4.5,-2.0
2,109600,HYDROGEL_PACK,,,9990.0,6,BUY,9974.0,9990.0,9982.0,8.0,16.0,0.0,False,False,0,5,4,6,-13.0,-18.0,-2.0
2,114500,HYDROGEL_PACK,,,9994.0,5,BUY,9978.0,9994.0,9986.0,8.0,16.0,0.0,False,False,50,5,4,6,-7.0,-5.0,3.0
2,124900,HYDROGEL_PACK,,,10022.0,3,BUY,10006.0,10022.0,10014.0,8.0,16.0,0.0,False,False,0,3,2,3,-9.0,-8.0,-12.5
2,126800,HYDROGEL_PACK,,,10015.0,2,BUY,10008.0,10015.0,10011.5,3.5,7.0,0.0,False,False,0,3,2,3,-8.0,-8.0,-17.0
2,129400,HYDROGEL_PACK,,,10009.0,4,BUY,9993.0,10009.0,10001.0,8.0,16.0,0.0,False,False,5,5,4,6,0.5,-9.0,-2.0
2,137000,HYDROGEL_PACK,,,10007.0,3,SELL,10007.0,10023.0,10015.0,-8.0,0.0,-16.0,False,False,0,3,2,3,13.0,18.0,15.0
2,143800,HYDROGEL_PACK,,,9996.0,5,SELL,9996.0,10012.0,10004.0,-8.0,0.0,-16.0,False,False,0,5,4,6,4.0,10.0,24.0
2,145100,HYDROGEL_PACK,,,10012.0,5,BUY,9996.0,10012.0,10004.0,8.0,16.0,0.0,False,False,50,5,4,6,-6.0,-1.0,4.0
2,145400,HYDROGEL_PACK,,,9995.0,2,SELL,9995.0,10011.0,10003.0,-8.0,0.0,-16.0,False,False,0,3,2,3,14.0,19.0,29.0
2,149900,HYDROGEL_PACK,,,10007.0,3,SELL,10007.0,10023.0,10015.0,-8.0,0.0,-16.0,False,False,0,3,2,3,17.0,16.0,5.0
2,150600,HYDROGEL_PACK,,,10028.0,4,BUY,10012.0,10028.0,10020.0,8.0,16.0,0.0,False,False,0,5,4,6,-6.0,-14.0,-17.0
2,151400,HYDROGEL_PACK,,,10014.0,3,SELL,10014.0,10030.0,10022.0,-8.0,0.0,-16.0,False,False,0,3,2,3,9.0,2.0,8.0
2,151600,HYDROGEL_PACK,,,10014.0,6,SELL,10014.0,10030.0,10022.0,-8.0,0.0,-16.0,False,False,20,5,4,6,4.0,-3.0,7.0
2,153200,HYDROGEL_PACK,,,10008.0,5,SELL,10008.0,10024.0,10016.0,-8.0,0.0,-16.0,False,False,0,5,4,6,6.0,2.0,2.0
2,157000,HYDROGEL_PACK,,,10024.0,4,BUY,10008.0,10024.0,10016.0,8.0,16.0,0.0,False,False,0,5,4,6,-10.0,-7.0,-4.0
2,161100,HYDROGEL_PACK,,,10028.0,4,BUY,10012.0,10028.0,10020.0,8.0,16.0,0.0,False,False,0,5,4,6,-7.0,-5.0,-4.0
2,164600,HYDROGEL_PACK,,,10023.0,6,SELL,10023.0,10039.0,10031.0,-8.0,0.0,-16.0,False,False,50,5,4,6,5.0,-1.0,-10.0
2,169000,HYDROGEL_PACK,,,10028.0,2,BUY,10012.0,10028.0,10020.0,8.0,16.0,0.0,False,False,0,3,2,3,-12.0,-21.0,-8.0
2,169200,HYDROGEL_PACK,,,10025.0,5,BUY,10009.0,10025.0,10017.0,8.0,16.0,0.0,False,False,0,5,4,6,-13.0,-20.0,-6.0
2,170100,HYDROGEL_PACK,,,10020.0,4,BUY,10004.0,10020.0,10012.0,8.0,16.0,0.0,False,False,0,5,4,6,-12.0,-12.0,-1.0
2,177100,HYDROGEL_PACK,,,10011.0,3,SELL,10011.0,10027.0,10019.0,-8.0,0.0,-16.0,False,False,50,3,2,3,0.0,-1.0,-6.0
2,178100,HYDROGEL_PACK,,,10007.0,3,SELL,10007.0,10023.0,10015.0,-8.0,0.0,-16.0,False,False,50,3,2,3,3.0,5.0,-2.0
2,181600,HYDROGEL_PACK,,,9996.0,5,SELL,9996.0,10012.0,10004.0,-8.0,0.0,-16.0,False,False,0,5,4,6,9.0,3.0,6.0
2,193400,HYDROGEL_PACK,,,9993.0,4,BUY,9977.0,9993.0,9985.0,8.0,16.0,0.0,False,False,0,5,4,6,-6.0,-9.0,-15.0
2,195600,HYDROGEL_PACK,,,9972.0,5,SELL,9972.0,9988.0,9980.0,-8.0,0.0,-16.0,False,False,0,5,4,6,8.0,16.5,0.0
2,206200,HYDROGEL_PACK,,,9992.0,3,BUY,9976.0,9992.0,9984.0,8.0,16.0,0.0,False,False,0,3,2,3,-7.0,-3.0,-22.0
2,206600,HYDROGEL_PACK,,,9976.0,3,SELL,9976.0,9992.0,9984.0,-8.0,0.0,-16.0,False,False,50,3,2,3,6.0,12.0,-10.0
2,206700,HYDROGEL_PACK,,,9981.0,5,SELL,9981.0,9989.0,9985.0,-4.0,0.0,-8.0,False,False,50,5,4,6,4.5,7.0,-13.0
2,219200,HYDROGEL_PACK,,,9954.0,4,SELL,9954.0,9970.0,9962.0,-8.0,0.0,-16.0,False,False,50,5,4,6,2.0,1.0,-19.0
2,221200,HYDROGEL_PACK,,,9963.0,6,BUY,9947.0,9963.0,9955.0,8.0,16.0,0.0,False,False,0,5,4,6,-17.0,-19.0,-44.0
2,224300,HYDROGEL_PACK,,,9942.0,4,BUY,9926.0,9942.0,9934.0,8.0,16.0,0.0,False,False,0,5,4,6,-11.0,-24.5,-33.5
2,233000,HYDROGEL_PACK,,,9927.0,3,BUY,9911.0,9927.0,9919.0,8.0,16.0,0.0,True,False,0,3,2,3,-12.0,-9.0,-6.0
2,235700,HYDROGEL_PACK,,,9906.0,6,SELL,9906.0,9922.0,9914.0,-8.0,0.0,-16.0,True,False,0,5,4,6,0.5,14.0,12.0
2,238900,HYDROGEL_PACK,,,9910.0,4,SELL,9910.0,9926.0,9918.0,-8.0,0.0,-16.0,False,False,0,5,4,6,8.0,10.0,17.0
2,239300,HYDROGEL_PACK,,,9909.0,2,SELL,9909.0,9925.0,9917.0,-8.0,0.0,-16.0,False,False,0,3,2,3,8.0,14.0,19.5
2,239400,HYDROGEL_PACK,,,9910.0,4,SELL,9910.0,9926.0,9918.0,-8.0,0.0,-16.0,False,False,0,5,4,6,9.0,10.5,20.0
2,239800,HYDROGEL_PACK,,,9925.0,5,BUY,9909.0,9925.0,9917.0,8.0,16.0,0.0,False,False,50,5,4,6,-6.0,1.0,5.0
2,243800,HYDROGEL_PACK,,,9919.0,4,SELL,9919.0,9935.0,9927.0,-8.0,0.0,-16.0,False,False,0,5,4,6,9.5,27.5,21.0
2,254300,HYDROGEL_PACK,,,9951.0,2,BUY,9935.0,9951.0,9943.0,8.0,16.0,0.0,False,False,0,3,2,3,-9.0,-19.0,-24.0
2,256200,HYDROGEL_PACK,,,9927.0,5,SELL,9927.0,9943.0,9935.0,-8.0,0.0,-16.0,False,False,20,5,4,6,8.0,-8.0,6.0
2,258900,HYDROGEL_PACK,,,9928.0,2,BUY,9912.0,9928.0,9920.0,8.0,16.0,0.0,False,False,20,3,2,3,0.0,1.0,-3.5
2,264200,HYDROGEL_PACK,,,9927.0,6,BUY,9912.0,9927.0,9919.5,7.5,15.0,0.0,False,False,0,5,4,6,-12.0,-4.0,-4.0
2,264700,HYDROGEL_PACK,,,9907.0,2,SELL,9907.0,9923.0,9915.0,-8.0,0.0,-16.0,False,False,0,3,2,3,10.0,17.0,19.0
2,265200,HYDROGEL_PACK,,,9909.0,5,SELL,9909.0,9925.0,9917.0,-8.0,0.0,-16.0,False,False,0,5,4,6,14.0,15.0,17.0
2,267900,HYDROGEL_PACK,,,9926.0,6,BUY,9919.0,9926.0,9922.5,3.5,7.0,0.0,False,False,20,5,4,6,-2.0,2.0,-9.5
2,272900,HYDROGEL_PACK,,,9924.0,5,BUY,9909.0,9924.0,9916.5,7.5,15.0,0.0,False,False,0,5,4,6,-10.0,-12.0,-23.0
2,273400,HYDROGEL_PACK,,,9922.0,3,BUY,9906.0,9922.0,9914.0,8.0,16.0,0.0,False,False,0,3,2,3,-12.0,-17.0,-19.0
2,273500,HYDROGEL_PACK,,,9921.0,6,BUY,9905.0,9921.0,9913.0,8.0,16.0,0.0,False,False,0,5,4,6,-10.0,-16.0,-19.0
2,274400,HYDROGEL_PACK,,,9907.0,3,SELL,9907.0,9923.0,9915.0,-8.0,0.0,-16.0,False,False,50,3,2,3,5.0,-10.0,-12.0
2,275800,HYDROGEL_PACK,,,9912.0,6,BUY,9896.0,9912.0,9904.0,8.0,16.0,0.0,False,False,0,5,4,6,-10.0,-12.0,-10.0
2,277000,HYDROGEL_PACK,,,9911.0,6,BUY,9895.0,9911.0,9903.0,8.0,16.0,0.0,False,False,0,5,4,6,-8.0,-18.0,-10.5
2,277300,HYDROGEL_PACK,,,9910.0,3,BUY,9894.0,9910.0,9902.0,8.0,16.0,0.0,False,False,0,3,2,3,-10.0,-18.0,-8.0
2,278800,HYDROGEL_PACK,,,9890.0,2,SELL,9890.0,9905.0,9897.5,-7.5,0.0,-15.0,True,False,0,3,2,3,2.0,12.0,23.5
2,279900,HYDROGEL_PACK,,,9890.0,6,SELL,9890.0,9906.0,9898.0,-8.0,0.0,-16.0,False,False,0,5,4,6,15.0,4.0,26.5
2,282200,HYDROGEL_PACK,,,9891.0,4,SELL,9891.0,9907.0,9899.0,-8.0,0.0,-16.0,False,False,0,5,4,6,15.0,24.0,41.0
2,283700,HYDROGEL_PACK,,,9922.0,5,BUY,9906.0,9922.0,9914.0,8.0,16.0,0.0,False,False,50,5,4,6,-7.0,-5.0,7.0
2,284300,HYDROGEL_PACK,,,9923.0,6,BUY,9907.0,9923.0,9915.0,8.0,16.0,0.0,False,False,50,5,4,6,-7.0,-5.0,2.5
2,288000,HYDROGEL_PACK,,,9936.0,5,BUY,9920.0,9936.0,9928.0,8.0,16.0,0.0,False,False,0,5,4,6,-7.0,-15.0,-24.0
2,291000,HYDROGEL_PACK,,,9905.0,3,SELL,9905.0,9921.0,9913.0,-8.0,0.0,-16.0,False,False,0,3,2,3,8.0,7.0,38.0
2,292800,HYDROGEL_PACK,,,9921.0,6,BUY,9905.0,9921.0,9913.0,8.0,16.0,0.0,False,False,50,5,4,6,-2.5,17.0,34.0
2,299100,HYDROGEL_PACK,,,9963.0,3,BUY,9947.0,9963.0,9955.0,8.0,16.0,0.0,False,False,0,3,2,3,-12.0,-10.0,-19.0
2,300800,HYDROGEL_PACK,,,9946.0,4,SELL,9946.0,9962.0,9954.0,-8.0,0.0,-16.0,False,False,50,5,4,6,10.0,-4.5,-2.0
2,303800,HYDROGEL_PACK,,,9935.0,2,SELL,9935.0,9951.0,9943.0,-8.0,0.0,-16.0,False,False,0,3,2,3,8.0,9.0,7.0
2,305700,HYDROGEL_PACK,,,9951.0,6,BUY,9936.0,9951.0,9943.5,7.5,15.0,0.0,False,False,0,5,4,6,-5.0,-11.5,-12.0
2,306100,HYDROGEL_PACK,,,9952.0,5,BUY,9936.0,9952.0,9944.0,8.0,16.0,0.0,False,False,0,5,4,6,-11.0,-17.5,-19.0
2,310100,HYDROGEL_PACK,,,9942.0,4,BUY,9926.0,9942.0,9934.0,8.0,16.0,0.0,False,False,50,5,4,6,-5.0,-4.5,8.0
2,311800,HYDROGEL_PACK,,,9945.0,2,BUY,9929.0,9945.0,9937.0,8.0,16.0,0.0,False,False,50,3,2,3,-6.0,-1.0,2.0
2,314800,HYDROGEL_PACK,,,9953.0,3,BUY,9937.0,9953.0,9945.0,8.0,16.0,0.0,False,False,50,3,2,3,-3.0,-6.0,7.0
2,315400,HYDROGEL_PACK,,,9956.0,4,BUY,9940.0,9956.0,9948.0,8.0,16.0,0.0,False,False,50,5,4,6,-8.0,0.0,1.0
2,316900,HYDROGEL_PACK,,,9954.0,2,BUY,9939.0,9954.0,9946.5,7.5,15.0,0.0,False,False,20,3,2,3,2.0,4.0,-5.0
2,328900,HYDROGEL_PACK,,,9958.0,2,BUY,9942.0,9958.0,9950.0,8.0,16.0,0.0,False,False,0,3,2,3,-9.0,-18.0,-3.0
2,332800,HYDROGEL_PACK,,,9947.0,3,SELL,9947.0,9963.0,9955.0,-8.0,0.0,-16.0,False,False,0,3,2,3,7.0,0.5,10.0
2,338400,HYDROGEL_PACK,,,9948.0,4,SELL,9948.0,9964.0,9956.0,-8.0,0.0,-16.0,False,False,0,5,4,6,7.0,11.0,10.0
2,340200,HYDROGEL_PACK,,,9951.0,2,SELL,9951.0,9967.0,9959.0,-8.0,0.0,-16.0,False,False,50,3,2,3,11.0,9.0,-2.0
2,342300,HYDROGEL_PACK,,,9966.0,2,BUY,9950.0,9966.0,9958.0,8.0,16.0,0.0,False,False,0,3,2,3,-8.0,-14.0,-32.5
2,344100,HYDROGEL_PACK,,,9942.0,3,SELL,9942.0,9958.0,9950.0,-8.0,0.0,-16.0,False,False,20,3,2,3,8.0,-3.0,13.0
2,344500,HYDROGEL_PACK,,,9942.0,3,SELL,9942.0,9958.0,9950.0,-8.0,0.0,-16.0,False,False,20,3,2,3,6.0,-1.5,8.0
2,344600,HYDROGEL_PACK,,,9958.0,6,BUY,9942.0,9958.0,9950.0,8.0,16.0,0.0,False,False,0,5,4,6,-10.0,-20.0,-7.0
2,346100,HYDROGEL_PACK,,,9947.0,2,BUY,9931.0,9947.0,9939.0,8.0,16.0,0.0,False,False,0,3,2,3,-9.0,-9.0,-1.0
2,347400,HYDROGEL_PACK,,,9947.0,4,BUY,9931.0,9947.0,9939.0,8.0,16.0,0.0,False,False,50,5,4,6,-12.0,4.0,13.0
2,351400,HYDROGEL_PACK,,,9937.0,6,SELL,9937.0,9953.0,9945.0,-8.0,0.0,-16.0,False,False,0,5,4,6,16.0,31.0,36.0
2,359500,HYDROGEL_PACK,,,9972.0,5,SELL,9972.0,9988.0,9980.0,-8.0,0.0,-16.0,False,False,0,5,4,6,11.0,14.0,8.0
2,365300,HYDROGEL_PACK,,,9984.0,2,SELL,9984.0,10000.0,9992.0,-8.0,0.0,-16.0,False,False,0,3,2,3,6.0,15.0,0.0
2,366500,HYDROGEL_PACK,,,10001.0,2,BUY,9985.0,10001.0,9993.0,8.0,16.0,0.0,False,False,0,3,2,3,-6.0,-10.0,-16.0
2,384800,HYDROGEL_PACK,,,9978.0,4,SELL,9978.0,9986.0,9982.0,-4.0,0.0,-8.0,False,False,50,5,4,6,3.0,-2.0,-2.0
2,385500,HYDROGEL_PACK,,,9972.0,5,SELL,9972.0,9988.0,9980.0,-8.0,0.0,-16.0,False,False,0,5,4,6,8.0,11.0,5.0
2,387500,HYDROGEL_PACK,,,9991.0,3,BUY,9975.0,9991.0,9983.0,8.0,16.0,0.0,False,False,0,3,2,3,-10.0,-14.0,-8.0
2,391600,HYDROGEL_PACK,,,9970.0,2,SELL,9970.0,9986.0,9978.0,-8.0,0.0,-16.0,False,False,0,3,2,3,11.0,7.0,0.0
2,391700,HYDROGEL_PACK,,,9988.0,2,BUY,9972.0,9988.0,9980.0,8.0,16.0,0.0,False,False,0,3,2,3,-4.0,-12.0,-20.0
2,392400,HYDROGEL_PACK,,,9990.0,5,BUY,9974.0,9990.0,9982.0,8.0,16.0,0.0,False,False,0,5,4,6,-5.0,-23.0,-27.0
2,394100,HYDROGEL_PACK,,,9975.0,6,BUY,9959.0,9975.0,9967.0,8.0,16.0,0.0,False,False,20,5,4,6,-8.0,4.0,-9.0
2,394300,HYDROGEL_PACK,,,9970.0,5,BUY,9954.0,9970.0,9962.0,8.0,16.0,0.0,False,False,20,5,4,6,-2.0,7.0,-3.0
2,401200,HYDROGEL_PACK,,,9966.0,5,SELL,9966.0,9982.0,9974.0,-8.0,0.0,-16.0,False,False,0,5,4,6,9.0,15.0,19.0
2,408000,HYDROGEL_PACK,,,9991.0,3,BUY,9975.0,9991.0,9983.0,8.0,16.0,0.0,False,False,0,3,2,3,-13.5,-11.0,-19.0
2,409400,HYDROGEL_PACK,,,9988.0,3,BUY,9972.0,9988.0,9980.0,8.0,16.0,0.0,False,False,0,3,2,3,-5.0,-10.0,-22.0
2,410100,HYDROGEL_PACK,,,9988.0,6,BUY,9972.0,9988.0,9980.0,8.0,16.0,0.0,False,False,0,5,4,6,-13.0,-7.0,-22.0
2,413100,HYDROGEL_PACK,,,9977.0,2,BUY,9961.0,9977.0,9969.0,8.0,16.0,0.0,False,False,0,3,2,3,-11.0,-11.0,-4.0
2,413500,HYDROGEL_PACK,,,9974.0,5,BUY,9959.0,9974.0,9966.5,7.5,15.0,0.0,False,False,0,5,4,6,-9.0,-7.0,-4.0
2,415400,HYDROGEL_PACK,,,9976.0,6,BUY,9960.0,9976.0,9968.0,8.0,16.0,0.0,False,False,0,5,4,6,-8.0,-2.0,-8.0
2,416600,HYDROGEL_PACK,,,9981.0,4,BUY,9965.0,9981.0,9973.0,8.0,16.0,0.0,False,False,0,5,4,6,-5.0,-15.0,-11.0
2,420200,HYDROGEL_PACK,,,9975.0,4,BUY,9959.0,9975.0,9967.0,8.0,16.0,0.0,False,False,0,5,4,6,-4.0,-4.0,-15.0
2,421100,HYDROGEL_PACK,,,9961.0,5,SELL,9961.0,9977.0,9969.0,-8.0,0.0,-16.0,False,False,50,5,4,6,9.0,5.0,-5.0
2,422200,HYDROGEL_PACK,,,9963.0,2,SELL,9963.0,9979.0,9971.0,-8.0,0.0,-16.0,False,False,20,3,2,3,7.0,-6.0,0.0
2,423800,HYDROGEL_PACK,,,9969.0,3,BUY,9953.0,9969.0,9961.0,8.0,16.0,0.0,False,False,0,3,2,3,-15.0,-10.0,-6.0
2,429500,HYDROGEL_PACK,,,9968.0,3,BUY,9952.0,9968.0,9960.0,8.0,16.0,0.0,False,False,0,3,2,3,-7.0,-3.0,-6.0
2,430200,HYDROGEL_PACK,,,9974.0,4,BUY,9958.0,9974.0,9966.0,8.0,16.0,0.0,False,False,0,5,4,6,-6.0,-15.0,-3.0
2,430700,HYDROGEL_PACK,,,9976.0,4,BUY,9960.0,9976.0,9968.0,8.0,16.0,0.0,False,False,0,5,4,6,-9.0,-19.0,-8.0
2,433900,HYDROGEL_PACK,,,9970.0,4,BUY,9954.0,9970.0,9962.0,8.0,16.0,0.0,False,False,50,5,4,6,-6.0,0.0,5.0
2,436200,HYDROGEL_PACK,,,9968.0,2,SELL,9968.0,9984.0,9976.0,-8.0,0.0,-16.0,False,False,50,3,2,3,4.0,1.0,-1.0
2,443400,HYDROGEL_PACK,,,9969.0,4,BUY,9953.0,9969.0,9961.0,8.0,16.0,0.0,False,False,50,5,4,6,-5.0,-2.0,7.0
2,445300,HYDROGEL_PACK,,,9974.0,2,BUY,9958.0,9974.0,9966.0,8.0,16.0,0.0,False,False,50,3,2,3,-4.0,-3.0,8.0
2,449000,HYDROGEL_PACK,,,9979.0,6,SELL,9979.0,9995.0,9987.0,-8.0,0.0,-16.0,False,False,50,5,4,6,16.0,-0.5,-16.0
2,450900,HYDROGEL_PACK,,,9988.0,6,BUY,9972.0,9988.0,9980.0,8.0,16.0,0.0,False,False,0,5,4,6,-10.0,-23.0,-38.0
2,452000,HYDROGEL_PACK,,,9965.0,3,SELL,9965.0,9981.0,9973.0,-8.0,0.0,-16.0,False,False,50,3,2,3,5.0,-2.0,-10.0
2,452800,HYDROGEL_PACK,,,9974.0,4,BUY,9958.0,9974.0,9966.0,8.0,16.0,0.0,False,False,0,5,4,6,-8.0,-15.0,-17.0
2,478900,HYDROGEL_PACK,,,9997.0,3,BUY,9981.0,9997.0,9989.0,8.0,16.0,0.0,False,False,50,3,2,3,-6.0,5.0,5.0
2,480900,HYDROGEL_PACK,,,9994.0,2,SELL,9994.0,10010.0,10002.0,-8.0,0.0,-16.0,False,False,0,3,2,3,10.0,11.0,11.0
2,481400,HYDROGEL_PACK,,,9996.0,2,SELL,9996.0,10012.0,10004.0,-8.0,0.0,-16.0,False,False,0,3,2,3,11.0,6.5,3.0
2,482400,HYDROGEL_PACK,,,10013.0,3,BUY,9997.0,10013.0,10005.0,8.0,16.0,0.0,False,False,0,3,2,3,-8.0,-8.0,-10.0
2,488200,HYDROGEL_PACK,,,9994.0,2,SELL,9994.0,10010.0,10002.0,-8.0,0.0,-16.0,False,False,20,3,2,3,-1.0,-2.0,12.0
2,488700,HYDROGEL_PACK,,,9985.0,5,SELL,9985.0,10001.0,9993.0,-8.0,0.0,-16.0,False,False,0,5,4,6,3.0,12.0,23.0
2,493800,HYDROGEL_PACK,,,10020.0,6,BUY,10004.0,10020.0,10012.0,8.0,16.0,0.0,False,False,0,5,4,6,-10.0,-26.0,-33.0
2,495700,HYDROGEL_PACK,,,9985.0,3,SELL,9985.0,10001.0,9993.0,-8.0,0.0,-16.0,False,False,50,3,2,3,10.0,-4.0,-4.0
2,498500,HYDROGEL_PACK,,,9977.0,4,SELL,9977.0,9993.0,9985.0,-8.0,0.0,-16.0,False,False,0,5,4,6,5.0,8.0,6.0
2,500600,HYDROGEL_PACK,,,9976.0,5,SELL,9976.0,9992.0,9984.0,-8.0,0.0,-16.0,False,False,0,5,4,6,8.0,0.0,4.0
2,501600,HYDROGEL_PACK,,,9976.0,4,SELL,9976.0,9992.0,9984.0,-8.0,0.0,-16.0,False,False,0,5,4,6,3.5,7.0,8.0
2,503600,HYDROGEL_PACK,,,9975.0,2,SELL,9975.0,9991.0,9983.0,-8.0,0.0,-16.0,False,False,0,3,2,3,6.0,5.0,17.0
2,511000,HYDROGEL_PACK,,,9989.0,6,SELL,9989.0,10005.0,9997.0,-8.0,0.0,-16.0,False,False,0,5,4,6,3.0,5.0,5.0
2,512800,HYDROGEL_PACK,,,9982.0,4,SELL,9982.0,9997.0,9989.5,-7.5,0.0,-15.0,False,False,50,5,4,6,15.0,11.0,-4.0
2,516500,HYDROGEL_PACK,,,9977.0,5,SELL,9977.0,9993.0,9985.0,-8.0,0.0,-16.0,False,False,50,5,4,6,-1.0,4.0,-4.0
2,519800,HYDROGEL_PACK,,,9982.0,6,BUY,9966.0,9982.0,9974.0,8.0,16.0,0.0,False,False,0,5,4,6,-11.0,-9.0,-3.0
2,524600,HYDROGEL_PACK,,,9969.0,5,SELL,9969.0,9985.0,9977.0,-8.0,0.0,-16.0,False,False,0,5,4,6,7.0,8.0,24.0
2,526300,HYDROGEL_PACK,,,9966.0,3,SELL,9966.0,9982.0,9974.0,-8.0,0.0,-16.0,False,False,0,3,2,3,11.0,20.0,25.0
2,530900,HYDROGEL_PACK,,,9988.0,3,SELL,9988.0,10004.0,9996.0,-8.0,0.0,-16.0,False,False,50,3,2,3,-2.0,-12.0,-22.0
2,534700,HYDROGEL_PACK,,,9958.0,3,SELL,9958.0,9973.0,9965.5,-7.5,0.0,-15.0,False,False,0,3,2,3,11.0,8.0,10.5
2,534900,HYDROGEL_PACK,,,9976.0,3,BUY,9960.0,9976.0,9968.0,8.0,16.0,0.0,False,False,0,3,2,3,-4.0,-7.0,-5.0
2,535100,HYDROGEL_PACK,,,9961.0,2,SELL,9961.0,9977.0,9969.0,-8.0,0.0,-16.0,False,False,0,3,2,3,14.0,9.0,11.0
2,540500,HYDROGEL_PACK,,,9982.0,2,BUY,9966.0,9982.0,9974.0,8.0,16.0,0.0,False,False,0,3,2,3,-10.0,-4.0,-10.0
2,540600,HYDROGEL_PACK,,,9980.0,2,BUY,9964.0,9980.0,9972.0,8.0,16.0,0.0,False,False,0,3,2,3,-8.0,-2.0,-10.0
2,543800,HYDROGEL_PACK,,,9975.0,6,BUY,9959.0,9975.0,9967.0,8.0,16.0,0.0,False,False,0,5,4,6,-6.0,-6.0,-3.0
2,544400,HYDROGEL_PACK,,,9976.0,6,BUY,9967.0,9976.0,9971.5,4.5,9.0,0.0,False,False,0,5,4,6,-6.0,-6.5,-6.5
2,547000,HYDROGEL_PACK,,,9969.0,6,SELL,9969.0,9985.0,9977.0,-8.0,0.0,-16.0,False,False,50,5,4,6,8.0,5.0,-5.0
2,548500,HYDROGEL_PACK,,,9963.0,6,SELL,9963.0,9979.0,9971.0,-8.0,0.0,-16.0,False,False,50,5,4,6,11.0,3.0,-3.0
2,553400,HYDROGEL_PACK,,,9968.0,2,BUY,9952.0,9968.0,9960.0,8.0,16.0,0.0,False,False,50,3,2,3,-9.0,-4.0,4.0
2,556000,HYDROGEL_PACK,,,9976.0,5,BUY,9960.0,9976.0,9968.0,8.0,16.0,0.0,False,False,50,5,4,6,-6.0,-11.5,12.0
2,556100,HYDROGEL_PACK,,,9976.0,5,BUY,9960.0,9976.0,9968.0,8.0,16.0,0.0,False,False,50,5,4,6,-3.0,-13.0,14.0
2,561000,HYDROGEL_PACK,,,9996.0,4,BUY,9980.0,9996.0,9988.0,8.0,16.0,0.0,False,False,0,5,4,6,-9.0,-9.0,-21.0
2,568500,HYDROGEL_PACK,,,9971.0,2,SELL,9971.0,9987.0,9979.0,-8.0,0.0,-16.0,False,False,0,3,2,3,5.0,8.0,13.0
2,573800,HYDROGEL_PACK,,,9989.0,3,BUY,9973.0,9989.0,9981.0,8.0,16.0,0.0,False,False,20,3,2,3,-8.0,2.0,-11.0
2,574200,HYDROGEL_PACK,,,9988.0,6,BUY,9972.0,9988.0,9980.0,8.0,16.0,0.0,False,False,20,5,4,6,0.0,5.0,-2.0
2,576700,HYDROGEL_PACK,,,10000.0,5,BUY,9984.0,10000.0,9992.0,8.0,16.0,0.0,False,False,0,5,4,6,-13.0,-23.0,-9.0
2,578300,HYDROGEL_PACK,,,9992.0,6,BUY,9977.0,9992.0,9984.5,7.5,15.0,0.0,False,False,0,5,4,6,-14.0,-7.0,-2.0
2,581600,HYDROGEL_PACK,,,10000.0,2,BUY,9984.0,10000.0,9992.0,8.0,16.0,0.0,False,False,50,3,2,3,-13.0,-6.0,11.0
2,582600,HYDROGEL_PACK,,,9980.0,4,SELL,9980.0,9996.0,9988.0,-8.0,0.0,-16.0,False,False,0,5,4,6,8.0,30.0,25.0
2,585200,HYDROGEL_PACK,,,10005.0,6,SELL,10005.0,10021.0,10013.0,-8.0,0.0,-16.0,False,False,50,5,4,6,11.0,2.0,-2.0
2,587700,HYDROGEL_PACK,,,10013.0,4,BUY,9997.0,10013.0,10005.0,8.0,16.0,0.0,False,False,0,5,4,6,-7.0,-1.0,-2.0
2,588400,HYDROGEL_PACK,,,10015.0,6,BUY,9999.0,10015.0,10007.0,8.0,16.0,0.0,False,False,50,5,4,6,-10.0,-5.0,10.0
2,588800,HYDROGEL_PACK,,,10016.0,2,BUY,10000.0,10016.0,10008.0,8.0,16.0,0.0,False,False,50,3,2,3,-7.0,-5.0,4.0
2,589300,HYDROGEL_PACK,,,10001.0,3,SELL,10001.0,10017.0,10009.0,-8.0,0.0,-16.0,False,False,0,3,2,3,7.0,6.0,15.0
2,592200,HYDROGEL_PACK,,,10020.0,4,BUY,10003.0,10020.0,10011.5,8.5,17.0,0.0,False,False,0,5,4,6,-9.0,-1.0,-18.0
2,596100,HYDROGEL_PACK,,,10002.0,3,SELL,10002.0,10018.0,10010.0,-8.0,0.0,-16.0,False,False,0,3,2,3,2.0,9.0,15.0
2,596600,HYDROGEL_PACK,,,10012.0,6,BUY,9996.0,10012.0,10004.0,8.0,16.0,0.0,False,False,50,5,4,6,-5.0,-5.5,9.0
2,597500,HYDROGEL_PACK,,,10015.0,4,BUY,9999.0,10015.0,10007.0,8.0,16.0,0.0,False,False,50,5,4,6,-7.0,-7.0,12.0
2,601600,HYDROGEL_PACK,,,10013.0,6,SELL,10013.0,10029.0,10021.0,-8.0,0.0,-16.0,False,False,0,5,4,6,7.0,15.0,19.0
2,604400,HYDROGEL_PACK,,,10043.0,3,BUY,10027.0,10043.0,10035.0,8.0,16.0,0.0,False,True,0,3,2,3,-7.0,-10.0,0.0
2,608900,HYDROGEL_PACK,,,10031.0,2,SELL,10031.0,10047.0,10039.0,-8.0,0.0,-16.0,False,False,0,3,2,3,12.0,6.0,2.0
2,610900,HYDROGEL_PACK,,,10029.0,5,SELL,10029.0,10045.0,10037.0,-8.0,0.0,-16.0,False,False,0,5,4,6,8.0,8.0,5.0
2,620000,HYDROGEL_PACK,,,10010.0,5,SELL,10010.0,10026.0,10018.0,-8.0,0.0,-16.0,False,False,0,5,4,6,13.0,18.0,18.0
2,630700,HYDROGEL_PACK,,,10010.0,3,SELL,10010.0,10026.0,10018.0,-8.0,0.0,-16.0,False,False,50,3,2,3,6.0,-5.0,-1.0
2,631400,HYDROGEL_PACK,,,10002.0,3,SELL,10002.0,10018.0,10010.0,-8.0,0.0,-16.0,False,False,0,3,2,3,11.0,6.0,2.0
2,633100,HYDROGEL_PACK,,,10017.0,6,BUY,10001.0,10017.0,10009.0,8.0,16.0,0.0,False,False,0,5,4,6,-7.0,-10.0,-6.0
2,634300,HYDROGEL_PACK,,,10009.0,4,BUY,9993.0,10009.0,10001.0,8.0,16.0,0.0,False,False,50,5,4,6,-6.0,-5.0,4.0
2,640000,HYDROGEL_PACK,,,10001.0,2,SELL,10001.0,10017.0,10009.0,-8.0,0.0,-16.0,False,False,0,3,2,3,12.0,9.0,23.0
2,645000,HYDROGEL_PACK,,,10016.0,4,SELL,10016.0,10032.0,10024.0,-8.0,0.0,-16.0,False,False,0,5,4,6,13.0,24.0,21.0
2,650000,HYDROGEL_PACK,,,10029.0,4,SELL,10029.0,10045.0,10037.0,-8.0,0.0,-16.0,False,False,0,5,4,6,16.0,10.5,2.0
2,655500,HYDROGEL_PACK,,,10024.0,3,SELL,10024.0,10041.0,10032.5,-8.5,0.0,-17.0,False,False,0,3,2,3,10.0,14.0,16.0
2,659500,HYDROGEL_PACK,,,10046.0,5,BUY,10030.0,10046.0,10038.0,8.0,16.0,0.0,False,True,0,5,4,6,-6.0,-11.0,-18.0
2,661900,HYDROGEL_PACK,,,10024.0,6,SELL,10024.0,10040.0,10032.0,-8.0,0.0,-16.0,False,False,0,5,4,6,10.0,7.0,0.0
2,663000,HYDROGEL_PACK,,,10025.0,2,SELL,10025.0,10041.0,10033.0,-8.0,0.0,-16.0,False,False,0,3,2,3,11.0,2.0,10.0
2,674000,HYDROGEL_PACK,,,10015.0,2,BUY,9999.0,10015.0,10007.0,8.0,16.0,0.0,False,False,0,3,2,3,-9.0,-11.0,-17.0
2,674400,HYDROGEL_PACK,,,10012.0,4,BUY,9996.0,10012.0,10004.0,8.0,16.0,0.0,False,False,20,5,4,6,-6.0,1.0,-15.0
2,675300,HYDROGEL_PACK,,,10017.0,2,BUY,10001.0,10017.0,10009.0,8.0,16.0,0.0,False,False,0,3,2,3,-10.0,-7.0,-16.0
2,675600,HYDROGEL_PACK,,,10018.0,3,BUY,10002.0,10018.0,10010.0,8.0,16.0,0.0,False,False,0,3,2,3,-13.0,-14.0,-17.0
2,678700,HYDROGEL_PACK,,,10013.0,6,BUY,9997.0,10013.0,10005.0,8.0,16.0,0.0,False,False,0,5,4,6,-20.0,-12.0,-10.0
2,681000,HYDROGEL_PACK,,,10010.0,5,BUY,9994.0,10010.0,10002.0,8.0,16.0,0.0,False,False,0,5,4,6,0.0,-1.0,-8.0
2,686100,HYDROGEL_PACK,,,9996.0,6,SELL,9996.0,10012.0,10004.0,-8.0,0.0,-16.0,False,False,0,5,4,6,14.0,14.0,2.0
2,686700,HYDROGEL_PACK,,,10016.0,5,BUY,10000.0,10016.0,10008.0,8.0,16.0,0.0,False,False,0,5,4,6,-13.0,-3.0,-18.0
2,689700,HYDROGEL_PACK,,,9997.0,5,SELL,9997.0,10013.0,10005.0,-8.0,0.0,-16.0,False,False,0,5,4,6,7.0,1.0,15.0
2,690800,HYDROGEL_PACK,,,9990.0,5,SELL,9990.0,10006.0,9998.0,-8.0,0.0,-16.0,False,False,0,5,4,6,7.0,18.0,22.0
2,691600,HYDROGEL_PACK,,,9990.0,5,SELL,9990.0,10006.0,9998.0,-8.0,0.0,-16.0,False,False,0,5,4,6,13.0,12.0,23.0
2,694500,HYDROGEL_PACK,,,10016.0,4,BUY,10000.0,10016.0,10008.0,8.0,16.0,0.0,False,False,0,5,4,6,-3.5,-5.0,-7.0
2,696000,HYDROGEL_PACK,,,10016.0,2,BUY,10000.0,10016.0,10008.0,8.0,16.0,0.0,False,False,0,3,2,3,-5.0,-18.0,-5.0
2,697000,HYDROGEL_PACK,,,10017.0,4,BUY,10001.0,10017.0,10009.0,8.0,16.0,0.0,False,False,0,5,4,6,-7.0,-11.0,-1.0
2,697400,HYDROGEL_PACK,,,10018.0,2,BUY,10002.0,10018.0,10010.0,8.0,16.0,0.0,False,False,50,3,2,3,-17.0,-9.0,2.0
2,698800,HYDROGEL_PACK,,,9999.0,2,SELL,9999.0,10015.0,10007.0,-8.0,0.0,-16.0,False,False,0,3,2,3,9.0,11.0,22.0
2,705900,HYDROGEL_PACK,,,10032.0,6,BUY,10016.0,10032.0,10024.0,8.0,16.0,0.0,False,False,50,5,4,6,-12.0,-3.0,2.0
2,707900,HYDROGEL_PACK,,,10021.0,6,SELL,10021.0,10037.0,10029.0,-8.0,0.0,-16.0,False,False,0,5,4,6,1.5,9.0,22.0
2,715500,HYDROGEL_PACK,,,10036.0,6,SELL,10036.0,10052.0,10044.0,-8.0,0.0,-16.0,False,False,0,5,4,6,12.0,2.0,4.0
2,716900,HYDROGEL_PACK,,,10028.0,3,SELL,10028.0,10044.0,10036.0,-8.0,0.0,-16.0,False,False,0,3,2,3,10.0,10.0,21.0
2,719000,HYDROGEL_PACK,,,10033.0,5,SELL,10033.0,10049.0,10041.0,-8.0,0.0,-16.0,False,False,0,5,4,6,1.0,8.0,18.0
2,727700,HYDROGEL_PACK,,,10040.0,6,BUY,10024.0,10040.0,10032.0,8.0,16.0,0.0,False,False,0,5,4,6,-4.0,-7.0,-23.0
2,734200,HYDROGEL_PACK,,,10029.0,5,BUY,10013.0,10029.0,10021.0,8.0,16.0,0.0,False,False,0,5,4,6,-6.0,-17.0,-23.0
2,736200,HYDROGEL_PACK,,,10004.0,6,SELL,10004.0,10020.0,10012.0,-8.0,0.0,-16.0,False,False,20,5,4,6,3.0,-4.0,9.0
2,737300,HYDROGEL_PACK,,,10014.0,6,BUY,9998.0,10014.0,10006.0,8.0,16.0,0.0,False,False,0,5,4,6,-17.0,-6.0,0.0
2,739000,HYDROGEL_PACK,,,9996.0,4,SELL,9996.0,10012.0,10004.0,-8.0,0.0,-16.0,False,False,0,5,4,6,13.0,17.0,15.0
2,740000,HYDROGEL_PACK,,,10001.0,4,SELL,10001.0,10017.0,10009.0,-8.0,0.0,-16.0,False,False,0,5,4,6,11.5,12.0,8.0
2,743500,HYDROGEL_PACK,,,10003.0,5,SELL,10003.0,10019.0,10011.0,-8.0,0.0,-16.0,False,False,50,5,4,6,8.0,7.0,-9.0
2,747700,HYDROGEL_PACK,,,9988.0,3,SELL,9988.0,10004.0,9996.0,-8.0,0.0,-16.0,False,False,0,3,2,3,8.0,20.0,15.0
2,749400,HYDROGEL_PACK,,,10016.0,5,BUY,10000.0,10016.0,10008.0,8.0,16.0,0.0,False,False,0,5,4,6,-10.0,-6.0,-10.0
2,750200,HYDROGEL_PACK,,,10006.0,3,BUY,9999.0,10006.0,10002.5,3.5,7.0,0.0,False,False,50,3,2,3,7.0,-4.0,6.0
2,752100,HYDROGEL_PACK,,,10012.0,6,BUY,9996.0,10012.0,10004.0,8.0,16.0,0.0,False,False,50,5,4,6,-8.0,-8.0,1.0
2,752500,HYDROGEL_PACK,,,9997.0,5,SELL,9997.0,10013.0,10005.0,-8.0,0.0,-16.0,False,False,0,5,4,6,5.0,9.0,16.0
2,753400,HYDROGEL_PACK,,,10008.0,4,BUY,9992.0,10008.0,10000.0,8.0,16.0,0.0,False,False,50,5,4,6,-11.0,-1.0,9.0
2,755000,HYDROGEL_PACK,,,10002.0,4,SELL,10002.0,10018.0,10010.0,-8.0,0.0,-16.0,False,False,0,5,4,6,2.0,12.0,23.0
2,759500,HYDROGEL_PACK,,,10016.0,2,SELL,10016.0,10032.0,10024.0,-8.0,0.0,-16.0,False,False,0,3,2,3,9.0,18.0,27.0
2,766500,HYDROGEL_PACK,,,10039.0,4,SELL,10039.0,10055.0,10047.0,-8.0,0.0,-16.0,False,False,20,5,4,6,2.0,-8.0,2.0
2,767700,HYDROGEL_PACK,,,10043.0,6,BUY,10027.0,10043.0,10035.0,8.0,16.0,0.0,False,False,0,5,4,6,-14.0,-8.0,-1.0
2,771300,HYDROGEL_PACK,,,10051.0,4,BUY,10035.0,10051.0,10043.0,8.0,16.0,0.0,False,True,0,5,4,6,-7.0,-20.0,-6.0
2,775300,HYDROGEL_PACK,,,10028.0,4,SELL,10028.0,10045.0,10036.5,-8.5,0.0,-17.0,False,False,0,5,4,6,12.0,21.0,0.0
2,780000,HYDROGEL_PACK,,,10035.0,3,BUY,10019.0,10035.0,10027.0,8.0,16.0,0.0,False,False,0,3,2,3,-9.0,-16.0,-9.0
2,784000,HYDROGEL_PACK,,,10014.0,6,SELL,10014.0,10030.0,10022.0,-8.0,0.0,-16.0,False,False,50,5,4,6,12.5,8.0,-8.0
2,787400,HYDROGEL_PACK,,,10012.0,5,SELL,10012.0,10028.0,10020.0,-8.0,0.0,-16.0,False,False,50,5,4,6,7.0,-6.0,-18.0
2,795400,HYDROGEL_PACK,,,9978.0,6,SELL,9978.0,9994.0,9986.0,-8.0,0.0,-16.0,False,False,0,5,4,6,13.0,6.0,13.0
2,802700,HYDROGEL_PACK,,,10014.0,4,BUY,9998.0,10014.0,10006.0,8.0,16.0,0.0,False,False,0,5,4,6,-8.0,-4.0,-8.0
2,804500,HYDROGEL_PACK,,,10020.0,5,BUY,10004.0,10020.0,10012.0,8.0,16.0,0.0,False,False,0,5,4,6,-7.0,-7.0,-24.0
2,812700,HYDROGEL_PACK,,,10005.0,3,SELL,10005.0,10021.0,10013.0,-8.0,0.0,-16.0,False,False,0,3,2,3,10.0,21.0,28.0
2,818600,HYDROGEL_PACK,,,10039.0,3,BUY,10023.0,10039.0,10031.0,8.0,16.0,0.0,False,False,0,3,2,3,-10.0,-18.0,-5.0
2,824000,HYDROGEL_PACK,,,10027.0,4,SELL,10027.0,10043.0,10035.0,-8.0,0.0,-16.0,False,False,0,5,4,6,7.0,1.0,2.5
2,827000,HYDROGEL_PACK,,,10024.0,5,SELL,10024.0,10040.0,10032.0,-8.0,0.0,-16.0,False,False,0,5,4,6,10.5,5.5,5.0
2,830600,HYDROGEL_PACK,,,10024.0,3,SELL,10024.0,10040.0,10032.0,-8.0,0.0,-16.0,False,False,0,3,2,3,6.0,5.0,12.0
2,834000,HYDROGEL_PACK,,,10017.0,4,SELL,10017.0,10033.0,10025.0,-8.0,0.0,-16.0,False,False,0,5,4,6,12.0,19.0,7.0
2,842800,HYDROGEL_PACK,,,10008.0,6,SELL,10008.0,10024.0,10016.0,-8.0,0.0,-16.0,False,False,0,5,4,6,10.0,12.0,0.0
2,843300,HYDROGEL_PACK,,,10026.0,3,BUY,10010.0,10026.0,10018.0,8.0,16.0,0.0,False,False,5,3,2,3,4.0,-10.0,-21.0
2,849400,HYDROGEL_PACK,,,9996.0,6,SELL,9996.0,10012.0,10004.0,-8.0,0.0,-16.0,False,False,0,5,4,6,3.0,8.0,15.5
2,855100,HYDROGEL_PACK,,,10018.0,4,BUY,10002.0,10018.0,10010.0,8.0,16.0,0.0,False,False,0,5,4,6,-4.0,-6.0,-4.0
2,856600,HYDROGEL_PACK,,,10001.0,2,SELL,10001.0,10017.0,10009.0,-8.0,0.0,-16.0,False,False,0,3,2,3,11.0,9.0,2.0
2,861200,HYDROGEL_PACK,,,10021.0,2,BUY,10005.0,10021.0,10013.0,8.0,16.0,0.0,False,False,0,3,2,3,-15.0,-22.0,-30.0
2,861800,HYDROGEL_PACK,,,9996.0,6,SELL,9996.0,10012.0,10004.0,-8.0,0.0,-16.0,False,False,50,5,4,6,7.0,-3.0,-2.0
2,863300,HYDROGEL_PACK,,,9990.0,5,SELL,9990.0,10006.0,9998.0,-8.0,0.0,-16.0,False,False,0,5,4,6,3.0,1.0,16.0
2,864200,HYDROGEL_PACK,,,9990.0,3,SELL,9990.0,10006.0,9998.0,-8.0,0.0,-16.0,False,False,0,3,2,3,2.0,1.0,11.0
2,866200,HYDROGEL_PACK,,,9999.0,3,BUY,9983.0,9999.0,9991.0,8.0,16.0,0.0,False,False,20,3,2,3,-5.0,4.0,-9.0
2,866800,HYDROGEL_PACK,,,10002.0,6,BUY,9986.0,10002.0,9994.0,8.0,16.0,0.0,False,False,20,5,4,6,-4.0,3.0,-7.0
2,866900,HYDROGEL_PACK,,,10001.0,2,BUY,9985.0,10001.0,9993.0,8.0,16.0,0.0,False,False,20,3,2,3,-4.0,5.0,-4.0
2,867500,HYDROGEL_PACK,,,9992.0,6,SELL,9992.0,10008.0,10000.0,-8.0,0.0,-16.0,False,False,0,5,4,6,12.0,8.0,5.0
2,869900,HYDROGEL_PACK,,,9987.0,2,SELL,9987.0,10003.0,9995.0,-8.0,0.0,-16.0,False,False,0,3,2,3,4.0,10.0,2.0
2,870100,HYDROGEL_PACK,,,10001.0,2,BUY,9985.0,10001.0,9993.0,8.0,16.0,0.0,False,False,0,3,2,3,-5.5,-5.0,-10.0
2,870400,HYDROGEL_PACK,,,9999.0,4,BUY,9983.0,9999.0,9991.0,8.0,16.0,0.0,False,False,0,5,4,6,-3.0,-3.0,-14.0
2,876900,HYDROGEL_PACK,,,9977.0,5,SELL,9977.0,9993.0,9985.0,-8.0,0.0,-16.0,False,False,0,5,4,6,7.5,6.0,1.0
2,880800,HYDROGEL_PACK,,,9993.0,5,BUY,9977.0,9993.0,9985.0,8.0,16.0,0.0,False,False,50,5,4,6,-5.0,-1.0,1.0
2,890200,HYDROGEL_PACK,,,9994.0,5,BUY,9978.0,9994.0,9986.0,8.0,16.0,0.0,False,False,0,5,4,6,-6.0,-6.5,-8.0
2,891600,HYDROGEL_PACK,,,9976.0,6,SELL,9976.0,9991.0,9983.5,-7.5,0.0,-15.0,False,False,0,5,4,6,9.0,6.0,16.0
2,894900,HYDROGEL_PACK,,,9993.0,2,BUY,9985.0,9993.0,9989.0,4.0,8.0,0.0,False,False,50,3,2,3,-3.0,1.0,16.0
2,899900,HYDROGEL_PACK,,,10001.0,3,SELL,10001.0,10017.0,10009.0,-8.0,0.0,-16.0,False,False,0,3,2,3,8.0,17.0,11.0
2,902500,HYDROGEL_PACK,,,10019.0,5,BUY,10003.0,10019.0,10011.0,8.0,16.0,0.0,False,False,0,5,4,6,-12.0,-5.0,-20.0
2,903600,HYDROGEL_PACK,,,9999.0,4,SELL,9999.0,10015.0,10007.0,-8.0,0.0,-16.0,False,False,0,5,4,6,10.0,8.0,6.0
2,913200,HYDROGEL_PACK,,,9992.0,2,SELL,9992.0,10008.0,10000.0,-8.0,0.0,-16.0,False,False,0,3,2,3,10.0,9.0,6.0
2,918200,HYDROGEL_PACK,,,10006.0,5,BUY,9990.0,10006.0,9998.0,8.0,16.0,0.0,False,False,5,5,4,6,2.0,0.0,-5.0
2,921800,HYDROGEL_PACK,,,10011.0,3,BUY,9995.0,10011.0,10003.0,8.0,16.0,0.0,False,False,0,3,2,3,-9.0,-9.5,-15.0
2,923800,HYDROGEL_PACK,,,10006.0,6,BUY,9997.0,10006.0,10001.5,4.5,9.0,0.0,False,False,0,5,4,6,-13.0,-9.0,-21.0
2,927700,HYDROGEL_PACK,,,9982.0,4,SELL,9982.0,9998.0,9990.0,-8.0,0.0,-16.0,False,False,0,5,4,6,7.0,15.0,34.5
2,928800,HYDROGEL_PACK,,,9977.0,6,SELL,9977.0,9993.0,9985.0,-8.0,0.0,-16.0,False,False,0,5,4,6,19.0,26.0,38.0
2,929600,HYDROGEL_PACK,,,9987.0,6,SELL,9987.0,10003.0,9995.0,-8.0,0.0,-16.0,False,False,0,5,4,6,12.0,22.0,29.0
2,935400,HYDROGEL_PACK,,,10017.0,3,SELL,10017.0,10033.0,10025.0,-8.0,0.0,-16.0,False,False,50,3,2,3,6.0,-4.0,-5.0
2,940100,HYDROGEL_PACK,,,10025.0,6,BUY,10009.0,10025.0,10017.0,8.0,16.0,0.0,False,False,0,5,4,6,-17.0,-17.0,-28.5
2,940500,HYDROGEL_PACK,,,10003.0,2,SELL,10003.0,10019.0,10011.0,-8.0,0.0,-16.0,False,False,50,3,2,3,1.5,1.0,-9.0
2,941900,HYDROGEL_PACK,,,10006.0,2,SELL,10006.0,10015.0,10010.5,-4.5,0.0,-9.0,False,False,50,3,2,3,-1.0,-5.0,-14.0
2,944300,HYDROGEL_PACK,,,9988.0,5,SELL,9988.0,10004.0,9996.0,-8.0,0.0,-16.0,False,False,50,5,4,6,4.0,4.0,-6.5
2,947900,HYDROGEL_PACK,,,9983.0,6,SELL,9983.0,9999.0,9991.0,-8.0,0.0,-16.0,False,False,0,5,4,6,11.0,6.0,0.0
2,948400,HYDROGEL_PACK,,,10002.0,5,BUY,9986.0,10002.0,9994.0,8.0,16.0,0.0,False,False,0,5,4,6,-14.0,-19.0,-17.0
2,949800,HYDROGEL_PACK,,,9978.0,6,SELL,9978.0,9994.0,9986.0,-8.0,0.0,-16.0,False,False,0,5,4,6,6.0,9.0,18.0
2,958400,HYDROGEL_PACK,,,9993.0,4,SELL,9993.0,10009.0,10001.0,-8.0,0.0,-16.0,False,False,0,5,4,6,7.0,13.0,16.0
2,961700,HYDROGEL_PACK,,,9990.0,5,SELL,9990.0,10006.0,9998.0,-8.0,0.0,-16.0,False,False,0,5,4,6,11.0,14.0,21.0
2,965500,HYDROGEL_PACK,,,9998.0,6,SELL,9998.0,10014.0,10006.0,-8.0,0.0,-16.0,False,False,0,5,4,6,12.0,16.0,2.0
2,967500,HYDROGEL_PACK,,,10022.0,4,BUY,10006.0,10022.0,10014.0,8.0,16.0,0.0,False,False,0,5,4,6,-6.5,-20.0,-29.0
2,968600,HYDROGEL_PACK,,,10015.0,5,BUY,9999.0,10015.0,10007.0,8.0,16.0,0.0,False,False,0,5,4,6,-10.0,-15.0,-17.0
2,970300,HYDROGEL_PACK,,,10006.0,3,BUY,9990.0,10006.0,9998.0,8.0,16.0,0.0,False,False,0,3,2,3,-8.0,-8.0,-4.0
2,976200,HYDROGEL_PACK,,,9997.0,2,SELL,9997.0,10013.0,10005.0,-8.0,0.0,-16.0,False,False,20,3,2,3,3.0,-4.0,0.0
2,976800,HYDROGEL_PACK,,,10005.0,2,BUY,9989.0,10005.0,9997.0,8.0,16.0,0.0,False,False,0,3,2,3,-18.0,-14.0,-7.0
2,978600,HYDROGEL_PACK,,,9998.0,3,BUY,9982.0,9998.0,9990.0,8.0,16.0,0.0,False,False,50,3,2,3,-9.0,-6.0,2.0
2,978700,HYDROGEL_PACK,,,10000.0,2,BUY,9984.0,10000.0,9992.0,8.0,16.0,0.0,False,False,0,3,2,3,-10.0,-7.0,-3.0
2,982000,HYDROGEL_PACK,,,10003.0,2,BUY,9987.0,10003.0,9995.0,8.0,16.0,0.0,False,False,0,3,2,3,-2.0,-6.0,-12.0
2,983700,HYDROGEL_PACK,,,10005.0,2,BUY,9989.0,10005.0,9997.0,8.0,16.0,0.0,False,False,0,3,2,3,-4.0,-6.5,-9.0
2,984200,HYDROGEL_PACK,,,10009.0,3,BUY,9993.0,10009.0,10001.0,8.0,16.0,0.0,False,False,0,3,2,3,-17.0,-17.0,-13.0
2,984700,HYDROGEL_PACK,,,9984.0,5,SELL,9984.0,10000.0,9992.0,-8.0,0.0,-16.0,False,False,0,5,4,6,6.0,5.0,23.0
2,992200,HYDROGEL_PACK,,,10029.0,4,BUY,10013.0,10029.0,10021.0,8.0,16.0,0.0,False,False,0,5,4,6,-10.0,-5.0,-15.0
2,993200,HYDROGEL_PACK,,,10024.0,6,BUY,10017.0,10024.0,10020.5,3.5,7.0,0.0,False,False,5,5,4,6,4.0,-1.0,-11.0
2,994800,HYDROGEL_PACK,,,10011.0,4,SELL,10011.0,10027.0,10019.0,-8.0,0.0,-16.0,False,False,0,5,4,6,9.0,10.0,0.0
2,996500,HYDROGEL_PACK,,,10010.0,2,SELL,10010.0,10026.0,10018.0,-8.0,0.0,-16.0,False,False,0,3,2,3,9.0,7.0,
2,900,VELVETFRUIT_EXTRACT,,,5262.0,8,BUY,5260.0,5262.0,5261.0,1.0,2.0,0.0,True,True,50,8,7,9,2.0,7.5,14.0
2,2700,VELVETFRUIT_EXTRACT,,,5269.0,8,SELL,5269.0,5275.0,5272.0,-3.0,0.0,-6.0,False,True,0,8,7,9,4.0,2.0,4.0
2,2900,VELVETFRUIT_EXTRACT,,,5272.0,8,BUY,5267.0,5272.0,5269.5,2.5,5.0,0.0,False,True,20,8,7,9,2.5,0.5,-0.5
2,4800,VELVETFRUIT_EXTRACT,,,5273.0,3,BUY,5268.0,5273.0,5270.5,2.5,5.0,0.0,False,True,5,3,3,3,0.5,-0.5,-10.5
2,5700,VELVETFRUIT_EXTRACT,,,5273.0,5,SELL,5273.0,5279.0,5276.0,-3.0,0.0,-6.0,False,False,50,5,4,6,2.5,0.0,-10.5
2,9900,VELVETFRUIT_EXTRACT,,,5261.0,5,SELL,5261.0,5265.0,5263.0,-2.0,0.0,-4.0,True,False,0,5,4,6,1.0,6.5,6.5
2,10700,VELVETFRUIT_EXTRACT,,,5265.0,4,BUY,5260.0,5265.0,5262.5,2.5,5.0,0.0,False,False,50,5,4,6,-0.5,0.0,5.0
2,12100,VELVETFRUIT_EXTRACT,,,5268.0,5,BUY,5266.0,5268.0,5267.0,1.0,2.0,0.0,False,False,50,5,4,6,-1.5,-1.5,5.5
2,12600,VELVETFRUIT_EXTRACT,,,5264.0,3,SELL,5264.0,5269.0,5266.5,-2.5,0.0,-5.0,False,False,0,3,3,3,2.0,0.0,11.5
2,13900,VELVETFRUIT_EXTRACT,,,5269.0,4,BUY,5264.0,5269.0,5266.5,2.5,5.0,0.0,False,False,50,5,4,6,-2.5,1.5,3.5
2,16300,VELVETFRUIT_EXTRACT,,,5275.0,5,BUY,5270.0,5275.0,5272.5,2.5,5.0,0.0,False,True,0,5,4,6,-2.0,-0.5,-4.0
2,17400,VELVETFRUIT_EXTRACT,,,5274.0,3,SELL,5274.0,5279.0,5276.5,-2.5,0.0,-5.0,False,False,50,3,3,3,-0.5,-4.5,-4.5
2,23100,VELVETFRUIT_EXTRACT,,,5264.0,4,SELL,5264.0,5270.0,5267.0,-3.0,0.0,-6.0,False,False,5,5,4,6,-1.5,2.0,1.5
2,25500,VELVETFRUIT_EXTRACT,,,5264.0,6,SELL,5264.0,5269.0,5266.5,-2.5,0.0,-5.0,False,False,50,5,4,6,3.5,1.0,-1.5
2,26500,VELVETFRUIT_EXTRACT,,,5269.0,6,BUY,5264.0,5269.0,5266.5,2.5,5.0,0.0,False,False,0,5,4,6,-2.5,-2.5,-7.5
2,32500,VELVETFRUIT_EXTRACT,,,5266.0,4,BUY,5264.0,5266.0,5265.0,1.0,2.0,0.0,False,False,50,5,4,6,2.5,5.5,0.5
2,33300,VELVETFRUIT_EXTRACT,,,5271.0,7,BUY,5266.0,5271.0,5268.5,2.5,5.0,0.0,False,False,0,8,7,9,-2.0,-3.5,-3.5
2,35700,VELVETFRUIT_EXTRACT,,,5270.0,3,BUY,5265.0,5270.0,5267.5,2.5,5.0,0.0,False,False,0,3,3,3,-1.5,-1.0,-15.5
2,35800,VELVETFRUIT_EXTRACT,,,5264.0,7,SELL,5264.0,5269.0,5266.5,-2.5,0.0,-5.0,False,False,50,8,7,9,2.5,2.5,-9.0
2,36100,VELVETFRUIT_EXTRACT,,,5271.0,4,BUY,5266.0,5271.0,5268.5,2.5,5.0,0.0,False,False,0,5,4,6,-2.5,-4.5,-17.5
2,38400,VELVETFRUIT_EXTRACT,,,5265.0,8,SELL,5265.0,5270.0,5267.5,-2.5,0.0,-5.0,False,False,50,8,7,9,3.5,-6.5,-10.5
2,41700,VELVETFRUIT_EXTRACT,,,5254.0,5,BUY,5249.0,5254.0,5251.5,2.5,5.0,0.0,True,False,50,5,4,6,-1.5,-2.5,4.0
2,42000,VELVETFRUIT_EXTRACT,,,5247.0,8,SELL,5247.0,5252.0,5249.5,-2.5,0.0,-5.0,True,False,0,8,7,9,6.5,4.5,11.5
2,43000,VELVETFRUIT_EXTRACT,,,5250.0,8,SELL,5250.0,5255.0,5252.5,-2.5,0.0,-5.0,False,False,0,8,7,9,2.0,8.5,9.5
2,44700,VELVETFRUIT_EXTRACT,,,5255.0,8,SELL,5255.0,5260.0,5257.5,-2.5,0.0,-5.0,False,False,0,8,7,9,2.5,3.0,4.0
2,44900,VELVETFRUIT_EXTRACT,,,5257.0,14,BUY,5256.0,5257.0,5256.5,0.5,1.0,0.0,False,False,50,13,12,14,-2.0,1.5,3.5
2,46800,VELVETFRUIT_EXTRACT,,,5256.0,8,SELL,5256.0,5261.0,5258.5,-2.5,0.0,-5.0,False,False,0,8,7,9,2.0,2.5,6.5
2,48100,VELVETFRUIT_EXTRACT,,,5261.0,7,BUY,5256.0,5261.0,5258.5,2.5,5.0,0.0,False,False,0,8,7,9,-1.5,-0.5,-0.5
2,48400,VELVETFRUIT_EXTRACT,,,5258.0,5,BUY,5256.0,5258.0,5257.0,1.0,2.0,0.0,False,False,50,5,4,6,0.0,2.5,3.5
2,52600,VELVETFRUIT_EXTRACT,,,5263.0,8,BUY,5257.0,5263.0,5260.0,3.0,6.0,0.0,False,False,0,8,7,9,-2.5,-2.5,-14.5
2,53200,VELVETFRUIT_EXTRACT,,,5264.0,5,BUY,5259.0,5264.0,5261.5,2.5,5.0,0.0,False,False,0,5,4,6,-5.0,-6.5,-14.0
2,53600,VELVETFRUIT_EXTRACT,,,5257.0,5,SELL,5257.0,5262.0,5259.5,-2.5,0.0,-5.0,False,False,50,5,4,6,1.5,-1.5,-9.5
2,59200,VELVETFRUIT_EXTRACT,,,5244.0,8,BUY,5239.0,5244.0,5241.5,2.5,5.0,0.0,True,False,50,8,7,9,-2.5,4.5,8.5
2,64300,VELVETFRUIT_EXTRACT,,,5249.0,3,SELL,5249.0,5255.0,5252.0,-3.0,0.0,-6.0,False,False,0,3,3,3,2.5,3.0,5.5
2,67600,VELVETFRUIT_EXTRACT,,,5262.0,4,BUY,5257.0,5262.0,5259.5,2.5,5.0,0.0,False,False,0,5,4,6,-2.5,-4.5,-3.0
2,70000,VELVETFRUIT_EXTRACT,,,5255.0,6,SELL,5255.0,5260.0,5257.5,-2.5,0.0,-5.0,False,False,20,5,4,6,1.0,-0.5,1.5
2,70400,VELVETFRUIT_EXTRACT,,,5260.0,5,BUY,5255.0,5260.0,5257.5,2.5,5.0,0.0,False,False,0,5,4,6,-4.0,-4.0,-3.5
2,71500,VELVETFRUIT_EXTRACT,,,5251.0,4,SELL,5251.0,5255.0,5253.0,-2.0,0.0,-4.0,False,False,0,5,4,6,3.5,4.0,4.0
2,73100,VELVETFRUIT_EXTRACT,,,5256.0,7,SELL,5256.0,5261.0,5258.5,-2.5,0.0,-5.0,False,False,20,8,7,9,-0.5,-1.5,0.5
2,73200,VELVETFRUIT_EXTRACT,,,5254.0,5,SELL,5254.0,5260.0,5257.0,-3.0,0.0,-6.0,False,False,0,5,4,6,2.5,1.5,1.5
2,76700,VELVETFRUIT_EXTRACT,,,5258.0,4,BUY,5252.0,5258.0,5255.0,3.0,6.0,0.0,False,False,50,5,4,6,-5.5,-4.5,8.5
2,82100,VELVETFRUIT_EXTRACT,,,5270.0,5,BUY,5268.0,5270.0,5269.0,1.0,2.0,0.0,False,False,5,5,4,6,1.5,-1.0,0.0
2,83000,VELVETFRUIT_EXTRACT,,,5271.0,6,BUY,5265.0,5271.0,5268.0,3.0,6.0,0.0,False,False,0,5,4,6,-2.5,-1.5,-0.5
2,84100,VELVETFRUIT_EXTRACT,,,5272.0,8,BUY,5266.0,5272.0,5269.0,3.0,6.0,0.0,False,False,0,8,7,9,0.0,-2.5,-3.5
2,84400,VELVETFRUIT_EXTRACT,,,5273.0,5,BUY,5268.0,5273.0,5270.5,2.5,5.0,0.0,False,False,0,5,4,6,-2.0,-3.0,-3.5
2,84800,VELVETFRUIT_EXTRACT,,,5276.0,5,BUY,5271.0,5276.0,5273.5,2.5,5.0,0.0,False,True,0,5,4,6,-7.5,-8.5,-8.5
2,85500,VELVETFRUIT_EXTRACT,,,5273.0,8,BUY,5268.0,5273.0,5270.5,2.5,5.0,0.0,False,False,0,8,7,9,-4.5,-2.5,-4.5
2,91700,VELVETFRUIT_EXTRACT,,,5264.0,8,SELL,5264.0,5269.0,5266.5,-2.5,0.0,-5.0,False,False,50,8,7,9,4.5,3.5,-0.5
2,92600,VELVETFRUIT_EXTRACT,,,5271.0,4,BUY,5266.0,5271.0,5268.5,2.5,5.0,0.0,False,False,0,5,4,6,0.0,-3.5,-9.5
2,95100,VELVETFRUIT_EXTRACT,,,5262.0,8,SELL,5262.0,5267.0,5264.5,-2.5,0.0,-5.0,False,False,5,8,7,9,-1.0,0.5,1.5
2,97200,VELVETFRUIT_EXTRACT,,,5265.0,7,BUY,5260.0,5265.0,5262.5,2.5,5.0,0.0,False,False,0,8,7,9,-3.5,-1.0,-1.5
2,97400,VELVETFRUIT_EXTRACT,,,5258.0,5,SELL,5258.0,5263.0,5260.5,-2.5,0.0,-5.0,False,False,0,5,4,6,3.5,6.5,5.5
2,103500,VELVETFRUIT_EXTRACT,,,5263.0,8,SELL,5263.0,5268.0,5265.5,-2.5,0.0,-5.0,False,False,50,8,7,9,-4.0,-4.5,-2.0
2,106300,VELVETFRUIT_EXTRACT,,,5262.0,7,BUY,5257.0,5262.0,5259.5,2.5,5.0,0.0,False,False,20,8,7,9,-2.0,1.5,-1.5
2,108800,VELVETFRUIT_EXTRACT,,,5263.0,3,BUY,5258.0,5263.0,5260.5,2.5,5.0,0.0,False,False,0,3,3,3,0.0,-4.5,-5.5
2,109400,VELVETFRUIT_EXTRACT,,,5266.0,6,BUY,5260.0,5266.0,5263.0,3.0,6.0,0.0,False,False,0,5,4,6,-3.5,-5.5,-8.0
2,109800,VELVETFRUIT_EXTRACT,,,5267.0,3,BUY,5262.0,5267.0,5264.5,2.5,5.0,0.0,False,False,0,3,3,3,-8.5,-4.5,-9.0
2,110500,VELVETFRUIT_EXTRACT,,,5262.0,8,BUY,5257.0,5262.0,5259.5,2.5,5.0,0.0,False,False,0,8,7,9,-4.0,-4.5,-8.5
2,111300,VELVETFRUIT_EXTRACT,,,5263.0,7,BUY,5258.0,5263.0,5260.5,2.5,5.0,0.0,False,False,0,8,7,9,-0.5,-6.5,-8.5
2,112600,VELVETFRUIT_EXTRACT,,,5257.0,10,BUY,5256.0,5257.0,5256.5,0.5,1.0,0.0,False,False,50,10,10,11,1.0,0.5,2.5
2,118100,VELVETFRUIT_EXTRACT,,,5260.0,3,BUY,5255.0,5260.0,5257.5,2.5,5.0,0.0,False,False,50,3,3,3,-6.5,-7.5,3.0
2,122900,VELVETFRUIT_EXTRACT,,,5258.0,8,SELL,5258.0,5264.0,5261.0,-3.0,0.0,-6.0,False,False,50,8,7,9,6.5,3.5,-2.5
2,129300,VELVETFRUIT_EXTRACT,,,5255.0,8,BUY,5253.0,5255.0,5254.0,1.0,2.0,0.0,False,False,20,8,7,9,0.5,1.5,-0.5
2,129300,VELVETFRUIT_EXTRACT,,,5255.0,5,BUY,5253.0,5255.0,5254.0,1.0,2.0,0.0,False,False,20,5,4,6,0.5,1.5,-0.5
2,129600,VELVETFRUIT_EXTRACT,,,5255.0,6,SELL,5255.0,5260.0,5257.5,-2.5,0.0,-5.0,False,False,5,5,4,6,-1.5,2.5,1.5
2,130100,VELVETFRUIT_EXTRACT,,,5256.0,5,BUY,5251.0,5256.0,5253.5,2.5,5.0,0.0,False,False,50,5,4,6,-1.5,1.5,1.5
2,130300,VELVETFRUIT_EXTRACT,,,5252.0,6,SELL,5252.0,5257.0,5254.5,-2.5,0.0,-5.0,False,False,0,5,4,6,4.5,3.5,5.0
2,133000,VELVETFRUIT_EXTRACT,,,5260.0,7,BUY,5255.0,5260.0,5257.5,2.5,5.0,0.0,False,False,0,8,7,9,-4.5,-1.0,-2.5
2,134300,VELVETFRUIT_EXTRACT,,,5255.0,9,BUY,5254.0,5255.0,5254.5,0.5,1.0,0.0,False,False,20,8,7,9,2.5,3.0,-1.5
2,135500,VELVETFRUIT_EXTRACT,,,5259.0,7,BUY,5254.0,5259.0,5256.5,2.5,5.0,0.0,False,False,20,8,7,9,-3.5,1.5,-3.0
2,138700,VELVETFRUIT_EXTRACT,,,5262.0,3,BUY,5256.0,5262.0,5259.0,3.0,6.0,0.0,False,False,0,3,3,3,-7.5,-3.5,-0.5
2,140500,VELVETFRUIT_EXTRACT,,,5257.0,6,BUY,5255.0,5257.0,5256.0,1.0,2.0,0.0,False,False,50,5,4,6,0.5,1.5,11.5
2,142300,VELVETFRUIT_EXTRACT,,,5259.0,6,BUY,5254.0,5259.0,5256.5,2.5,5.0,0.0,False,False,50,5,4,6,-2.0,4.0,2.5
2,143100,VELVETFRUIT_EXTRACT,,,5261.0,7,BUY,5255.0,5261.0,5258.0,3.0,6.0,0.0,False,False,50,8,7,9,-0.5,8.0,5.5
2,144300,VELVETFRUIT_EXTRACT,,,5266.0,6,BUY,5260.0,5266.0,5263.0,3.0,6.0,0.0,False,False,50,5,4,6,-0.5,-1.5,1.0
2,147200,VELVETFRUIT_EXTRACT,,,5259.0,8,SELL,5259.0,5264.0,5261.5,-2.5,0.0,-5.0,False,False,0,8,7,9,4.5,6.5,14.5
2,154300,VELVETFRUIT_EXTRACT,,,5275.0,6,BUY,5269.0,5275.0,5272.0,3.0,6.0,0.0,False,False,20,5,4,6,-1.0,1.5,-1.5
2,155100,VELVETFRUIT_EXTRACT,,,5277.0,8,BUY,5271.0,5277.0,5274.0,3.0,6.0,0.0,False,True,0,8,7,9,-3.5,-4.5,-3.5
2,155300,VELVETFRUIT_EXTRACT,,,5277.0,3,BUY,5272.0,5277.0,5274.5,2.5,5.0,0.0,False,False,0,3,3,3,-0.5,-5.5,-3.5
2,155700,VELVETFRUIT_EXTRACT,,,5277.0,4,BUY,5272.0,5277.0,5274.5,2.5,5.0,0.0,False,False,0,5,4,6,-2.5,-1.5,-6.5
2,155800,VELVETFRUIT_EXTRACT,,,5274.0,7,SELL,5274.0,5279.0,5276.5,-2.5,0.0,-5.0,False,False,50,8,7,9,2.5,2.5,-3.0
2,156200,VELVETFRUIT_EXTRACT,,,5275.0,14,BUY,5274.0,5275.0,5274.5,0.5,1.0,0.0,False,False,20,13,12,14,1.5,0.5,-4.0
2,157400,VELVETFRUIT_EXTRACT,,,5272.0,13,BUY,5270.0,5272.0,5271.0,1.0,2.0,0.0,False,False,20,13,12,14,2.5,2.0,-4.5
2,164100,VELVETFRUIT_EXTRACT,,,5282.0,5,BUY,5277.0,5282.0,5279.5,2.5,5.0,0.0,False,True,0,5,4,6,0.0,-5.5,-10.5
2,164200,VELVETFRUIT_EXTRACT,,,5278.0,7,SELL,5278.0,5283.0,5280.5,-2.5,0.0,-5.0,False,False,50,8,7,9,2.5,-3.5,-6.5
2,165700,VELVETFRUIT_EXTRACT,,,5273.0,10,BUY,5271.0,5273.0,5272.0,1.0,2.0,0.0,False,False,5,10,10,11,1.5,-4.0,-4.5
2,169900,VELVETFRUIT_EXTRACT,,,5267.0,3,SELL,5267.0,5269.0,5268.0,-1.0,0.0,-2.0,False,False,0,3,3,3,1.5,6.0,11.0
2,170500,VELVETFRUIT_EXTRACT,,,5272.0,7,BUY,5267.0,5272.0,5269.5,2.5,5.0,0.0,False,False,50,8,7,9,-1.5,-0.5,6.5
2,171500,VELVETFRUIT_EXTRACT,,,5271.0,7,SELL,5271.0,5276.0,5273.5,-2.5,0.0,-5.0,False,False,0,8,7,9,2.0,3.5,9.0
2,172600,VELVETFRUIT_EXTRACT,,,5276.0,8,BUY,5271.0,5276.0,5273.5,2.5,5.0,0.0,False,False,50,8,7,9,0.5,0.5,2.5
2,174000,VELVETFRUIT_EXTRACT,,,5278.0,6,BUY,5273.0,5278.0,5275.5,2.5,5.0,0.0,False,False,5,5,4,6,0.5,-0.5,-3.5
2,175000,VELVETFRUIT_EXTRACT,,,5279.0,4,BUY,5274.0,5279.0,5276.5,2.5,5.0,0.0,False,False,20,5,4,6,-0.5,0.5,-10.5
2,178200,VELVETFRUIT_EXTRACT,,,5272.0,3,SELL,5272.0,5278.0,5275.0,-3.0,0.0,-6.0,False,False,50,3,3,3,0.5,-4.5,-7.5
2,179100,VELVETFRUIT_EXTRACT,,,5275.0,8,BUY,5269.0,5275.0,5272.0,3.0,6.0,0.0,False,False,0,8,7,9,-4.5,-6.5,-12.5
2,185500,VELVETFRUIT_EXTRACT,,,5262.0,5,BUY,5257.0,5262.0,5259.5,2.5,5.0,0.0,False,False,5,5,4,6,1.5,-5.5,-4.0
2,188200,VELVETFRUIT_EXTRACT,,,5255.0,3,SELL,5255.0,5261.0,5258.0,-3.0,0.0,-6.0,False,False,0,3,3,3,4.5,4.5,6.5
2,189700,VELVETFRUIT_EXTRACT,,,5257.0,6,SELL,5257.0,5262.0,5259.5,-2.5,0.0,-5.0,False,False,0,5,4,6,2.5,2.0,4.0
2,194700,VELVETFRUIT_EXTRACT,,,5262.0,10,BUY,5260.0,5262.0,5261.0,1.0,2.0,0.0,False,False,50,10,10,11,-2.5,1.5,1.5
2,194900,VELVETFRUIT_EXTRACT,,,5257.0,6,SELL,5257.0,5263.0,5260.0,-3.0,0.0,-6.0,False,False,0,5,4,6,3.5,2.0,5.0
2,195500,VELVETFRUIT_EXTRACT,,,5264.0,6,BUY,5259.0,5264.0,5261.5,2.5,5.0,0.0,False,False,5,5,4,6,1.0,-0.5,-1.5
2,196700,VELVETFRUIT_EXTRACT,,,5261.0,6,SELL,5261.0,5266.0,5263.5,-2.5,0.0,-5.0,False,False,50,5,4,6,0.5,2.5,-3.5
2,199400,VELVETFRUIT_EXTRACT,,,5262.0,8,BUY,5261.0,5262.0,5261.5,0.5,1.0,0.0,False,False,0,8,7,9,0.0,-3.0,-1.5
2,201300,VELVETFRUIT_EXTRACT,,,5259.0,6,SELL,5259.0,5262.0,5260.5,-1.5,0.0,-3.0,False,False,5,5,4,6,-1.5,2.5,6.5
2,203500,VELVETFRUIT_EXTRACT,,,5263.0,4,BUY,5257.0,5263.0,5260.0,3.0,6.0,0.0,False,False,50,5,4,6,-3.5,0.0,3.5
2,205000,VELVETFRUIT_EXTRACT,,,5263.0,5,SELL,5264.0,5266.0,5265.0,-2.0,-1.0,-3.0,False,False,0,5,4,6,0.0,4.0,4.5
2,206000,VELVETFRUIT_EXTRACT,,,5268.0,6,BUY,5263.0,5268.0,5265.5,2.5,5.0,0.0,False,False,20,5,4,6,-0.5,2.5,-2.0
2,207000,VELVETFRUIT_EXTRACT,,,5268.0,15,BUY,5266.0,5268.0,5267.0,1.0,2.0,0.0,False,False,5,15,15,15,0.5,-0.5,-0.5
2,209400,VELVETFRUIT_EXTRACT,,,5265.0,4,SELL,5265.0,5270.0,5267.5,-2.5,0.0,-5.0,False,False,0,5,4,6,2.5,1.5,2.5
2,211400,VELVETFRUIT_EXTRACT,,,5264.0,7,SELL,5264.0,5269.0,5266.5,-2.5,0.0,-5.0,False,False,0,8,7,9,1.5,3.5,2.5
2,212100,VELVETFRUIT_EXTRACT,,,5271.0,4,BUY,5265.0,5271.0,5268.0,3.0,6.0,0.0,False,False,0,5,4,6,-4.0,-2.5,-8.5
2,212200,VELVETFRUIT_EXTRACT,,,5267.0,5,BUY,5265.0,5267.0,5266.0,1.0,2.0,0.0,False,False,20,5,4,6,-0.5,0.5,-2.5
2,212900,VELVETFRUIT_EXTRACT,,,5266.0,5,SELL,5266.0,5271.0,5268.5,-2.5,0.0,-5.0,False,False,50,5,4,6,1.5,-0.5,-2.5
2,217200,VELVETFRUIT_EXTRACT,,,5262.0,4,SELL,5262.0,5267.0,5264.5,-2.5,0.0,-5.0,False,False,50,5,4,6,0.5,1.5,-2.5
2,217800,VELVETFRUIT_EXTRACT,,,5260.0,6,SELL,5260.0,5266.0,5263.0,-3.0,0.0,-6.0,False,False,0,5,4,6,4.5,4.5,0.5
2,220600,VELVETFRUIT_EXTRACT,,,5260.0,4,SELL,5260.0,5265.0,5262.5,-2.5,0.0,-5.0,False,False,0,5,4,6,3.5,2.0,5.5
2,220800,VELVETFRUIT_EXTRACT,,,5265.0,6,BUY,5260.0,5265.0,5262.5,2.5,5.0,0.0,False,False,0,5,4,6,-7.5,-4.5,-2.0
2,229400,VELVETFRUIT_EXTRACT,,,5260.0,7,SELL,5260.0,5265.0,5262.5,-2.5,0.0,-5.0,False,False,0,8,7,9,4.0,6.5,6.5
2,231600,VELVETFRUIT_EXTRACT,,,5262.0,5,SELL,5262.0,5267.0,5264.5,-2.5,0.0,-5.0,False,False,0,5,4,6,2.5,4.5,5.5
2,232000,VELVETFRUIT_EXTRACT,,,5267.0,8,BUY,5262.0,5267.0,5264.5,2.5,5.0,0.0,False,False,50,8,7,9,-5.0,-1.5,2.5
2,237400,VELVETFRUIT_EXTRACT,,,5273.0,6,BUY,5268.0,5273.0,5270.5,2.5,5.0,0.0,False,False,50,5,4,6,-4.5,-11.5,0.5
2,237600,VELVETFRUIT_EXTRACT,,,5271.0,8,BUY,5269.0,5271.0,5270.0,1.0,2.0,0.0,False,False,50,8,7,9,-2.5,-6.5,4.5
2,237700,VELVETFRUIT_EXTRACT,,,5273.0,8,BUY,5268.0,5273.0,5270.5,2.5,5.0,0.0,False,False,50,8,7,9,-5.0,-8.5,1.5
2,242100,VELVETFRUIT_EXTRACT,,,5276.0,8,BUY,5271.0,5276.0,5273.5,2.5,5.0,0.0,False,False,50,8,7,9,-0.5,-0.5,1.5
2,243500,VELVETFRUIT_EXTRACT,,,5274.0,4,BUY,5269.0,5274.0,5271.5,2.5,5.0,0.0,False,False,50,5,4,6,1.5,-2.0,0.5
2,244900,VELVETFRUIT_EXTRACT,,,5276.0,4,BUY,5271.0,5276.0,5273.5,2.5,5.0,0.0,False,False,50,5,4,6,-3.5,3.5,2.5
2,258000,VELVETFRUIT_EXTRACT,,,5271.0,15,BUY,5270.0,5271.0,5270.5,0.5,1.0,0.0,False,False,50,15,15,15,3.5,7.0,8.5
2,259500,VELVETFRUIT_EXTRACT,,,5273.0,4,SELL,5273.0,5279.0,5276.0,-3.0,0.0,-6.0,False,False,0,5,4,6,5.0,5.5,12.5
2,263900,VELVETFRUIT_EXTRACT,,,5281.0,4,SELL,5281.0,5286.0,5283.5,-2.5,0.0,-5.0,False,False,50,5,4,6,5.5,8.5,-0.5
2,265100,VELVETFRUIT_EXTRACT,,,5285.0,6,SELL,5285.0,5290.0,5287.5,-2.5,0.0,-5.0,False,True,50,5,4,6,2.0,0.5,-7.5
2,265500,VELVETFRUIT_EXTRACT,,,5285.0,6,SELL,5285.0,5290.0,5287.5,-2.5,0.0,-5.0,False,False,50,5,4,6,3.5,-1.0,-4.5
2,267000,VELVETFRUIT_EXTRACT,,,5289.0,6,BUY,5284.0,5289.0,5286.5,2.5,5.0,0.0,False,True,0,5,4,6,-5.0,-11.5,-9.5
2,267400,VELVETFRUIT_EXTRACT,,,5283.0,4,SELL,5283.0,5288.0,5285.5,-2.5,0.0,-5.0,False,False,50,5,4,6,0.0,-4.5,-5.5
2,268200,VELVETFRUIT_EXTRACT,,,5280.0,7,SELL,5280.0,5285.0,5282.5,-2.5,0.0,-5.0,False,False,50,8,7,9,3.5,-0.5,-0.5
2,268600,VELVETFRUIT_EXTRACT,,,5281.0,5,SELL,5281.0,5287.0,5284.0,-3.0,0.0,-6.0,False,False,50,5,4,6,-1.5,-1.5,-2.5
2,271100,VELVETFRUIT_EXTRACT,,,5276.0,3,SELL,5276.0,5281.0,5278.5,-2.5,0.0,-5.0,False,False,50,3,3,3,4.5,3.0,-1.5
2,272700,VELVETFRUIT_EXTRACT,,,5277.0,3,SELL,5277.0,5282.0,5279.5,-2.5,0.0,-5.0,False,False,50,3,3,3,2.5,-1.5,-7.0
2,274100,VELVETFRUIT_EXTRACT,,,5279.0,6,SELL,5279.0,5282.0,5280.5,-1.5,0.0,-3.0,False,False,50,5,4,6,-2.5,-4.5,-5.5
2,274300,VELVETFRUIT_EXTRACT,,,5280.0,8,BUY,5275.0,5280.0,5277.5,2.5,5.0,0.0,False,False,0,8,7,9,-4.5,-6.0,-6.5
2,274600,VELVETFRUIT_EXTRACT,,,5274.0,3,SELL,5274.0,5279.0,5276.5,-2.5,0.0,-5.0,False,False,50,3,3,3,3.5,-0.5,-4.5
2,278700,VELVETFRUIT_EXTRACT,,,5274.0,6,BUY,5269.0,5274.0,5271.5,2.5,5.0,0.0,False,False,0,5,4,6,-0.5,-3.5,-3.5
2,278800,VELVETFRUIT_EXTRACT,,,5276.0,4,BUY,5271.0,5276.0,5273.5,2.5,5.0,0.0,False,False,0,5,4,6,-2.5,-6.5,-5.5
2,280700,VELVETFRUIT_EXTRACT,,,5268.0,6,SELL,5268.0,5273.0,5270.5,-2.5,0.0,-5.0,False,False,5,5,4,6,-1.5,1.0,7.5
2,282600,VELVETFRUIT_EXTRACT,,,5269.0,10,SELL,5269.0,5272.0,5270.5,-1.5,0.0,-3.0,False,False,0,10,10,11,2.5,6.0,8.5
2,282600,VELVETFRUIT_EXTRACT,,,5272.0,6,BUY,5269.0,5272.0,5270.5,1.5,3.0,0.0,False,False,50,5,4,6,-0.5,3.0,5.5
2,283300,VELVETFRUIT_EXTRACT,,,5270.0,5,SELL,5270.0,5275.0,5272.5,-2.5,0.0,-5.0,False,False,0,5,4,6,0.5,3.5,6.0
2,285600,VELVETFRUIT_EXTRACT,,,5278.0,4,BUY,5273.0,5278.0,5275.5,2.5,5.0,0.0,False,False,5,5,4,6,1.5,-0.5,-6.5
2,285800,VELVETFRUIT_EXTRACT,,,5276.0,6,BUY,5274.0,5276.0,5275.0,1.0,2.0,0.0,False,False,20,5,4,6,0.5,0.5,-3.5
2,286100,VELVETFRUIT_EXTRACT,,,5278.0,5,SELL,5278.0,5281.0,5279.5,-1.5,0.0,-3.0,False,False,50,5,4,6,-2.5,-1.5,-6.5
2,288000,VELVETFRUIT_EXTRACT,,,5274.0,8,SELL,5274.0,5279.0,5276.5,-2.5,0.0,-5.0,False,False,50,8,7,9,1.5,-1.5,-3.0
2,291800,VELVETFRUIT_EXTRACT,,,5267.0,4,SELL,5267.0,5272.0,5269.5,-2.5,0.0,-5.0,False,False,0,5,4,6,5.0,4.5,4.0
2,293100,VELVETFRUIT_EXTRACT,,,5274.0,5,BUY,5269.0,5274.0,5271.5,2.5,5.0,0.0,False,False,0,5,4,6,-3.0,-2.5,-4.5
2,293400,VELVETFRUIT_EXTRACT,,,5273.0,5,BUY,5268.0,5273.0,5270.5,2.5,5.0,0.0,False,False,50,5,4,6,-2.5,-1.0,0.5
2,293700,VELVETFRUIT_EXTRACT,,,5267.0,8,SELL,5267.0,5272.0,5269.5,-2.5,0.0,-5.0,False,False,0,8,7,9,1.5,3.5,5.5
2,296800,VELVETFRUIT_EXTRACT,,,5268.0,8,SELL,5268.0,5274.0,5271.0,-3.0,0.0,-6.0,False,False,50,8,7,9,2.5,5.5,-2.5
2,301000,VELVETFRUIT_EXTRACT,,,5267.0,8,SELL,5267.0,5273.0,5270.0,-3.0,0.0,-6.0,False,False,20,8,7,9,0.5,-0.5,4.5
2,305600,VELVETFRUIT_EXTRACT,,,5267.0,3,SELL,5267.0,5272.0,5269.5,-2.5,0.0,-5.0,False,False,0,3,3,3,5.5,3.0,3.5
2,306000,VELVETFRUIT_EXTRACT,,,5274.0,5,BUY,5269.0,5274.0,5271.5,2.5,5.0,0.0,False,False,0,5,4,6,-3.5,-2.5,-4.5
2,307900,VELVETFRUIT_EXTRACT,,,5268.0,8,SELL,5268.0,5273.0,5270.5,-2.5,0.0,-5.0,False,False,0,8,7,9,4.5,6.5,4.5
2,308400,VELVETFRUIT_EXTRACT,,,5270.0,3,SELL,5270.0,5275.0,5272.5,-2.5,0.0,-5.0,False,False,0,3,3,3,3.5,1.5,0.5
2,311200,VELVETFRUIT_EXTRACT,,,5265.0,8,SELL,5265.0,5270.0,5267.5,-2.5,0.0,-5.0,False,False,0,8,7,9,6.5,6.5,9.5
2,311700,VELVETFRUIT_EXTRACT,,,5273.0,6,BUY,5270.0,5273.0,5271.5,1.5,3.0,0.0,False,False,50,5,4,6,-4.5,-4.5,2.5
2,316800,VELVETFRUIT_EXTRACT,,,5275.0,7,BUY,5273.0,5275.0,5274.0,1.0,2.0,0.0,False,False,0,8,7,9,-0.5,-6.0,-6.0
2,323200,VELVETFRUIT_EXTRACT,,,5276.0,5,BUY,5271.0,5276.0,5273.5,2.5,5.0,0.0,False,False,0,5,4,6,-6.5,-7.5,-6.5
2,323500,VELVETFRUIT_EXTRACT,,,5269.0,14,BUY,5267.0,5269.0,5268.0,1.0,2.0,0.0,False,False,0,13,12,14,-1.5,-0.5,-2.5
2,327600,VELVETFRUIT_EXTRACT,,,5266.0,5,BUY,5261.0,5266.0,5263.5,2.5,5.0,0.0,False,False,50,5,4,6,3.0,-2.5,5.0
2,328500,VELVETFRUIT_EXTRACT,,,5269.0,7,BUY,5264.0,5269.0,5266.5,2.5,5.0,0.0,False,False,50,8,7,9,-6.0,-5.5,2.0
2,328700,VELVETFRUIT_EXTRACT,,,5268.0,5,BUY,5263.0,5268.0,5265.5,2.5,5.0,0.0,False,False,50,5,4,6,-4.5,-5.5,0.5
2,330400,VELVETFRUIT_EXTRACT,,,5261.0,8,SELL,5261.0,5263.0,5262.0,-1.0,0.0,-2.0,False,False,0,8,7,9,5.5,8.5,7.5
2,332600,VELVETFRUIT_EXTRACT,,,5274.0,8,BUY,5268.0,5274.0,5271.0,3.0,6.0,0.0,False,False,0,8,7,9,-3.5,-1.5,-1.0
2,333200,VELVETFRUIT_EXTRACT,,,5269.0,7,BUY,5267.0,5269.0,5268.0,1.0,2.0,0.0,False,False,50,8,7,9,-0.5,0.5,0.5
2,333900,VELVETFRUIT_EXTRACT,,,5273.0,7,BUY,5267.0,5273.0,5270.0,3.0,6.0,0.0,False,False,0,8,7,9,-3.0,-2.5,-6.5
2,335400,VELVETFRUIT_EXTRACT,,,5271.0,6,BUY,5266.0,5271.0,5268.5,2.5,5.0,0.0,False,False,20,5,4,6,-0.5,2.5,-3.5
2,336800,VELVETFRUIT_EXTRACT,,,5268.0,5,SELL,5268.0,5273.0,5270.5,-2.5,0.0,-5.0,False,False,20,5,4,6,4.5,-1.0,1.5
2,337000,VELVETFRUIT_EXTRACT,,,5271.0,6,BUY,5269.0,5271.0,5270.0,1.0,2.0,0.0,False,False,5,5,4,6,2.5,-2.5,0.0
2,344000,VELVETFRUIT_EXTRACT,,,5269.0,3,SELL,5269.0,5274.0,5271.5,-2.5,0.0,-5.0,False,False,50,3,3,3,-1.5,-5.0,-2.5
2,344600,VELVETFRUIT_EXTRACT,,,5265.0,7,SELL,5265.0,5271.0,5268.0,-3.0,0.0,-6.0,False,False,50,8,7,9,1.5,0.5,-0.5
2,344900,VELVETFRUIT_EXTRACT,,,5265.0,6,SELL,5265.0,5270.0,5267.5,-2.5,0.0,-5.0,False,False,50,5,4,6,2.5,0.5,-0.5
2,350600,VELVETFRUIT_EXTRACT,,,5266.0,5,BUY,5261.0,5266.0,5263.5,2.5,5.0,0.0,False,False,0,5,4,6,-8.5,-10.0,-4.5
2,352100,VELVETFRUIT_EXTRACT,,,5252.0,4,SELL,5252.0,5257.0,5254.5,-2.5,0.0,-5.0,False,False,0,5,4,6,4.0,6.5,10.5
2,352300,VELVETFRUIT_EXTRACT,,,5257.0,8,BUY,5252.0,5257.0,5254.5,2.5,5.0,0.0,False,False,50,8,7,9,-2.5,2.5,5.5
2,353600,VELVETFRUIT_EXTRACT,,,5254.0,7,SELL,5254.0,5259.0,5256.5,-2.5,0.0,-5.0,False,False,0,8,7,9,4.5,7.5,7.5
2,353800,VELVETFRUIT_EXTRACT,,,5257.0,7,SELL,5257.0,5262.0,5259.5,-2.5,0.0,-5.0,False,False,0,8,7,9,2.5,3.5,3.5
2,356500,VELVETFRUIT_EXTRACT,,,5263.0,6,BUY,5258.0,5263.0,5260.5,2.5,5.0,0.0,False,False,50,5,4,6,-1.5,0.0,1.5
2,358300,VELVETFRUIT_EXTRACT,,,5261.0,7,SELL,5261.0,5266.0,5263.5,-2.5,0.0,-5.0,False,False,5,8,7,9,-0.5,1.5,0.5
2,358400,VELVETFRUIT_EXTRACT,,,5266.0,5,BUY,5260.0,5266.0,5263.0,3.0,6.0,0.0,False,False,0,5,4,6,-4.5,-2.5,-3.5
2,360000,VELVETFRUIT_EXTRACT,,,5267.0,7,BUY,5262.0,5267.0,5264.5,2.5,5.0,0.0,False,False,0,8,7,9,-0.5,-4.5,-9.0
2,361300,VELVETFRUIT_EXTRACT,,,5267.0,3,BUY,5261.0,5267.0,5264.0,3.0,6.0,0.0,False,False,0,3,3,3,-3.5,-5.5,-7.0
2,361600,VELVETFRUIT_EXTRACT,,,5260.0,5,SELL,5260.0,5266.0,5263.0,-3.0,0.0,-6.0,False,False,0,5,4,6,2.5,1.5,0.0
2,362500,VELVETFRUIT_EXTRACT,,,5260.0,5,SELL,5260.0,5266.0,5263.0,-3.0,0.0,-6.0,False,False,0,5,4,6,3.5,0.0,0.5
2,365400,VELVETFRUIT_EXTRACT,,,5257.0,7,SELL,5257.0,5259.0,5258.0,-1.0,0.0,-2.0,False,False,50,8,7,9,0.5,3.5,-6.5
2,368100,VELVETFRUIT_EXTRACT,,,5256.0,6,SELL,5256.0,5261.0,5258.5,-2.5,0.0,-5.0,False,False,50,5,4,6,2.5,-4.5,-2.5
2,372300,VELVETFRUIT_EXTRACT,,,5250.0,6,SELL,5250.0,5256.0,5253.0,-3.0,0.0,-6.0,False,False,0,5,4,6,5.5,2.5,1.0
2,373100,VELVETFRUIT_EXTRACT,,,5256.0,6,BUY,5251.0,5256.0,5253.5,2.5,5.0,0.0,False,False,0,5,4,6,-4.5,-4.5,-7.0
2,376700,VELVETFRUIT_EXTRACT,,,5250.0,7,SELL,5250.0,5255.0,5252.5,-2.5,0.0,-5.0,False,False,50,8,7,9,1.0,2.5,-1.5
2,378400,VELVETFRUIT_EXTRACT,,,5249.0,10,BUY,5247.0,5249.0,5248.0,1.0,2.0,0.0,False,False,50,10,10,11,4.5,3.5,2.5
2,382200,VELVETFRUIT_EXTRACT,,,5253.0,5,BUY,5248.0,5253.0,5250.5,2.5,5.0,0.0,False,False,0,5,4,6,-0.5,-0.5,-12.0
2,383100,VELVETFRUIT_EXTRACT,,,5254.0,6,BUY,5249.0,5254.0,5251.5,2.5,5.0,0.0,False,False,0,5,4,6,-1.0,-9.5,-14.5
2,385100,VELVETFRUIT_EXTRACT,,,5245.0,9,BUY,5244.0,5245.0,5244.5,0.5,1.0,0.0,False,False,5,8,7,9,2.0,-5.5,-5.5
2,389600,VELVETFRUIT_EXTRACT,,,5238.0,7,SELL,5238.0,5241.0,5239.5,-1.5,0.0,-3.0,True,False,0,8,7,9,1.5,6.5,8.5
2,401000,VELVETFRUIT_EXTRACT,,,5230.0,8,SELL,5230.0,5235.0,5232.5,-2.5,0.0,-5.0,True,False,20,8,7,9,0.0,-2.5,4.0
2,401500,VELVETFRUIT_EXTRACT,,,5233.0,7,BUY,5227.0,5233.0,5230.0,3.0,6.0,0.0,False,False,0,8,7,9,-3.5,-3.5,-4.5
2,406100,VELVETFRUIT_EXTRACT,,,5231.0,4,SELL,5231.0,5236.0,5233.5,-2.5,0.0,-5.0,False,False,50,5,4,6,-4.5,-5.5,-3.5
2,407000,VELVETFRUIT_EXTRACT,,,5225.0,4,SELL,5225.0,5230.0,5227.5,-2.5,0.0,-5.0,True,False,50,5,4,6,0.0,0.5,-3.0
2,421400,VELVETFRUIT_EXTRACT,,,5233.0,6,BUY,5228.0,5233.0,5230.5,2.5,5.0,0.0,False,False,50,5,4,6,-3.5,-1.5,1.5
2,424600,VELVETFRUIT_EXTRACT,,,5232.0,6,BUY,5230.0,5232.0,5231.0,1.0,2.0,0.0,False,False,50,5,4,6,3.5,5.5,4.5
2,425300,VELVETFRUIT_EXTRACT,,,5238.0,3,BUY,5233.0,5238.0,5235.5,2.5,5.0,0.0,False,False,0,3,3,3,-0.5,0.0,-0.5
2,427400,VELVETFRUIT_EXTRACT,,,5241.0,5,BUY,5236.0,5241.0,5238.5,2.5,5.0,0.0,False,False,0,5,4,6,-4.5,-5.5,-4.5
2,432100,VELVETFRUIT_EXTRACT,,,5233.0,8,SELL,5233.0,5238.0,5235.5,-2.5,0.0,-5.0,False,False,0,8,7,9,4.5,5.5,5.5
2,433000,VELVETFRUIT_EXTRACT,,,5238.0,4,SELL,5238.0,5243.0,5240.5,-2.5,0.0,-5.0,False,False,50,5,4,6,0.5,0.5,-0.5
2,436100,VELVETFRUIT_EXTRACT,,,5242.0,5,BUY,5237.0,5242.0,5239.5,2.5,5.0,0.0,False,False,0,5,4,6,-3.5,-3.5,-3.5
2,438500,VELVETFRUIT_EXTRACT,,,5241.0,6,BUY,5236.0,5241.0,5238.5,2.5,5.0,0.0,False,False,0,5,4,6,-1.0,-3.5,-4.5
2,441300,VELVETFRUIT_EXTRACT,,,5235.0,5,SELL,5235.0,5240.0,5237.5,-2.5,0.0,-5.0,False,False,0,5,4,6,4.0,0.5,15.5
2,444200,VELVETFRUIT_EXTRACT,,,5244.0,6,BUY,5239.0,5244.0,5241.5,2.5,5.0,0.0,False,False,50,5,4,6,-3.0,5.5,5.5
2,448600,VELVETFRUIT_EXTRACT,,,5252.0,7,BUY,5247.0,5252.0,5249.5,2.5,5.0,0.0,False,False,0,8,7,9,-3.5,-7.5,-13.5
2,448900,VELVETFRUIT_EXTRACT,,,5247.0,9,BUY,5245.0,5247.0,5246.0,1.0,2.0,0.0,False,False,5,8,7,9,3.5,-2.5,-7.5
2,453000,VELVETFRUIT_EXTRACT,,,5240.0,3,BUY,5235.0,5240.0,5237.5,2.5,5.0,0.0,False,False,50,3,3,3,-2.5,-5.5,1.5
2,453800,VELVETFRUIT_EXTRACT,,,5237.0,7,SELL,5237.0,5242.0,5239.5,-2.5,0.0,-5.0,False,False,0,8,7,9,0.0,2.5,3.5
2,457600,VELVETFRUIT_EXTRACT,,,5242.0,3,BUY,5237.0,5242.0,5239.5,2.5,5.0,0.0,False,False,0,3,3,3,-2.5,-0.5,-4.5
2,460100,VELVETFRUIT_EXTRACT,,,5235.0,4,SELL,5235.0,5240.0,5237.5,-2.5,0.0,-5.0,False,False,0,5,4,6,2.5,1.5,4.5
2,463600,VELVETFRUIT_EXTRACT,,,5238.0,11,BUY,5237.0,5238.0,5237.5,0.5,1.0,0.0,False,False,20,10,10,11,0.0,2.5,-1.5
2,464700,VELVETFRUIT_EXTRACT,,,5238.0,5,BUY,5236.0,5238.0,5237.0,1.0,2.0,0.0,False,False,0,5,4,6,-0.5,-3.5,-1.0
2,466000,VELVETFRUIT_EXTRACT,,,5234.0,3,SELL,5234.0,5239.0,5236.5,-2.5,0.0,-5.0,False,False,20,3,3,3,-1.5,-0.5,1.0
2,466400,VELVETFRUIT_EXTRACT,,,5233.0,14,BUY,5232.0,5233.0,5232.5,0.5,1.0,0.0,False,False,50,13,12,14,2.5,3.5,2.0
2,468600,VELVETFRUIT_EXTRACT,,,5239.0,4,BUY,5234.0,5239.0,5236.5,2.5,5.0,0.0,False,False,0,5,4,6,-3.5,-1.0,-4.5
2,472900,VELVETFRUIT_EXTRACT,,,5238.0,6,BUY,5233.0,5238.0,5235.5,2.5,5.0,0.0,False,False,50,5,4,6,-2.5,1.5,9.5
2,473000,VELVETFRUIT_EXTRACT,,,5238.0,4,BUY,5233.0,5238.0,5235.5,2.5,5.0,0.0,False,False,50,5,4,6,-3.5,2.5,9.5
2,473800,VELVETFRUIT_EXTRACT,,,5239.0,3,BUY,5234.0,5239.0,5236.5,2.5,5.0,0.0,False,False,50,3,3,3,-3.5,4.5,6.5
2,474000,VELVETFRUIT_EXTRACT,,,5238.0,5,BUY,5232.0,5238.0,5235.0,3.0,6.0,0.0,False,False,50,5,4,6,-2.5,7.5,5.5
2,477300,VELVETFRUIT_EXTRACT,,,5244.0,8,SELL,5244.0,5249.0,5246.5,-2.5,0.0,-5.0,False,False,20,8,7,9,3.0,-3.5,7.5
2,480500,VELVETFRUIT_EXTRACT,,,5240.0,3,SELL,5240.0,5245.0,5242.5,-2.5,0.0,-5.0,False,False,0,3,3,3,2.5,10.0,2.5
2,483400,VELVETFRUIT_EXTRACT,,,5249.0,3,BUY,5243.0,5249.0,5246.0,3.0,6.0,0.0,False,False,0,3,3,3,-4.5,-6.5,-13.5
2,486000,VELVETFRUIT_EXTRACT,,,5237.0,5,SELL,5237.0,5242.0,5239.5,-2.5,0.0,-5.0,False,False,20,5,4,6,1.5,-2.5,5.5
2,486200,VELVETFRUIT_EXTRACT,,,5242.0,8,BUY,5236.0,5242.0,5239.0,3.0,6.0,0.0,False,False,0,8,7,9,-3.5,-6.5,-0.5
2,486700,VELVETFRUIT_EXTRACT,,,5236.0,8,SELL,5236.0,5241.0,5238.5,-2.5,0.0,-5.0,False,False,0,8,7,9,1.5,0.5,7.5
2,492000,VELVETFRUIT_EXTRACT,,,5241.0,5,SELL,5241.0,5246.0,5243.5,-2.5,0.0,-5.0,False,False,0,5,4,6,1.5,0.5,4.5
2,493000,VELVETFRUIT_EXTRACT,,,5240.0,12,BUY,5239.0,5240.0,5239.5,0.5,1.0,0.0,False,False,50,13,12,14,2.0,2.5,3.5
2,493500,VELVETFRUIT_EXTRACT,,,5239.0,6,SELL,5239.0,5245.0,5242.0,-3.0,0.0,-6.0,False,False,0,5,4,6,2.5,3.5,5.5
2,494300,VELVETFRUIT_EXTRACT,,,5244.0,6,BUY,5238.0,5244.0,5241.0,3.0,6.0,0.0,False,False,50,5,4,6,-3.0,0.5,1.5
2,495100,VELVETFRUIT_EXTRACT,,,5247.0,8,BUY,5244.0,5247.0,5245.5,1.5,3.0,0.0,False,False,0,8,7,9,-3.5,-1.5,-1.5
2,498100,VELVETFRUIT_EXTRACT,,,5242.0,8,SELL,5242.0,5244.0,5243.0,-1.0,0.0,-2.0,False,False,50,8,7,9,2.5,3.5,-0.5
2,500000,VELVETFRUIT_EXTRACT,,,5248.0,3,BUY,5243.0,5248.0,5245.5,2.5,5.0,0.0,False,False,5,3,3,3,0.5,-4.0,-12.5
2,501300,VELVETFRUIT_EXTRACT,,,5247.0,7,BUY,5241.0,5247.0,5244.0,3.0,6.0,0.0,False,False,0,8,7,9,-5.5,-6.5,-12.0
2,505100,VELVETFRUIT_EXTRACT,,,5232.0,7,SELL,5232.0,5234.0,5233.0,-1.0,0.0,-2.0,False,False,0,8,7,9,3.5,5.5,3.5
2,513600,VELVETFRUIT_EXTRACT,,,5244.0,5,BUY,5239.0,5244.0,5241.5,2.5,5.0,0.0,False,False,50,5,4,6,0.5,1.5,2.0
2,519800,VELVETFRUIT_EXTRACT,,,5243.0,5,SELL,5243.0,5248.0,5245.5,-2.5,0.0,-5.0,False,False,0,5,4,6,2.5,1.5,5.5
2,521700,VELVETFRUIT_EXTRACT,,,5244.0,8,BUY,5242.0,5244.0,5243.0,1.0,2.0,0.0,False,False,50,8,7,9,2.0,5.5,5.0
2,527200,VELVETFRUIT_EXTRACT,,,5244.0,7,SELL,5244.0,5249.0,5246.5,-2.5,0.0,-5.0,False,False,0,8,7,9,2.5,2.5,1.5
2,527300,VELVETFRUIT_EXTRACT,,,5248.0,5,BUY,5243.0,5248.0,5245.5,2.5,5.0,0.0,False,False,0,5,4,6,-1.5,-2.5,-3.5
2,529800,VELVETFRUIT_EXTRACT,,,5249.0,3,BUY,5244.0,5249.0,5246.5,2.5,5.0,0.0,False,False,0,3,3,3,-2.5,-1.5,-8.5
2,530600,VELVETFRUIT_EXTRACT,,,5246.0,5,BUY,5244.0,5246.0,5245.0,1.0,2.0,0.0,False,False,5,5,4,6,1.5,-0.5,-4.5
2,533300,VELVETFRUIT_EXTRACT,,,5243.0,3,BUY,5240.0,5243.0,5241.5,1.5,3.0,0.0,False,False,0,3,3,3,-1.5,0.0,-0.5
2,538700,VELVETFRUIT_EXTRACT,,,5247.0,5,BUY,5242.0,5247.0,5244.5,2.5,5.0,0.0,False,False,0,5,4,6,-5.5,-3.5,-5.5
2,541400,VELVETFRUIT_EXTRACT,,,5243.0,8,BUY,5238.0,5243.0,5240.5,2.5,5.0,0.0,False,False,0,8,7,9,-1.5,-3.5,-4.5
2,544700,VELVETFRUIT_EXTRACT,,,5243.0,8,BUY,5238.0,5243.0,5240.5,2.5,5.0,0.0,False,False,0,8,7,9,-2.5,-3.5,-8.5
2,545400,VELVETFRUIT_EXTRACT,,,5240.0,7,BUY,5235.0,5240.0,5237.5,2.5,5.0,0.0,False,False,0,8,7,9,-4.5,-1.5,-6.0
2,545900,VELVETFRUIT_EXTRACT,,,5238.0,5,BUY,5233.0,5238.0,5235.5,2.5,5.0,0.0,False,False,50,5,4,6,0.5,0.5,1.5
2,547100,VELVETFRUIT_EXTRACT,,,5237.0,13,BUY,5236.0,5237.0,5236.5,0.5,1.0,0.0,False,False,50,13,12,14,0.5,-0.5,2.0
2,548000,VELVETFRUIT_EXTRACT,,,5235.0,5,SELL,5235.0,5241.0,5238.0,-3.0,0.0,-6.0,False,False,50,5,4,6,3.5,-0.5,-0.5
2,548900,VELVETFRUIT_EXTRACT,,,5240.0,7,BUY,5234.0,5240.0,5237.0,3.0,6.0,0.0,False,False,0,8,7,9,-3.5,-0.5,-0.5
2,551500,VELVETFRUIT_EXTRACT,,,5238.0,6,SELL,5238.0,5244.0,5241.0,-3.0,0.0,-6.0,False,False,0,5,4,6,0.0,1.5,4.5
2,554600,VELVETFRUIT_EXTRACT,,,5240.0,7,SELL,5240.0,5245.0,5242.5,-2.5,0.0,-5.0,False,False,50,8,7,9,3.5,1.5,-0.5
2,555000,VELVETFRUIT_EXTRACT,,,5246.0,3,BUY,5240.0,5246.0,5243.0,3.0,6.0,0.0,False,False,0,3,3,3,-3.5,-5.0,-6.5
2,555700,VELVETFRUIT_EXTRACT,,,5239.0,7,SELL,5239.0,5244.0,5241.5,-2.5,0.0,-5.0,False,False,50,8,7,9,4.5,-0.5,-2.5
2,556700,VELVETFRUIT_EXTRACT,,,5238.0,8,SELL,5238.0,5243.0,5240.5,-2.5,0.0,-5.0,False,False,50,8,7,9,3.5,-0.5,-1.0
2,558800,VELVETFRUIT_EXTRACT,,,5241.0,8,BUY,5236.0,5241.0,5238.5,2.5,5.0,0.0,False,False,0,8,7,9,-1.5,-3.5,-5.0
2,558900,VELVETFRUIT_EXTRACT,,,5241.0,7,BUY,5236.0,5241.0,5238.5,2.5,5.0,0.0,False,False,0,8,7,9,-1.5,-4.0,-4.5
2,561100,VELVETFRUIT_EXTRACT,,,5234.0,6,SELL,5234.0,5239.0,5236.5,-2.5,0.0,-5.0,False,False,0,5,4,6,1.5,5.0,1.5
2,561300,VELVETFRUIT_EXTRACT,,,5234.0,3,SELL,5234.0,5239.0,5236.5,-2.5,0.0,-5.0,False,False,50,3,3,3,2.5,4.0,-1.5
2,564900,VELVETFRUIT_EXTRACT,,,5233.0,6,SELL,5233.0,5238.0,5235.5,-2.5,0.0,-5.0,False,False,50,5,4,6,4.0,-1.5,-4.5
2,566100,VELVETFRUIT_EXTRACT,,,5233.0,3,SELL,5233.0,5238.0,5235.5,-2.5,0.0,-5.0,False,False,50,3,3,3,-1.5,-6.5,-7.0
2,566300,VELVETFRUIT_EXTRACT,,,5235.0,5,BUY,5230.0,5235.0,5232.5,2.5,5.0,0.0,False,False,0,5,4,6,-3.5,-8.5,-6.0
2,569800,VELVETFRUIT_EXTRACT,,,5225.0,5,SELL,5225.0,5231.0,5228.0,-3.0,0.0,-6.0,False,False,0,5,4,6,4.5,7.5,8.5
2,573500,VELVETFRUIT_EXTRACT,,,5232.0,5,SELL,5232.0,5237.0,5234.5,-2.5,0.0,-5.0,False,False,50,5,4,6,2.5,0.0,-9.5
2,573700,VELVETFRUIT_EXTRACT,,,5237.0,3,BUY,5232.0,5237.0,5234.5,2.5,5.0,0.0,False,False,0,3,3,3,-3.5,-6.5,-16.5
2,576500,VELVETFRUIT_EXTRACT,,,5225.0,7,SELL,5225.0,5230.0,5227.5,-2.5,0.0,-5.0,False,False,50,8,7,9,0.5,-2.5,-0.5
2,577700,VELVETFRUIT_EXTRACT,,,5223.0,8,SELL,5223.0,5228.0,5225.5,-2.5,0.0,-5.0,True,False,20,8,7,9,2.5,-0.5,1.5
2,578300,VELVETFRUIT_EXTRACT,,,5223.0,8,SELL,5223.0,5228.0,5225.5,-2.5,0.0,-5.0,False,False,50,8,7,9,-3.0,-2.0,-3.5
2,587200,VELVETFRUIT_EXTRACT,,,5214.0,6,BUY,5209.0,5214.0,5211.5,2.5,5.0,0.0,True,False,50,5,4,6,-1.0,1.5,6.5
2,588400,VELVETFRUIT_EXTRACT,,,5217.0,5,BUY,5212.0,5217.0,5214.5,2.5,5.0,0.0,False,False,50,5,4,6,0.0,-3.5,3.0
2,589400,VELVETFRUIT_EXTRACT,,,5212.0,3,SELL,5212.0,5218.0,5215.0,-3.0,0.0,-6.0,True,False,0,3,3,3,0.5,4.5,5.5
2,592000,VELVETFRUIT_EXTRACT,,,5223.0,6,BUY,5218.0,5223.0,5220.5,2.5,5.0,0.0,False,False,50,5,4,6,-1.5,-3.5,7.5
2,604500,VELVETFRUIT_EXTRACT,,,5245.0,7,BUY,5240.0,5245.0,5242.5,2.5,5.0,0.0,False,False,50,8,7,9,-3.5,2.5,7.0
2,608800,VELVETFRUIT_EXTRACT,,,5255.0,3,BUY,5250.0,5255.0,5252.5,2.5,5.0,0.0,False,False,0,3,3,3,-3.0,-7.0,-9.5
2,611300,VELVETFRUIT_EXTRACT,,,5244.0,6,BUY,5242.0,5244.0,5243.0,1.0,2.0,0.0,False,False,0,5,4,6,-0.5,-1.5,-9.5
2,612300,VELVETFRUIT_EXTRACT,,,5241.0,8,SELL,5241.0,5246.0,5243.5,-2.5,0.0,-5.0,False,False,50,8,7,9,1.5,2.5,-7.0
2,614100,VELVETFRUIT_EXTRACT,,,5244.0,10,BUY,5242.0,5244.0,5243.0,1.0,2.0,0.0,False,False,0,10,10,11,-0.5,-9.5,-4.5
2,616700,VELVETFRUIT_EXTRACT,,,5237.0,4,BUY,5232.0,5237.0,5234.5,2.5,5.0,0.0,False,False,0,5,4,6,-2.5,-0.5,-9.5
2,617200,VELVETFRUIT_EXTRACT,,,5237.0,6,BUY,5232.0,5237.0,5234.5,2.5,5.0,0.0,False,False,20,5,4,6,-2.5,3.5,-5.0
2,620800,VELVETFRUIT_EXTRACT,,,5234.0,4,BUY,5229.0,5234.0,5231.5,2.5,5.0,0.0,False,False,50,5,4,6,-5.0,1.5,9.5
2,626300,VELVETFRUIT_EXTRACT,,,5248.0,5,BUY,5243.0,5248.0,5245.5,2.5,5.0,0.0,False,False,0,5,4,6,-4.5,-1.5,-1.5
2,627400,VELVETFRUIT_EXTRACT,,,5246.0,7,BUY,5241.0,5246.0,5243.5,2.5,5.0,0.0,False,False,50,8,7,9,1.5,-2.5,0.5
2,629200,VELVETFRUIT_EXTRACT,,,5243.0,5,SELL,5243.0,5249.0,5246.0,-3.0,0.0,-6.0,False,False,50,5,4,6,1.5,1.5,-1.0
2,634400,VELVETFRUIT_EXTRACT,,,5245.0,5,BUY,5239.0,5245.0,5242.0,3.0,6.0,0.0,False,False,50,5,4,6,-0.5,0.5,2.0
2,641500,VELVETFRUIT_EXTRACT,,,5248.0,5,BUY,5243.0,5248.0,5245.5,2.5,5.0,0.0,False,False,0,5,4,6,-2.5,-5.5,0.0
2,643000,VELVETFRUIT_EXTRACT,,,5239.0,6,SELL,5239.0,5244.0,5241.5,-2.5,0.0,-5.0,False,False,0,5,4,6,3.5,6.5,6.5
2,650200,VELVETFRUIT_EXTRACT,,,5246.0,6,BUY,5241.0,5246.0,5243.5,2.5,5.0,0.0,False,False,50,5,4,6,-2.5,-3.0,6.5
2,650600,VELVETFRUIT_EXTRACT,,,5244.0,8,BUY,5242.0,5244.0,5243.0,1.0,2.0,0.0,False,False,50,8,7,9,-4.5,3.5,8.0
2,651300,VELVETFRUIT_EXTRACT,,,5247.0,8,BUY,5242.0,5247.0,5244.5,2.5,5.0,0.0,False,False,50,8,7,9,-2.5,2.5,6.0
2,653800,VELVETFRUIT_EXTRACT,,,5252.0,5,BUY,5247.0,5252.0,5249.5,2.5,5.0,0.0,False,False,20,5,4,6,-0.5,0.5,-1.5
2,656600,VELVETFRUIT_EXTRACT,,,5253.0,8,BUY,5251.0,5253.0,5252.0,1.0,2.0,0.0,False,False,0,8,7,9,-0.5,-1.0,-3.0
2,658300,VELVETFRUIT_EXTRACT,,,5249.0,3,SELL,5249.0,5254.0,5251.5,-2.5,0.0,-5.0,False,False,0,3,3,3,1.5,8.5,2.5
2,659800,VELVETFRUIT_EXTRACT,,,5256.0,6,SELL,5256.0,5258.0,5257.0,-1.0,0.0,-2.0,False,False,50,5,4,6,1.5,-5.5,-0.5
2,662600,VELVETFRUIT_EXTRACT,,,5251.0,6,BUY,5245.0,5251.0,5248.0,3.0,6.0,0.0,False,False,50,5,4,6,-3.0,2.5,6.5
2,667800,VELVETFRUIT_EXTRACT,,,5262.0,5,BUY,5257.0,5262.0,5259.5,2.5,5.0,0.0,False,False,50,5,4,6,-1.5,1.5,8.0
2,672600,VELVETFRUIT_EXTRACT,,,5271.0,3,BUY,5266.0,5271.0,5268.5,2.5,5.0,0.0,False,False,5,3,3,3,3.5,-0.5,-6.5
2,672800,VELVETFRUIT_EXTRACT,,,5271.0,10,BUY,5269.0,5271.0,5270.0,1.0,2.0,0.0,False,False,20,10,10,11,1.5,1.0,-4.0
2,673000,VELVETFRUIT_EXTRACT,,,5270.0,5,SELL,5270.0,5276.0,5273.0,-3.0,0.0,-6.0,False,False,50,5,4,6,2.5,2.5,-1.5
2,673600,VELVETFRUIT_EXTRACT,,,5275.0,6,BUY,5270.0,5275.0,5272.5,2.5,5.0,0.0,False,False,0,5,4,6,-2.5,-5.5,-3.5
2,675600,VELVETFRUIT_EXTRACT,,,5272.0,7,BUY,5267.0,5272.0,5269.5,2.5,5.0,0.0,False,False,50,8,7,9,-2.5,-7.5,2.5
2,679000,VELVETFRUIT_EXTRACT,,,5273.0,5,BUY,5271.0,5273.0,5272.0,1.0,2.0,0.0,False,False,50,5,4,6,3.5,4.0,8.5
2,682800,VELVETFRUIT_EXTRACT,,,5283.0,6,BUY,5278.0,5283.0,5280.5,2.5,5.0,0.0,False,False,0,5,4,6,-2.5,-8.5,-11.5
2,683900,VELVETFRUIT_EXTRACT,,,5283.0,3,BUY,5278.0,5283.0,5280.5,2.5,5.0,0.0,False,False,0,3,3,3,-5.5,-7.5,-8.5
2,684500,VELVETFRUIT_EXTRACT,,,5273.0,7,SELL,5273.0,5278.0,5275.5,-2.5,0.0,-5.0,False,False,0,8,7,9,1.5,1.5,0.5
2,686400,VELVETFRUIT_EXTRACT,,,5274.0,8,SELL,5274.0,5279.0,5276.5,-2.5,0.0,-5.0,False,False,50,8,7,9,0.5,-0.5,-0.5
2,687700,VELVETFRUIT_EXTRACT,,,5269.0,7,SELL,5269.0,5271.0,5270.0,-1.0,0.0,-2.0,False,False,0,8,7,9,3.5,6.5,1.5
2,687700,VELVETFRUIT_EXTRACT,,,5271.0,5,BUY,5269.0,5271.0,5270.0,1.0,2.0,0.0,False,False,20,5,4,6,1.5,4.5,-0.5
2,688500,VELVETFRUIT_EXTRACT,,,5272.0,3,SELL,5272.0,5277.0,5274.5,-2.5,0.0,-5.0,False,False,50,3,3,3,3.5,1.5,-0.5
2,690600,VELVETFRUIT_EXTRACT,,,5275.0,5,BUY,5270.0,5275.0,5272.5,2.5,5.0,0.0,False,False,0,5,4,6,-3.5,-5.5,-5.5
2,691200,VELVETFRUIT_EXTRACT,,,5271.0,7,SELL,5271.0,5276.0,5273.5,-2.5,0.0,-5.0,False,False,50,8,7,9,-3.0,1.5,-4.0
2,692100,VELVETFRUIT_EXTRACT,,,5272.0,8,BUY,5267.0,5272.0,5269.5,2.5,5.0,0.0,False,False,50,8,7,9,-2.5,-4.5,0.5
2,692500,VELVETFRUIT_EXTRACT,,,5268.0,6,SELL,5268.0,5273.0,5270.5,-2.5,0.0,-5.0,False,False,0,5,4,6,5.5,0.0,5.5
2,693900,VELVETFRUIT_EXTRACT,,,5271.0,3,BUY,5266.0,5271.0,5268.5,2.5,5.0,0.0,False,False,0,3,3,3,-2.5,-5.5,0.0
2,694400,VELVETFRUIT_EXTRACT,,,5271.0,3,BUY,5266.0,5271.0,5268.5,2.5,5.0,0.0,False,False,50,3,3,3,-2.5,-1.5,1.5
2,700500,VELVETFRUIT_EXTRACT,,,5264.0,10,BUY,5262.0,5264.0,5263.0,1.0,2.0,0.0,False,False,5,10,10,11,1.5,-0.5,-1.5
2,701000,VELVETFRUIT_EXTRACT,,,5263.0,4,SELL,5263.0,5268.0,5265.5,-2.5,0.0,-5.0,False,False,0,5,4,6,0.5,2.0,0.5
2,702100,VELVETFRUIT_EXTRACT,,,5265.0,5,BUY,5260.0,5265.0,5262.5,2.5,5.0,0.0,False,False,0,5,4,6,-1.5,-0.5,-4.0
2,702200,VELVETFRUIT_EXTRACT,,,5260.0,3,SELL,5260.0,5265.0,5262.5,-2.5,0.0,-5.0,False,False,0,3,3,3,3.0,3.5,1.0
2,704600,VELVETFRUIT_EXTRACT,,,5265.0,8,BUY,5260.0,5265.0,5262.5,2.5,5.0,0.0,False,False,0,8,7,9,-0.5,-0.5,-4.5
2,705100,VELVETFRUIT_EXTRACT,,,5267.0,7,BUY,5262.0,5267.0,5264.5,2.5,5.0,0.0,False,False,0,8,7,9,-3.5,-6.0,-9.5
2,705700,VELVETFRUIT_EXTRACT,,,5261.0,4,SELL,5261.0,5266.0,5263.5,-2.5,0.0,-5.0,False,False,50,5,4,6,1.0,-0.5,-2.5
2,713000,VELVETFRUIT_EXTRACT,,,5255.0,8,BUY,5250.0,5255.0,5252.5,2.5,5.0,0.0,False,False,0,8,7,9,-2.5,-8.5,-11.0
2,715300,VELVETFRUIT_EXTRACT,,,5244.0,8,BUY,5243.0,5244.0,5243.5,0.5,1.0,0.0,False,False,5,8,7,9,2.5,-0.5,-4.0
2,717300,VELVETFRUIT_EXTRACT,,,5244.0,12,BUY,5243.0,5244.0,5243.5,0.5,1.0,0.0,False,False,5,13,12,14,0.5,0.0,-4.5
2,720500,VELVETFRUIT_EXTRACT,,,5237.0,11,BUY,5236.0,5237.0,5236.5,0.5,1.0,0.0,False,False,20,10,10,11,2.0,1.5,-2.5
2,721200,VELVETFRUIT_EXTRACT,,,5239.0,3,SELL,5239.0,5242.0,5240.5,-1.5,0.0,-3.0,False,False,50,3,3,3,0.5,0.5,-6.5
2,722300,VELVETFRUIT_EXTRACT,,,5242.0,4,BUY,5237.0,5242.0,5239.5,2.5,5.0,0.0,False,False,0,5,4,6,-3.0,-6.5,-10.0
2,726100,VELVETFRUIT_EXTRACT,,,5231.0,5,SELL,5231.0,5236.0,5233.5,-2.5,0.0,-5.0,False,False,50,5,4,6,-1.0,1.5,-2.0
2,730300,VELVETFRUIT_EXTRACT,,,5223.0,5,SELL,5223.0,5228.0,5225.5,-2.5,0.0,-5.0,False,False,0,5,4,6,2.5,10.0,6.5
2,735100,VELVETFRUIT_EXTRACT,,,5227.0,3,SELL,5227.0,5232.0,5229.5,-2.5,0.0,-5.0,False,False,50,3,3,3,2.5,0.5,-13.5
2,737500,VELVETFRUIT_EXTRACT,,,5226.0,3,BUY,5221.0,5226.0,5223.5,2.5,5.0,0.0,False,False,0,3,3,3,-3.5,-9.5,-12.5
2,737600,VELVETFRUIT_EXTRACT,,,5221.0,5,SELL,5221.0,5227.0,5224.0,-3.0,0.0,-6.0,False,False,50,5,4,6,2.5,-3.5,-6.5
2,738000,VELVETFRUIT_EXTRACT,,,5220.0,8,SELL,5220.0,5225.0,5222.5,-2.5,0.0,-5.0,False,False,50,8,7,9,-1.0,-6.5,-6.5
2,738500,VELVETFRUIT_EXTRACT,,,5216.0,4,SELL,5216.0,5222.0,5219.0,-3.0,0.0,-6.0,False,False,50,5,4,6,3.5,-3.5,-3.5
2,738800,VELVETFRUIT_EXTRACT,,,5215.0,3,SELL,5215.0,5220.0,5217.5,-2.5,0.0,-5.0,False,False,50,3,3,3,3.5,-3.5,-3.0
2,739900,VELVETFRUIT_EXTRACT,,,5217.0,4,BUY,5212.0,5217.0,5214.5,2.5,5.0,0.0,False,False,0,5,4,6,-3.5,-1.0,-8.0
2,740300,VELVETFRUIT_EXTRACT,,,5216.0,7,BUY,5214.0,5216.0,5215.0,1.0,2.0,0.0,False,False,0,8,7,9,-4.5,-1.0,-5.5
2,742000,VELVETFRUIT_EXTRACT,,,5213.0,8,SELL,5213.0,5218.0,5215.5,-2.5,0.0,-5.0,False,False,50,8,7,9,0.5,-2.5,-2.5
2,744200,VELVETFRUIT_EXTRACT,,,5208.0,8,BUY,5206.0,5208.0,5207.0,1.0,2.0,0.0,True,False,50,8,7,9,1.0,8.0,7.5
2,751300,VELVETFRUIT_EXTRACT,,,5211.0,5,SELL,5211.0,5216.0,5213.5,-2.5,0.0,-5.0,False,False,0,5,4,6,4.5,7.5,13.5
2,756000,VELVETFRUIT_EXTRACT,,,5225.0,7,SELL,5225.0,5227.0,5226.0,-1.0,0.0,-2.0,False,False,50,8,7,9,-3.5,-8.5,-3.5
2,758100,VELVETFRUIT_EXTRACT,,,5213.0,8,SELL,5213.0,5218.0,5215.5,-2.5,0.0,-5.0,False,False,0,8,7,9,2.5,6.5,12.5
2,761800,VELVETFRUIT_EXTRACT,,,5224.0,7,SELL,5224.0,5229.0,5226.5,-2.5,0.0,-5.0,False,False,0,8,7,9,3.5,1.5,3.5
2,762600,VELVETFRUIT_EXTRACT,,,5225.0,6,SELL,5225.0,5230.0,5227.5,-2.5,0.0,-5.0,False,False,0,5,4,6,0.5,1.5,6.5
2,762800,VELVETFRUIT_EXTRACT,,,5231.0,6,BUY,5226.0,5231.0,5228.5,2.5,5.0,0.0,False,False,0,5,4,6,-7.0,-5.5,-0.5
2,766000,VELVETFRUIT_EXTRACT,,,5228.0,4,BUY,5223.0,5228.0,5225.5,2.5,5.0,0.0,False,False,50,5,4,6,0.0,2.5,5.5
2,771600,VELVETFRUIT_EXTRACT,,,5230.0,12,BUY,5229.0,5230.0,5229.5,0.5,1.0,0.0,False,False,50,13,12,14,3.5,2.0,8.5
2,771800,VELVETFRUIT_EXTRACT,,,5237.0,6,BUY,5231.0,5237.0,5234.0,3.0,6.0,0.0,False,False,50,5,4,6,-5.5,-0.5,1.5
2,773800,VELVETFRUIT_EXTRACT,,,5234.0,8,SELL,5234.0,5239.0,5236.5,-2.5,0.0,-5.0,False,False,5,8,7,9,-1.5,6.0,8.0
2,775500,VELVETFRUIT_EXTRACT,,,5242.0,7,BUY,5237.0,5242.0,5239.5,2.5,5.0,0.0,False,False,0,8,7,9,0.0,-1.5,-4.0
2,777200,VELVETFRUIT_EXTRACT,,,5238.0,10,BUY,5236.0,5238.0,5237.0,1.0,2.0,0.0,False,False,20,10,10,11,1.5,5.5,-2.5
2,779700,VELVETFRUIT_EXTRACT,,,5243.0,4,BUY,5241.0,5243.0,5242.0,1.0,2.0,0.0,False,False,50,5,4,6,-2.5,-8.5,2.5
2,781100,VELVETFRUIT_EXTRACT,,,5241.0,7,BUY,5236.0,5241.0,5238.5,2.5,5.0,0.0,False,False,50,8,7,9,-5.5,-3.5,3.5
2,781500,VELVETFRUIT_EXTRACT,,,5235.0,7,SELL,5235.0,5240.0,5237.5,-2.5,0.0,-5.0,False,False,0,8,7,9,1.5,5.5,10.5
2,781900,VELVETFRUIT_EXTRACT,,,5235.0,5,SELL,5235.0,5238.0,5236.5,-1.5,0.0,-3.0,False,False,0,5,4,6,1.5,8.0,13.5
2,783400,VELVETFRUIT_EXTRACT,,,5238.0,6,SELL,5238.0,5243.0,5240.5,-2.5,0.0,-5.0,False,False,0,5,4,6,5.0,6.5,7.5
2,787000,VELVETFRUIT_EXTRACT,,,5251.0,6,BUY,5245.0,5251.0,5248.0,3.0,6.0,0.0,False,False,0,5,4,6,-3.5,-9.5,-7.5
2,791700,VELVETFRUIT_EXTRACT,,,5243.0,6,SELL,5243.0,5248.0,5245.5,-2.5,0.0,-5.0,False,False,50,5,4,6,0.5,-0.5,-4.0
2,793900,VELVETFRUIT_EXTRACT,,,5243.0,5,BUY,5241.0,5243.0,5242.0,1.0,2.0,0.0,False,False,0,5,4,6,-1.5,-2.0,-0.5
2,796100,VELVETFRUIT_EXTRACT,,,5245.0,5,BUY,5240.0,5245.0,5242.5,2.5,5.0,0.0,False,False,50,5,4,6,-4.0,-6.5,9.5
2,796600,VELVETFRUIT_EXTRACT,,,5244.0,7,BUY,5238.0,5244.0,5241.0,3.0,6.0,0.0,False,False,50,8,7,9,-5.5,-3.5,7.5
2,798800,VELVETFRUIT_EXTRACT,,,5241.0,12,BUY,5240.0,5241.0,5240.5,0.5,1.0,0.0,False,False,50,13,12,14,1.5,9.5,16.5
2,798900,VELVETFRUIT_EXTRACT,,,5245.0,8,BUY,5240.0,5245.0,5242.5,2.5,5.0,0.0,False,False,50,8,7,9,-1.5,7.5,13.0
2,802600,VELVETFRUIT_EXTRACT,,,5252.0,7,SELL,5252.0,5257.0,5254.5,-2.5,0.0,-5.0,False,False,0,8,7,9,2.5,5.5,8.5
2,803000,VELVETFRUIT_EXTRACT,,,5257.0,3,BUY,5251.0,5257.0,5254.0,3.0,6.0,0.0,False,False,50,3,3,3,-0.5,-0.5,6.5
2,805000,VELVETFRUIT_EXTRACT,,,5259.0,3,BUY,5254.0,5259.0,5256.5,2.5,5.0,0.0,False,False,20,3,3,3,-1.5,4.0,-4.5
2,807300,VELVETFRUIT_EXTRACT,,,5263.0,6,BUY,5258.0,5263.0,5260.5,2.5,5.0,0.0,False,False,0,5,4,6,-2.5,-7.5,-15.5
2,810000,VELVETFRUIT_EXTRACT,,,5256.0,5,BUY,5253.0,5256.0,5254.5,1.5,3.0,0.0,False,False,5,5,4,6,1.0,-10.5,-13.5
2,810800,VELVETFRUIT_EXTRACT,,,5250.0,5,SELL,5250.0,5252.0,5251.0,-1.0,0.0,-2.0,False,False,50,5,4,6,2.0,-4.5,-6.5
2,812300,VELVETFRUIT_EXTRACT,,,5245.0,8,SELL,5245.0,5250.0,5247.5,-2.5,0.0,-5.0,False,False,50,8,7,9,0.5,-2.5,-0.5
2,812600,VELVETFRUIT_EXTRACT,,,5251.0,5,BUY,5245.0,5251.0,5248.0,3.0,6.0,0.0,False,False,0,5,4,6,-8.5,-7.5,-7.5
2,813500,VELVETFRUIT_EXTRACT,,,5240.0,4,SELL,5240.0,5245.0,5242.5,-2.5,0.0,-5.0,False,False,0,5,4,6,3.5,4.5,5.5
2,815900,VELVETFRUIT_EXTRACT,,,5246.0,3,BUY,5241.0,5246.0,5243.5,2.5,5.0,0.0,False,False,50,3,3,3,-2.5,-2.5,8.5
2,819500,VELVETFRUIT_EXTRACT,,,5248.0,7,SELL,5248.0,5254.0,5251.0,-3.0,0.0,-6.0,False,False,0,8,7,9,3.5,7.5,6.5
2,822500,VELVETFRUIT_EXTRACT,,,5255.0,5,BUY,5250.0,5255.0,5252.5,2.5,5.0,0.0,False,False,0,5,4,6,-1.5,-0.5,-1.0
2,823500,VELVETFRUIT_EXTRACT,,,5254.0,8,BUY,5249.0,5254.0,5251.5,2.5,5.0,0.0,False,False,50,8,7,9,-0.5,1.5,1.5
2,825200,VELVETFRUIT_EXTRACT,,,5256.0,4,BUY,5251.0,5256.0,5253.5,2.5,5.0,0.0,False,False,5,5,4,6,0.5,-2.5,-4.5
2,825600,VELVETFRUIT_EXTRACT,,,5259.0,6,BUY,5254.0,5259.0,5256.5,2.5,5.0,0.0,False,False,0,5,4,6,-3.5,-6.5,-4.5
2,825700,VELVETFRUIT_EXTRACT,,,5259.0,6,BUY,5254.0,5259.0,5256.5,2.5,5.0,0.0,False,False,0,5,4,6,-4.0,-6.5,-5.0
2,827900,VELVETFRUIT_EXTRACT,,,5256.0,3,BUY,5250.0,5256.0,5253.0,3.0,6.0,0.0,False,False,50,3,3,3,-1.0,-3.5,0.5
2,828400,VELVETFRUIT_EXTRACT,,,5258.0,3,BUY,5252.0,5258.0,5255.0,3.0,6.0,0.0,False,False,0,3,3,3,-3.5,-6.0,-4.5
2,829800,VELVETFRUIT_EXTRACT,,,5254.0,7,BUY,5249.0,5254.0,5251.5,2.5,5.0,0.0,False,False,50,8,7,9,-2.5,1.5,3.0
2,831300,VELVETFRUIT_EXTRACT,,,5257.0,3,BUY,5252.0,5257.0,5254.5,2.5,5.0,0.0,False,False,0,3,3,3,-1.5,-2.5,-0.5
2,833700,VELVETFRUIT_EXTRACT,,,5258.0,5,BUY,5253.0,5258.0,5255.5,2.5,5.0,0.0,False,False,50,5,4,6,-2.0,-2.5,1.0
2,836500,VELVETFRUIT_EXTRACT,,,5256.0,4,SELL,5256.0,5261.0,5258.5,-2.5,0.0,-5.0,False,False,0,5,4,6,0.5,1.5,1.5
2,840900,VELVETFRUIT_EXTRACT,,,5255.0,8,SELL,5255.0,5256.0,5255.5,-0.5,0.0,-1.0,False,False,0,8,7,9,4.5,3.0,6.5
2,840900,VELVETFRUIT_EXTRACT,,,5256.0,11,BUY,5255.0,5256.0,5255.5,0.5,1.0,0.0,False,False,50,10,10,11,3.5,2.0,5.5
2,841800,VELVETFRUIT_EXTRACT,,,5258.0,8,SELL,5258.0,5261.0,5259.5,-1.5,0.0,-3.0,False,False,20,8,7,9,0.5,-0.5,2.5
2,844300,VELVETFRUIT_EXTRACT,,,5262.0,7,BUY,5257.0,5262.0,5259.5,2.5,5.0,0.0,False,False,5,8,7,9,0.5,-1.5,-8.0
2,844800,VELVETFRUIT_EXTRACT,,,5260.0,5,SELL,5260.0,5265.0,5262.5,-2.5,0.0,-5.0,False,False,50,5,4,6,3.5,0.5,-5.5
2,845400,VELVETFRUIT_EXTRACT,,,5259.0,7,SELL,5259.0,5264.0,5261.5,-2.5,0.0,-5.0,False,False,50,8,7,9,2.5,1.5,-3.0
2,848300,VELVETFRUIT_EXTRACT,,,5260.0,7,BUY,5255.0,5260.0,5257.5,2.5,5.0,0.0,False,False,0,8,7,9,-4.5,-3.5,-2.5
2,848400,VELVETFRUIT_EXTRACT,,,5256.0,11,BUY,5254.0,5256.0,5255.0,1.0,2.0,0.0,False,False,50,10,10,11,0.0,0.0,2.5
2,860300,VELVETFRUIT_EXTRACT,,,5253.0,3,SELL,5253.0,5258.0,5255.5,-2.5,0.0,-5.0,False,False,0,3,3,3,1.5,2.5,0.5
2,861000,VELVETFRUIT_EXTRACT,,,5252.0,4,SELL,5252.0,5257.0,5254.5,-2.5,0.0,-5.0,False,False,0,5,4,6,1.5,1.5,5.5
2,862900,VELVETFRUIT_EXTRACT,,,5253.0,8,BUY,5251.0,5253.0,5252.0,1.0,2.0,0.0,False,False,50,8,7,9,0.0,0.5,1.5
2,863200,VELVETFRUIT_EXTRACT,,,5252.0,3,BUY,5250.0,5252.0,5251.0,1.0,2.0,0.0,False,False,50,3,3,3,3.5,0.5,1.5
2,864300,VELVETFRUIT_EXTRACT,,,5257.0,4,SELL,5257.0,5260.0,5258.5,-1.5,0.0,-3.0,False,False,50,5,4,6,-2.5,1.5,-9.5
2,872400,VELVETFRUIT_EXTRACT,,,5248.0,15,BUY,5247.0,5248.0,5247.5,0.5,1.0,0.0,False,False,5,15,15,15,1.5,-1.0,-1.5
2,874800,VELVETFRUIT_EXTRACT,,,5247.0,8,SELL,5247.0,5252.0,5249.5,-2.5,0.0,-5.0,False,False,0,8,7,9,3.5,0.5,5.5
2,878000,VELVETFRUIT_EXTRACT,,,5243.0,4,SELL,5243.0,5248.0,5245.5,-2.5,0.0,-5.0,False,False,0,5,4,6,8.5,9.5,11.0
2,881200,VELVETFRUIT_EXTRACT,,,5253.0,4,BUY,5248.0,5253.0,5250.5,2.5,5.0,0.0,False,False,50,5,4,6,-1.5,0.5,10.0
2,883000,VELVETFRUIT_EXTRACT,,,5251.0,4,SELL,5251.0,5257.0,5254.0,-3.0,0.0,-6.0,False,False,0,5,4,6,3.0,5.5,20.5
2,886000,VELVETFRUIT_EXTRACT,,,5265.0,3,BUY,5260.0,5265.0,5262.5,2.5,5.0,0.0,False,False,20,3,3,3,-2.5,6.5,-1.0
2,887000,VELVETFRUIT_EXTRACT,,,5268.0,4,BUY,5263.0,5268.0,5265.5,2.5,5.0,0.0,False,False,50,5,4,6,0.5,-2.5,1.5
2,887900,VELVETFRUIT_EXTRACT,,,5269.0,15,BUY,5268.0,5269.0,5268.5,0.5,1.0,0.0,False,False,50,15,15,15,-3.5,-4.5,3.5
2,889900,VELVETFRUIT_EXTRACT,,,5262.0,3,SELL,5262.0,5267.0,5264.5,-2.5,0.0,-5.0,False,False,0,3,3,3,3.5,7.5,8.5
2,891400,VELVETFRUIT_EXTRACT,,,5268.0,4,BUY,5263.0,5268.0,5265.5,2.5,5.0,0.0,False,False,50,5,4,6,1.5,7.5,4.5
2,891800,VELVETFRUIT_EXTRACT,,,5272.0,7,BUY,5267.0,5272.0,5269.5,2.5,5.0,0.0,False,False,50,8,7,9,-1.0,1.5,1.0
2,892900,VELVETFRUIT_EXTRACT,,,5275.0,5,BUY,5270.0,5275.0,5272.5,2.5,5.0,0.0,False,False,50,5,4,6,0.5,-4.5,2.5
2,898100,VELVETFRUIT_EXTRACT,,,5277.0,8,SELL,5277.0,5282.0,5279.5,-2.5,0.0,-5.0,False,False,0,8,7,9,3.5,9.5,6.5
2,900500,VELVETFRUIT_EXTRACT,,,5282.0,3,SELL,5282.0,5287.0,5284.5,-2.5,0.0,-5.0,False,False,50,3,3,3,1.5,2.5,-5.5
2,901000,VELVETFRUIT_EXTRACT,,,5281.0,8,SELL,5281.0,5286.0,5283.5,-2.5,0.0,-5.0,False,False,50,8,7,9,2.0,2.5,-2.0
2,901700,VELVETFRUIT_EXTRACT,,,5284.0,4,BUY,5279.0,5284.0,5281.5,2.5,5.0,0.0,False,False,5,5,4,6,0.5,-1.0,-6.5
2,901800,VELVETFRUIT_EXTRACT,,,5279.0,8,SELL,5279.0,5284.0,5281.5,-2.5,0.0,-5.0,False,False,50,8,7,9,6.0,4.5,-1.0
2,902700,VELVETFRUIT_EXTRACT,,,5282.0,9,BUY,5281.0,5282.0,5281.5,0.5,1.0,0.0,False,False,5,8,7,9,1.0,-3.0,-3.5
2,904000,VELVETFRUIT_EXTRACT,,,5285.0,5,BUY,5280.0,5285.0,5282.5,2.5,5.0,0.0,False,False,0,5,4,6,-6.5,-6.0,-6.0
2,906500,VELVETFRUIT_EXTRACT,,,5280.0,7,BUY,5275.0,5280.0,5277.5,2.5,5.0,0.0,False,False,0,8,7,9,-4.0,-1.5,-6.0
2,912000,VELVETFRUIT_EXTRACT,,,5276.0,9,BUY,5275.0,5276.0,5275.5,0.5,1.0,0.0,False,False,50,8,7,9,2.5,5.5,9.5
2,914300,VELVETFRUIT_EXTRACT,,,5280.0,8,BUY,5278.0,5280.0,5279.0,1.0,2.0,0.0,False,False,50,8,7,9,3.0,6.5,4.5
2,914600,VELVETFRUIT_EXTRACT,,,5285.0,8,BUY,5280.0,5285.0,5282.5,2.5,5.0,0.0,False,False,20,8,7,9,1.5,1.0,-2.0
2,915400,VELVETFRUIT_EXTRACT,,,5281.0,7,SELL,5281.0,5286.0,5283.5,-2.5,0.0,-5.0,False,False,0,8,7,9,7.5,3.5,4.0
2,915700,VELVETFRUIT_EXTRACT,,,5285.0,6,BUY,5283.0,5285.0,5284.0,1.0,2.0,0.0,False,False,5,5,4,6,2.5,-1.5,-0.5
2,918800,VELVETFRUIT_EXTRACT,,,5286.0,8,BUY,5281.0,5286.0,5283.5,2.5,5.0,0.0,False,False,0,8,7,9,-1.5,-3.5,-2.5
2,922100,VELVETFRUIT_EXTRACT,,,5289.0,4,BUY,5284.0,5289.0,5286.5,2.5,5.0,0.0,False,False,0,5,4,6,-8.0,-1.5,-8.5
2,924100,VELVETFRUIT_EXTRACT,,,5285.0,6,SELL,5285.0,5290.0,5287.5,-2.5,0.0,-5.0,False,False,50,5,4,6,-0.5,-3.5,-5.5
2,927200,VELVETFRUIT_EXTRACT,,,5283.0,3,BUY,5277.0,5283.0,5280.0,3.0,6.0,0.0,False,False,0,3,3,3,-2.5,-5.0,-4.5
2,929100,VELVETFRUIT_EXTRACT,,,5277.0,8,SELL,5277.0,5282.0,5279.5,-2.5,0.0,-5.0,False,False,20,8,7,9,3.5,-2.5,1.0
2,929900,VELVETFRUIT_EXTRACT,,,5279.0,7,BUY,5274.0,5279.0,5276.5,2.5,5.0,0.0,False,False,50,8,7,9,-3.5,-1.5,0.5
2,933200,VELVETFRUIT_EXTRACT,,,5275.0,6,SELL,5275.0,5281.0,5278.0,-3.0,0.0,-6.0,False,False,0,5,4,6,5.5,3.5,0.0
2,934300,VELVETFRUIT_EXTRACT,,,5278.0,8,SELL,5278.0,5280.0,5279.0,-1.0,0.0,-2.0,False,False,50,8,7,9,0.5,-3.5,-3.5
2,936000,VELVETFRUIT_EXTRACT,,,5273.0,7,SELL,5273.0,5278.0,5275.5,-2.5,0.0,-5.0,False,False,5,8,7,9,-0.5,1.5,0.5
2,936600,VELVETFRUIT_EXTRACT,,,5270.0,8,SELL,5270.0,5275.0,5272.5,-2.5,0.0,-5.0,False,False,0,8,7,9,3.5,6.5,4.0
2,941000,VELVETFRUIT_EXTRACT,,,5274.0,9,BUY,5273.0,5274.0,5273.5,0.5,1.0,0.0,False,False,50,8,7,9,-0.5,-4.5,2.5
2,942700,VELVETFRUIT_EXTRACT,,,5269.0,3,SELL,5269.0,5274.0,5271.5,-2.5,0.0,-5.0,False,False,0,3,3,3,2.5,4.0,9.5
2,942800,VELVETFRUIT_EXTRACT,,,5274.0,4,BUY,5269.0,5274.0,5271.5,2.5,5.0,0.0,False,False,50,5,4,6,-3.5,0.5,5.5
2,945100,VELVETFRUIT_EXTRACT,,,5278.0,8,BUY,5273.0,5278.0,5275.5,2.5,5.0,0.0,False,False,0,8,7,9,-0.5,-1.5,-2.0
2,945400,VELVETFRUIT_EXTRACT,,,5279.0,3,BUY,5274.0,5279.0,5276.5,2.5,5.0,0.0,False,False,0,3,3,3,-1.5,-1.5,-5.5
2,947900,VELVETFRUIT_EXTRACT,,,5275.0,5,SELL,5275.0,5280.0,5277.5,-2.5,0.0,-5.0,False,False,0,5,4,6,1.5,0.0,3.5
2,948800,VELVETFRUIT_EXTRACT,,,5278.0,7,BUY,5272.0,5278.0,5275.0,3.0,6.0,0.0,False,False,0,8,7,9,-1.5,-3.5,-2.5
2,948900,VELVETFRUIT_EXTRACT,,,5278.0,5,BUY,5272.0,5278.0,5275.0,3.0,6.0,0.0,False,False,0,5,4,6,-1.5,-1.5,-1.5
2,955900,VELVETFRUIT_EXTRACT,,,5273.0,6,SELL,5273.0,5278.0,5275.5,-2.5,0.0,-5.0,False,False,50,5,4,6,3.5,2.5,-4.5
2,956000,VELVETFRUIT_EXTRACT,,,5276.0,7,BUY,5274.0,5276.0,5275.0,1.0,2.0,0.0,False,False,5,8,7,9,1.5,-1.5,-7.5
2,957400,VELVETFRUIT_EXTRACT,,,5275.0,5,SELL,5275.0,5280.0,5277.5,-2.5,0.0,-5.0,False,False,50,5,4,6,0.5,-5.0,-10.5
2,958700,VELVETFRUIT_EXTRACT,,,5271.0,8,BUY,5269.0,5271.0,5270.0,1.0,2.0,0.0,False,False,5,8,7,9,1.5,-2.5,-7.5
2,959100,VELVETFRUIT_EXTRACT,,,5274.0,3,BUY,5269.0,5274.0,5271.5,2.5,5.0,0.0,False,False,0,3,3,3,-2.5,-6.5,-5.0
2,959400,VELVETFRUIT_EXTRACT,,,5271.0,7,BUY,5269.0,5271.0,5270.0,1.0,2.0,0.0,False,False,5,8,7,9,1.0,-2.5,-3.5
2,960400,VELVETFRUIT_EXTRACT,,,5267.0,4,SELL,5267.0,5272.0,5269.5,-2.5,0.0,-5.0,False,False,20,5,4,6,1.5,-2.5,0.5
2,963700,VELVETFRUIT_EXTRACT,,,5266.0,7,BUY,5261.0,5266.0,5263.5,2.5,5.0,0.0,False,False,5,8,7,9,3.5,-1.5,-3.0
2,964300,VELVETFRUIT_EXTRACT,,,5264.0,4,SELL,5264.0,5269.0,5266.5,-2.5,0.0,-5.0,False,False,50,5,4,6,3.5,1.0,-1.5
2,967900,VELVETFRUIT_EXTRACT,,,5262.0,3,BUY,5257.0,5262.0,5259.5,2.5,5.0,0.0,False,False,50,3,3,3,0.5,0.5,7.5
2,968300,VELVETFRUIT_EXTRACT,,,5263.0,8,BUY,5258.0,5263.0,5260.5,2.5,5.0,0.0,False,False,50,8,7,9,1.5,-2.5,5.5
2,970000,VELVETFRUIT_EXTRACT,,,5260.0,8,SELL,5260.0,5265.0,5262.5,-2.5,0.0,-5.0,False,False,0,8,7,9,2.5,4.5,11.5
2,970700,VELVETFRUIT_EXTRACT,,,5265.0,4,BUY,5259.0,5265.0,5262.0,3.0,6.0,0.0,False,False,50,5,4,6,-5.5,3.5,5.0
2,972700,VELVETFRUIT_EXTRACT,,,5271.0,8,BUY,5266.0,5271.0,5268.5,2.5,5.0,0.0,False,False,0,8,7,9,-2.5,-2.5,-1.5
2,974300,VELVETFRUIT_EXTRACT,,,5266.0,5,SELL,5266.0,5271.0,5268.5,-2.5,0.0,-5.0,False,False,0,5,4,6,3.5,2.5,4.5
2,977200,VELVETFRUIT_EXTRACT,,,5267.0,5,SELL,5267.0,5273.0,5270.0,-3.0,0.0,-6.0,False,False,0,5,4,6,2.5,4.5,6.0
2,978400,VELVETFRUIT_EXTRACT,,,5270.0,8,BUY,5265.0,5270.0,5267.5,2.5,5.0,0.0,False,False,50,8,7,9,0.5,5.0,2.5
2,978600,VELVETFRUIT_EXTRACT,,,5272.0,4,BUY,5267.0,5272.0,5269.5,2.5,5.0,0.0,False,False,50,5,4,6,-1.5,3.5,0.5
2,981200,VELVETFRUIT_EXTRACT,,,5271.0,3,SELL,5271.0,5276.0,5273.5,-2.5,0.0,-5.0,False,False,0,3,3,3,2.5,1.5,7.5
2,985000,VELVETFRUIT_EXTRACT,,,5274.0,4,SELL,5274.0,5279.0,5276.5,-2.5,0.0,-5.0,False,False,0,5,4,6,2.5,9.5,15.5
2,986100,VELVETFRUIT_EXTRACT,,,5277.0,6,SELL,5277.0,5282.0,5279.5,-2.5,0.0,-5.0,False,False,0,5,4,6,3.0,9.5,11.5
2,988300,VELVETFRUIT_EXTRACT,,,5284.0,5,BUY,5282.0,5284.0,5283.0,1.0,2.0,0.0,False,False,20,5,4,6,2.5,4.5,-2.5
2,992900,VELVETFRUIT_EXTRACT,,,5284.0,8,SELL,5285.0,5287.0,5286.0,-2.0,-1.0,-3.0,False,False,5,8,7,9,-3.5,2.5,16.0
2,993500,VELVETFRUIT_EXTRACT,,,5280.0,13,BUY,5279.0,5280.0,5279.5,0.5,1.0,0.0,False,False,50,13,12,14,1.5,6.5,17.5
2,995100,VELVETFRUIT_EXTRACT,,,5289.0,7,BUY,5284.0,5289.0,5286.5,2.5,5.0,0.0,False,False,20,8,7,9,-1.5,9.0,
2,996300,VELVETFRUIT_EXTRACT,,,5290.0,3,SELL,5290.0,5295.0,5292.5,-2.5,0.0,-5.0,False,True,0,3,3,3,6.5,8.5,
2,996500,VELVETFRUIT_EXTRACT,,,5291.0,3,SELL,5291.0,5296.0,5293.5,-2.5,0.0,-5.0,False,True,0,3,3,3,7.5,6.5,
2,1300,VEV_4000,,,1251.0,3,SELL,1251.0,1273.0,1262.0,-11.0,0.0,-22.0,True,True,0,2,1,3,14.5,22.5,23.5
2,9000,VEV_4000,,,1278.0,1,BUY,1256.0,1278.0,1267.0,11.0,22.0,0.0,False,True,0,2,1,3,-14.5,-15.5,-11.5
2,34100,VEV_4000,,,1282.0,1,BUY,1261.0,1282.0,1271.5,10.5,21.0,0.0,False,True,0,2,1,3,-11.5,-14.0,-15.0
2,39500,VEV_4000,,,1254.0,2,SELL,1254.0,1275.0,1264.5,-10.5,0.0,-21.0,False,False,20,2,1,3,7.5,-2.5,1.5
2,50200,VEV_4000,,,1249.0,3,SELL,1249.0,1270.0,1259.5,-10.5,0.0,-21.0,True,False,0,2,1,3,12.5,12.5,8.5
2,63800,VEV_4000,,,1262.0,3,BUY,1241.0,1262.0,1251.5,10.5,21.0,0.0,False,False,0,2,1,3,-10.0,-9.5,-8.5
2,80800,VEV_4000,,,1274.0,1,BUY,1253.0,1274.0,1263.5,10.5,21.0,0.0,False,False,0,2,1,3,-9.5,-4.5,-4.5
2,98600,VEV_4000,,,1255.0,1,SELL,1255.0,1276.0,1265.5,-10.5,0.0,-21.0,False,False,0,2,1,3,9.5,4.5,9.5
2,103300,VEV_4000,,,1254.0,1,SELL,1254.0,1275.0,1264.5,-10.5,0.0,-21.0,False,False,0,2,1,3,9.0,6.5,9.5
2,103700,VEV_4000,,,1254.0,3,SELL,1254.0,1276.0,1265.0,-11.0,0.0,-22.0,False,False,0,2,1,3,7.5,5.5,6.5
2,109100,VEV_4000,,,1254.0,1,SELL,1254.0,1276.0,1265.0,-11.0,0.0,-22.0,False,False,0,2,1,3,8.5,4.5,3.5
2,111900,VEV_4000,,,1252.0,2,SELL,1252.0,1273.0,1262.5,-10.5,0.0,-21.0,False,False,0,2,1,3,5.5,5.5,6.5
2,114700,VEV_4000,,,1269.0,2,BUY,1248.0,1269.0,1258.5,10.5,21.0,0.0,False,False,0,2,1,3,-13.5,-11.5,-18.5
2,116800,VEV_4000,,,1268.0,2,BUY,1247.0,1268.0,1257.5,10.5,21.0,0.0,False,False,0,2,1,3,-8.5,-14.5,-8.5
2,140900,VEV_4000,,,1246.0,1,SELL,1246.0,1267.0,1256.5,-10.5,0.0,-21.0,True,False,0,2,1,3,12.5,11.5,22.5
2,144400,VEV_4000,,,1253.0,1,SELL,1253.0,1274.0,1263.5,-10.5,0.0,-21.0,False,False,0,2,1,3,13.0,11.0,14.5
2,145800,VEV_4000,,,1257.0,1,SELL,1257.0,1279.0,1268.0,-11.0,0.0,-22.0,False,False,0,2,1,3,7.5,7.5,13.5
2,150400,VEV_4000,,,1278.0,1,BUY,1257.0,1278.0,1267.5,10.5,21.0,0.0,False,False,0,2,1,3,-6.5,-4.5,-3.0
2,153100,VEV_4000,,,1284.0,3,BUY,1262.0,1284.0,1273.0,11.0,22.0,0.0,False,True,0,2,1,3,-11.5,-10.0,-8.5
2,155900,VEV_4000,,,1285.0,2,BUY,1263.0,1285.0,1274.0,11.0,22.0,0.0,False,True,0,2,1,3,-8.5,-9.0,-13.5
2,166700,VEV_4000,,,1283.0,3,BUY,1262.0,1283.0,1272.5,10.5,21.0,0.0,False,False,0,2,1,3,-10.5,-13.5,-8.5
2,169200,VEV_4000,,,1261.0,3,SELL,1261.0,1282.0,1271.5,-10.5,0.0,-21.0,False,False,0,2,1,3,9.5,13.0,16.0
2,190900,VEV_4000,,,1270.0,1,BUY,1249.0,1270.0,1259.5,10.5,21.0,0.0,False,False,0,2,1,3,-9.5,-5.5,-5.5
2,192700,VEV_4000,,,1253.0,2,SELL,1253.0,1275.0,1264.0,-11.0,0.0,-22.0,False,False,0,2,1,3,8.5,9.5,11.5
2,195200,VEV_4000,,,1270.0,2,BUY,1249.0,1270.0,1259.5,10.5,21.0,0.0,False,False,0,2,1,3,-6.5,-8.5,-9.5
2,196800,VEV_4000,,,1253.0,2,SELL,1253.0,1274.0,1263.5,-10.5,0.0,-21.0,False,False,0,2,1,3,10.0,11.5,4.5
2,200400,VEV_4000,,,1252.0,1,SELL,1252.0,1273.0,1262.5,-10.5,0.0,-21.0,False,False,0,2,1,3,8.0,8.5,12.5
2,201500,VEV_4000,,,1248.0,1,SELL,1248.0,1269.0,1258.5,-10.5,0.0,-21.0,False,False,0,2,1,3,9.5,12.5,20.0
2,202300,VEV_4000,,,1249.0,1,SELL,1249.0,1270.0,1259.5,-10.5,0.0,-21.0,False,False,0,2,1,3,11.5,9.5,21.5
2,212100,VEV_4000,,,1257.0,2,SELL,1257.0,1279.0,1268.0,-11.0,0.0,-22.0,False,False,0,2,1,3,10.0,11.5,5.5
2,231900,VEV_4000,,,1275.0,2,BUY,1254.0,1275.0,1264.5,10.5,21.0,0.0,False,False,0,2,1,3,-13.0,-9.5,-6.5
2,249400,VEV_4000,,,1286.0,3,BUY,1265.0,1286.0,1275.5,10.5,21.0,0.0,False,True,0,2,1,3,-7.5,-11.5,-18.0
2,249800,VEV_4000,,,1267.0,2,SELL,1267.0,1289.0,1278.0,-11.0,0.0,-22.0,False,False,50,2,1,3,9.5,6.5,-1.5
2,266800,VEV_4000,,,1275.0,1,SELL,1275.0,1296.0,1285.5,-10.5,0.0,-21.0,False,False,0,2,1,3,10.5,8.0,6.0
2,269700,VEV_4000,,,1288.0,1,BUY,1267.0,1288.0,1277.5,10.5,21.0,0.0,False,True,0,2,1,3,-8.5,-7.5,-12.5
2,270500,VEV_4000,,,1291.0,1,BUY,1270.0,1291.0,1280.5,10.5,21.0,0.0,False,True,0,2,1,3,-14.0,-12.5,-17.0
2,272900,VEV_4000,,,1290.0,3,BUY,1269.0,1290.0,1279.5,10.5,21.0,0.0,False,False,0,2,1,3,-11.0,-14.0,-20.5
2,277900,VEV_4000,,,1259.0,3,SELL,1259.0,1280.0,1269.5,-10.5,0.0,-21.0,False,False,0,2,1,3,8.5,9.5,9.5
2,281100,VEV_4000,,,1278.0,1,BUY,1257.0,1278.0,1267.5,10.5,21.0,0.0,False,False,0,2,1,3,-9.5,-6.0,0.0
2,286900,VEV_4000,,,1266.0,3,SELL,1266.0,1287.0,1276.5,-10.5,0.0,-21.0,False,False,0,2,1,3,12.0,7.5,5.5
2,293600,VEV_4000,,,1260.0,2,SELL,1260.0,1282.0,1271.0,-11.0,0.0,-22.0,False,False,0,2,1,3,9.0,9.5,12.5
2,301700,VEV_4000,,,1256.0,2,SELL,1256.0,1277.0,1266.5,-10.5,0.0,-21.0,False,False,0,2,1,3,8.5,12.5,16.0
2,303100,VEV_4000,,,1256.0,1,SELL,1256.0,1277.0,1266.5,-10.5,0.0,-21.0,False,False,0,2,1,3,12.0,11.5,14.5
2,307600,VEV_4000,,,1281.0,2,BUY,1259.0,1281.0,1270.0,11.0,22.0,0.0,False,False,0,2,1,3,-10.5,-7.5,-8.5
2,318100,VEV_4000,,,1284.0,1,BUY,1263.0,1284.0,1273.5,10.5,21.0,0.0,False,False,0,2,1,3,-14.5,-6.0,-11.0
2,322300,VEV_4000,,,1282.0,2,BUY,1261.0,1282.0,1271.5,10.5,21.0,0.0,False,False,0,2,1,3,-6.5,-13.5,-17.5
2,328700,VEV_4000,,,1255.0,3,SELL,1255.0,1276.0,1265.5,-10.5,0.0,-21.0,False,False,0,2,1,3,8.5,7.5,13.5
2,340500,VEV_4000,,,1257.0,3,SELL,1257.0,1278.0,1267.5,-10.5,0.0,-21.0,False,False,0,2,1,3,12.5,13.5,9.5
2,363300,VEV_4000,,,1272.0,1,BUY,1251.0,1272.0,1261.5,10.5,21.0,0.0,False,False,0,2,1,3,-13.0,-13.0,-12.5
2,368200,VEV_4000,,,1270.0,2,BUY,1249.0,1270.0,1259.5,10.5,21.0,0.0,False,False,0,2,1,3,-11.5,-19.5,-18.5
2,370600,VEV_4000,,,1261.0,3,BUY,1240.0,1261.0,1250.5,10.5,21.0,0.0,False,False,0,2,1,3,-10.5,-7.0,-7.5
2,370700,VEV_4000,,,1241.0,2,SELL,1241.0,1262.0,1251.5,-10.5,0.0,-21.0,True,False,0,2,1,3,9.5,12.5,12.0
2,372300,VEV_4000,,,1264.0,2,BUY,1243.0,1264.0,1253.5,10.5,21.0,0.0,False,False,0,2,1,3,-8.5,-11.5,-13.5
2,389600,VEV_4000,,,1249.0,3,BUY,1228.0,1249.0,1238.5,10.5,21.0,0.0,False,False,0,2,1,3,-9.5,-4.5,-2.5
2,390200,VEV_4000,,,1229.0,1,SELL,1229.0,1250.0,1239.5,-10.5,0.0,-21.0,True,False,0,2,1,3,12.5,15.5,15.5
2,397300,VEV_4000,,,1226.0,2,SELL,1226.0,1246.0,1236.0,-10.0,0.0,-20.0,True,False,0,2,1,3,7.0,8.5,1.5
2,406300,VEV_4000,,,1220.0,2,SELL,1220.0,1241.0,1230.5,-10.5,0.0,-21.0,True,False,0,2,1,3,6.5,7.5,6.5
2,419300,VEV_4000,,,1221.0,1,SELL,1221.0,1242.0,1231.5,-10.5,0.0,-21.0,False,False,0,2,1,3,11.5,9.0,12.0
2,424400,VEV_4000,,,1244.0,2,BUY,1223.0,1244.0,1233.5,10.5,21.0,0.0,False,False,0,2,1,3,-10.5,-9.5,-8.5
2,428400,VEV_4000,,,1248.0,1,BUY,1227.0,1248.0,1237.5,10.5,21.0,0.0,False,False,0,2,1,3,-13.5,-9.5,-8.5
2,438300,VEV_4000,,,1230.0,3,SELL,1230.0,1251.0,1240.5,-10.5,0.0,-21.0,False,False,0,2,1,3,10.5,8.5,5.5
2,438900,VEV_4000,,,1249.0,3,BUY,1228.0,1249.0,1238.5,10.5,21.0,0.0,False,False,0,2,1,3,-10.5,-11.5,-9.5
2,449500,VEV_4000,,,1238.0,2,SELL,1238.0,1259.0,1248.5,-10.5,0.0,-21.0,False,False,50,2,1,3,11.5,1.5,-0.5
2,454700,VEV_4000,,,1247.0,1,BUY,1226.0,1247.0,1236.5,10.5,21.0,0.0,False,False,0,2,1,3,-9.5,-9.0,-7.5
2,488600,VEV_4000,,,1247.0,2,BUY,1226.0,1247.0,1236.5,10.5,21.0,0.0,False,False,0,2,1,3,-10.5,-6.5,-5.5
2,490600,VEV_4000,,,1251.0,2,BUY,1230.0,1251.0,1240.5,10.5,21.0,0.0,False,False,0,2,1,3,-9.5,-10.5,-7.5
2,499900,VEV_4000,,,1256.0,3,BUY,1235.0,1256.0,1245.5,10.5,21.0,0.0,False,False,0,2,1,3,-7.5,-19.5,-20.5
2,521000,VEV_4000,,,1257.0,1,BUY,1236.0,1257.0,1246.5,10.5,21.0,0.0,False,False,0,2,1,3,-11.5,-8.5,-8.5
2,536500,VEV_4000,,,1252.0,2,BUY,1232.0,1252.0,1242.0,10.0,20.0,0.0,False,False,0,2,1,3,-6.5,-8.5,-9.5
2,543900,VEV_4000,,,1231.0,1,SELL,1231.0,1252.0,1241.5,-10.5,0.0,-21.0,False,False,0,2,1,3,9.5,4.5,6.0
2,563200,VEV_4000,,,1229.0,3,SELL,1229.0,1249.0,1239.0,-10.0,0.0,-20.0,False,False,50,2,1,3,7.0,7.5,-2.5
2,563700,VEV_4000,,,1246.0,1,BUY,1226.0,1246.0,1236.0,10.0,20.0,0.0,False,False,0,2,1,3,-8.5,-9.5,-16.0
2,571300,VEV_4000,,,1219.0,3,SELL,1219.0,1239.0,1229.0,-10.0,0.0,-20.0,True,False,0,2,1,3,13.5,14.5,8.5
2,573500,VEV_4000,,,1224.0,2,SELL,1224.0,1245.0,1234.5,-10.5,0.0,-21.0,False,False,50,2,1,3,10.5,8.0,-1.5
2,587500,VEV_4000,,,1202.0,1,SELL,1202.0,1223.0,1212.5,-10.5,0.0,-21.0,True,False,0,2,1,3,11.0,14.0,19.5
2,590700,VEV_4000,,,1225.0,1,BUY,1204.0,1225.0,1214.5,10.5,21.0,0.0,False,False,0,2,1,3,-8.5,-5.5,-1.5
2,600300,VEV_4000,,,1254.0,2,BUY,1233.0,1254.0,1243.5,10.5,21.0,0.0,False,False,0,2,1,3,-9.5,-7.5,-13.0
2,605100,VEV_4000,,,1233.0,3,SELL,1233.0,1254.0,1243.5,-10.5,0.0,-21.0,False,False,0,2,1,3,11.0,16.5,16.5
2,607400,VEV_4000,,,1259.0,2,BUY,1238.0,1259.0,1248.5,10.5,21.0,0.0,False,False,0,2,1,3,-8.5,-6.5,-17.5
2,610900,VEV_4000,,,1239.0,3,SELL,1239.0,1260.0,1249.5,-10.5,0.0,-21.0,False,False,50,2,1,3,4.5,3.0,-4.5
2,624000,VEV_4000,,,1226.0,2,SELL,1226.0,1246.0,1236.0,-10.0,0.0,-20.0,False,False,0,2,1,3,12.0,16.5,20.5
2,624200,VEV_4000,,,1226.0,2,SELL,1226.0,1247.0,1236.5,-10.5,0.0,-21.0,False,False,0,2,1,3,12.5,18.5,19.5
2,625900,VEV_4000,,,1253.0,2,BUY,1232.0,1253.0,1242.5,10.5,21.0,0.0,False,False,0,2,1,3,-8.5,-5.5,-8.5
2,627100,VEV_4000,,,1254.0,3,BUY,1233.0,1254.0,1243.5,10.5,21.0,0.0,False,False,0,2,1,3,-8.5,-8.5,-8.5
2,635100,VEV_4000,,,1235.0,3,SELL,1235.0,1256.0,1245.5,-10.5,0.0,-21.0,False,False,0,2,1,3,12.5,9.5,12.5
2,637900,VEV_4000,,,1256.0,3,BUY,1235.0,1256.0,1245.5,10.5,21.0,0.0,False,False,0,2,1,3,-9.5,-9.0,-14.5
2,643300,VEV_4000,,,1252.0,1,BUY,1231.0,1252.0,1241.5,10.5,21.0,0.0,False,False,0,2,1,3,-9.0,-8.0,-5.5
2,648700,VEV_4000,,,1235.0,3,SELL,1235.0,1255.0,1245.0,-10.0,0.0,-20.0,False,False,0,2,1,3,8.0,8.5,14.0
2,658100,VEV_4000,,,1263.0,3,BUY,1242.0,1263.0,1252.5,10.5,21.0,0.0,False,False,0,2,1,3,-11.5,-6.5,-14.5
2,669900,VEV_4000,,,1275.0,3,BUY,1254.0,1275.0,1264.5,10.5,21.0,0.0,False,False,0,2,1,3,-10.5,-10.0,-1.5
2,676600,VEV_4000,,,1279.0,2,BUY,1258.0,1279.0,1268.5,10.5,21.0,0.0,False,False,0,2,1,3,-9.5,-7.0,-2.5
2,690500,VEV_4000,,,1263.0,1,SELL,1263.0,1284.0,1273.5,-10.5,0.0,-21.0,False,False,0,2,1,3,10.5,7.5,5.0
2,692000,VEV_4000,,,1282.0,1,BUY,1261.0,1282.0,1271.5,10.5,21.0,0.0,False,False,0,2,1,3,-11.5,-13.0,-6.5
2,699800,VEV_4000,,,1260.0,3,SELL,1260.0,1281.0,1270.5,-10.5,0.0,-21.0,False,False,20,2,1,3,7.0,-0.5,4.5
2,711200,VEV_4000,,,1248.0,3,SELL,1248.0,1269.0,1258.5,-10.5,0.0,-21.0,False,False,0,2,1,3,11.5,3.5,1.5
2,727900,VEV_4000,,,1222.0,2,SELL,1222.0,1243.0,1232.5,-10.5,0.0,-21.0,False,False,0,2,1,3,10.5,2.5,8.5
2,736100,VEV_4000,,,1239.0,1,BUY,1219.0,1239.0,1229.0,10.0,20.0,0.0,False,False,0,2,1,3,-13.5,-16.5,-27.0
2,739600,VEV_4000,,,1227.0,3,BUY,1207.0,1227.0,1217.0,10.0,20.0,0.0,False,False,0,2,1,3,-14.0,-10.5,-19.0
2,746900,VEV_4000,,,1221.0,1,BUY,1201.0,1221.0,1211.0,10.0,20.0,0.0,False,False,0,2,1,3,-9.0,-5.0,-4.0
2,752300,VEV_4000,,,1230.0,2,BUY,1209.0,1230.0,1219.5,10.5,21.0,0.0,False,False,0,2,1,3,-10.5,-9.0,-10.5
2,757200,VEV_4000,,,1230.0,2,BUY,1209.0,1230.0,1219.5,10.5,21.0,0.0,False,False,0,2,1,3,-12.0,-17.5,-4.5
2,762200,VEV_4000,,,1236.0,2,BUY,1215.0,1236.0,1225.5,10.5,21.0,0.0,False,False,0,2,1,3,-7.5,-10.0,-8.5
2,774200,VEV_4000,,,1243.0,2,BUY,1232.0,1243.0,1237.5,5.5,11.0,0.0,False,False,20,2,1,3,-8.5,0.5,-5.0
2,796800,VEV_4000,,,1228.0,1,SELL,1228.0,1249.0,1238.5,-10.5,0.0,-21.0,False,False,0,2,1,3,11.5,14.5,24.5
2,800000,VEV_4000,,,1260.0,1,BUY,1239.0,1260.0,1249.5,10.5,21.0,0.0,False,False,0,2,1,3,-8.5,-5.5,-3.5
2,805600,VEV_4000,,,1246.0,2,SELL,1246.0,1267.0,1256.5,-10.5,0.0,-21.0,False,False,0,2,1,3,15.5,14.5,9.0
2,808200,VEV_4000,,,1253.0,2,SELL,1253.0,1274.0,1263.5,-10.5,0.0,-21.0,False,False,50,2,1,3,6.5,1.5,-10.5
2,809100,VEV_4000,,,1248.0,3,SELL,1248.0,1269.0,1258.5,-10.5,0.0,-21.0,False,False,50,2,1,3,5.5,4.5,-5.0
2,816800,VEV_4000,,,1253.0,3,BUY,1232.0,1253.0,1242.5,10.5,21.0,0.0,False,False,0,2,1,3,-8.5,-7.5,-0.5
2,819600,VEV_4000,,,1241.0,3,SELL,1241.0,1262.0,1251.5,-10.5,0.0,-21.0,False,False,0,2,1,3,11.5,12.5,13.5
2,823600,VEV_4000,,,1241.0,3,SELL,1241.0,1262.0,1251.5,-10.5,0.0,-21.0,False,False,0,2,1,3,12.5,15.5,14.5
2,825500,VEV_4000,,,1266.0,3,BUY,1245.0,1266.0,1255.5,10.5,21.0,0.0,False,False,0,2,1,3,-10.5,-12.5,-12.5
2,827300,VEV_4000,,,1264.0,2,BUY,1243.0,1264.0,1253.5,10.5,21.0,0.0,False,False,0,2,1,3,-11.5,-10.5,-8.5
2,833300,VEV_4000,,,1265.0,2,BUY,1244.0,1265.0,1254.5,10.5,21.0,0.0,False,False,0,2,1,3,-9.5,-9.5,-8.5
2,850200,VEV_4000,,,1247.0,1,SELL,1247.0,1268.0,1257.5,-10.5,0.0,-21.0,False,False,0,2,1,3,11.5,7.5,9.0
2,875900,VEV_4000,,,1259.0,1,BUY,1238.0,1259.0,1248.5,10.5,21.0,0.0,False,False,0,2,1,3,-12.5,-12.5,-6.5
2,879100,VEV_4000,,,1237.0,2,SELL,1237.0,1258.0,1247.5,-10.5,0.0,-21.0,False,False,0,2,1,3,14.5,14.5,19.5
2,880000,VEV_4000,,,1242.0,3,SELL,1242.0,1263.0,1252.5,-10.5,0.0,-21.0,False,False,0,2,1,3,11.5,8.5,14.5
2,884100,VEV_4000,,,1246.0,2,SELL,1246.0,1267.0,1256.5,-10.5,0.0,-21.0,False,False,0,2,1,3,9.5,17.0,21.5
2,894800,VEV_4000,,,1282.0,2,BUY,1261.0,1282.0,1271.5,10.5,21.0,0.0,False,False,50,2,1,3,-14.0,-9.0,2.5
2,914100,VEV_4000,,,1292.0,2,BUY,1270.0,1292.0,1281.0,11.0,22.0,0.0,False,True,0,2,1,3,-9.5,-5.0,-7.0
2,925100,VEV_4000,,,1292.0,2,BUY,1270.0,1292.0,1281.0,11.0,22.0,0.0,False,False,0,2,1,3,-10.0,-12.5,-16.5
2,961700,VEV_4000,,,1257.0,3,SELL,1257.0,1278.0,1267.5,-10.5,0.0,-21.0,False,False,0,2,1,3,8.5,6.5,6.5
2,965600,VEV_4000,,,1256.0,3,SELL,1256.0,1278.0,1267.0,-11.0,0.0,-22.0,False,False,0,2,1,3,7.5,6.5,5.5
2,975900,VEV_4000,,,1262.0,1,SELL,1262.0,1283.0,1272.5,-10.5,0.0,-21.0,False,False,0,2,1,3,7.5,5.5,13.5
2,978200,VEV_4000,,,1259.0,2,SELL,1259.0,1280.0,1269.5,-10.5,0.0,-21.0,False,False,0,2,1,3,11.5,15.5,13.5
2,982500,VEV_4000,,,1263.0,2,SELL,1263.0,1285.0,1274.0,-11.0,0.0,-22.0,False,False,0,2,1,3,9.5,11.0,19.0
2,998800,VEV_4000,,,1307.0,3,BUY,1285.0,1307.0,1296.0,11.0,22.0,0.0,False,True,0,2,1,3,-12.0,,
2,414900,VEV_5200,,,76.0,3,SELL,76.0,78.0,77.0,-1.0,0.0,-2.0,True,True,0,2,1,3,0.5,6.0,4.5
2,423800,VEV_5200,,,79.0,5,SELL,79.0,81.0,80.0,-1.0,0.0,-2.0,False,True,0,5,4,5,1.5,3.5,3.0
2,433100,VEV_5200,,,83.0,2,SELL,83.0,85.0,84.0,-1.0,0.0,-2.0,False,True,0,2,1,3,0.5,0.5,0.5
2,443600,VEV_5200,,,82.0,4,SELL,82.0,84.0,83.0,-1.0,0.0,-2.0,False,False,0,5,4,5,1.5,8.0,8.5
2,456200,VEV_5200,,,82.0,2,SELL,82.0,84.0,83.0,-1.0,0.0,-2.0,False,False,50,2,1,3,1.0,2.5,-1.5
2,519600,VEV_5200,,,87.0,5,SELL,87.0,89.0,88.0,-1.0,0.0,-2.0,False,True,50,5,4,5,0.5,0.0,-0.5
2,666500,VEV_5200,,,91.0,2,SELL,91.0,93.0,92.0,-1.0,0.0,-2.0,False,True,0,2,1,3,1.0,4.0,8.5
2,876500,VEV_5200,,,84.0,3,SELL,84.0,86.0,85.0,-1.0,0.0,-2.0,False,False,0,2,1,3,1.5,4.5,6.5
2,20900,VEV_5300,,,53.0,5,SELL,53.0,55.0,54.0,-1.0,0.0,-2.0,True,True,50,4,3,5,1.0,0.0,-1.0
2,75200,VEV_5300,,,46.0,4,SELL,46.0,48.0,47.0,-1.0,0.0,-2.0,True,False,20,4,3,5,1.0,-0.5,3.0
2,79300,VEV_5300,,,47.0,5,SELL,47.0,49.0,48.0,-1.0,0.0,-2.0,False,False,0,4,3,5,0.0,3.5,5.5
2,105500,VEV_5300,,,47.0,5,SELL,47.0,49.0,48.0,-1.0,0.0,-2.0,False,False,0,4,3,5,2.0,2.0,1.0
2,129700,VEV_5300,,,46.0,4,SELL,46.0,48.0,47.0,-1.0,0.0,-2.0,False,False,0,4,3,5,0.0,1.0,1.0
2,169000,VEV_5300,,,52.0,3,SELL,52.0,54.0,53.0,-1.0,0.0,-2.0,False,False,0,4,3,5,0.5,0.5,3.0
2,189100,VEV_5300,,,47.0,4,SELL,47.0,49.0,48.0,-1.0,0.0,-2.0,False,False,0,4,3,5,1.0,1.5,3.0
2,204400,VEV_5300,,,47.0,5,SELL,47.0,49.0,48.0,-1.0,0.0,-2.0,False,False,0,4,3,5,2.0,3.5,4.0
2,225500,VEV_5300,,,50.0,5,SELL,50.0,52.0,51.0,-1.0,0.0,-2.0,False,False,20,4,3,5,-1.0,-1.0,0.0
2,289300,VEV_5300,,,52.0,2,SELL,52.0,54.0,53.0,-1.0,0.0,-2.0,False,False,50,2,1,2,1.0,0.0,-1.5
2,320800,VEV_5300,,,52.0,5,SELL,52.0,54.0,53.0,-1.0,0.0,-2.0,False,False,50,4,3,5,0.0,1.0,-3.0
2,321600,VEV_5300,,,50.0,4,SELL,50.0,52.0,51.0,-1.0,0.0,-2.0,False,False,50,4,3,5,1.5,1.0,-3.0
2,350700,VEV_5300,,,47.0,4,SELL,47.0,49.0,48.0,-1.0,0.0,-2.0,False,False,20,4,3,5,-2.0,-2.0,0.5
2,358500,VEV_5300,,,47.0,2,SELL,47.0,49.0,48.0,-1.0,0.0,-2.0,False,False,0,2,1,2,1.0,2.0,1.0
2,362600,VEV_5300,,,47.0,5,SELL,47.0,49.0,48.0,-1.0,0.0,-2.0,False,False,20,4,3,5,1.0,-1.0,0.0
2,365600,VEV_5300,,,45.0,4,SELL,45.0,47.0,46.0,-1.0,0.0,-2.0,True,False,50,4,3,5,1.0,2.0,-2.0
2,389000,VEV_5300,,,38.0,2,SELL,38.0,40.0,39.0,-1.0,0.0,-2.0,True,False,0,2,1,2,0.5,1.0,2.0
2,390300,VEV_5300,,,38.0,3,SELL,38.0,40.0,39.0,-1.0,0.0,-2.0,False,False,0,4,3,5,2.0,3.0,2.0
2,414900,VEV_5300,,,34.0,3,SELL,34.0,36.0,35.0,-1.0,0.0,-2.0,True,False,0,4,3,5,1.0,4.0,3.0
2,423800,VEV_5300,,,36.0,5,SELL,36.0,38.0,37.0,-1.0,0.0,-2.0,False,False,0,4,3,5,1.0,2.0,2.0
2,433100,VEV_5300,,,38.0,2,SELL,38.0,40.0,39.0,-1.0,0.0,-2.0,False,False,0,2,1,2,1.0,0.0,0.5
2,461200,VEV_5300,,,37.0,3,SELL,37.0,38.0,37.5,-0.5,0.0,-1.0,False,False,0,4,3,5,1.0,1.5,0.0
2,483400,VEV_5300,,,40.0,5,SELL,40.0,42.0,41.0,-1.0,0.0,-2.0,False,False,50,4,3,5,0.0,-1.0,-3.0
2,501900,VEV_5300,,,38.0,3,SELL,38.0,40.0,39.0,-1.0,0.0,-2.0,False,False,50,4,3,5,1.0,-1.0,-1.0
2,519600,VEV_5300,,,40.0,5,SELL,40.0,42.0,41.0,-1.0,0.0,-2.0,False,False,0,4,3,5,0.0,0.0,0.0
2,548600,VEV_5300,,,36.0,2,SELL,36.0,38.0,37.0,-1.0,0.0,-2.0,False,False,0,2,1,2,0.5,1.0,1.0
2,554600,VEV_5300,,,38.0,5,UNKNOWN,37.0,39.0,38.0,0.0,1.0,-1.0,False,False,0,4,3,5,1.0,0.0,-1.0
2,587100,VEV_5300,,,28.0,4,SELL,28.0,29.0,28.5,-0.5,0.0,-1.0,True,False,0,4,3,5,0.5,1.0,2.5
2,588500,VEV_5300,,,28.0,4,SELL,28.0,30.0,29.0,-1.0,0.0,-2.0,False,False,0,4,3,5,2.0,0.5,2.5
2,604100,VEV_5300,,,38.0,2,SELL,38.0,40.0,39.0,-1.0,0.0,-2.0,False,False,0,2,1,2,0.0,3.0,4.0
2,666500,VEV_5300,,,42.0,2,SELL,42.0,44.0,43.0,-1.0,0.0,-2.0,False,False,0,2,1,2,1.0,2.5,5.0
2,711900,VEV_5300,,,43.0,3,SELL,43.0,45.0,44.0,-1.0,0.0,-2.0,False,False,50,4,3,5,-1.0,-2.0,-4.0
2,748500,VEV_5300,,,28.0,2,SELL,28.0,29.0,28.5,-0.5,0.0,-1.0,False,False,0,2,1,2,1.0,1.0,2.0
2,764000,VEV_5300,,,32.0,3,SELL,32.0,33.0,32.5,-0.5,0.0,-1.0,False,False,0,4,3,5,0.0,0.0,3.0
2,779200,VEV_5300,,,37.0,4,SELL,37.0,39.0,38.0,-1.0,0.0,-2.0,False,False,20,4,3,5,1.0,-1.0,1.0
2,808800,VEV_5300,,,44.0,4,SELL,44.0,46.0,45.0,-1.0,0.0,-2.0,False,False,50,4,3,5,-1.0,-2.0,-6.0
2,826400,VEV_5300,,,42.0,4,SELL,42.0,44.0,43.0,-1.0,0.0,-2.0,False,False,0,4,3,5,1.0,1.0,1.0
2,836300,VEV_5300,,,43.0,4,SELL,43.0,45.0,44.0,-1.0,0.0,-2.0,False,False,0,4,3,5,0.0,1.0,1.0
2,872600,VEV_5300,,,39.0,2,SELL,39.0,41.0,40.0,-1.0,0.0,-2.0,False,False,0,2,1,2,1.0,0.0,0.0
2,898600,VEV_5300,,,52.0,2,SELL,52.0,54.0,53.0,-1.0,0.0,-2.0,False,False,0,2,1,2,1.0,2.0,3.0
2,948500,VEV_5300,,,49.0,5,SELL,49.0,51.0,50.0,-1.0,0.0,-2.0,False,False,0,4,3,5,0.0,0.0,2.0
2,972800,VEV_5300,,,46.0,2,SELL,46.0,48.0,47.0,-1.0,0.0,-2.0,False,False,0,2,1,2,0.0,1.0,1.0
2,977300,VEV_5300,,,46.0,4,SELL,46.0,48.0,47.0,-1.0,0.0,-2.0,False,False,0,4,3,5,1.0,1.0,2.0
2,977500,VEV_5300,,,46.0,2,SELL,46.0,48.0,47.0,-1.0,0.0,-2.0,False,False,0,2,1,2,1.0,1.0,3.0
2,993800,VEV_5300,,,50.0,5,SELL,50.0,52.0,51.0,-1.0,0.0,-2.0,False,False,0,4,3,5,2.0,5.0,8.5
2,13100,VEV_5400,,,16.0,3,SELL,16.0,18.0,17.0,-1.0,0.0,-2.0,True,True,0,2,2,3,1.0,1.5,3.0
2,20900,VEV_5400,,,17.0,5,SELL,17.0,19.0,18.0,-1.0,0.0,-2.0,False,True,0,4,4,5,1.0,0.5,0.0
2,23500,VEV_5400,,,16.0,2,SELL,16.0,17.0,16.5,-0.5,0.0,-1.0,False,False,0,2,2,3,0.5,1.0,1.0
2,29500,VEV_5400,,,16.0,2,SELL,16.0,18.0,17.0,-1.0,0.0,-2.0,False,False,0,2,2,3,0.5,0.0,2.0
2,41900,VEV_5400,,,13.0,2,SELL,13.0,14.0,13.5,-0.5,0.0,-1.0,True,False,0,2,2,3,1.5,1.0,2.0
2,42900,VEV_5400,,,14.0,4,SELL,14.0,15.0,14.5,-0.5,0.0,-1.0,False,False,0,4,4,5,0.5,1.5,1.5
2,45100,VEV_5400,,,15.0,5,SELL,15.0,16.0,15.5,-0.5,0.0,-1.0,False,False,5,4,4,5,-0.5,0.5,0.5
2,75200,VEV_5400,,,14.0,4,SELL,14.0,15.0,14.5,-0.5,0.0,-1.0,False,False,0,4,4,5,0.5,0.0,1.5
2,79300,VEV_5400,,,14.0,5,SELL,14.0,16.0,15.0,-1.0,0.0,-2.0,False,False,0,4,4,5,1.0,2.5,3.0
2,102600,VEV_5400,,,16.0,2,SELL,16.0,17.0,16.5,-0.5,0.0,-1.0,False,False,50,2,2,3,0.0,-0.5,-0.5
2,129700,VEV_5400,,,14.0,4,SELL,14.0,15.0,14.5,-0.5,0.0,-1.0,False,False,0,4,4,5,0.0,0.5,0.5
2,169000,VEV_5400,,,16.0,3,SELL,16.0,18.0,17.0,-1.0,0.0,-2.0,False,False,0,2,2,3,0.5,0.5,2.0
2,171800,VEV_5400,,,17.0,5,SELL,17.0,18.0,17.5,-0.5,0.0,-1.0,False,False,0,4,4,5,0.0,0.5,2.0
2,189100,VEV_5400,,,14.0,4,SELL,14.0,15.0,14.5,-0.5,0.0,-1.0,False,False,0,4,4,5,1.0,1.0,1.5
2,204400,VEV_5400,,,14.0,5,SELL,14.0,16.0,15.0,-1.0,0.0,-2.0,False,False,0,4,4,5,1.5,2.5,2.5
2,225500,VEV_5400,,,16.0,5,SELL,16.0,17.0,16.5,-0.5,0.0,-1.0,False,False,20,4,4,5,0.0,-0.5,0.5
2,239400,VEV_5400,,,15.0,2,SELL,15.0,16.0,15.5,-0.5,0.0,-1.0,False,False,0,2,2,3,1.5,3.0,3.5
2,253000,VEV_5400,,,16.0,3,SELL,16.0,17.0,16.5,-0.5,0.0,-1.0,False,False,0,2,2,3,0.5,0.5,1.5
2,268900,VEV_5400,,,19.0,4,SELL,19.0,20.0,19.5,-0.5,0.0,-1.0,False,True,20,4,4,5,0.0,-0.5,0.0
2,275200,VEV_5400,,,18.0,5,SELL,18.0,19.0,18.5,-0.5,0.0,-1.0,False,False,50,4,4,5,-0.5,-0.5,-1.0
2,287100,VEV_5400,,,18.0,2,SELL,18.0,19.0,18.5,-0.5,0.0,-1.0,False,False,50,2,2,3,0.5,-0.5,-0.5
2,287600,VEV_5400,,,18.0,2,SELL,18.0,19.0,18.5,-0.5,0.0,-1.0,False,False,50,2,2,3,0.5,0.0,-0.5
2,289300,VEV_5400,,,17.0,2,SELL,17.0,18.0,17.5,-0.5,0.0,-1.0,False,False,50,2,2,3,1.0,0.5,-0.5
2,294600,VEV_5400,,,16.0,2,SELL,16.0,17.0,16.5,-0.5,0.0,-1.0,False,False,0,2,2,3,1.5,1.5,1.5
2,316700,VEV_5400,,,17.0,3,SELL,17.0,19.0,18.0,-1.0,0.0,-2.0,False,False,50,2,2,3,1.0,-0.5,-0.5
2,317500,VEV_5400,,,17.0,3,SELL,17.0,18.0,17.5,-0.5,0.0,-1.0,False,False,0,2,2,3,0.5,1.0,0.5
2,320800,VEV_5400,,,17.0,5,SELL,17.0,18.0,17.5,-0.5,0.0,-1.0,False,False,50,4,4,5,0.0,0.5,-1.0
2,321600,VEV_5400,,,16.0,4,SELL,16.0,17.0,16.5,-0.5,0.0,-1.0,False,False,50,4,4,5,1.0,0.5,-1.5
2,341400,VEV_5400,,,16.0,4,SELL,16.0,17.0,16.5,-0.5,0.0,-1.0,False,False,50,4,4,5,0.5,1.5,-0.5
2,347800,VEV_5400,,,15.0,4,SELL,15.0,16.0,15.5,-0.5,0.0,-1.0,False,False,50,4,4,5,1.5,0.5,-1.5
2,350700,VEV_5400,,,15.0,4,SELL,15.0,16.0,15.5,-0.5,0.0,-1.0,False,False,20,4,4,5,-1.0,-1.0,0.5
2,358500,VEV_5400,,,15.0,2,SELL,15.0,16.0,15.5,-0.5,0.0,-1.0,False,False,0,2,2,3,0.5,0.5,0.0
2,365600,VEV_5400,,,14.0,4,SELL,14.0,15.0,14.5,-0.5,0.0,-1.0,False,False,50,4,4,5,0.0,0.5,-1.0
2,376300,VEV_5400,,,13.0,5,SELL,13.0,14.0,13.5,-0.5,0.0,-1.0,False,False,20,4,4,5,0.5,-0.5,0.0
2,389000,VEV_5400,,,11.0,2,SELL,11.0,12.0,11.5,-0.5,0.0,-1.0,True,False,0,2,2,3,0.5,0.5,1.0
2,390300,VEV_5400,,,11.0,3,SELL,11.0,12.0,11.5,-0.5,0.0,-1.0,False,False,0,2,2,3,0.5,1.5,1.0
2,398200,VEV_5400,,,10.0,2,SELL,10.0,11.0,10.5,-0.5,0.0,-1.0,True,False,50,2,2,3,0.5,0.5,-0.5
2,410200,VEV_5400,,,9.0,5,SELL,9.0,10.0,9.5,-0.5,0.0,-1.0,True,False,0,4,4,5,0.5,0.5,1.0
2,414900,VEV_5400,,,9.0,3,SELL,9.0,10.0,9.5,-0.5,0.0,-1.0,False,False,0,2,2,3,0.5,2.0,1.5
2,415500,VEV_5400,,,9.0,4,SELL,9.0,11.0,10.0,-1.0,0.0,-2.0,False,False,0,4,4,5,1.0,1.5,1.5
2,423800,VEV_5400,,,10.0,5,SELL,10.0,11.0,10.5,-0.5,0.0,-1.0,False,False,0,4,4,5,0.5,1.0,1.0
2,433100,VEV_5400,,,11.0,2,SELL,11.0,12.0,11.5,-0.5,0.0,-1.0,False,False,0,2,2,3,0.5,0.5,0.5
2,443600,VEV_5400,,,11.0,4,SELL,11.0,12.0,11.5,-0.5,0.0,-1.0,False,False,0,4,4,5,0.5,2.0,2.5
2,456200,VEV_5400,,,11.0,2,SELL,11.0,12.0,11.5,-0.5,0.0,-1.0,False,False,0,2,2,3,0.5,0.5,0.0
2,461200,VEV_5400,,,10.0,3,SELL,10.0,12.0,11.0,-1.0,0.0,-2.0,False,False,0,2,2,3,1.5,1.5,0.5
2,483400,VEV_5400,,,12.0,5,SELL,12.0,13.0,12.5,-0.5,0.0,-1.0,False,False,50,4,4,5,0.5,0.0,-1.0
2,495700,VEV_5400,,,11.0,5,SELL,11.0,13.0,12.0,-1.0,0.0,-2.0,False,False,0,4,4,5,1.5,1.0,1.5
2,501900,VEV_5400,,,11.0,3,SELL,11.0,12.0,11.5,-0.5,0.0,-1.0,False,False,0,2,2,3,1.0,0.0,0.0
2,508800,VEV_5400,,,10.0,5,SELL,10.0,11.0,10.5,-0.5,0.0,-1.0,False,False,0,4,4,5,0.5,0.5,2.5
2,519600,VEV_5400,,,12.0,5,SELL,12.0,13.0,12.5,-0.5,0.0,-1.0,False,False,0,4,4,5,0.5,0.5,0.5
2,554600,VEV_5400,,,11.0,5,SELL,11.0,12.0,11.5,-0.5,0.0,-1.0,False,False,0,4,4,5,1.0,0.5,0.5
2,555700,VEV_5400,,,11.0,3,SELL,11.0,12.0,11.5,-0.5,0.0,-1.0,False,False,50,2,2,3,0.5,0.0,-0.5
2,566700,VEV_5400,,,9.0,2,SELL,9.0,11.0,10.0,-1.0,0.0,-2.0,False,False,0,2,2,3,1.0,0.5,0.5
2,575100,VEV_5400,,,9.0,4,SELL,9.0,11.0,10.0,-1.0,0.0,-2.0,False,False,50,4,4,5,1.0,0.5,-0.5
2,587100,VEV_5400,,,7.0,4,SELL,7.0,8.0,7.5,-0.5,0.0,-1.0,True,False,0,4,4,5,0.5,0.5,1.5
2,588500,VEV_5400,,,7.0,4,SELL,7.0,8.0,7.5,-0.5,0.0,-1.0,False,False,0,4,4,5,1.0,0.5,1.5
2,593000,VEV_5400,,,8.0,5,SELL,8.0,9.0,8.5,-0.5,0.0,-1.0,False,False,0,4,4,5,0.5,0.5,2.5
2,604100,VEV_5400,,,11.0,2,SELL,11.0,12.0,11.5,-0.5,0.0,-1.0,False,False,0,2,2,3,0.5,1.5,2.0
2,622600,VEV_5400,,,10.0,4,SELL,10.0,11.0,10.5,-0.5,0.0,-1.0,False,False,0,4,4,5,0.5,0.5,1.5
2,642400,VEV_5400,,,11.0,2,SELL,11.0,12.0,11.5,-0.5,0.0,-1.0,False,False,5,2,2,3,-0.5,0.5,1.0
2,644500,VEV_5400,,,11.0,4,SELL,11.0,12.0,11.5,-0.5,0.0,-1.0,False,False,0,4,4,5,0.5,1.0,0.5
2,666500,VEV_5400,,,12.0,2,SELL,12.0,14.0,13.0,-1.0,0.0,-2.0,False,False,0,2,2,3,1.0,1.5,3.0
2,688600,VEV_5400,,,16.0,2,SELL,16.0,17.0,16.5,-0.5,0.0,-1.0,False,False,50,2,2,3,0.5,0.0,-0.5
2,691100,VEV_5400,,,15.0,5,SELL,15.0,16.0,15.5,-0.5,0.0,-1.0,False,False,0,4,4,5,0.5,1.0,0.0
2,711900,VEV_5400,,,13.0,3,SELL,13.0,14.0,13.5,-0.5,0.0,-1.0,False,False,50,2,2,3,-0.5,-1.0,-1.5
2,726600,VEV_5400,,,8.0,2,SELL,8.0,10.0,9.0,-1.0,0.0,-2.0,False,False,0,2,2,3,1.0,1.5,1.0
2,733200,VEV_5400,,,8.0,4,SELL,8.0,10.0,9.0,-1.0,0.0,-2.0,False,False,0,4,4,5,1.0,0.5,0.0
2,763500,VEV_5400,,,7.0,5,SELL,7.0,8.0,7.5,-0.5,0.0,-1.0,False,False,0,4,4,5,1.5,1.5,2.0
2,764000,VEV_5400,,,8.0,3,SELL,8.0,9.0,8.5,-0.5,0.0,-1.0,False,False,0,2,2,3,0.0,0.5,1.5
2,779200,VEV_5400,,,10.0,4,SELL,10.0,11.0,10.5,-0.5,0.0,-1.0,False,False,20,4,4,5,0.5,-0.5,0.0
2,793900,VEV_5400,,,10.0,2,SELL,10.0,11.0,10.5,-0.5,0.0,-1.0,False,False,0,2,2,3,0.0,0.0,0.0
2,808800,VEV_5400,,,12.0,4,SELL,12.0,14.0,13.0,-1.0,0.0,-2.0,False,False,50,4,4,5,0.0,-0.5,-1.5
2,825900,VEV_5400,,,12.0,2,SELL,12.0,13.0,12.5,-0.5,0.0,-1.0,False,False,0,2,2,3,0.5,0.0,0.0
2,826400,VEV_5400,,,12.0,4,SELL,12.0,13.0,12.5,-0.5,0.0,-1.0,False,False,0,4,4,5,0.0,0.5,0.5
2,836300,VEV_5400,,,12.0,4,SELL,12.0,13.0,12.5,-0.5,0.0,-1.0,False,False,0,4,4,5,0.5,0.5,1.0
2,872600,VEV_5400,,,10.0,2,SELL,10.0,12.0,11.0,-1.0,0.0,-2.0,False,False,0,2,2,3,1.0,1.0,1.0
2,876500,VEV_5400,,,10.0,3,SELL,10.0,11.0,10.5,-0.5,0.0,-1.0,False,False,0,2,2,3,0.5,1.5,1.5
2,934900,VEV_5400,,,16.0,5,SELL,16.0,18.0,17.0,-1.0,0.0,-2.0,False,False,50,4,4,5,0.5,-0.5,-0.5
2,948500,VEV_5400,,,15.0,5,SELL,15.0,17.0,16.0,-1.0,0.0,-2.0,False,False,0,4,4,5,0.5,0.5,1.5
2,993800,VEV_5400,,,16.0,5,SELL,16.0,18.0,17.0,-1.0,0.0,-2.0,False,False,0,4,4,5,1.5,3.0,4.5
2,13100,VEV_5500,,,6.0,3,SELL,6.0,7.0,6.5,-0.5,0.0,-1.0,True,True,0,2,2,3,0.5,0.5,1.5
2,20900,VEV_5500,,,7.0,5,SELL,7.0,8.0,7.5,-0.5,0.0,-1.0,False,True,50,4,4,5,0.5,-0.5,-0.5
2,23500,VEV_5500,,,6.0,2,SELL,6.0,7.0,6.5,-0.5,0.0,-1.0,False,False,0,2,2,3,0.5,0.5,0.5
2,29500,VEV_5500,,,6.0,2,SELL,6.0,7.0,6.5,-0.5,0.0,-1.0,False,False,0,2,2,3,0.5,0.5,1.5
2,41900,VEV_5500,,,5.0,2,SELL,5.0,6.0,5.5,-0.5,0.0,-1.0,True,False,0,2,2,3,0.5,0.5,1.0
2,42900,VEV_5500,,,5.0,4,SELL,5.0,6.0,5.5,-0.5,0.0,-1.0,False,False,0,4,4,5,0.5,1.0,1.0
2,45100,VEV_5500,,,5.0,5,SELL,5.0,7.0,6.0,-1.0,0.0,-2.0,False,False,0,4,4,5,0.5,1.0,1.5
2,52900,VEV_5500,,,6.0,5,SELL,6.0,7.0,6.5,-0.5,0.0,-1.0,False,False,50,4,4,5,0.5,0.0,-0.5
2,75200,VEV_5500,,,5.0,4,SELL,5.0,6.0,5.5,-0.5,0.0,-1.0,False,False,0,4,4,5,0.5,0.5,1.5
2,79300,VEV_5500,,,5.0,5,SELL,5.0,7.0,6.0,-1.0,0.0,-2.0,False,False,0,4,4,5,0.5,1.5,2.0
2,102600,VEV_5500,,,6.0,2,SELL,6.0,7.0,6.5,-0.5,0.0,-1.0,False,False,0,2,2,3,0.5,0.5,0.5
2,105500,VEV_5500,,,5.0,5,SELL,5.0,7.0,6.0,-1.0,0.0,-2.0,False,False,0,4,4,5,1.5,1.5,1.0
2,129700,VEV_5500,,,5.0,4,SELL,5.0,6.0,5.5,-0.5,0.0,-1.0,False,False,0,4,4,5,0.5,0.5,0.5
2,169000,VEV_5500,,,6.0,3,SELL,6.0,8.0,7.0,-1.0,0.0,-2.0,False,False,0,2,2,3,1.0,0.5,1.5
2,171800,VEV_5500,,,7.0,5,SELL,7.0,8.0,7.5,-0.5,0.0,-1.0,False,False,0,4,4,5,0.0,0.5,1.0
2,189100,VEV_5500,,,6.0,4,SELL,6.0,7.0,6.5,-0.5,0.0,-1.0,False,False,0,4,4,5,0.5,0.5,0.5
2,204400,VEV_5500,,,6.0,5,SELL,6.0,7.0,6.5,-0.5,0.0,-1.0,False,False,0,4,4,5,0.5,0.5,0.5
2,225500,VEV_5500,,,6.0,5,SELL,6.0,7.0,6.5,-0.5,0.0,-1.0,False,False,0,4,4,5,0.5,0.5,0.5
2,239400,VEV_5500,,,6.0,2,SELL,6.0,7.0,6.5,-0.5,0.0,-1.0,False,False,0,2,2,3,0.5,1.5,1.5
2,253000,VEV_5500,,,6.0,3,SELL,6.0,8.0,7.0,-1.0,0.0,-2.0,False,False,0,2,2,3,0.5,0.5,1.5
2,268900,VEV_5500,,,8.0,4,SELL,8.0,9.0,8.5,-0.5,0.0,-1.0,False,True,0,4,4,5,0.0,0.0,0.0
2,272000,VEV_5500,,,8.0,3,SELL,8.0,9.0,8.5,-0.5,0.0,-1.0,False,False,50,2,2,3,0.0,0.0,-0.5
2,275200,VEV_5500,,,7.0,5,SELL,7.0,8.0,7.5,-0.5,0.0,-1.0,False,False,0,4,4,5,0.5,0.5,0.5
2,287100,VEV_5500,,,7.0,2,SELL,7.0,9.0,8.0,-1.0,0.0,-2.0,False,False,0,2,2,3,1.0,0.5,0.5
2,287600,VEV_5500,,,7.0,2,SELL,7.0,9.0,8.0,-1.0,0.0,-2.0,False,False,0,2,2,3,0.5,0.5,0.5
2,289300,VEV_5500,,,7.0,2,SELL,7.0,8.0,7.5,-0.5,0.0,-1.0,False,False,0,2,2,3,0.5,0.5,0.5
2,294600,VEV_5500,,,7.0,2,SELL,7.0,8.0,7.5,-0.5,0.0,-1.0,False,False,0,2,2,3,0.5,0.5,0.5
2,316700,VEV_5500,,,7.0,3,SELL,7.0,8.0,7.5,-0.5,0.0,-1.0,False,False,0,2,2,3,0.5,0.5,0.5
2,317500,VEV_5500,,,7.0,3,SELL,7.0,8.0,7.5,-0.5,0.0,-1.0,False,False,0,2,2,3,0.5,0.5,0.5
2,320800,VEV_5500,,,7.0,5,SELL,7.0,8.0,7.5,-0.5,0.0,-1.0,False,False,50,4,4,5,0.5,0.5,-0.5
2,321600,VEV_5500,,,7.0,4,SELL,7.0,8.0,7.5,-0.5,0.0,-1.0,False,False,50,4,4,5,0.5,0.5,-0.5
2,341400,VEV_5500,,,7.0,4,SELL,7.0,8.0,7.5,-0.5,0.0,-1.0,False,False,50,4,4,5,-0.5,0.5,-0.5
2,347800,VEV_5500,,,6.0,4,SELL,6.0,7.0,6.5,-0.5,0.0,-1.0,False,False,50,4,4,5,0.5,0.5,-0.5
2,350700,VEV_5500,,,6.0,4,SELL,6.0,7.0,6.5,-0.5,0.0,-1.0,False,False,20,4,4,5,-0.5,-0.5,0.5
2,358500,VEV_5500,,,6.0,2,SELL,6.0,7.0,6.5,-0.5,0.0,-1.0,False,False,0,2,2,3,0.5,0.5,0.5
2,362600,VEV_5500,,,6.0,5,SELL,6.0,7.0,6.5,-0.5,0.0,-1.0,False,False,20,4,4,5,0.5,-0.5,0.0
2,365600,VEV_5500,,,5.0,4,SELL,5.0,6.0,5.5,-0.5,0.0,-1.0,False,False,0,4,4,5,0.5,1.0,0.5
2,373800,VEV_5500,,,5.0,4,SELL,5.0,6.0,5.5,-0.5,0.0,-1.0,False,False,0,4,4,5,0.5,0.5,0.5
2,376300,VEV_5500,,,5.0,5,SELL,5.0,6.0,5.5,-0.5,0.0,-1.0,False,False,0,4,4,5,0.5,0.5,0.5
2,389000,VEV_5500,,,4.0,2,SELL,4.0,5.0,4.5,-0.5,0.0,-1.0,True,False,0,2,2,3,0.5,0.5,0.5
2,390300,VEV_5500,,,4.0,3,SELL,4.0,5.0,4.5,-0.5,0.0,-1.0,False,False,0,2,2,3,0.5,0.5,0.5
2,398200,VEV_5500,,,4.0,2,SELL,4.0,5.0,4.5,-0.5,0.0,-1.0,False,False,50,2,2,3,-0.5,0.5,-0.5
2,410200,VEV_5500,,,3.0,5,SELL,3.0,4.0,3.5,-0.5,0.0,-1.0,True,False,0,4,4,5,0.5,0.5,0.5
2,414900,VEV_5500,,,3.0,3,SELL,3.0,4.0,3.5,-0.5,0.0,-1.0,False,False,0,2,2,3,0.5,1.5,1.5
2,415500,VEV_5500,,,3.0,4,SELL,3.0,4.0,3.5,-0.5,0.0,-1.0,False,False,0,4,4,5,0.5,1.5,1.0
2,423800,VEV_5500,,,4.0,5,SELL,4.0,5.0,4.5,-0.5,0.0,-1.0,False,False,0,4,4,5,0.5,0.5,0.5
2,433100,VEV_5500,,,4.0,2,SELL,4.0,5.0,4.5,-0.5,0.0,-1.0,False,False,0,2,2,3,0.5,0.5,0.5
2,443600,VEV_5500,,,4.0,4,SELL,4.0,5.0,4.5,-0.5,0.0,-1.0,False,False,0,4,4,5,0.5,0.5,0.5
2,456200,VEV_5500,,,4.0,2,SELL,4.0,5.0,4.5,-0.5,0.0,-1.0,False,False,50,2,2,3,0.5,0.5,-0.5
2,461200,VEV_5500,,,3.0,3,SELL,3.0,4.0,3.5,-0.5,0.0,-1.0,False,False,0,2,2,3,1.5,1.5,0.5
2,483400,VEV_5500,,,4.0,5,SELL,4.0,5.0,4.5,-0.5,0.0,-1.0,False,False,50,4,4,5,0.5,0.5,-0.5
2,495700,VEV_5500,,,4.0,5,SELL,4.0,5.0,4.5,-0.5,0.0,-1.0,False,False,0,4,4,5,0.5,0.5,0.5
2,501900,VEV_5500,,,4.0,3,SELL,4.0,5.0,4.5,-0.5,0.0,-1.0,False,False,20,2,2,3,0.5,-0.5,0.0
2,508800,VEV_5500,,,3.0,5,SELL,3.0,4.0,3.5,-0.5,0.0,-1.0,False,False,0,4,4,5,0.5,0.5,1.5
2,519600,VEV_5500,,,4.0,5,SELL,4.0,5.0,4.5,-0.5,0.0,-1.0,False,False,0,4,4,5,0.5,0.5,0.5
2,554600,VEV_5500,,,4.0,5,SELL,4.0,5.0,4.5,-0.5,0.0,-1.0,False,False,0,4,4,5,0.5,0.5,0.5
2,555700,VEV_5500,,,4.0,3,SELL,4.0,5.0,4.5,-0.5,0.0,-1.0,False,False,0,2,2,3,0.5,0.5,0.0
2,566700,VEV_5500,,,3.0,2,SELL,3.0,4.0,3.5,-0.5,0.0,-1.0,False,False,0,2,2,3,0.5,0.5,0.5
2,575100,VEV_5500,,,3.0,4,SELL,3.0,4.0,3.5,-0.5,0.0,-1.0,False,False,0,4,4,5,0.5,0.5,0.5
2,587100,VEV_5500,,,2.0,4,SELL,2.0,3.0,2.5,-0.5,0.0,-1.0,True,False,0,4,4,5,0.5,0.5,1.5
2,588500,VEV_5500,,,2.0,4,SELL,2.0,3.0,2.5,-0.5,0.0,-1.0,False,False,0,4,4,5,1.0,0.5,1.5
2,593000,VEV_5500,,,3.0,5,SELL,3.0,4.0,3.5,-0.5,0.0,-1.0,False,False,0,4,4,5,0.5,0.5,0.5
2,604100,VEV_5500,,,4.0,2,SELL,4.0,5.0,4.5,-0.5,0.0,-1.0,False,False,0,2,2,3,0.5,0.5,0.5
2,622600,VEV_5500,,,3.0,4,SELL,3.0,4.0,3.5,-0.5,0.0,-1.0,False,False,0,4,4,5,0.5,0.5,1.5
2,642400,VEV_5500,,,4.0,2,SELL,4.0,5.0,4.5,-0.5,0.0,-1.0,False,False,0,2,2,3,0.5,0.5,0.5
2,644500,VEV_5500,,,4.0,4,SELL,4.0,5.0,4.5,-0.5,0.0,-1.0,False,False,0,4,4,5,0.5,0.5,0.5
2,666500,VEV_5500,,,4.0,2,SELL,4.0,5.0,4.5,-0.5,0.0,-1.0,False,False,0,2,2,3,0.5,1.5,1.5
2,688600,VEV_5500,,,6.0,2,SELL,6.0,7.0,6.5,-0.5,0.0,-1.0,False,False,0,2,2,3,0.5,0.5,0.5
2,691100,VEV_5500,,,6.0,5,SELL,6.0,7.0,6.5,-0.5,0.0,-1.0,False,False,50,4,4,5,0.5,0.5,-0.5
2,695800,VEV_5500,,,5.0,5,SELL,5.0,6.0,5.5,-0.5,0.0,-1.0,False,False,0,4,4,5,0.5,1.5,0.5
2,711900,VEV_5500,,,5.0,3,SELL,5.0,6.0,5.5,-0.5,0.0,-1.0,False,False,50,2,2,3,-0.5,-0.5,-0.5
2,726600,VEV_5500,,,3.0,2,SELL,3.0,4.0,3.5,-0.5,0.0,-1.0,False,False,0,2,2,3,0.5,0.5,0.5
2,733200,VEV_5500,,,3.0,4,SELL,3.0,4.0,3.5,-0.5,0.0,-1.0,False,False,0,4,4,5,0.5,0.5,0.0
2,748500,VEV_5500,,,2.0,2,SELL,2.0,3.0,2.5,-0.5,0.0,-1.0,False,False,0,2,2,3,0.5,0.5,0.5
2,763500,VEV_5500,,,2.0,5,SELL,2.0,3.0,2.5,-0.5,0.0,-1.0,False,False,0,4,4,5,1.0,1.0,1.5
2,764000,VEV_5500,,,2.0,3,SELL,2.0,4.0,3.0,-1.0,0.0,-2.0,False,False,0,2,2,3,0.5,0.5,1.5
2,779200,VEV_5500,,,3.0,4,SELL,3.0,4.0,3.5,-0.5,0.0,-1.0,False,False,0,4,4,5,0.5,0.5,0.5
2,793900,VEV_5500,,,3.0,2,SELL,3.0,4.0,3.5,-0.5,0.0,-1.0,False,False,0,2,2,3,0.5,0.5,0.5
2,808800,VEV_5500,,,4.0,4,SELL,4.0,5.0,4.5,-0.5,0.0,-1.0,False,False,50,4,4,5,0.5,0.5,-0.5
2,825900,VEV_5500,,,4.0,2,SELL,4.0,5.0,4.5,-0.5,0.0,-1.0,False,False,0,2,2,3,0.5,0.5,0.5
2,826400,VEV_5500,,,4.0,4,SELL,4.0,5.0,4.5,-0.5,0.0,-1.0,False,False,0,4,4,5,0.5,0.5,0.5
2,836300,VEV_5500,,,4.0,4,SELL,4.0,5.0,4.5,-0.5,0.0,-1.0,False,False,0,4,4,5,0.5,0.5,0.5
2,872600,VEV_5500,,,3.0,2,SELL,3.0,4.0,3.5,-0.5,0.0,-1.0,False,False,0,2,2,3,0.5,0.5,0.5
2,876500,VEV_5500,,,3.0,3,SELL,3.0,4.0,3.5,-0.5,0.0,-1.0,False,False,0,2,2,3,0.5,0.5,1.0
2,898600,VEV_5500,,,5.0,2,SELL,5.0,6.0,5.5,-0.5,0.0,-1.0,False,False,0,2,2,3,1.0,1.0,1.5
2,910900,VEV_5500,,,5.0,4,SELL,5.0,6.0,5.5,-0.5,0.0,-1.0,False,False,0,4,4,5,0.5,1.0,1.5
2,924200,VEV_5500,,,6.0,5,SELL,6.0,7.0,6.5,-0.5,0.0,-1.0,False,False,50,4,4,5,0.5,-0.5,-0.5
2,934900,VEV_5500,,,5.0,5,SELL,5.0,6.0,5.5,-0.5,0.0,-1.0,False,False,0,4,4,5,0.5,0.5,0.5
2,948000,VEV_5500,,,5.0,4,SELL,5.0,6.0,5.5,-0.5,0.0,-1.0,False,False,0,4,4,5,0.5,0.5,0.5
2,948500,VEV_5500,,,5.0,5,SELL,5.0,6.0,5.5,-0.5,0.0,-1.0,False,False,0,4,4,5,0.5,0.5,0.5
2,972800,VEV_5500,,,4.0,2,SELL,4.0,5.0,4.5,-0.5,0.0,-1.0,False,False,0,2,2,3,0.5,0.5,0.5
2,977300,VEV_5500,,,4.0,4,SELL,4.0,5.0,4.5,-0.5,0.0,-1.0,False,False,0,4,4,5,0.5,1.0,1.5
2,977500,VEV_5500,,,4.0,2,SELL,4.0,5.0,4.5,-0.5,0.0,-1.0,False,False,0,2,2,3,1.0,1.0,1.5
2,993800,VEV_5500,,,5.0,5,SELL,5.0,6.0,5.5,-0.5,0.0,-1.0,False,False,0,4,4,5,0.5,1.5,2.0
2,13100,VEV_6000,,,0.0,3,SELL,0.0,1.0,0.5,-0.5,0.0,-1.0,True,True,0,4,3,5,0.5,0.5,0.5
2,20900,VEV_6000,,,0.0,5,SELL,0.0,1.0,0.5,-0.5,0.0,-1.0,False,False,0,4,3,5,0.5,0.5,0.5
2,23500,VEV_6000,,,0.0,2,SELL,0.0,1.0,0.5,-0.5,0.0,-1.0,False,False,0,2,2,2,0.5,0.5,0.5
2,29500,VEV_6000,,,0.0,2,SELL,0.0,1.0,0.5,-0.5,0.0,-1.0,False,False,0,2,2,2,0.5,0.5,0.5
2,41900,VEV_6000,,,0.0,2,SELL,0.0,1.0,0.5,-0.5,0.0,-1.0,False,False,0,2,2,2,0.5,0.5,0.5
2,42900,VEV_6000,,,0.0,4,SELL,0.0,1.0,0.5,-0.5,0.0,-1.0,False,False,0,4,3,5,0.5,0.5,0.5
2,45100,VEV_6000,,,0.0,5,SELL,0.0,1.0,0.5,-0.5,0.0,-1.0,False,False,0,4,3,5,0.5,0.5,0.5
2,52900,VEV_6000,,,0.0,5,SELL,0.0,1.0,0.5,-0.5,0.0,-1.0,False,False,0,4,3,5,0.5,0.5,0.5
2,75200,VEV_6000,,,0.0,4,SELL,0.0,1.0,0.5,-0.5,0.0,-1.0,False,False,0,4,3,5,0.5,0.5,0.5
2,79300,VEV_6000,,,0.0,5,SELL,0.0,1.0,0.5,-0.5,0.0,-1.0,False,False,0,4,3,5,0.5,0.5,0.5
2,102600,VEV_6000,,,0.0,2,SELL,0.0,1.0,0.5,-0.5,0.0,-1.0,False,False,0,2,2,2,0.5,0.5,0.5
2,105500,VEV_6000,,,0.0,5,SELL,0.0,1.0,0.5,-0.5,0.0,-1.0,False,False,0,4,3,5,0.5,0.5,0.5
2,129700,VEV_6000,,,0.0,4,SELL,0.0,1.0,0.5,-0.5,0.0,-1.0,False,False,0,4,3,5,0.5,0.5,0.5
2,169000,VEV_6000,,,0.0,3,SELL,0.0,1.0,0.5,-0.5,0.0,-1.0,False,False,0,4,3,5,0.5,0.5,0.5
2,171800,VEV_6000,,,0.0,5,SELL,0.0,1.0,0.5,-0.5,0.0,-1.0,False,False,0,4,3,5,0.5,0.5,0.5
2,189100,VEV_6000,,,0.0,4,SELL,0.0,1.0,0.5,-0.5,0.0,-1.0,False,False,0,4,3,5,0.5,0.5,0.5
2,204400,VEV_6000,,,0.0,5,SELL,0.0,1.0,0.5,-0.5,0.0,-1.0,False,False,0,4,3,5,0.5,0.5,0.5
2,225500,VEV_6000,,,0.0,5,SELL,0.0,1.0,0.5,-0.5,0.0,-1.0,False,False,0,4,3,5,0.5,0.5,0.5
2,239400,VEV_6000,,,0.0,2,SELL,0.0,1.0,0.5,-0.5,0.0,-1.0,False,False,0,2,2,2,0.5,0.5,0.5
2,253000,VEV_6000,,,0.0,3,SELL,0.0,1.0,0.5,-0.5,0.0,-1.0,False,False,0,4,3,5,0.5,0.5,0.5
2,268900,VEV_6000,,,0.0,4,SELL,0.0,1.0,0.5,-0.5,0.0,-1.0,False,False,0,4,3,5,0.5,0.5,0.5
2,272000,VEV_6000,,,0.0,3,SELL,0.0,1.0,0.5,-0.5,0.0,-1.0,False,False,0,4,3,5,0.5,0.5,0.5
2,275200,VEV_6000,,,0.0,5,SELL,0.0,1.0,0.5,-0.5,0.0,-1.0,False,False,0,4,3,5,0.5,0.5,0.5
2,287100,VEV_6000,,,0.0,2,SELL,0.0,1.0,0.5,-0.5,0.0,-1.0,False,False,0,2,2,2,0.5,0.5,0.5
2,287600,VEV_6000,,,0.0,2,SELL,0.0,1.0,0.5,-0.5,0.0,-1.0,False,False,0,2,2,2,0.5,0.5,0.5
2,289300,VEV_6000,,,0.0,2,SELL,0.0,1.0,0.5,-0.5,0.0,-1.0,False,False,0,2,2,2,0.5,0.5,0.5
2,294600,VEV_6000,,,0.0,2,SELL,0.0,1.0,0.5,-0.5,0.0,-1.0,False,False,0,2,2,2,0.5,0.5,0.5
2,316700,VEV_6000,,,0.0,3,SELL,0.0,1.0,0.5,-0.5,0.0,-1.0,False,False,0,4,3,5,0.5,0.5,0.5
2,317500,VEV_6000,,,0.0,3,SELL,0.0,1.0,0.5,-0.5,0.0,-1.0,False,False,0,4,3,5,0.5,0.5,0.5
2,320800,VEV_6000,,,0.0,5,SELL,0.0,1.0,0.5,-0.5,0.0,-1.0,False,False,0,4,3,5,0.5,0.5,0.5
2,321600,VEV_6000,,,0.0,4,SELL,0.0,1.0,0.5,-0.5,0.0,-1.0,False,False,0,4,3,5,0.5,0.5,0.5
2,341400,VEV_6000,,,0.0,4,SELL,0.0,1.0,0.5,-0.5,0.0,-1.0,False,False,0,4,3,5,0.5,0.5,0.5
2,347800,VEV_6000,,,0.0,4,SELL,0.0,1.0,0.5,-0.5,0.0,-1.0,False,False,0,4,3,5,0.5,0.5,0.5
2,350700,VEV_6000,,,0.0,4,SELL,0.0,1.0,0.5,-0.5,0.0,-1.0,False,False,0,4,3,5,0.5,0.5,0.5
2,358500,VEV_6000,,,0.0,2,SELL,0.0,1.0,0.5,-0.5,0.0,-1.0,False,False,0,2,2,2,0.5,0.5,0.5
2,362600,VEV_6000,,,0.0,5,SELL,0.0,1.0,0.5,-0.5,0.0,-1.0,False,False,0,4,3,5,0.5,0.5,0.5
2,365600,VEV_6000,,,0.0,4,SELL,0.0,1.0,0.5,-0.5,0.0,-1.0,False,False,0,4,3,5,0.5,0.5,0.5
2,373800,VEV_6000,,,0.0,4,SELL,0.0,1.0,0.5,-0.5,0.0,-1.0,False,False,0,4,3,5,0.5,0.5,0.5
2,376300,VEV_6000,,,0.0,5,SELL,0.0,1.0,0.5,-0.5,0.0,-1.0,False,False,0,4,3,5,0.5,0.5,0.5
2,389000,VEV_6000,,,0.0,2,SELL,0.0,1.0,0.5,-0.5,0.0,-1.0,False,False,0,2,2,2,0.5,0.5,0.5
2,390300,VEV_6000,,,0.0,3,SELL,0.0,1.0,0.5,-0.5,0.0,-1.0,False,False,0,4,3,5,0.5,0.5,0.5
2,398200,VEV_6000,,,0.0,2,SELL,0.0,1.0,0.5,-0.5,0.0,-1.0,False,False,0,2,2,2,0.5,0.5,0.5
2,410200,VEV_6000,,,0.0,5,SELL,0.0,1.0,0.5,-0.5,0.0,-1.0,False,False,0,4,3,5,0.5,0.5,0.5
2,414900,VEV_6000,,,0.0,3,SELL,0.0,1.0,0.5,-0.5,0.0,-1.0,False,False,0,4,3,5,0.5,0.5,0.5
2,415500,VEV_6000,,,0.0,4,SELL,0.0,1.0,0.5,-0.5,0.0,-1.0,False,False,0,4,3,5,0.5,0.5,0.5
2,423800,VEV_6000,,,0.0,5,SELL,0.0,1.0,0.5,-0.5,0.0,-1.0,False,False,0,4,3,5,0.5,0.5,0.5
2,433100,VEV_6000,,,0.0,2,SELL,0.0,1.0,0.5,-0.5,0.0,-1.0,False,False,0,2,2,2,0.5,0.5,0.5
2,443600,VEV_6000,,,0.0,4,SELL,0.0,1.0,0.5,-0.5,0.0,-1.0,False,False,0,4,3,5,0.5,0.5,0.5
2,456200,VEV_6000,,,0.0,2,SELL,0.0,1.0,0.5,-0.5,0.0,-1.0,False,False,0,2,2,2,0.5,0.5,0.5
2,461200,VEV_6000,,,0.0,3,SELL,0.0,1.0,0.5,-0.5,0.0,-1.0,False,False,0,4,3,5,0.5,0.5,0.5
2,483400,VEV_6000,,,0.0,5,SELL,0.0,1.0,0.5,-0.5,0.0,-1.0,False,False,0,4,3,5,0.5,0.5,0.5
2,495700,VEV_6000,,,0.0,5,SELL,0.0,1.0,0.5,-0.5,0.0,-1.0,False,False,0,4,3,5,0.5,0.5,0.5
2,501900,VEV_6000,,,0.0,3,SELL,0.0,1.0,0.5,-0.5,0.0,-1.0,False,False,0,4,3,5,0.5,0.5,0.5
2,508800,VEV_6000,,,0.0,5,SELL,0.0,1.0,0.5,-0.5,0.0,-1.0,False,False,0,4,3,5,0.5,0.5,0.5
2,519600,VEV_6000,,,0.0,5,SELL,0.0,1.0,0.5,-0.5,0.0,-1.0,False,False,0,4,3,5,0.5,0.5,0.5
2,548600,VEV_6000,,,0.0,2,SELL,0.0,1.0,0.5,-0.5,0.0,-1.0,False,False,0,2,2,2,0.5,0.5,0.5
2,554600,VEV_6000,,,0.0,5,SELL,0.0,1.0,0.5,-0.5,0.0,-1.0,False,False,0,4,3,5,0.5,0.5,0.5
2,555700,VEV_6000,,,0.0,3,SELL,0.0,1.0,0.5,-0.5,0.0,-1.0,False,False,0,4,3,5,0.5,0.5,0.5
2,566700,VEV_6000,,,0.0,2,SELL,0.0,1.0,0.5,-0.5,0.0,-1.0,False,False,0,2,2,2,0.5,0.5,0.5
2,575100,VEV_6000,,,0.0,4,SELL,0.0,1.0,0.5,-0.5,0.0,-1.0,False,False,0,4,3,5,0.5,0.5,0.5
2,587100,VEV_6000,,,0.0,4,SELL,0.0,1.0,0.5,-0.5,0.0,-1.0,False,False,0,4,3,5,0.5,0.5,0.5
2,588500,VEV_6000,,,0.0,4,SELL,0.0,1.0,0.5,-0.5,0.0,-1.0,False,False,0,4,3,5,0.5,0.5,0.5
2,593000,VEV_6000,,,0.0,5,SELL,0.0,1.0,0.5,-0.5,0.0,-1.0,False,False,0,4,3,5,0.5,0.5,0.5
2,604100,VEV_6000,,,0.0,2,SELL,0.0,1.0,0.5,-0.5,0.0,-1.0,False,False,0,2,2,2,0.5,0.5,0.5
2,622600,VEV_6000,,,0.0,4,SELL,0.0,1.0,0.5,-0.5,0.0,-1.0,False,False,0,4,3,5,0.5,0.5,0.5
2,642400,VEV_6000,,,0.0,2,SELL,0.0,1.0,0.5,-0.5,0.0,-1.0,False,False,0,2,2,2,0.5,0.5,0.5
2,644500,VEV_6000,,,0.0,4,SELL,0.0,1.0,0.5,-0.5,0.0,-1.0,False,False,0,4,3,5,0.5,0.5,0.5
2,666500,VEV_6000,,,0.0,2,SELL,0.0,1.0,0.5,-0.5,0.0,-1.0,False,False,0,2,2,2,0.5,0.5,0.5
2,688600,VEV_6000,,,0.0,2,SELL,0.0,1.0,0.5,-0.5,0.0,-1.0,False,False,0,2,2,2,0.5,0.5,0.5
2,691100,VEV_6000,,,0.0,5,SELL,0.0,1.0,0.5,-0.5,0.0,-1.0,False,False,0,4,3,5,0.5,0.5,0.5
2,695800,VEV_6000,,,0.0,5,SELL,0.0,1.0,0.5,-0.5,0.0,-1.0,False,False,0,4,3,5,0.5,0.5,0.5
2,711900,VEV_6000,,,0.0,3,SELL,0.0,1.0,0.5,-0.5,0.0,-1.0,False,False,0,4,3,5,0.5,0.5,0.5
2,726600,VEV_6000,,,0.0,2,SELL,0.0,1.0,0.5,-0.5,0.0,-1.0,False,False,0,2,2,2,0.5,0.5,0.5
2,733200,VEV_6000,,,0.0,4,SELL,0.0,1.0,0.5,-0.5,0.0,-1.0,False,False,0,4,3,5,0.5,0.5,0.5
2,748500,VEV_6000,,,0.0,2,SELL,0.0,1.0,0.5,-0.5,0.0,-1.0,False,False,0,2,2,2,0.5,0.5,0.5
2,763500,VEV_6000,,,0.0,5,SELL,0.0,1.0,0.5,-0.5,0.0,-1.0,False,False,0,4,3,5,0.5,0.5,0.5
2,764000,VEV_6000,,,0.0,3,SELL,0.0,1.0,0.5,-0.5,0.0,-1.0,False,False,0,4,3,5,0.5,0.5,0.5
2,779200,VEV_6000,,,0.0,4,SELL,0.0,1.0,0.5,-0.5,0.0,-1.0,False,False,0,4,3,5,0.5,0.5,0.5
2,793900,VEV_6000,,,0.0,2,SELL,0.0,1.0,0.5,-0.5,0.0,-1.0,False,False,0,2,2,2,0.5,0.5,0.5
2,808800,VEV_6000,,,0.0,4,SELL,0.0,1.0,0.5,-0.5,0.0,-1.0,False,False,0,4,3,5,0.5,0.5,0.5
2,825900,VEV_6000,,,0.0,2,SELL,0.0,1.0,0.5,-0.5,0.0,-1.0,False,False,0,2,2,2,0.5,0.5,0.5
2,826400,VEV_6000,,,0.0,4,SELL,0.0,1.0,0.5,-0.5,0.0,-1.0,False,False,0,4,3,5,0.5,0.5,0.5
2,836300,VEV_6000,,,0.0,4,SELL,0.0,1.0,0.5,-0.5,0.0,-1.0,False,False,0,4,3,5,0.5,0.5,0.5
2,872600,VEV_6000,,,0.0,2,SELL,0.0,1.0,0.5,-0.5,0.0,-1.0,False,False,0,2,2,2,0.5,0.5,0.5
2,876500,VEV_6000,,,0.0,3,SELL,0.0,1.0,0.5,-0.5,0.0,-1.0,False,False,0,4,3,5,0.5,0.5,0.5
2,898600,VEV_6000,,,0.0,2,SELL,0.0,1.0,0.5,-0.5,0.0,-1.0,False,False,0,2,2,2,0.5,0.5,0.5
2,910900,VEV_6000,,,0.0,4,SELL,0.0,1.0,0.5,-0.5,0.0,-1.0,False,False,0,4,3,5,0.5,0.5,0.5
2,924200,VEV_6000,,,0.0,5,SELL,0.0,1.0,0.5,-0.5,0.0,-1.0,False,False,0,4,3,5,0.5,0.5,0.5
2,934900,VEV_6000,,,0.0,5,SELL,0.0,1.0,0.5,-0.5,0.0,-1.0,False,False,0,4,3,5,0.5,0.5,0.5
2,948000,VEV_6000,,,0.0,4,SELL,0.0,1.0,0.5,-0.5,0.0,-1.0,False,False,0,4,3,5,0.5,0.5,0.5
2,948500,VEV_6000,,,0.0,5,SELL,0.0,1.0,0.5,-0.5,0.0,-1.0,False,False,0,4,3,5,0.5,0.5,0.5
2,972800,VEV_6000,,,0.0,2,SELL,0.0,1.0,0.5,-0.5,0.0,-1.0,False,False,0,2,2,2,0.5,0.5,0.5
2,977300,VEV_6000,,,0.0,4,SELL,0.0,1.0,0.5,-0.5,0.0,-1.0,False,False,0,4,3,5,0.5,0.5,0.5
2,977500,VEV_6000,,,0.0,2,SELL,0.0,1.0,0.5,-0.5,0.0,-1.0,False,False,0,2,2,2,0.5,0.5,0.5
2,993800,VEV_6000,,,0.0,5,SELL,0.0,1.0,0.5,-0.5,0.0,-1.0,False,False,0,4,3,5,0.5,0.5,0.5
2,13100,VEV_6500,,,0.0,3,SELL,0.0,1.0,0.5,-0.5,0.0,-1.0,True,True,0,4,3,5,0.5,0.5,0.5
2,20900,VEV_6500,,,0.0,5,SELL,0.0,1.0,0.5,-0.5,0.0,-1.0,False,False,0,4,3,5,0.5,0.5,0.5
2,23500,VEV_6500,,,0.0,2,SELL,0.0,1.0,0.5,-0.5,0.0,-1.0,False,False,0,2,2,2,0.5,0.5,0.5
2,29500,VEV_6500,,,0.0,2,SELL,0.0,1.0,0.5,-0.5,0.0,-1.0,False,False,0,2,2,2,0.5,0.5,0.5
2,41900,VEV_6500,,,0.0,2,SELL,0.0,1.0,0.5,-0.5,0.0,-1.0,False,False,0,2,2,2,0.5,0.5,0.5
2,42900,VEV_6500,,,0.0,4,SELL,0.0,1.0,0.5,-0.5,0.0,-1.0,False,False,0,4,3,5,0.5,0.5,0.5
2,45100,VEV_6500,,,0.0,5,SELL,0.0,1.0,0.5,-0.5,0.0,-1.0,False,False,0,4,3,5,0.5,0.5,0.5
2,52900,VEV_6500,,,0.0,5,SELL,0.0,1.0,0.5,-0.5,0.0,-1.0,False,False,0,4,3,5,0.5,0.5,0.5
2,75200,VEV_6500,,,0.0,4,SELL,0.0,1.0,0.5,-0.5,0.0,-1.0,False,False,0,4,3,5,0.5,0.5,0.5
2,79300,VEV_6500,,,0.0,5,SELL,0.0,1.0,0.5,-0.5,0.0,-1.0,False,False,0,4,3,5,0.5,0.5,0.5
2,102600,VEV_6500,,,0.0,2,SELL,0.0,1.0,0.5,-0.5,0.0,-1.0,False,False,0,2,2,2,0.5,0.5,0.5
2,105500,VEV_6500,,,0.0,5,SELL,0.0,1.0,0.5,-0.5,0.0,-1.0,False,False,0,4,3,5,0.5,0.5,0.5
2,129700,VEV_6500,,,0.0,4,SELL,0.0,1.0,0.5,-0.5,0.0,-1.0,False,False,0,4,3,5,0.5,0.5,0.5
2,169000,VEV_6500,,,0.0,3,SELL,0.0,1.0,0.5,-0.5,0.0,-1.0,False,False,0,4,3,5,0.5,0.5,0.5
2,171800,VEV_6500,,,0.0,5,SELL,0.0,1.0,0.5,-0.5,0.0,-1.0,False,False,0,4,3,5,0.5,0.5,0.5
2,189100,VEV_6500,,,0.0,4,SELL,0.0,1.0,0.5,-0.5,0.0,-1.0,False,False,0,4,3,5,0.5,0.5,0.5
2,204400,VEV_6500,,,0.0,5,SELL,0.0,1.0,0.5,-0.5,0.0,-1.0,False,False,0,4,3,5,0.5,0.5,0.5
2,225500,VEV_6500,,,0.0,5,SELL,0.0,1.0,0.5,-0.5,0.0,-1.0,False,False,0,4,3,5,0.5,0.5,0.5
2,239400,VEV_6500,,,0.0,2,SELL,0.0,1.0,0.5,-0.5,0.0,-1.0,False,False,0,2,2,2,0.5,0.5,0.5
2,253000,VEV_6500,,,0.0,3,SELL,0.0,1.0,0.5,-0.5,0.0,-1.0,False,False,0,4,3,5,0.5,0.5,0.5
2,268900,VEV_6500,,,0.0,4,SELL,0.0,1.0,0.5,-0.5,0.0,-1.0,False,False,0,4,3,5,0.5,0.5,0.5
2,272000,VEV_6500,,,0.0,3,SELL,0.0,1.0,0.5,-0.5,0.0,-1.0,False,False,0,4,3,5,0.5,0.5,0.5
2,275200,VEV_6500,,,0.0,5,SELL,0.0,1.0,0.5,-0.5,0.0,-1.0,False,False,0,4,3,5,0.5,0.5,0.5
2,287100,VEV_6500,,,0.0,2,SELL,0.0,1.0,0.5,-0.5,0.0,-1.0,False,False,0,2,2,2,0.5,0.5,0.5
2,287600,VEV_6500,,,0.0,2,SELL,0.0,1.0,0.5,-0.5,0.0,-1.0,False,False,0,2,2,2,0.5,0.5,0.5
2,289300,VEV_6500,,,0.0,2,SELL,0.0,1.0,0.5,-0.5,0.0,-1.0,False,False,0,2,2,2,0.5,0.5,0.5
2,294600,VEV_6500,,,0.0,2,SELL,0.0,1.0,0.5,-0.5,0.0,-1.0,False,False,0,2,2,2,0.5,0.5,0.5
2,316700,VEV_6500,,,0.0,3,SELL,0.0,1.0,0.5,-0.5,0.0,-1.0,False,False,0,4,3,5,0.5,0.5,0.5
2,317500,VEV_6500,,,0.0,3,SELL,0.0,1.0,0.5,-0.5,0.0,-1.0,False,False,0,4,3,5,0.5,0.5,0.5
2,320800,VEV_6500,,,0.0,5,SELL,0.0,1.0,0.5,-0.5,0.0,-1.0,False,False,0,4,3,5,0.5,0.5,0.5
2,321600,VEV_6500,,,0.0,4,SELL,0.0,1.0,0.5,-0.5,0.0,-1.0,False,False,0,4,3,5,0.5,0.5,0.5
2,341400,VEV_6500,,,0.0,4,SELL,0.0,1.0,0.5,-0.5,0.0,-1.0,False,False,0,4,3,5,0.5,0.5,0.5
2,347800,VEV_6500,,,0.0,4,SELL,0.0,1.0,0.5,-0.5,0.0,-1.0,False,False,0,4,3,5,0.5,0.5,0.5
2,350700,VEV_6500,,,0.0,4,SELL,0.0,1.0,0.5,-0.5,0.0,-1.0,False,False,0,4,3,5,0.5,0.5,0.5
2,358500,VEV_6500,,,0.0,2,SELL,0.0,1.0,0.5,-0.5,0.0,-1.0,False,False,0,2,2,2,0.5,0.5,0.5
2,362600,VEV_6500,,,0.0,5,SELL,0.0,1.0,0.5,-0.5,0.0,-1.0,False,False,0,4,3,5,0.5,0.5,0.5
2,365600,VEV_6500,,,0.0,4,SELL,0.0,1.0,0.5,-0.5,0.0,-1.0,False,False,0,4,3,5,0.5,0.5,0.5
2,373800,VEV_6500,,,0.0,4,SELL,0.0,1.0,0.5,-0.5,0.0,-1.0,False,False,0,4,3,5,0.5,0.5,0.5
2,376300,VEV_6500,,,0.0,5,SELL,0.0,1.0,0.5,-0.5,0.0,-1.0,False,False,0,4,3,5,0.5,0.5,0.5
2,389000,VEV_6500,,,0.0,2,SELL,0.0,1.0,0.5,-0.5,0.0,-1.0,False,False,0,2,2,2,0.5,0.5,0.5
2,390300,VEV_6500,,,0.0,3,SELL,0.0,1.0,0.5,-0.5,0.0,-1.0,False,False,0,4,3,5,0.5,0.5,0.5
2,398200,VEV_6500,,,0.0,2,SELL,0.0,1.0,0.5,-0.5,0.0,-1.0,False,False,0,2,2,2,0.5,0.5,0.5
2,410200,VEV_6500,,,0.0,5,SELL,0.0,1.0,0.5,-0.5,0.0,-1.0,False,False,0,4,3,5,0.5,0.5,0.5
2,414900,VEV_6500,,,0.0,3,SELL,0.0,1.0,0.5,-0.5,0.0,-1.0,False,False,0,4,3,5,0.5,0.5,0.5
2,415500,VEV_6500,,,0.0,4,SELL,0.0,1.0,0.5,-0.5,0.0,-1.0,False,False,0,4,3,5,0.5,0.5,0.5
2,423800,VEV_6500,,,0.0,5,SELL,0.0,1.0,0.5,-0.5,0.0,-1.0,False,False,0,4,3,5,0.5,0.5,0.5
2,433100,VEV_6500,,,0.0,2,SELL,0.0,1.0,0.5,-0.5,0.0,-1.0,False,False,0,2,2,2,0.5,0.5,0.5
2,443600,VEV_6500,,,0.0,4,SELL,0.0,1.0,0.5,-0.5,0.0,-1.0,False,False,0,4,3,5,0.5,0.5,0.5
2,456200,VEV_6500,,,0.0,2,SELL,0.0,1.0,0.5,-0.5,0.0,-1.0,False,False,0,2,2,2,0.5,0.5,0.5
2,461200,VEV_6500,,,0.0,3,SELL,0.0,1.0,0.5,-0.5,0.0,-1.0,False,False,0,4,3,5,0.5,0.5,0.5
2,483400,VEV_6500,,,0.0,5,SELL,0.0,1.0,0.5,-0.5,0.0,-1.0,False,False,0,4,3,5,0.5,0.5,0.5
2,495700,VEV_6500,,,0.0,5,SELL,0.0,1.0,0.5,-0.5,0.0,-1.0,False,False,0,4,3,5,0.5,0.5,0.5
2,501900,VEV_6500,,,0.0,3,SELL,0.0,1.0,0.5,-0.5,0.0,-1.0,False,False,0,4,3,5,0.5,0.5,0.5
2,508800,VEV_6500,,,0.0,5,SELL,0.0,1.0,0.5,-0.5,0.0,-1.0,False,False,0,4,3,5,0.5,0.5,0.5
2,519600,VEV_6500,,,0.0,5,SELL,0.0,1.0,0.5,-0.5,0.0,-1.0,False,False,0,4,3,5,0.5,0.5,0.5
2,548600,VEV_6500,,,0.0,2,SELL,0.0,1.0,0.5,-0.5,0.0,-1.0,False,False,0,2,2,2,0.5,0.5,0.5
2,554600,VEV_6500,,,0.0,5,SELL,0.0,1.0,0.5,-0.5,0.0,-1.0,False,False,0,4,3,5,0.5,0.5,0.5
2,555700,VEV_6500,,,0.0,3,SELL,0.0,1.0,0.5,-0.5,0.0,-1.0,False,False,0,4,3,5,0.5,0.5,0.5
2,566700,VEV_6500,,,0.0,2,SELL,0.0,1.0,0.5,-0.5,0.0,-1.0,False,False,0,2,2,2,0.5,0.5,0.5
2,575100,VEV_6500,,,0.0,4,SELL,0.0,1.0,0.5,-0.5,0.0,-1.0,False,False,0,4,3,5,0.5,0.5,0.5
2,587100,VEV_6500,,,0.0,4,SELL,0.0,1.0,0.5,-0.5,0.0,-1.0,False,False,0,4,3,5,0.5,0.5,0.5
2,588500,VEV_6500,,,0.0,4,SELL,0.0,1.0,0.5,-0.5,0.0,-1.0,False,False,0,4,3,5,0.5,0.5,0.5
2,593000,VEV_6500,,,0.0,5,SELL,0.0,1.0,0.5,-0.5,0.0,-1.0,False,False,0,4,3,5,0.5,0.5,0.5
2,604100,VEV_6500,,,0.0,2,SELL,0.0,1.0,0.5,-0.5,0.0,-1.0,False,False,0,2,2,2,0.5,0.5,0.5
2,622600,VEV_6500,,,0.0,4,SELL,0.0,1.0,0.5,-0.5,0.0,-1.0,False,False,0,4,3,5,0.5,0.5,0.5
2,642400,VEV_6500,,,0.0,2,SELL,0.0,1.0,0.5,-0.5,0.0,-1.0,False,False,0,2,2,2,0.5,0.5,0.5
2,644500,VEV_6500,,,0.0,4,SELL,0.0,1.0,0.5,-0.5,0.0,-1.0,False,False,0,4,3,5,0.5,0.5,0.5
2,666500,VEV_6500,,,0.0,2,SELL,0.0,1.0,0.5,-0.5,0.0,-1.0,False,False,0,2,2,2,0.5,0.5,0.5
2,688600,VEV_6500,,,0.0,2,SELL,0.0,1.0,0.5,-0.5,0.0,-1.0,False,False,0,2,2,2,0.5,0.5,0.5
2,691100,VEV_6500,,,0.0,5,SELL,0.0,1.0,0.5,-0.5,0.0,-1.0,False,False,0,4,3,5,0.5,0.5,0.5
2,695800,VEV_6500,,,0.0,5,SELL,0.0,1.0,0.5,-0.5,0.0,-1.0,False,False,0,4,3,5,0.5,0.5,0.5
2,711900,VEV_6500,,,0.0,3,SELL,0.0,1.0,0.5,-0.5,0.0,-1.0,False,False,0,4,3,5,0.5,0.5,0.5
2,726600,VEV_6500,,,0.0,2,SELL,0.0,1.0,0.5,-0.5,0.0,-1.0,False,False,0,2,2,2,0.5,0.5,0.5
2,733200,VEV_6500,,,0.0,4,SELL,0.0,1.0,0.5,-0.5,0.0,-1.0,False,False,0,4,3,5,0.5,0.5,0.5
2,748500,VEV_6500,,,0.0,2,SELL,0.0,1.0,0.5,-0.5,0.0,-1.0,False,False,0,2,2,2,0.5,0.5,0.5
2,763500,VEV_6500,,,0.0,5,SELL,0.0,1.0,0.5,-0.5,0.0,-1.0,False,False,0,4,3,5,0.5,0.5,0.5
2,764000,VEV_6500,,,0.0,3,SELL,0.0,1.0,0.5,-0.5,0.0,-1.0,False,False,0,4,3,5,0.5,0.5,0.5
2,779200,VEV_6500,,,0.0,4,SELL,0.0,1.0,0.5,-0.5,0.0,-1.0,False,False,0,4,3,5,0.5,0.5,0.5
2,793900,VEV_6500,,,0.0,2,SELL,0.0,1.0,0.5,-0.5,0.0,-1.0,False,False,0,2,2,2,0.5,0.5,0.5
2,808800,VEV_6500,,,0.0,4,SELL,0.0,1.0,0.5,-0.5,0.0,-1.0,False,False,0,4,3,5,0.5,0.5,0.5
2,825900,VEV_6500,,,0.0,2,SELL,0.0,1.0,0.5,-0.5,0.0,-1.0,False,False,0,2,2,2,0.5,0.5,0.5
2,826400,VEV_6500,,,0.0,4,SELL,0.0,1.0,0.5,-0.5,0.0,-1.0,False,False,0,4,3,5,0.5,0.5,0.5
2,836300,VEV_6500,,,0.0,4,SELL,0.0,1.0,0.5,-0.5,0.0,-1.0,False,False,0,4,3,5,0.5,0.5,0.5
2,872600,VEV_6500,,,0.0,2,SELL,0.0,1.0,0.5,-0.5,0.0,-1.0,False,False,0,2,2,2,0.5,0.5,0.5
2,876500,VEV_6500,,,0.0,3,SELL,0.0,1.0,0.5,-0.5,0.0,-1.0,False,False,0,4,3,5,0.5,0.5,0.5
2,898600,VEV_6500,,,0.0,2,SELL,0.0,1.0,0.5,-0.5,0.0,-1.0,False,False,0,2,2,2,0.5,0.5,0.5
2,910900,VEV_6500,,,0.0,4,SELL,0.0,1.0,0.5,-0.5,0.0,-1.0,False,False,0,4,3,5,0.5,0.5,0.5
2,924200,VEV_6500,,,0.0,5,SELL,0.0,1.0,0.5,-0.5,0.0,-1.0,False,False,0,4,3,5,0.5,0.5,0.5
2,934900,VEV_6500,,,0.0,5,SELL,0.0,1.0,0.5,-0.5,0.0,-1.0,False,False,0,4,3,5,0.5,0.5,0.5
2,948000,VEV_6500,,,0.0,4,SELL,0.0,1.0,0.5,-0.5,0.0,-1.0,False,False,0,4,3,5,0.5,0.5,0.5
2,948500,VEV_6500,,,0.0,5,SELL,0.0,1.0,0.5,-0.5,0.0,-1.0,False,False,0,4,3,5,0.5,0.5,0.5
2,972800,VEV_6500,,,0.0,2,SELL,0.0,1.0,0.5,-0.5,0.0,-1.0,False,False,0,2,2,2,0.5,0.5,0.5
2,977300,VEV_6500,,,0.0,4,SELL,0.0,1.0,0.5,-0.5,0.0,-1.0,False,False,0,4,3,5,0.5,0.5,0.5
2,977500,VEV_6500,,,0.0,2,SELL,0.0,1.0,0.5,-0.5,0.0,-1.0,False,False,0,2,2,2,0.5,0.5,0.5
2,993800,VEV_6500,,,0.0,5,SELL,0.0,1.0,0.5,-0.5,0.0,-1.0,False,False,0,4,3,5,0.5,0.5,0.5
